index,columns
0,0:1:2:3:4:8:9:36
1,0:1:2:3:4:8:9:37
2,0:1:2:3:4:8:10:36
3,0:1:2:3:4:8:10:38
4,0:1:2:3:4:8:11:36
5,0:1:2:3:4:8:11:39
6,0:1:2:3:4:8:12:36
7,0:1:2:3:4:8:12:40
8,0:1:2:3:4:8:13:36
9,0:1:2:3:4:8:13:41
10,0:1:2:3:4:8:14:36
11,0:1:2:3:4:8:14:42
12,0:1:2:3:4:8:15:36
13,0:1:2:3:4:8:15:43
14,0:1:2:3:4:8:16:36
15,0:1:2:3:4:8:16:44
16,0:1:2:3:4:8:17:36
17,0:1:2:3:4:8:17:45
18,0:1:2:3:4:8:18:36
19,0:1:2:3:4:8:18:46
20,0:1:2:3:4:8:19:36
21,0:1:2:3:4:8:19:47
22,0:1:2:3:4:8:20:36
23,0:1:2:3:4:8:20:48
24,0:1:2:3:4:8:21:36
25,0:1:2:3:4:8:21:49
26,0:1:2:3:4:8:22:36
27,0:1:2:3:4:8:22:50
28,0:1:2:3:4:8:23:36
29,0:1:2:3:4:8:23:51
30,0:1:2:3:4:8:24:36
31,0:1:2:3:4:8:24:52
32,0:1:2:3:4:8:25:36
33,0:1:2:3:4:8:25:53
34,0:1:2:3:4:8:26:36
35,0:1:2:3:4:8:26:54
36,0:1:2:3:4:8:27:36
37,0:1:2:3:4:8:27:55
38,0:1:2:3:4:8:28:36
39,0:1:2:3:4:8:28:56
40,0:1:2:3:4:8:29:36
41,0:1:2:3:4:8:29:57
42,0:1:2:3:4:8:30:36
43,0:1:2:3:4:8:30:58
44,0:1:2:3:4:8:31:36
45,0:1:2:3:4:8:31:59
46,0:1:2:3:4:8:32:36
47,0:1:2:3:4:8:32:60
48,0:1:2:3:4:8:33:36
49,0:1:2:3:4:8:33:61
50,0:1:2:3:4:8:34:36
51,0:1:2:3:4:8:34:62
52,0:1:2:3:4:8:35:36
53,0:1:2:3:4:8:35:63
54,0:1:2:3:4:8:36:37
55,0:1:2:3:4:8:36:38
56,0:1:2:3:4:8:36:39
57,0:1:2:3:4:8:36:40
58,0:1:2:3:4:8:36:41
59,0:1:2:3:4:8:36:42
60,0:1:2:3:4:8:36:43
61,0:1:2:3:4:8:36:44
62,0:1:2:3:4:8:36:45
63,0:1:2:3:4:8:36:46
64,0:1:2:3:4:8:36:47
65,0:1:2:3:4:8:36:48
66,0:1:2:3:4:8:36:49
67,0:1:2:3:4:8:36:50
68,0:1:2:3:4:8:36:51
69,0:1:2:3:4:8:36:52
70,0:1:2:3:4:8:36:53
71,0:1:2:3:4:8:36:54
72,0:1:2:3:4:8:36:55
73,0:1:2:3:4:8:36:56
74,0:1:2:3:4:8:36:57
75,0:1:2:3:4:8:36:58
76,0:1:2:3:4:8:36:59
77,0:1:2:3:4:8:36:60
78,0:1:2:3:4:8:36:61
79,0:1:2:3:4:8:36:62
80,0:1:2:3:4:8:36:63
81,0:1:2:3:4:9:10:37
82,0:1:2:3:4:9:10:38
83,0:1:2:3:4:9:11:37
84,0:1:2:3:4:9:11:39
85,0:1:2:3:4:9:12:37
86,0:1:2:3:4:9:12:40
87,0:1:2:3:4:9:13:37
88,0:1:2:3:4:9:13:41
89,0:1:2:3:4:9:14:37
90,0:1:2:3:4:9:14:42
91,0:1:2:3:4:9:15:37
92,0:1:2:3:4:9:15:43
93,0:1:2:3:4:9:16:37
94,0:1:2:3:4:9:16:44
95,0:1:2:3:4:9:17:37
96,0:1:2:3:4:9:17:45
97,0:1:2:3:4:9:18:37
98,0:1:2:3:4:9:18:46
99,0:1:2:3:4:9:19:37
100,0:1:2:3:4:9:19:47
101,0:1:2:3:4:9:20:37
102,0:1:2:3:4:9:20:48
103,0:1:2:3:4:9:21:37
104,0:1:2:3:4:9:21:49
105,0:1:2:3:4:9:22:37
106,0:1:2:3:4:9:22:50
107,0:1:2:3:4:9:23:37
108,0:1:2:3:4:9:23:51
109,0:1:2:3:4:9:24:37
110,0:1:2:3:4:9:24:52
111,0:1:2:3:4:9:25:37
112,0:1:2:3:4:9:25:53
113,0:1:2:3:4:9:26:37
114,0:1:2:3:4:9:26:54
115,0:1:2:3:4:9:27:37
116,0:1:2:3:4:9:27:55
117,0:1:2:3:4:9:28:37
118,0:1:2:3:4:9:28:56
119,0:1:2:3:4:9:29:37
120,0:1:2:3:4:9:29:57
121,0:1:2:3:4:9:30:37
122,0:1:2:3:4:9:30:58
123,0:1:2:3:4:9:31:37
124,0:1:2:3:4:9:31:59
125,0:1:2:3:4:9:32:37
126,0:1:2:3:4:9:32:60
127,0:1:2:3:4:9:33:37
128,0:1:2:3:4:9:33:61
129,0:1:2:3:4:9:34:37
130,0:1:2:3:4:9:34:62
131,0:1:2:3:4:9:35:37
132,0:1:2:3:4:9:35:63
133,0:1:2:3:4:9:36:37
134,0:1:2:3:4:9:37:38
135,0:1:2:3:4:9:37:39
136,0:1:2:3:4:9:37:40
137,0:1:2:3:4:9:37:41
138,0:1:2:3:4:9:37:42
139,0:1:2:3:4:9:37:43
140,0:1:2:3:4:9:37:44
141,0:1:2:3:4:9:37:45
142,0:1:2:3:4:9:37:46
143,0:1:2:3:4:9:37:47
144,0:1:2:3:4:9:37:48
145,0:1:2:3:4:9:37:49
146,0:1:2:3:4:9:37:50
147,0:1:2:3:4:9:37:51
148,0:1:2:3:4:9:37:52
149,0:1:2:3:4:9:37:53
150,0:1:2:3:4:9:37:54
151,0:1:2:3:4:9:37:55
152,0:1:2:3:4:9:37:56
153,0:1:2:3:4:9:37:57
154,0:1:2:3:4:9:37:58
155,0:1:2:3:4:9:37:59
156,0:1:2:3:4:9:37:60
157,0:1:2:3:4:9:37:61
158,0:1:2:3:4:9:37:62
159,0:1:2:3:4:9:37:63
160,0:1:2:3:4:10:11:38
161,0:1:2:3:4:10:11:39
162,0:1:2:3:4:10:12:38
163,0:1:2:3:4:10:12:40
164,0:1:2:3:4:10:13:38
165,0:1:2:3:4:10:13:41
166,0:1:2:3:4:10:14:38
167,0:1:2:3:4:10:14:42
168,0:1:2:3:4:10:15:38
169,0:1:2:3:4:10:15:43
170,0:1:2:3:4:10:16:38
171,0:1:2:3:4:10:16:44
172,0:1:2:3:4:10:17:38
173,0:1:2:3:4:10:17:45
174,0:1:2:3:4:10:18:38
175,0:1:2:3:4:10:18:46
176,0:1:2:3:4:10:19:38
177,0:1:2:3:4:10:19:47
178,0:1:2:3:4:10:20:38
179,0:1:2:3:4:10:20:48
180,0:1:2:3:4:10:21:38
181,0:1:2:3:4:10:21:49
182,0:1:2:3:4:10:22:38
183,0:1:2:3:4:10:22:50
184,0:1:2:3:4:10:23:38
185,0:1:2:3:4:10:23:51
186,0:1:2:3:4:10:24:38
187,0:1:2:3:4:10:24:52
188,0:1:2:3:4:10:25:38
189,0:1:2:3:4:10:25:53
190,0:1:2:3:4:10:26:38
191,0:1:2:3:4:10:26:54
192,0:1:2:3:4:10:27:38
193,0:1:2:3:4:10:27:55
194,0:1:2:3:4:10:28:38
195,0:1:2:3:4:10:28:56
196,0:1:2:3:4:10:29:38
197,0:1:2:3:4:10:29:57
198,0:1:2:3:4:10:30:38
199,0:1:2:3:4:10:30:58
200,0:1:2:3:4:10:31:38
201,0:1:2:3:4:10:31:59
202,0:1:2:3:4:10:32:38
203,0:1:2:3:4:10:32:60
204,0:1:2:3:4:10:33:38
205,0:1:2:3:4:10:33:61
206,0:1:2:3:4:10:34:38
207,0:1:2:3:4:10:34:62
208,0:1:2:3:4:10:35:38
209,0:1:2:3:4:10:35:63
210,0:1:2:3:4:10:36:38
211,0:1:2:3:4:10:37:38
212,0:1:2:3:4:10:38:39
213,0:1:2:3:4:10:38:40
214,0:1:2:3:4:10:38:41
215,0:1:2:3:4:10:38:42
216,0:1:2:3:4:10:38:43
217,0:1:2:3:4:10:38:44
218,0:1:2:3:4:10:38:45
219,0:1:2:3:4:10:38:46
220,0:1:2:3:4:10:38:47
221,0:1:2:3:4:10:38:48
222,0:1:2:3:4:10:38:49
223,0:1:2:3:4:10:38:50
224,0:1:2:3:4:10:38:51
225,0:1:2:3:4:10:38:52
226,0:1:2:3:4:10:38:53
227,0:1:2:3:4:10:38:54
228,0:1:2:3:4:10:38:55
229,0:1:2:3:4:10:38:56
230,0:1:2:3:4:10:38:57
231,0:1:2:3:4:10:38:58
232,0:1:2:3:4:10:38:59
233,0:1:2:3:4:10:38:60
234,0:1:2:3:4:10:38:61
235,0:1:2:3:4:10:38:62
236,0:1:2:3:4:10:38:63
237,0:1:2:3:4:11:12:39
238,0:1:2:3:4:11:12:40
239,0:1:2:3:4:11:13:39
240,0:1:2:3:4:11:13:41
241,0:1:2:3:4:11:14:39
242,0:1:2:3:4:11:14:42
243,0:1:2:3:4:11:15:39
244,0:1:2:3:4:11:15:43
245,0:1:2:3:4:11:16:39
246,0:1:2:3:4:11:16:44
247,0:1:2:3:4:11:17:39
248,0:1:2:3:4:11:17:45
249,0:1:2:3:4:11:18:39
250,0:1:2:3:4:11:18:46
251,0:1:2:3:4:11:19:39
252,0:1:2:3:4:11:19:47
253,0:1:2:3:4:11:20:39
254,0:1:2:3:4:11:20:48
255,0:1:2:3:4:11:21:39
256,0:1:2:3:4:11:21:49
257,0:1:2:3:4:11:22:39
258,0:1:2:3:4:11:22:50
259,0:1:2:3:4:11:23:39
260,0:1:2:3:4:11:23:51
261,0:1:2:3:4:11:24:39
262,0:1:2:3:4:11:24:52
263,0:1:2:3:4:11:25:39
264,0:1:2:3:4:11:25:53
265,0:1:2:3:4:11:26:39
266,0:1:2:3:4:11:26:54
267,0:1:2:3:4:11:27:39
268,0:1:2:3:4:11:27:55
269,0:1:2:3:4:11:28:39
270,0:1:2:3:4:11:28:56
271,0:1:2:3:4:11:29:39
272,0:1:2:3:4:11:29:57
273,0:1:2:3:4:11:30:39
274,0:1:2:3:4:11:30:58
275,0:1:2:3:4:11:31:39
276,0:1:2:3:4:11:31:59
277,0:1:2:3:4:11:32:39
278,0:1:2:3:4:11:32:60
279,0:1:2:3:4:11:33:39
280,0:1:2:3:4:11:33:61
281,0:1:2:3:4:11:34:39
282,0:1:2:3:4:11:34:62
283,0:1:2:3:4:11:35:39
284,0:1:2:3:4:11:35:63
285,0:1:2:3:4:11:36:39
286,0:1:2:3:4:11:37:39
287,0:1:2:3:4:11:38:39
288,0:1:2:3:4:11:39:40
289,0:1:2:3:4:11:39:41
290,0:1:2:3:4:11:39:42
291,0:1:2:3:4:11:39:43
292,0:1:2:3:4:11:39:44
293,0:1:2:3:4:11:39:45
294,0:1:2:3:4:11:39:46
295,0:1:2:3:4:11:39:47
296,0:1:2:3:4:11:39:48
297,0:1:2:3:4:11:39:49
298,0:1:2:3:4:11:39:50
299,0:1:2:3:4:11:39:51
300,0:1:2:3:4:11:39:52
301,0:1:2:3:4:11:39:53
302,0:1:2:3:4:11:39:54
303,0:1:2:3:4:11:39:55
304,0:1:2:3:4:11:39:56
305,0:1:2:3:4:11:39:57
306,0:1:2:3:4:11:39:58
307,0:1:2:3:4:11:39:59
308,0:1:2:3:4:11:39:60
309,0:1:2:3:4:11:39:61
310,0:1:2:3:4:11:39:62
311,0:1:2:3:4:11:39:63
312,0:1:2:3:4:12:13:40
313,0:1:2:3:4:12:13:41
314,0:1:2:3:4:12:14:40
315,0:1:2:3:4:12:14:42
316,0:1:2:3:4:12:15:40
317,0:1:2:3:4:12:15:43
318,0:1:2:3:4:12:16:40
319,0:1:2:3:4:12:16:44
320,0:1:2:3:4:12:17:40
321,0:1:2:3:4:12:17:45
322,0:1:2:3:4:12:18:40
323,0:1:2:3:4:12:18:46
324,0:1:2:3:4:12:19:40
325,0:1:2:3:4:12:19:47
326,0:1:2:3:4:12:20:40
327,0:1:2:3:4:12:20:48
328,0:1:2:3:4:12:21:40
329,0:1:2:3:4:12:21:49
330,0:1:2:3:4:12:22:40
331,0:1:2:3:4:12:22:50
332,0:1:2:3:4:12:23:40
333,0:1:2:3:4:12:23:51
334,0:1:2:3:4:12:24:40
335,0:1:2:3:4:12:24:52
336,0:1:2:3:4:12:25:40
337,0:1:2:3:4:12:25:53
338,0:1:2:3:4:12:26:40
339,0:1:2:3:4:12:26:54
340,0:1:2:3:4:12:27:40
341,0:1:2:3:4:12:27:55
342,0:1:2:3:4:12:28:40
343,0:1:2:3:4:12:28:56
344,0:1:2:3:4:12:29:40
345,0:1:2:3:4:12:29:57
346,0:1:2:3:4:12:30:40
347,0:1:2:3:4:12:30:58
348,0:1:2:3:4:12:31:40
349,0:1:2:3:4:12:31:59
350,0:1:2:3:4:12:32:40
351,0:1:2:3:4:12:32:60
352,0:1:2:3:4:12:33:40
353,0:1:2:3:4:12:33:61
354,0:1:2:3:4:12:34:40
355,0:1:2:3:4:12:34:62
356,0:1:2:3:4:12:35:40
357,0:1:2:3:4:12:35:63
358,0:1:2:3:4:12:36:40
359,0:1:2:3:4:12:37:40
360,0:1:2:3:4:12:38:40
361,0:1:2:3:4:12:39:40
362,0:1:2:3:4:12:40:41
363,0:1:2:3:4:12:40:42
364,0:1:2:3:4:12:40:43
365,0:1:2:3:4:12:40:44
366,0:1:2:3:4:12:40:45
367,0:1:2:3:4:12:40:46
368,0:1:2:3:4:12:40:47
369,0:1:2:3:4:12:40:48
370,0:1:2:3:4:12:40:49
371,0:1:2:3:4:12:40:50
372,0:1:2:3:4:12:40:51
373,0:1:2:3:4:12:40:52
374,0:1:2:3:4:12:40:53
375,0:1:2:3:4:12:40:54
376,0:1:2:3:4:12:40:55
377,0:1:2:3:4:12:40:56
378,0:1:2:3:4:12:40:57
379,0:1:2:3:4:12:40:58
380,0:1:2:3:4:12:40:59
381,0:1:2:3:4:12:40:60
382,0:1:2:3:4:12:40:61
383,0:1:2:3:4:12:40:62
384,0:1:2:3:4:12:40:63
385,0:1:2:3:4:13:14:41
386,0:1:2:3:4:13:14:42
387,0:1:2:3:4:13:15:41
388,0:1:2:3:4:13:15:43
389,0:1:2:3:4:13:16:41
390,0:1:2:3:4:13:16:44
391,0:1:2:3:4:13:17:41
392,0:1:2:3:4:13:17:45
393,0:1:2:3:4:13:18:41
394,0:1:2:3:4:13:18:46
395,0:1:2:3:4:13:19:41
396,0:1:2:3:4:13:19:47
397,0:1:2:3:4:13:20:41
398,0:1:2:3:4:13:20:48
399,0:1:2:3:4:13:21:41
400,0:1:2:3:4:13:21:49
401,0:1:2:3:4:13:22:41
402,0:1:2:3:4:13:22:50
403,0:1:2:3:4:13:23:41
404,0:1:2:3:4:13:23:51
405,0:1:2:3:4:13:24:41
406,0:1:2:3:4:13:24:52
407,0:1:2:3:4:13:25:41
408,0:1:2:3:4:13:25:53
409,0:1:2:3:4:13:26:41
410,0:1:2:3:4:13:26:54
411,0:1:2:3:4:13:27:41
412,0:1:2:3:4:13:27:55
413,0:1:2:3:4:13:28:41
414,0:1:2:3:4:13:28:56
415,0:1:2:3:4:13:29:41
416,0:1:2:3:4:13:29:57
417,0:1:2:3:4:13:30:41
418,0:1:2:3:4:13:30:58
419,0:1:2:3:4:13:31:41
420,0:1:2:3:4:13:31:59
421,0:1:2:3:4:13:32:41
422,0:1:2:3:4:13:32:60
423,0:1:2:3:4:13:33:41
424,0:1:2:3:4:13:33:61
425,0:1:2:3:4:13:34:41
426,0:1:2:3:4:13:34:62
427,0:1:2:3:4:13:35:41
428,0:1:2:3:4:13:35:63
429,0:1:2:3:4:13:36:41
430,0:1:2:3:4:13:37:41
431,0:1:2:3:4:13:38:41
432,0:1:2:3:4:13:39:41
433,0:1:2:3:4:13:40:41
434,0:1:2:3:4:13:41:42
435,0:1:2:3:4:13:41:43
436,0:1:2:3:4:13:41:44
437,0:1:2:3:4:13:41:45
438,0:1:2:3:4:13:41:46
439,0:1:2:3:4:13:41:47
440,0:1:2:3:4:13:41:48
441,0:1:2:3:4:13:41:49
442,0:1:2:3:4:13:41:50
443,0:1:2:3:4:13:41:51
444,0:1:2:3:4:13:41:52
445,0:1:2:3:4:13:41:53
446,0:1:2:3:4:13:41:54
447,0:1:2:3:4:13:41:55
448,0:1:2:3:4:13:41:56
449,0:1:2:3:4:13:41:57
450,0:1:2:3:4:13:41:58
451,0:1:2:3:4:13:41:59
452,0:1:2:3:4:13:41:60
453,0:1:2:3:4:13:41:61
454,0:1:2:3:4:13:41:62
455,0:1:2:3:4:13:41:63
456,0:1:2:3:4:14:15:42
457,0:1:2:3:4:14:15:43
458,0:1:2:3:4:14:16:42
459,0:1:2:3:4:14:16:44
460,0:1:2:3:4:14:17:42
461,0:1:2:3:4:14:17:45
462,0:1:2:3:4:14:18:42
463,0:1:2:3:4:14:18:46
464,0:1:2:3:4:14:19:42
465,0:1:2:3:4:14:19:47
466,0:1:2:3:4:14:20:42
467,0:1:2:3:4:14:20:48
468,0:1:2:3:4:14:21:42
469,0:1:2:3:4:14:21:49
470,0:1:2:3:4:14:22:42
471,0:1:2:3:4:14:22:50
472,0:1:2:3:4:14:23:42
473,0:1:2:3:4:14:23:51
474,0:1:2:3:4:14:24:42
475,0:1:2:3:4:14:24:52
476,0:1:2:3:4:14:25:42
477,0:1:2:3:4:14:25:53
478,0:1:2:3:4:14:26:42
479,0:1:2:3:4:14:26:54
480,0:1:2:3:4:14:27:42
481,0:1:2:3:4:14:27:55
482,0:1:2:3:4:14:28:42
483,0:1:2:3:4:14:28:56
484,0:1:2:3:4:14:29:42
485,0:1:2:3:4:14:29:57
486,0:1:2:3:4:14:30:42
487,0:1:2:3:4:14:30:58
488,0:1:2:3:4:14:31:42
489,0:1:2:3:4:14:31:59
490,0:1:2:3:4:14:32:42
491,0:1:2:3:4:14:32:60
492,0:1:2:3:4:14:33:42
493,0:1:2:3:4:14:33:61
494,0:1:2:3:4:14:34:42
495,0:1:2:3:4:14:34:62
496,0:1:2:3:4:14:35:42
497,0:1:2:3:4:14:35:63
498,0:1:2:3:4:14:36:42
499,0:1:2:3:4:14:37:42
500,0:1:2:3:4:14:38:42
501,0:1:2:3:4:14:39:42
502,0:1:2:3:4:14:40:42
503,0:1:2:3:4:14:41:42
504,0:1:2:3:4:14:42:43
505,0:1:2:3:4:14:42:44
506,0:1:2:3:4:14:42:45
507,0:1:2:3:4:14:42:46
508,0:1:2:3:4:14:42:47
509,0:1:2:3:4:14:42:48
510,0:1:2:3:4:14:42:49
511,0:1:2:3:4:14:42:50
512,0:1:2:3:4:14:42:51
513,0:1:2:3:4:14:42:52
514,0:1:2:3:4:14:42:53
515,0:1:2:3:4:14:42:54
516,0:1:2:3:4:14:42:55
517,0:1:2:3:4:14:42:56
518,0:1:2:3:4:14:42:57
519,0:1:2:3:4:14:42:58
520,0:1:2:3:4:14:42:59
521,0:1:2:3:4:14:42:60
522,0:1:2:3:4:14:42:61
523,0:1:2:3:4:14:42:62
524,0:1:2:3:4:14:42:63
525,0:1:2:3:4:15:16:43
526,0:1:2:3:4:15:16:44
527,0:1:2:3:4:15:17:43
528,0:1:2:3:4:15:17:45
529,0:1:2:3:4:15:18:43
530,0:1:2:3:4:15:18:46
531,0:1:2:3:4:15:19:43
532,0:1:2:3:4:15:19:47
533,0:1:2:3:4:15:20:43
534,0:1:2:3:4:15:20:48
535,0:1:2:3:4:15:21:43
536,0:1:2:3:4:15:21:49
537,0:1:2:3:4:15:22:43
538,0:1:2:3:4:15:22:50
539,0:1:2:3:4:15:23:43
540,0:1:2:3:4:15:23:51
541,0:1:2:3:4:15:24:43
542,0:1:2:3:4:15:24:52
543,0:1:2:3:4:15:25:43
544,0:1:2:3:4:15:25:53
545,0:1:2:3:4:15:26:43
546,0:1:2:3:4:15:26:54
547,0:1:2:3:4:15:27:43
548,0:1:2:3:4:15:27:55
549,0:1:2:3:4:15:28:43
550,0:1:2:3:4:15:28:56
551,0:1:2:3:4:15:29:43
552,0:1:2:3:4:15:29:57
553,0:1:2:3:4:15:30:43
554,0:1:2:3:4:15:30:58
555,0:1:2:3:4:15:31:43
556,0:1:2:3:4:15:31:59
557,0:1:2:3:4:15:32:43
558,0:1:2:3:4:15:32:60
559,0:1:2:3:4:15:33:43
560,0:1:2:3:4:15:33:61
561,0:1:2:3:4:15:34:43
562,0:1:2:3:4:15:34:62
563,0:1:2:3:4:15:35:43
564,0:1:2:3:4:15:35:63
565,0:1:2:3:4:15:36:43
566,0:1:2:3:4:15:37:43
567,0:1:2:3:4:15:38:43
568,0:1:2:3:4:15:39:43
569,0:1:2:3:4:15:40:43
570,0:1:2:3:4:15:41:43
571,0:1:2:3:4:15:42:43
572,0:1:2:3:4:15:43:44
573,0:1:2:3:4:15:43:45
574,0:1:2:3:4:15:43:46
575,0:1:2:3:4:15:43:47
576,0:1:2:3:4:15:43:48
577,0:1:2:3:4:15:43:49
578,0:1:2:3:4:15:43:50
579,0:1:2:3:4:15:43:51
580,0:1:2:3:4:15:43:52
581,0:1:2:3:4:15:43:53
582,0:1:2:3:4:15:43:54
583,0:1:2:3:4:15:43:55
584,0:1:2:3:4:15:43:56
585,0:1:2:3:4:15:43:57
586,0:1:2:3:4:15:43:58
587,0:1:2:3:4:15:43:59
588,0:1:2:3:4:15:43:60
589,0:1:2:3:4:15:43:61
590,0:1:2:3:4:15:43:62
591,0:1:2:3:4:15:43:63
592,0:1:2:3:4:16:17:44
593,0:1:2:3:4:16:17:45
594,0:1:2:3:4:16:18:44
595,0:1:2:3:4:16:18:46
596,0:1:2:3:4:16:19:44
597,0:1:2:3:4:16:19:47
598,0:1:2:3:4:16:20:44
599,0:1:2:3:4:16:20:48
600,0:1:2:3:4:16:21:44
601,0:1:2:3:4:16:21:49
602,0:1:2:3:4:16:22:44
603,0:1:2:3:4:16:22:50
604,0:1:2:3:4:16:23:44
605,0:1:2:3:4:16:23:51
606,0:1:2:3:4:16:24:44
607,0:1:2:3:4:16:24:52
608,0:1:2:3:4:16:25:44
609,0:1:2:3:4:16:25:53
610,0:1:2:3:4:16:26:44
611,0:1:2:3:4:16:26:54
612,0:1:2:3:4:16:27:44
613,0:1:2:3:4:16:27:55
614,0:1:2:3:4:16:28:44
615,0:1:2:3:4:16:28:56
616,0:1:2:3:4:16:29:44
617,0:1:2:3:4:16:29:57
618,0:1:2:3:4:16:30:44
619,0:1:2:3:4:16:30:58
620,0:1:2:3:4:16:31:44
621,0:1:2:3:4:16:31:59
622,0:1:2:3:4:16:32:44
623,0:1:2:3:4:16:32:60
624,0:1:2:3:4:16:33:44
625,0:1:2:3:4:16:33:61
626,0:1:2:3:4:16:34:44
627,0:1:2:3:4:16:34:62
628,0:1:2:3:4:16:35:44
629,0:1:2:3:4:16:35:63
630,0:1:2:3:4:16:36:44
631,0:1:2:3:4:16:37:44
632,0:1:2:3:4:16:38:44
633,0:1:2:3:4:16:39:44
634,0:1:2:3:4:16:40:44
635,0:1:2:3:4:16:41:44
636,0:1:2:3:4:16:42:44
637,0:1:2:3:4:16:43:44
638,0:1:2:3:4:16:44:45
639,0:1:2:3:4:16:44:46
640,0:1:2:3:4:16:44:47
641,0:1:2:3:4:16:44:48
642,0:1:2:3:4:16:44:49
643,0:1:2:3:4:16:44:50
644,0:1:2:3:4:16:44:51
645,0:1:2:3:4:16:44:52
646,0:1:2:3:4:16:44:53
647,0:1:2:3:4:16:44:54
648,0:1:2:3:4:16:44:55
649,0:1:2:3:4:16:44:56
650,0:1:2:3:4:16:44:57
651,0:1:2:3:4:16:44:58
652,0:1:2:3:4:16:44:59
653,0:1:2:3:4:16:44:60
654,0:1:2:3:4:16:44:61
655,0:1:2:3:4:16:44:62
656,0:1:2:3:4:16:44:63
657,0:1:2:3:4:17:18:45
658,0:1:2:3:4:17:18:46
659,0:1:2:3:4:17:19:45
660,0:1:2:3:4:17:19:47
661,0:1:2:3:4:17:20:45
662,0:1:2:3:4:17:20:48
663,0:1:2:3:4:17:21:45
664,0:1:2:3:4:17:21:49
665,0:1:2:3:4:17:22:45
666,0:1:2:3:4:17:22:50
667,0:1:2:3:4:17:23:45
668,0:1:2:3:4:17:23:51
669,0:1:2:3:4:17:24:45
670,0:1:2:3:4:17:24:52
671,0:1:2:3:4:17:25:45
672,0:1:2:3:4:17:25:53
673,0:1:2:3:4:17:26:45
674,0:1:2:3:4:17:26:54
675,0:1:2:3:4:17:27:45
676,0:1:2:3:4:17:27:55
677,0:1:2:3:4:17:28:45
678,0:1:2:3:4:17:28:56
679,0:1:2:3:4:17:29:45
680,0:1:2:3:4:17:29:57
681,0:1:2:3:4:17:30:45
682,0:1:2:3:4:17:30:58
683,0:1:2:3:4:17:31:45
684,0:1:2:3:4:17:31:59
685,0:1:2:3:4:17:32:45
686,0:1:2:3:4:17:32:60
687,0:1:2:3:4:17:33:45
688,0:1:2:3:4:17:33:61
689,0:1:2:3:4:17:34:45
690,0:1:2:3:4:17:34:62
691,0:1:2:3:4:17:35:45
692,0:1:2:3:4:17:35:63
693,0:1:2:3:4:17:36:45
694,0:1:2:3:4:17:37:45
695,0:1:2:3:4:17:38:45
696,0:1:2:3:4:17:39:45
697,0:1:2:3:4:17:40:45
698,0:1:2:3:4:17:41:45
699,0:1:2:3:4:17:42:45
700,0:1:2:3:4:17:43:45
701,0:1:2:3:4:17:44:45
702,0:1:2:3:4:17:45:46
703,0:1:2:3:4:17:45:47
704,0:1:2:3:4:17:45:48
705,0:1:2:3:4:17:45:49
706,0:1:2:3:4:17:45:50
707,0:1:2:3:4:17:45:51
708,0:1:2:3:4:17:45:52
709,0:1:2:3:4:17:45:53
710,0:1:2:3:4:17:45:54
711,0:1:2:3:4:17:45:55
712,0:1:2:3:4:17:45:56
713,0:1:2:3:4:17:45:57
714,0:1:2:3:4:17:45:58
715,0:1:2:3:4:17:45:59
716,0:1:2:3:4:17:45:60
717,0:1:2:3:4:17:45:61
718,0:1:2:3:4:17:45:62
719,0:1:2:3:4:17:45:63
720,0:1:2:3:4:18:19:46
721,0:1:2:3:4:18:19:47
722,0:1:2:3:4:18:20:46
723,0:1:2:3:4:18:20:48
724,0:1:2:3:4:18:21:46
725,0:1:2:3:4:18:21:49
726,0:1:2:3:4:18:22:46
727,0:1:2:3:4:18:22:50
728,0:1:2:3:4:18:23:46
729,0:1:2:3:4:18:23:51
730,0:1:2:3:4:18:24:46
731,0:1:2:3:4:18:24:52
732,0:1:2:3:4:18:25:46
733,0:1:2:3:4:18:25:53
734,0:1:2:3:4:18:26:46
735,0:1:2:3:4:18:26:54
736,0:1:2:3:4:18:27:46
737,0:1:2:3:4:18:27:55
738,0:1:2:3:4:18:28:46
739,0:1:2:3:4:18:28:56
740,0:1:2:3:4:18:29:46
741,0:1:2:3:4:18:29:57
742,0:1:2:3:4:18:30:46
743,0:1:2:3:4:18:30:58
744,0:1:2:3:4:18:31:46
745,0:1:2:3:4:18:31:59
746,0:1:2:3:4:18:32:46
747,0:1:2:3:4:18:32:60
748,0:1:2:3:4:18:33:46
749,0:1:2:3:4:18:33:61
750,0:1:2:3:4:18:34:46
751,0:1:2:3:4:18:34:62
752,0:1:2:3:4:18:35:46
753,0:1:2:3:4:18:35:63
754,0:1:2:3:4:18:36:46
755,0:1:2:3:4:18:37:46
756,0:1:2:3:4:18:38:46
757,0:1:2:3:4:18:39:46
758,0:1:2:3:4:18:40:46
759,0:1:2:3:4:18:41:46
760,0:1:2:3:4:18:42:46
761,0:1:2:3:4:18:43:46
762,0:1:2:3:4:18:44:46
763,0:1:2:3:4:18:45:46
764,0:1:2:3:4:18:46:47
765,0:1:2:3:4:18:46:48
766,0:1:2:3:4:18:46:49
767,0:1:2:3:4:18:46:50
768,0:1:2:3:4:18:46:51
769,0:1:2:3:4:18:46:52
770,0:1:2:3:4:18:46:53
771,0:1:2:3:4:18:46:54
772,0:1:2:3:4:18:46:55
773,0:1:2:3:4:18:46:56
774,0:1:2:3:4:18:46:57
775,0:1:2:3:4:18:46:58
776,0:1:2:3:4:18:46:59
777,0:1:2:3:4:18:46:60
778,0:1:2:3:4:18:46:61
779,0:1:2:3:4:18:46:62
780,0:1:2:3:4:18:46:63
781,0:1:2:3:4:19:20:47
782,0:1:2:3:4:19:20:48
783,0:1:2:3:4:19:21:47
784,0:1:2:3:4:19:21:49
785,0:1:2:3:4:19:22:47
786,0:1:2:3:4:19:22:50
787,0:1:2:3:4:19:23:47
788,0:1:2:3:4:19:23:51
789,0:1:2:3:4:19:24:47
790,0:1:2:3:4:19:24:52
791,0:1:2:3:4:19:25:47
792,0:1:2:3:4:19:25:53
793,0:1:2:3:4:19:26:47
794,0:1:2:3:4:19:26:54
795,0:1:2:3:4:19:27:47
796,0:1:2:3:4:19:27:55
797,0:1:2:3:4:19:28:47
798,0:1:2:3:4:19:28:56
799,0:1:2:3:4:19:29:47
800,0:1:2:3:4:19:29:57
801,0:1:2:3:4:19:30:47
802,0:1:2:3:4:19:30:58
803,0:1:2:3:4:19:31:47
804,0:1:2:3:4:19:31:59
805,0:1:2:3:4:19:32:47
806,0:1:2:3:4:19:32:60
807,0:1:2:3:4:19:33:47
808,0:1:2:3:4:19:33:61
809,0:1:2:3:4:19:34:47
810,0:1:2:3:4:19:34:62
811,0:1:2:3:4:19:35:47
812,0:1:2:3:4:19:35:63
813,0:1:2:3:4:19:36:47
814,0:1:2:3:4:19:37:47
815,0:1:2:3:4:19:38:47
816,0:1:2:3:4:19:39:47
817,0:1:2:3:4:19:40:47
818,0:1:2:3:4:19:41:47
819,0:1:2:3:4:19:42:47
820,0:1:2:3:4:19:43:47
821,0:1:2:3:4:19:44:47
822,0:1:2:3:4:19:45:47
823,0:1:2:3:4:19:46:47
824,0:1:2:3:4:19:47:48
825,0:1:2:3:4:19:47:49
826,0:1:2:3:4:19:47:50
827,0:1:2:3:4:19:47:51
828,0:1:2:3:4:19:47:52
829,0:1:2:3:4:19:47:53
830,0:1:2:3:4:19:47:54
831,0:1:2:3:4:19:47:55
832,0:1:2:3:4:19:47:56
833,0:1:2:3:4:19:47:57
834,0:1:2:3:4:19:47:58
835,0:1:2:3:4:19:47:59
836,0:1:2:3:4:19:47:60
837,0:1:2:3:4:19:47:61
838,0:1:2:3:4:19:47:62
839,0:1:2:3:4:19:47:63
840,0:1:2:3:4:20:21:48
841,0:1:2:3:4:20:21:49
842,0:1:2:3:4:20:22:48
843,0:1:2:3:4:20:22:50
844,0:1:2:3:4:20:23:48
845,0:1:2:3:4:20:23:51
846,0:1:2:3:4:20:24:48
847,0:1:2:3:4:20:24:52
848,0:1:2:3:4:20:25:48
849,0:1:2:3:4:20:25:53
850,0:1:2:3:4:20:26:48
851,0:1:2:3:4:20:26:54
852,0:1:2:3:4:20:27:48
853,0:1:2:3:4:20:27:55
854,0:1:2:3:4:20:28:48
855,0:1:2:3:4:20:28:56
856,0:1:2:3:4:20:29:48
857,0:1:2:3:4:20:29:57
858,0:1:2:3:4:20:30:48
859,0:1:2:3:4:20:30:58
860,0:1:2:3:4:20:31:48
861,0:1:2:3:4:20:31:59
862,0:1:2:3:4:20:32:48
863,0:1:2:3:4:20:32:60
864,0:1:2:3:4:20:33:48
865,0:1:2:3:4:20:33:61
866,0:1:2:3:4:20:34:48
867,0:1:2:3:4:20:34:62
868,0:1:2:3:4:20:35:48
869,0:1:2:3:4:20:35:63
870,0:1:2:3:4:20:36:48
871,0:1:2:3:4:20:37:48
872,0:1:2:3:4:20:38:48
873,0:1:2:3:4:20:39:48
874,0:1:2:3:4:20:40:48
875,0:1:2:3:4:20:41:48
876,0:1:2:3:4:20:42:48
877,0:1:2:3:4:20:43:48
878,0:1:2:3:4:20:44:48
879,0:1:2:3:4:20:45:48
880,0:1:2:3:4:20:46:48
881,0:1:2:3:4:20:47:48
882,0:1:2:3:4:20:48:49
883,0:1:2:3:4:20:48:50
884,0:1:2:3:4:20:48:51
885,0:1:2:3:4:20:48:52
886,0:1:2:3:4:20:48:53
887,0:1:2:3:4:20:48:54
888,0:1:2:3:4:20:48:55
889,0:1:2:3:4:20:48:56
890,0:1:2:3:4:20:48:57
891,0:1:2:3:4:20:48:58
892,0:1:2:3:4:20:48:59
893,0:1:2:3:4:20:48:60
894,0:1:2:3:4:20:48:61
895,0:1:2:3:4:20:48:62
896,0:1:2:3:4:20:48:63
897,0:1:2:3:4:21:22:49
898,0:1:2:3:4:21:22:50
899,0:1:2:3:4:21:23:49
900,0:1:2:3:4:21:23:51
901,0:1:2:3:4:21:24:49
902,0:1:2:3:4:21:24:52
903,0:1:2:3:4:21:25:49
904,0:1:2:3:4:21:25:53
905,0:1:2:3:4:21:26:49
906,0:1:2:3:4:21:26:54
907,0:1:2:3:4:21:27:49
908,0:1:2:3:4:21:27:55
909,0:1:2:3:4:21:28:49
910,0:1:2:3:4:21:28:56
911,0:1:2:3:4:21:29:49
912,0:1:2:3:4:21:29:57
913,0:1:2:3:4:21:30:49
914,0:1:2:3:4:21:30:58
915,0:1:2:3:4:21:31:49
916,0:1:2:3:4:21:31:59
917,0:1:2:3:4:21:32:49
918,0:1:2:3:4:21:32:60
919,0:1:2:3:4:21:33:49
920,0:1:2:3:4:21:33:61
921,0:1:2:3:4:21:34:49
922,0:1:2:3:4:21:34:62
923,0:1:2:3:4:21:35:49
924,0:1:2:3:4:21:35:63
925,0:1:2:3:4:21:36:49
926,0:1:2:3:4:21:37:49
927,0:1:2:3:4:21:38:49
928,0:1:2:3:4:21:39:49
929,0:1:2:3:4:21:40:49
930,0:1:2:3:4:21:41:49
931,0:1:2:3:4:21:42:49
932,0:1:2:3:4:21:43:49
933,0:1:2:3:4:21:44:49
934,0:1:2:3:4:21:45:49
935,0:1:2:3:4:21:46:49
936,0:1:2:3:4:21:47:49
937,0:1:2:3:4:21:48:49
938,0:1:2:3:4:21:49:50
939,0:1:2:3:4:21:49:51
940,0:1:2:3:4:21:49:52
941,0:1:2:3:4:21:49:53
942,0:1:2:3:4:21:49:54
943,0:1:2:3:4:21:49:55
944,0:1:2:3:4:21:49:56
945,0:1:2:3:4:21:49:57
946,0:1:2:3:4:21:49:58
947,0:1:2:3:4:21:49:59
948,0:1:2:3:4:21:49:60
949,0:1:2:3:4:21:49:61
950,0:1:2:3:4:21:49:62
951,0:1:2:3:4:21:49:63
952,0:1:2:3:4:22:23:50
953,0:1:2:3:4:22:23:51
954,0:1:2:3:4:22:24:50
955,0:1:2:3:4:22:24:52
956,0:1:2:3:4:22:25:50
957,0:1:2:3:4:22:25:53
958,0:1:2:3:4:22:26:50
959,0:1:2:3:4:22:26:54
960,0:1:2:3:4:22:27:50
961,0:1:2:3:4:22:27:55
962,0:1:2:3:4:22:28:50
963,0:1:2:3:4:22:28:56
964,0:1:2:3:4:22:29:50
965,0:1:2:3:4:22:29:57
966,0:1:2:3:4:22:30:50
967,0:1:2:3:4:22:30:58
968,0:1:2:3:4:22:31:50
969,0:1:2:3:4:22:31:59
970,0:1:2:3:4:22:32:50
971,0:1:2:3:4:22:32:60
972,0:1:2:3:4:22:33:50
973,0:1:2:3:4:22:33:61
974,0:1:2:3:4:22:34:50
975,0:1:2:3:4:22:34:62
976,0:1:2:3:4:22:35:50
977,0:1:2:3:4:22:35:63
978,0:1:2:3:4:22:36:50
979,0:1:2:3:4:22:37:50
980,0:1:2:3:4:22:38:50
981,0:1:2:3:4:22:39:50
982,0:1:2:3:4:22:40:50
983,0:1:2:3:4:22:41:50
984,0:1:2:3:4:22:42:50
985,0:1:2:3:4:22:43:50
986,0:1:2:3:4:22:44:50
987,0:1:2:3:4:22:45:50
988,0:1:2:3:4:22:46:50
989,0:1:2:3:4:22:47:50
990,0:1:2:3:4:22:48:50
991,0:1:2:3:4:22:49:50
992,0:1:2:3:4:22:50:51
993,0:1:2:3:4:22:50:52
994,0:1:2:3:4:22:50:53
995,0:1:2:3:4:22:50:54
996,0:1:2:3:4:22:50:55
997,0:1:2:3:4:22:50:56
998,0:1:2:3:4:22:50:57
999,0:1:2:3:4:22:50:58
1000,0:1:2:3:4:22:50:59
1001,0:1:2:3:4:22:50:60
1002,0:1:2:3:4:22:50:61
1003,0:1:2:3:4:22:50:62
1004,0:1:2:3:4:22:50:63
1005,0:1:2:3:4:23:24:51
1006,0:1:2:3:4:23:24:52
1007,0:1:2:3:4:23:25:51
1008,0:1:2:3:4:23:25:53
1009,0:1:2:3:4:23:26:51
1010,0:1:2:3:4:23:26:54
1011,0:1:2:3:4:23:27:51
1012,0:1:2:3:4:23:27:55
1013,0:1:2:3:4:23:28:51
1014,0:1:2:3:4:23:28:56
1015,0:1:2:3:4:23:29:51
1016,0:1:2:3:4:23:29:57
1017,0:1:2:3:4:23:30:51
1018,0:1:2:3:4:23:30:58
1019,0:1:2:3:4:23:31:51
1020,0:1:2:3:4:23:31:59
1021,0:1:2:3:4:23:32:51
1022,0:1:2:3:4:23:32:60
1023,0:1:2:3:4:23:33:51
1024,0:1:2:3:4:23:33:61
1025,0:1:2:3:4:23:34:51
1026,0:1:2:3:4:23:34:62
1027,0:1:2:3:4:23:35:51
1028,0:1:2:3:4:23:35:63
1029,0:1:2:3:4:23:36:51
1030,0:1:2:3:4:23:37:51
1031,0:1:2:3:4:23:38:51
1032,0:1:2:3:4:23:39:51
1033,0:1:2:3:4:23:40:51
1034,0:1:2:3:4:23:41:51
1035,0:1:2:3:4:23:42:51
1036,0:1:2:3:4:23:43:51
1037,0:1:2:3:4:23:44:51
1038,0:1:2:3:4:23:45:51
1039,0:1:2:3:4:23:46:51
1040,0:1:2:3:4:23:47:51
1041,0:1:2:3:4:23:48:51
1042,0:1:2:3:4:23:49:51
1043,0:1:2:3:4:23:50:51
1044,0:1:2:3:4:23:51:52
1045,0:1:2:3:4:23:51:53
1046,0:1:2:3:4:23:51:54
1047,0:1:2:3:4:23:51:55
1048,0:1:2:3:4:23:51:56
1049,0:1:2:3:4:23:51:57
1050,0:1:2:3:4:23:51:58
1051,0:1:2:3:4:23:51:59
1052,0:1:2:3:4:23:51:60
1053,0:1:2:3:4:23:51:61
1054,0:1:2:3:4:23:51:62
1055,0:1:2:3:4:23:51:63
1056,0:1:2:3:4:24:25:52
1057,0:1:2:3:4:24:25:53
1058,0:1:2:3:4:24:26:52
1059,0:1:2:3:4:24:26:54
1060,0:1:2:3:4:24:27:52
1061,0:1:2:3:4:24:27:55
1062,0:1:2:3:4:24:28:52
1063,0:1:2:3:4:24:28:56
1064,0:1:2:3:4:24:29:52
1065,0:1:2:3:4:24:29:57
1066,0:1:2:3:4:24:30:52
1067,0:1:2:3:4:24:30:58
1068,0:1:2:3:4:24:31:52
1069,0:1:2:3:4:24:31:59
1070,0:1:2:3:4:24:32:52
1071,0:1:2:3:4:24:32:60
1072,0:1:2:3:4:24:33:52
1073,0:1:2:3:4:24:33:61
1074,0:1:2:3:4:24:34:52
1075,0:1:2:3:4:24:34:62
1076,0:1:2:3:4:24:35:52
1077,0:1:2:3:4:24:35:63
1078,0:1:2:3:4:24:36:52
1079,0:1:2:3:4:24:37:52
1080,0:1:2:3:4:24:38:52
1081,0:1:2:3:4:24:39:52
1082,0:1:2:3:4:24:40:52
1083,0:1:2:3:4:24:41:52
1084,0:1:2:3:4:24:42:52
1085,0:1:2:3:4:24:43:52
1086,0:1:2:3:4:24:44:52
1087,0:1:2:3:4:24:45:52
1088,0:1:2:3:4:24:46:52
1089,0:1:2:3:4:24:47:52
1090,0:1:2:3:4:24:48:52
1091,0:1:2:3:4:24:49:52
1092,0:1:2:3:4:24:50:52
1093,0:1:2:3:4:24:51:52
1094,0:1:2:3:4:24:52:53
1095,0:1:2:3:4:24:52:54
1096,0:1:2:3:4:24:52:55
1097,0:1:2:3:4:24:52:56
1098,0:1:2:3:4:24:52:57
1099,0:1:2:3:4:24:52:58
1100,0:1:2:3:4:24:52:59
1101,0:1:2:3:4:24:52:60
1102,0:1:2:3:4:24:52:61
1103,0:1:2:3:4:24:52:62
1104,0:1:2:3:4:24:52:63
1105,0:1:2:3:4:25:26:53
1106,0:1:2:3:4:25:26:54
1107,0:1:2:3:4:25:27:53
1108,0:1:2:3:4:25:27:55
1109,0:1:2:3:4:25:28:53
1110,0:1:2:3:4:25:28:56
1111,0:1:2:3:4:25:29:53
1112,0:1:2:3:4:25:29:57
1113,0:1:2:3:4:25:30:53
1114,0:1:2:3:4:25:30:58
1115,0:1:2:3:4:25:31:53
1116,0:1:2:3:4:25:31:59
1117,0:1:2:3:4:25:32:53
1118,0:1:2:3:4:25:32:60
1119,0:1:2:3:4:25:33:53
1120,0:1:2:3:4:25:33:61
1121,0:1:2:3:4:25:34:53
1122,0:1:2:3:4:25:34:62
1123,0:1:2:3:4:25:35:53
1124,0:1:2:3:4:25:35:63
1125,0:1:2:3:4:25:36:53
1126,0:1:2:3:4:25:37:53
1127,0:1:2:3:4:25:38:53
1128,0:1:2:3:4:25:39:53
1129,0:1:2:3:4:25:40:53
1130,0:1:2:3:4:25:41:53
1131,0:1:2:3:4:25:42:53
1132,0:1:2:3:4:25:43:53
1133,0:1:2:3:4:25:44:53
1134,0:1:2:3:4:25:45:53
1135,0:1:2:3:4:25:46:53
1136,0:1:2:3:4:25:47:53
1137,0:1:2:3:4:25:48:53
1138,0:1:2:3:4:25:49:53
1139,0:1:2:3:4:25:50:53
1140,0:1:2:3:4:25:51:53
1141,0:1:2:3:4:25:52:53
1142,0:1:2:3:4:25:53:54
1143,0:1:2:3:4:25:53:55
1144,0:1:2:3:4:25:53:56
1145,0:1:2:3:4:25:53:57
1146,0:1:2:3:4:25:53:58
1147,0:1:2:3:4:25:53:59
1148,0:1:2:3:4:25:53:60
1149,0:1:2:3:4:25:53:61
1150,0:1:2:3:4:25:53:62
1151,0:1:2:3:4:25:53:63
1152,0:1:2:3:4:26:27:54
1153,0:1:2:3:4:26:27:55
1154,0:1:2:3:4:26:28:54
1155,0:1:2:3:4:26:28:56
1156,0:1:2:3:4:26:29:54
1157,0:1:2:3:4:26:29:57
1158,0:1:2:3:4:26:30:54
1159,0:1:2:3:4:26:30:58
1160,0:1:2:3:4:26:31:54
1161,0:1:2:3:4:26:31:59
1162,0:1:2:3:4:26:32:54
1163,0:1:2:3:4:26:32:60
1164,0:1:2:3:4:26:33:54
1165,0:1:2:3:4:26:33:61
1166,0:1:2:3:4:26:34:54
1167,0:1:2:3:4:26:34:62
1168,0:1:2:3:4:26:35:54
1169,0:1:2:3:4:26:35:63
1170,0:1:2:3:4:26:36:54
1171,0:1:2:3:4:26:37:54
1172,0:1:2:3:4:26:38:54
1173,0:1:2:3:4:26:39:54
1174,0:1:2:3:4:26:40:54
1175,0:1:2:3:4:26:41:54
1176,0:1:2:3:4:26:42:54
1177,0:1:2:3:4:26:43:54
1178,0:1:2:3:4:26:44:54
1179,0:1:2:3:4:26:45:54
1180,0:1:2:3:4:26:46:54
1181,0:1:2:3:4:26:47:54
1182,0:1:2:3:4:26:48:54
1183,0:1:2:3:4:26:49:54
1184,0:1:2:3:4:26:50:54
1185,0:1:2:3:4:26:51:54
1186,0:1:2:3:4:26:52:54
1187,0:1:2:3:4:26:53:54
1188,0:1:2:3:4:26:54:55
1189,0:1:2:3:4:26:54:56
1190,0:1:2:3:4:26:54:57
1191,0:1:2:3:4:26:54:58
1192,0:1:2:3:4:26:54:59
1193,0:1:2:3:4:26:54:60
1194,0:1:2:3:4:26:54:61
1195,0:1:2:3:4:26:54:62
1196,0:1:2:3:4:26:54:63
1197,0:1:2:3:4:27:28:55
1198,0:1:2:3:4:27:28:56
1199,0:1:2:3:4:27:29:55
1200,0:1:2:3:4:27:29:57
1201,0:1:2:3:4:27:30:55
1202,0:1:2:3:4:27:30:58
1203,0:1:2:3:4:27:31:55
1204,0:1:2:3:4:27:31:59
1205,0:1:2:3:4:27:32:55
1206,0:1:2:3:4:27:32:60
1207,0:1:2:3:4:27:33:55
1208,0:1:2:3:4:27:33:61
1209,0:1:2:3:4:27:34:55
1210,0:1:2:3:4:27:34:62
1211,0:1:2:3:4:27:35:55
1212,0:1:2:3:4:27:35:63
1213,0:1:2:3:4:27:36:55
1214,0:1:2:3:4:27:37:55
1215,0:1:2:3:4:27:38:55
1216,0:1:2:3:4:27:39:55
1217,0:1:2:3:4:27:40:55
1218,0:1:2:3:4:27:41:55
1219,0:1:2:3:4:27:42:55
1220,0:1:2:3:4:27:43:55
1221,0:1:2:3:4:27:44:55
1222,0:1:2:3:4:27:45:55
1223,0:1:2:3:4:27:46:55
1224,0:1:2:3:4:27:47:55
1225,0:1:2:3:4:27:48:55
1226,0:1:2:3:4:27:49:55
1227,0:1:2:3:4:27:50:55
1228,0:1:2:3:4:27:51:55
1229,0:1:2:3:4:27:52:55
1230,0:1:2:3:4:27:53:55
1231,0:1:2:3:4:27:54:55
1232,0:1:2:3:4:27:55:56
1233,0:1:2:3:4:27:55:57
1234,0:1:2:3:4:27:55:58
1235,0:1:2:3:4:27:55:59
1236,0:1:2:3:4:27:55:60
1237,0:1:2:3:4:27:55:61
1238,0:1:2:3:4:27:55:62
1239,0:1:2:3:4:27:55:63
1240,0:1:2:3:4:28:29:56
1241,0:1:2:3:4:28:29:57
1242,0:1:2:3:4:28:30:56
1243,0:1:2:3:4:28:30:58
1244,0:1:2:3:4:28:31:56
1245,0:1:2:3:4:28:31:59
1246,0:1:2:3:4:28:32:56
1247,0:1:2:3:4:28:32:60
1248,0:1:2:3:4:28:33:56
1249,0:1:2:3:4:28:33:61
1250,0:1:2:3:4:28:34:56
1251,0:1:2:3:4:28:34:62
1252,0:1:2:3:4:28:35:56
1253,0:1:2:3:4:28:35:63
1254,0:1:2:3:4:28:36:56
1255,0:1:2:3:4:28:37:56
1256,0:1:2:3:4:28:38:56
1257,0:1:2:3:4:28:39:56
1258,0:1:2:3:4:28:40:56
1259,0:1:2:3:4:28:41:56
1260,0:1:2:3:4:28:42:56
1261,0:1:2:3:4:28:43:56
1262,0:1:2:3:4:28:44:56
1263,0:1:2:3:4:28:45:56
1264,0:1:2:3:4:28:46:56
1265,0:1:2:3:4:28:47:56
1266,0:1:2:3:4:28:48:56
1267,0:1:2:3:4:28:49:56
1268,0:1:2:3:4:28:50:56
1269,0:1:2:3:4:28:51:56
1270,0:1:2:3:4:28:52:56
1271,0:1:2:3:4:28:53:56
1272,0:1:2:3:4:28:54:56
1273,0:1:2:3:4:28:55:56
1274,0:1:2:3:4:28:56:57
1275,0:1:2:3:4:28:56:58
1276,0:1:2:3:4:28:56:59
1277,0:1:2:3:4:28:56:60
1278,0:1:2:3:4:28:56:61
1279,0:1:2:3:4:28:56:62
1280,0:1:2:3:4:28:56:63
1281,0:1:2:3:4:29:30:57
1282,0:1:2:3:4:29:30:58
1283,0:1:2:3:4:29:31:57
1284,0:1:2:3:4:29:31:59
1285,0:1:2:3:4:29:32:57
1286,0:1:2:3:4:29:32:60
1287,0:1:2:3:4:29:33:57
1288,0:1:2:3:4:29:33:61
1289,0:1:2:3:4:29:34:57
1290,0:1:2:3:4:29:34:62
1291,0:1:2:3:4:29:35:57
1292,0:1:2:3:4:29:35:63
1293,0:1:2:3:4:29:36:57
1294,0:1:2:3:4:29:37:57
1295,0:1:2:3:4:29:38:57
1296,0:1:2:3:4:29:39:57
1297,0:1:2:3:4:29:40:57
1298,0:1:2:3:4:29:41:57
1299,0:1:2:3:4:29:42:57
1300,0:1:2:3:4:29:43:57
1301,0:1:2:3:4:29:44:57
1302,0:1:2:3:4:29:45:57
1303,0:1:2:3:4:29:46:57
1304,0:1:2:3:4:29:47:57
1305,0:1:2:3:4:29:48:57
1306,0:1:2:3:4:29:49:57
1307,0:1:2:3:4:29:50:57
1308,0:1:2:3:4:29:51:57
1309,0:1:2:3:4:29:52:57
1310,0:1:2:3:4:29:53:57
1311,0:1:2:3:4:29:54:57
1312,0:1:2:3:4:29:55:57
1313,0:1:2:3:4:29:56:57
1314,0:1:2:3:4:29:57:58
1315,0:1:2:3:4:29:57:59
1316,0:1:2:3:4:29:57:60
1317,0:1:2:3:4:29:57:61
1318,0:1:2:3:4:29:57:62
1319,0:1:2:3:4:29:57:63
1320,0:1:2:3:4:30:31:58
1321,0:1:2:3:4:30:31:59
1322,0:1:2:3:4:30:32:58
1323,0:1:2:3:4:30:32:60
1324,0:1:2:3:4:30:33:58
1325,0:1:2:3:4:30:33:61
1326,0:1:2:3:4:30:34:58
1327,0:1:2:3:4:30:34:62
1328,0:1:2:3:4:30:35:58
1329,0:1:2:3:4:30:35:63
1330,0:1:2:3:4:30:36:58
1331,0:1:2:3:4:30:37:58
1332,0:1:2:3:4:30:38:58
1333,0:1:2:3:4:30:39:58
1334,0:1:2:3:4:30:40:58
1335,0:1:2:3:4:30:41:58
1336,0:1:2:3:4:30:42:58
1337,0:1:2:3:4:30:43:58
1338,0:1:2:3:4:30:44:58
1339,0:1:2:3:4:30:45:58
1340,0:1:2:3:4:30:46:58
1341,0:1:2:3:4:30:47:58
1342,0:1:2:3:4:30:48:58
1343,0:1:2:3:4:30:49:58
1344,0:1:2:3:4:30:50:58
1345,0:1:2:3:4:30:51:58
1346,0:1:2:3:4:30:52:58
1347,0:1:2:3:4:30:53:58
1348,0:1:2:3:4:30:54:58
1349,0:1:2:3:4:30:55:58
1350,0:1:2:3:4:30:56:58
1351,0:1:2:3:4:30:57:58
1352,0:1:2:3:4:30:58:59
1353,0:1:2:3:4:30:58:60
1354,0:1:2:3:4:30:58:61
1355,0:1:2:3:4:30:58:62
1356,0:1:2:3:4:30:58:63
1357,0:1:2:3:4:31:32:59
1358,0:1:2:3:4:31:32:60
1359,0:1:2:3:4:31:33:59
1360,0:1:2:3:4:31:33:61
1361,0:1:2:3:4:31:34:59
1362,0:1:2:3:4:31:34:62
1363,0:1:2:3:4:31:35:59
1364,0:1:2:3:4:31:35:63
1365,0:1:2:3:4:31:36:59
1366,0:1:2:3:4:31:37:59
1367,0:1:2:3:4:31:38:59
1368,0:1:2:3:4:31:39:59
1369,0:1:2:3:4:31:40:59
1370,0:1:2:3:4:31:41:59
1371,0:1:2:3:4:31:42:59
1372,0:1:2:3:4:31:43:59
1373,0:1:2:3:4:31:44:59
1374,0:1:2:3:4:31:45:59
1375,0:1:2:3:4:31:46:59
1376,0:1:2:3:4:31:47:59
1377,0:1:2:3:4:31:48:59
1378,0:1:2:3:4:31:49:59
1379,0:1:2:3:4:31:50:59
1380,0:1:2:3:4:31:51:59
1381,0:1:2:3:4:31:52:59
1382,0:1:2:3:4:31:53:59
1383,0:1:2:3:4:31:54:59
1384,0:1:2:3:4:31:55:59
1385,0:1:2:3:4:31:56:59
1386,0:1:2:3:4:31:57:59
1387,0:1:2:3:4:31:58:59
1388,0:1:2:3:4:31:59:60
1389,0:1:2:3:4:31:59:61
1390,0:1:2:3:4:31:59:62
1391,0:1:2:3:4:31:59:63
1392,0:1:2:3:4:32:33:60
1393,0:1:2:3:4:32:33:61
1394,0:1:2:3:4:32:34:60
1395,0:1:2:3:4:32:34:62
1396,0:1:2:3:4:32:35:60
1397,0:1:2:3:4:32:35:63
1398,0:1:2:3:4:32:36:60
1399,0:1:2:3:4:32:37:60
1400,0:1:2:3:4:32:38:60
1401,0:1:2:3:4:32:39:60
1402,0:1:2:3:4:32:40:60
1403,0:1:2:3:4:32:41:60
1404,0:1:2:3:4:32:42:60
1405,0:1:2:3:4:32:43:60
1406,0:1:2:3:4:32:44:60
1407,0:1:2:3:4:32:45:60
1408,0:1:2:3:4:32:46:60
1409,0:1:2:3:4:32:47:60
1410,0:1:2:3:4:32:48:60
1411,0:1:2:3:4:32:49:60
1412,0:1:2:3:4:32:50:60
1413,0:1:2:3:4:32:51:60
1414,0:1:2:3:4:32:52:60
1415,0:1:2:3:4:32:53:60
1416,0:1:2:3:4:32:54:60
1417,0:1:2:3:4:32:55:60
1418,0:1:2:3:4:32:56:60
1419,0:1:2:3:4:32:57:60
1420,0:1:2:3:4:32:58:60
1421,0:1:2:3:4:32:59:60
1422,0:1:2:3:4:32:60:61
1423,0:1:2:3:4:32:60:62
1424,0:1:2:3:4:32:60:63
1425,0:1:2:3:4:33:34:61
1426,0:1:2:3:4:33:34:62
1427,0:1:2:3:4:33:35:61
1428,0:1:2:3:4:33:35:63
1429,0:1:2:3:4:33:36:61
1430,0:1:2:3:4:33:37:61
1431,0:1:2:3:4:33:38:61
1432,0:1:2:3:4:33:39:61
1433,0:1:2:3:4:33:40:61
1434,0:1:2:3:4:33:41:61
1435,0:1:2:3:4:33:42:61
1436,0:1:2:3:4:33:43:61
1437,0:1:2:3:4:33:44:61
1438,0:1:2:3:4:33:45:61
1439,0:1:2:3:4:33:46:61
1440,0:1:2:3:4:33:47:61
1441,0:1:2:3:4:33:48:61
1442,0:1:2:3:4:33:49:61
1443,0:1:2:3:4:33:50:61
1444,0:1:2:3:4:33:51:61
1445,0:1:2:3:4:33:52:61
1446,0:1:2:3:4:33:53:61
1447,0:1:2:3:4:33:54:61
1448,0:1:2:3:4:33:55:61
1449,0:1:2:3:4:33:56:61
1450,0:1:2:3:4:33:57:61
1451,0:1:2:3:4:33:58:61
1452,0:1:2:3:4:33:59:61
1453,0:1:2:3:4:33:60:61
1454,0:1:2:3:4:33:61:62
1455,0:1:2:3:4:33:61:63
1456,0:1:2:3:4:34:35:62
1457,0:1:2:3:4:34:35:63
1458,0:1:2:3:4:34:36:62
1459,0:1:2:3:4:34:37:62
1460,0:1:2:3:4:34:38:62
1461,0:1:2:3:4:34:39:62
1462,0:1:2:3:4:34:40:62
1463,0:1:2:3:4:34:41:62
1464,0:1:2:3:4:34:42:62
1465,0:1:2:3:4:34:43:62
1466,0:1:2:3:4:34:44:62
1467,0:1:2:3:4:34:45:62
1468,0:1:2:3:4:34:46:62
1469,0:1:2:3:4:34:47:62
1470,0:1:2:3:4:34:48:62
1471,0:1:2:3:4:34:49:62
1472,0:1:2:3:4:34:50:62
1473,0:1:2:3:4:34:51:62
1474,0:1:2:3:4:34:52:62
1475,0:1:2:3:4:34:53:62
1476,0:1:2:3:4:34:54:62
1477,0:1:2:3:4:34:55:62
1478,0:1:2:3:4:34:56:62
1479,0:1:2:3:4:34:57:62
1480,0:1:2:3:4:34:58:62
1481,0:1:2:3:4:34:59:62
1482,0:1:2:3:4:34:60:62
1483,0:1:2:3:4:34:61:62
1484,0:1:2:3:4:34:62:63
1485,0:1:2:3:4:35:36:63
1486,0:1:2:3:4:35:37:63
1487,0:1:2:3:4:35:38:63
1488,0:1:2:3:4:35:39:63
1489,0:1:2:3:4:35:40:63
1490,0:1:2:3:4:35:41:63
1491,0:1:2:3:4:35:42:63
1492,0:1:2:3:4:35:43:63
1493,0:1:2:3:4:35:44:63
1494,0:1:2:3:4:35:45:63
1495,0:1:2:3:4:35:46:63
1496,0:1:2:3:4:35:47:63
1497,0:1:2:3:4:35:48:63
1498,0:1:2:3:4:35:49:63
1499,0:1:2:3:4:35:50:63
1500,0:1:2:3:4:35:51:63
1501,0:1:2:3:4:35:52:63
1502,0:1:2:3:4:35:53:63
1503,0:1:2:3:4:35:54:63
1504,0:1:2:3:4:35:55:63
1505,0:1:2:3:4:35:56:63
1506,0:1:2:3:4:35:57:63
1507,0:1:2:3:4:35:58:63
1508,0:1:2:3:4:35:59:63
1509,0:1:2:3:4:35:60:63
1510,0:1:2:3:4:35:61:63
1511,0:1:2:3:4:35:62:63
1512,0:1:2:3:5:8:9:36
1513,0:1:2:3:5:8:9:37
1514,0:1:2:3:5:8:10:36
1515,0:1:2:3:5:8:10:38
1516,0:1:2:3:5:8:11:36
1517,0:1:2:3:5:8:11:39
1518,0:1:2:3:5:8:12:36
1519,0:1:2:3:5:8:12:40
1520,0:1:2:3:5:8:13:36
1521,0:1:2:3:5:8:13:41
1522,0:1:2:3:5:8:14:36
1523,0:1:2:3:5:8:14:42
1524,0:1:2:3:5:8:15:36
1525,0:1:2:3:5:8:15:43
1526,0:1:2:3:5:8:16:36
1527,0:1:2:3:5:8:16:44
1528,0:1:2:3:5:8:17:36
1529,0:1:2:3:5:8:17:45
1530,0:1:2:3:5:8:18:36
1531,0:1:2:3:5:8:18:46
1532,0:1:2:3:5:8:19:36
1533,0:1:2:3:5:8:19:47
1534,0:1:2:3:5:8:20:36
1535,0:1:2:3:5:8:20:48
1536,0:1:2:3:5:8:21:36
1537,0:1:2:3:5:8:21:49
1538,0:1:2:3:5:8:22:36
1539,0:1:2:3:5:8:22:50
1540,0:1:2:3:5:8:23:36
1541,0:1:2:3:5:8:23:51
1542,0:1:2:3:5:8:24:36
1543,0:1:2:3:5:8:24:52
1544,0:1:2:3:5:8:25:36
1545,0:1:2:3:5:8:25:53
1546,0:1:2:3:5:8:26:36
1547,0:1:2:3:5:8:26:54
1548,0:1:2:3:5:8:27:36
1549,0:1:2:3:5:8:27:55
1550,0:1:2:3:5:8:28:36
1551,0:1:2:3:5:8:28:56
1552,0:1:2:3:5:8:29:36
1553,0:1:2:3:5:8:29:57
1554,0:1:2:3:5:8:30:36
1555,0:1:2:3:5:8:30:58
1556,0:1:2:3:5:8:31:36
1557,0:1:2:3:5:8:31:59
1558,0:1:2:3:5:8:32:36
1559,0:1:2:3:5:8:32:60
1560,0:1:2:3:5:8:33:36
1561,0:1:2:3:5:8:33:61
1562,0:1:2:3:5:8:34:36
1563,0:1:2:3:5:8:34:62
1564,0:1:2:3:5:8:35:36
1565,0:1:2:3:5:8:35:63
1566,0:1:2:3:5:8:36:37
1567,0:1:2:3:5:8:36:38
1568,0:1:2:3:5:8:36:39
1569,0:1:2:3:5:8:36:40
1570,0:1:2:3:5:8:36:41
1571,0:1:2:3:5:8:36:42
1572,0:1:2:3:5:8:36:43
1573,0:1:2:3:5:8:36:44
1574,0:1:2:3:5:8:36:45
1575,0:1:2:3:5:8:36:46
1576,0:1:2:3:5:8:36:47
1577,0:1:2:3:5:8:36:48
1578,0:1:2:3:5:8:36:49
1579,0:1:2:3:5:8:36:50
1580,0:1:2:3:5:8:36:51
1581,0:1:2:3:5:8:36:52
1582,0:1:2:3:5:8:36:53
1583,0:1:2:3:5:8:36:54
1584,0:1:2:3:5:8:36:55
1585,0:1:2:3:5:8:36:56
1586,0:1:2:3:5:8:36:57
1587,0:1:2:3:5:8:36:58
1588,0:1:2:3:5:8:36:59
1589,0:1:2:3:5:8:36:60
1590,0:1:2:3:5:8:36:61
1591,0:1:2:3:5:8:36:62
1592,0:1:2:3:5:8:36:63
1593,0:1:2:3:5:9:10:37
1594,0:1:2:3:5:9:10:38
1595,0:1:2:3:5:9:11:37
1596,0:1:2:3:5:9:11:39
1597,0:1:2:3:5:9:12:37
1598,0:1:2:3:5:9:12:40
1599,0:1:2:3:5:9:13:37
1600,0:1:2:3:5:9:13:41
1601,0:1:2:3:5:9:14:37
1602,0:1:2:3:5:9:14:42
1603,0:1:2:3:5:9:15:37
1604,0:1:2:3:5:9:15:43
1605,0:1:2:3:5:9:16:37
1606,0:1:2:3:5:9:16:44
1607,0:1:2:3:5:9:17:37
1608,0:1:2:3:5:9:17:45
1609,0:1:2:3:5:9:18:37
1610,0:1:2:3:5:9:18:46
1611,0:1:2:3:5:9:19:37
1612,0:1:2:3:5:9:19:47
1613,0:1:2:3:5:9:20:37
1614,0:1:2:3:5:9:20:48
1615,0:1:2:3:5:9:21:37
1616,0:1:2:3:5:9:21:49
1617,0:1:2:3:5:9:22:37
1618,0:1:2:3:5:9:22:50
1619,0:1:2:3:5:9:23:37
1620,0:1:2:3:5:9:23:51
1621,0:1:2:3:5:9:24:37
1622,0:1:2:3:5:9:24:52
1623,0:1:2:3:5:9:25:37
1624,0:1:2:3:5:9:25:53
1625,0:1:2:3:5:9:26:37
1626,0:1:2:3:5:9:26:54
1627,0:1:2:3:5:9:27:37
1628,0:1:2:3:5:9:27:55
1629,0:1:2:3:5:9:28:37
1630,0:1:2:3:5:9:28:56
1631,0:1:2:3:5:9:29:37
1632,0:1:2:3:5:9:29:57
1633,0:1:2:3:5:9:30:37
1634,0:1:2:3:5:9:30:58
1635,0:1:2:3:5:9:31:37
1636,0:1:2:3:5:9:31:59
1637,0:1:2:3:5:9:32:37
1638,0:1:2:3:5:9:32:60
1639,0:1:2:3:5:9:33:37
1640,0:1:2:3:5:9:33:61
1641,0:1:2:3:5:9:34:37
1642,0:1:2:3:5:9:34:62
1643,0:1:2:3:5:9:35:37
1644,0:1:2:3:5:9:35:63
1645,0:1:2:3:5:9:36:37
1646,0:1:2:3:5:9:37:38
1647,0:1:2:3:5:9:37:39
1648,0:1:2:3:5:9:37:40
1649,0:1:2:3:5:9:37:41
1650,0:1:2:3:5:9:37:42
1651,0:1:2:3:5:9:37:43
1652,0:1:2:3:5:9:37:44
1653,0:1:2:3:5:9:37:45
1654,0:1:2:3:5:9:37:46
1655,0:1:2:3:5:9:37:47
1656,0:1:2:3:5:9:37:48
1657,0:1:2:3:5:9:37:49
1658,0:1:2:3:5:9:37:50
1659,0:1:2:3:5:9:37:51
1660,0:1:2:3:5:9:37:52
1661,0:1:2:3:5:9:37:53
1662,0:1:2:3:5:9:37:54
1663,0:1:2:3:5:9:37:55
1664,0:1:2:3:5:9:37:56
1665,0:1:2:3:5:9:37:57
1666,0:1:2:3:5:9:37:58
1667,0:1:2:3:5:9:37:59
1668,0:1:2:3:5:9:37:60
1669,0:1:2:3:5:9:37:61
1670,0:1:2:3:5:9:37:62
1671,0:1:2:3:5:9:37:63
1672,0:1:2:3:5:10:11:38
1673,0:1:2:3:5:10:11:39
1674,0:1:2:3:5:10:12:38
1675,0:1:2:3:5:10:12:40
1676,0:1:2:3:5:10:13:38
1677,0:1:2:3:5:10:13:41
1678,0:1:2:3:5:10:14:38
1679,0:1:2:3:5:10:14:42
1680,0:1:2:3:5:10:15:38
1681,0:1:2:3:5:10:15:43
1682,0:1:2:3:5:10:16:38
1683,0:1:2:3:5:10:16:44
1684,0:1:2:3:5:10:17:38
1685,0:1:2:3:5:10:17:45
1686,0:1:2:3:5:10:18:38
1687,0:1:2:3:5:10:18:46
1688,0:1:2:3:5:10:19:38
1689,0:1:2:3:5:10:19:47
1690,0:1:2:3:5:10:20:38
1691,0:1:2:3:5:10:20:48
1692,0:1:2:3:5:10:21:38
1693,0:1:2:3:5:10:21:49
1694,0:1:2:3:5:10:22:38
1695,0:1:2:3:5:10:22:50
1696,0:1:2:3:5:10:23:38
1697,0:1:2:3:5:10:23:51
1698,0:1:2:3:5:10:24:38
1699,0:1:2:3:5:10:24:52
1700,0:1:2:3:5:10:25:38
1701,0:1:2:3:5:10:25:53
1702,0:1:2:3:5:10:26:38
1703,0:1:2:3:5:10:26:54
1704,0:1:2:3:5:10:27:38
1705,0:1:2:3:5:10:27:55
1706,0:1:2:3:5:10:28:38
1707,0:1:2:3:5:10:28:56
1708,0:1:2:3:5:10:29:38
1709,0:1:2:3:5:10:29:57
1710,0:1:2:3:5:10:30:38
1711,0:1:2:3:5:10:30:58
1712,0:1:2:3:5:10:31:38
1713,0:1:2:3:5:10:31:59
1714,0:1:2:3:5:10:32:38
1715,0:1:2:3:5:10:32:60
1716,0:1:2:3:5:10:33:38
1717,0:1:2:3:5:10:33:61
1718,0:1:2:3:5:10:34:38
1719,0:1:2:3:5:10:34:62
1720,0:1:2:3:5:10:35:38
1721,0:1:2:3:5:10:35:63
1722,0:1:2:3:5:10:36:38
1723,0:1:2:3:5:10:37:38
1724,0:1:2:3:5:10:38:39
1725,0:1:2:3:5:10:38:40
1726,0:1:2:3:5:10:38:41
1727,0:1:2:3:5:10:38:42
1728,0:1:2:3:5:10:38:43
1729,0:1:2:3:5:10:38:44
1730,0:1:2:3:5:10:38:45
1731,0:1:2:3:5:10:38:46
1732,0:1:2:3:5:10:38:47
1733,0:1:2:3:5:10:38:48
1734,0:1:2:3:5:10:38:49
1735,0:1:2:3:5:10:38:50
1736,0:1:2:3:5:10:38:51
1737,0:1:2:3:5:10:38:52
1738,0:1:2:3:5:10:38:53
1739,0:1:2:3:5:10:38:54
1740,0:1:2:3:5:10:38:55
1741,0:1:2:3:5:10:38:56
1742,0:1:2:3:5:10:38:57
1743,0:1:2:3:5:10:38:58
1744,0:1:2:3:5:10:38:59
1745,0:1:2:3:5:10:38:60
1746,0:1:2:3:5:10:38:61
1747,0:1:2:3:5:10:38:62
1748,0:1:2:3:5:10:38:63
1749,0:1:2:3:5:11:12:39
1750,0:1:2:3:5:11:12:40
1751,0:1:2:3:5:11:13:39
1752,0:1:2:3:5:11:13:41
1753,0:1:2:3:5:11:14:39
1754,0:1:2:3:5:11:14:42
1755,0:1:2:3:5:11:15:39
1756,0:1:2:3:5:11:15:43
1757,0:1:2:3:5:11:16:39
1758,0:1:2:3:5:11:16:44
1759,0:1:2:3:5:11:17:39
1760,0:1:2:3:5:11:17:45
1761,0:1:2:3:5:11:18:39
1762,0:1:2:3:5:11:18:46
1763,0:1:2:3:5:11:19:39
1764,0:1:2:3:5:11:19:47
1765,0:1:2:3:5:11:20:39
1766,0:1:2:3:5:11:20:48
1767,0:1:2:3:5:11:21:39
1768,0:1:2:3:5:11:21:49
1769,0:1:2:3:5:11:22:39
1770,0:1:2:3:5:11:22:50
1771,0:1:2:3:5:11:23:39
1772,0:1:2:3:5:11:23:51
1773,0:1:2:3:5:11:24:39
1774,0:1:2:3:5:11:24:52
1775,0:1:2:3:5:11:25:39
1776,0:1:2:3:5:11:25:53
1777,0:1:2:3:5:11:26:39
1778,0:1:2:3:5:11:26:54
1779,0:1:2:3:5:11:27:39
1780,0:1:2:3:5:11:27:55
1781,0:1:2:3:5:11:28:39
1782,0:1:2:3:5:11:28:56
1783,0:1:2:3:5:11:29:39
1784,0:1:2:3:5:11:29:57
1785,0:1:2:3:5:11:30:39
1786,0:1:2:3:5:11:30:58
1787,0:1:2:3:5:11:31:39
1788,0:1:2:3:5:11:31:59
1789,0:1:2:3:5:11:32:39
1790,0:1:2:3:5:11:32:60
1791,0:1:2:3:5:11:33:39
1792,0:1:2:3:5:11:33:61
1793,0:1:2:3:5:11:34:39
1794,0:1:2:3:5:11:34:62
1795,0:1:2:3:5:11:35:39
1796,0:1:2:3:5:11:35:63
1797,0:1:2:3:5:11:36:39
1798,0:1:2:3:5:11:37:39
1799,0:1:2:3:5:11:38:39
1800,0:1:2:3:5:11:39:40
1801,0:1:2:3:5:11:39:41
1802,0:1:2:3:5:11:39:42
1803,0:1:2:3:5:11:39:43
1804,0:1:2:3:5:11:39:44
1805,0:1:2:3:5:11:39:45
1806,0:1:2:3:5:11:39:46
1807,0:1:2:3:5:11:39:47
1808,0:1:2:3:5:11:39:48
1809,0:1:2:3:5:11:39:49
1810,0:1:2:3:5:11:39:50
1811,0:1:2:3:5:11:39:51
1812,0:1:2:3:5:11:39:52
1813,0:1:2:3:5:11:39:53
1814,0:1:2:3:5:11:39:54
1815,0:1:2:3:5:11:39:55
1816,0:1:2:3:5:11:39:56
1817,0:1:2:3:5:11:39:57
1818,0:1:2:3:5:11:39:58
1819,0:1:2:3:5:11:39:59
1820,0:1:2:3:5:11:39:60
1821,0:1:2:3:5:11:39:61
1822,0:1:2:3:5:11:39:62
1823,0:1:2:3:5:11:39:63
1824,0:1:2:3:5:12:13:40
1825,0:1:2:3:5:12:13:41
1826,0:1:2:3:5:12:14:40
1827,0:1:2:3:5:12:14:42
1828,0:1:2:3:5:12:15:40
1829,0:1:2:3:5:12:15:43
1830,0:1:2:3:5:12:16:40
1831,0:1:2:3:5:12:16:44
1832,0:1:2:3:5:12:17:40
1833,0:1:2:3:5:12:17:45
1834,0:1:2:3:5:12:18:40
1835,0:1:2:3:5:12:18:46
1836,0:1:2:3:5:12:19:40
1837,0:1:2:3:5:12:19:47
1838,0:1:2:3:5:12:20:40
1839,0:1:2:3:5:12:20:48
1840,0:1:2:3:5:12:21:40
1841,0:1:2:3:5:12:21:49
1842,0:1:2:3:5:12:22:40
1843,0:1:2:3:5:12:22:50
1844,0:1:2:3:5:12:23:40
1845,0:1:2:3:5:12:23:51
1846,0:1:2:3:5:12:24:40
1847,0:1:2:3:5:12:24:52
1848,0:1:2:3:5:12:25:40
1849,0:1:2:3:5:12:25:53
1850,0:1:2:3:5:12:26:40
1851,0:1:2:3:5:12:26:54
1852,0:1:2:3:5:12:27:40
1853,0:1:2:3:5:12:27:55
1854,0:1:2:3:5:12:28:40
1855,0:1:2:3:5:12:28:56
1856,0:1:2:3:5:12:29:40
1857,0:1:2:3:5:12:29:57
1858,0:1:2:3:5:12:30:40
1859,0:1:2:3:5:12:30:58
1860,0:1:2:3:5:12:31:40
1861,0:1:2:3:5:12:31:59
1862,0:1:2:3:5:12:32:40
1863,0:1:2:3:5:12:32:60
1864,0:1:2:3:5:12:33:40
1865,0:1:2:3:5:12:33:61
1866,0:1:2:3:5:12:34:40
1867,0:1:2:3:5:12:34:62
1868,0:1:2:3:5:12:35:40
1869,0:1:2:3:5:12:35:63
1870,0:1:2:3:5:12:36:40
1871,0:1:2:3:5:12:37:40
1872,0:1:2:3:5:12:38:40
1873,0:1:2:3:5:12:39:40
1874,0:1:2:3:5:12:40:41
1875,0:1:2:3:5:12:40:42
1876,0:1:2:3:5:12:40:43
1877,0:1:2:3:5:12:40:44
1878,0:1:2:3:5:12:40:45
1879,0:1:2:3:5:12:40:46
1880,0:1:2:3:5:12:40:47
1881,0:1:2:3:5:12:40:48
1882,0:1:2:3:5:12:40:49
1883,0:1:2:3:5:12:40:50
1884,0:1:2:3:5:12:40:51
1885,0:1:2:3:5:12:40:52
1886,0:1:2:3:5:12:40:53
1887,0:1:2:3:5:12:40:54
1888,0:1:2:3:5:12:40:55
1889,0:1:2:3:5:12:40:56
1890,0:1:2:3:5:12:40:57
1891,0:1:2:3:5:12:40:58
1892,0:1:2:3:5:12:40:59
1893,0:1:2:3:5:12:40:60
1894,0:1:2:3:5:12:40:61
1895,0:1:2:3:5:12:40:62
1896,0:1:2:3:5:12:40:63
1897,0:1:2:3:5:13:14:41
1898,0:1:2:3:5:13:14:42
1899,0:1:2:3:5:13:15:41
1900,0:1:2:3:5:13:15:43
1901,0:1:2:3:5:13:16:41
1902,0:1:2:3:5:13:16:44
1903,0:1:2:3:5:13:17:41
1904,0:1:2:3:5:13:17:45
1905,0:1:2:3:5:13:18:41
1906,0:1:2:3:5:13:18:46
1907,0:1:2:3:5:13:19:41
1908,0:1:2:3:5:13:19:47
1909,0:1:2:3:5:13:20:41
1910,0:1:2:3:5:13:20:48
1911,0:1:2:3:5:13:21:41
1912,0:1:2:3:5:13:21:49
1913,0:1:2:3:5:13:22:41
1914,0:1:2:3:5:13:22:50
1915,0:1:2:3:5:13:23:41
1916,0:1:2:3:5:13:23:51
1917,0:1:2:3:5:13:24:41
1918,0:1:2:3:5:13:24:52
1919,0:1:2:3:5:13:25:41
1920,0:1:2:3:5:13:25:53
1921,0:1:2:3:5:13:26:41
1922,0:1:2:3:5:13:26:54
1923,0:1:2:3:5:13:27:41
1924,0:1:2:3:5:13:27:55
1925,0:1:2:3:5:13:28:41
1926,0:1:2:3:5:13:28:56
1927,0:1:2:3:5:13:29:41
1928,0:1:2:3:5:13:29:57
1929,0:1:2:3:5:13:30:41
1930,0:1:2:3:5:13:30:58
1931,0:1:2:3:5:13:31:41
1932,0:1:2:3:5:13:31:59
1933,0:1:2:3:5:13:32:41
1934,0:1:2:3:5:13:32:60
1935,0:1:2:3:5:13:33:41
1936,0:1:2:3:5:13:33:61
1937,0:1:2:3:5:13:34:41
1938,0:1:2:3:5:13:34:62
1939,0:1:2:3:5:13:35:41
1940,0:1:2:3:5:13:35:63
1941,0:1:2:3:5:13:36:41
1942,0:1:2:3:5:13:37:41
1943,0:1:2:3:5:13:38:41
1944,0:1:2:3:5:13:39:41
1945,0:1:2:3:5:13:40:41
1946,0:1:2:3:5:13:41:42
1947,0:1:2:3:5:13:41:43
1948,0:1:2:3:5:13:41:44
1949,0:1:2:3:5:13:41:45
1950,0:1:2:3:5:13:41:46
1951,0:1:2:3:5:13:41:47
1952,0:1:2:3:5:13:41:48
1953,0:1:2:3:5:13:41:49
1954,0:1:2:3:5:13:41:50
1955,0:1:2:3:5:13:41:51
1956,0:1:2:3:5:13:41:52
1957,0:1:2:3:5:13:41:53
1958,0:1:2:3:5:13:41:54
1959,0:1:2:3:5:13:41:55
1960,0:1:2:3:5:13:41:56
1961,0:1:2:3:5:13:41:57
1962,0:1:2:3:5:13:41:58
1963,0:1:2:3:5:13:41:59
1964,0:1:2:3:5:13:41:60
1965,0:1:2:3:5:13:41:61
1966,0:1:2:3:5:13:41:62
1967,0:1:2:3:5:13:41:63
1968,0:1:2:3:5:14:15:42
1969,0:1:2:3:5:14:15:43
1970,0:1:2:3:5:14:16:42
1971,0:1:2:3:5:14:16:44
1972,0:1:2:3:5:14:17:42
1973,0:1:2:3:5:14:17:45
1974,0:1:2:3:5:14:18:42
1975,0:1:2:3:5:14:18:46
1976,0:1:2:3:5:14:19:42
1977,0:1:2:3:5:14:19:47
1978,0:1:2:3:5:14:20:42
1979,0:1:2:3:5:14:20:48
1980,0:1:2:3:5:14:21:42
1981,0:1:2:3:5:14:21:49
1982,0:1:2:3:5:14:22:42
1983,0:1:2:3:5:14:22:50
1984,0:1:2:3:5:14:23:42
1985,0:1:2:3:5:14:23:51
1986,0:1:2:3:5:14:24:42
1987,0:1:2:3:5:14:24:52
1988,0:1:2:3:5:14:25:42
1989,0:1:2:3:5:14:25:53
1990,0:1:2:3:5:14:26:42
1991,0:1:2:3:5:14:26:54
1992,0:1:2:3:5:14:27:42
1993,0:1:2:3:5:14:27:55
1994,0:1:2:3:5:14:28:42
1995,0:1:2:3:5:14:28:56
1996,0:1:2:3:5:14:29:42
1997,0:1:2:3:5:14:29:57
1998,0:1:2:3:5:14:30:42
1999,0:1:2:3:5:14:30:58
2000,0:1:2:3:5:14:31:42
2001,0:1:2:3:5:14:31:59
2002,0:1:2:3:5:14:32:42
2003,0:1:2:3:5:14:32:60
2004,0:1:2:3:5:14:33:42
2005,0:1:2:3:5:14:33:61
2006,0:1:2:3:5:14:34:42
2007,0:1:2:3:5:14:34:62
2008,0:1:2:3:5:14:35:42
2009,0:1:2:3:5:14:35:63
2010,0:1:2:3:5:14:36:42
2011,0:1:2:3:5:14:37:42
2012,0:1:2:3:5:14:38:42
2013,0:1:2:3:5:14:39:42
2014,0:1:2:3:5:14:40:42
2015,0:1:2:3:5:14:41:42
2016,0:1:2:3:5:14:42:43
2017,0:1:2:3:5:14:42:44
2018,0:1:2:3:5:14:42:45
2019,0:1:2:3:5:14:42:46
2020,0:1:2:3:5:14:42:47
2021,0:1:2:3:5:14:42:48
2022,0:1:2:3:5:14:42:49
2023,0:1:2:3:5:14:42:50
2024,0:1:2:3:5:14:42:51
2025,0:1:2:3:5:14:42:52
2026,0:1:2:3:5:14:42:53
2027,0:1:2:3:5:14:42:54
2028,0:1:2:3:5:14:42:55
2029,0:1:2:3:5:14:42:56
2030,0:1:2:3:5:14:42:57
2031,0:1:2:3:5:14:42:58
2032,0:1:2:3:5:14:42:59
2033,0:1:2:3:5:14:42:60
2034,0:1:2:3:5:14:42:61
2035,0:1:2:3:5:14:42:62
2036,0:1:2:3:5:14:42:63
2037,0:1:2:3:5:15:16:43
2038,0:1:2:3:5:15:16:44
2039,0:1:2:3:5:15:17:43
2040,0:1:2:3:5:15:17:45
2041,0:1:2:3:5:15:18:43
2042,0:1:2:3:5:15:18:46
2043,0:1:2:3:5:15:19:43
2044,0:1:2:3:5:15:19:47
2045,0:1:2:3:5:15:20:43
2046,0:1:2:3:5:15:20:48
2047,0:1:2:3:5:15:21:43
2048,0:1:2:3:5:15:21:49
2049,0:1:2:3:5:15:22:43
2050,0:1:2:3:5:15:22:50
2051,0:1:2:3:5:15:23:43
2052,0:1:2:3:5:15:23:51
2053,0:1:2:3:5:15:24:43
2054,0:1:2:3:5:15:24:52
2055,0:1:2:3:5:15:25:43
2056,0:1:2:3:5:15:25:53
2057,0:1:2:3:5:15:26:43
2058,0:1:2:3:5:15:26:54
2059,0:1:2:3:5:15:27:43
2060,0:1:2:3:5:15:27:55
2061,0:1:2:3:5:15:28:43
2062,0:1:2:3:5:15:28:56
2063,0:1:2:3:5:15:29:43
2064,0:1:2:3:5:15:29:57
2065,0:1:2:3:5:15:30:43
2066,0:1:2:3:5:15:30:58
2067,0:1:2:3:5:15:31:43
2068,0:1:2:3:5:15:31:59
2069,0:1:2:3:5:15:32:43
2070,0:1:2:3:5:15:32:60
2071,0:1:2:3:5:15:33:43
2072,0:1:2:3:5:15:33:61
2073,0:1:2:3:5:15:34:43
2074,0:1:2:3:5:15:34:62
2075,0:1:2:3:5:15:35:43
2076,0:1:2:3:5:15:35:63
2077,0:1:2:3:5:15:36:43
2078,0:1:2:3:5:15:37:43
2079,0:1:2:3:5:15:38:43
2080,0:1:2:3:5:15:39:43
2081,0:1:2:3:5:15:40:43
2082,0:1:2:3:5:15:41:43
2083,0:1:2:3:5:15:42:43
2084,0:1:2:3:5:15:43:44
2085,0:1:2:3:5:15:43:45
2086,0:1:2:3:5:15:43:46
2087,0:1:2:3:5:15:43:47
2088,0:1:2:3:5:15:43:48
2089,0:1:2:3:5:15:43:49
2090,0:1:2:3:5:15:43:50
2091,0:1:2:3:5:15:43:51
2092,0:1:2:3:5:15:43:52
2093,0:1:2:3:5:15:43:53
2094,0:1:2:3:5:15:43:54
2095,0:1:2:3:5:15:43:55
2096,0:1:2:3:5:15:43:56
2097,0:1:2:3:5:15:43:57
2098,0:1:2:3:5:15:43:58
2099,0:1:2:3:5:15:43:59
2100,0:1:2:3:5:15:43:60
2101,0:1:2:3:5:15:43:61
2102,0:1:2:3:5:15:43:62
2103,0:1:2:3:5:15:43:63
2104,0:1:2:3:5:16:17:44
2105,0:1:2:3:5:16:17:45
2106,0:1:2:3:5:16:18:44
2107,0:1:2:3:5:16:18:46
2108,0:1:2:3:5:16:19:44
2109,0:1:2:3:5:16:19:47
2110,0:1:2:3:5:16:20:44
2111,0:1:2:3:5:16:20:48
2112,0:1:2:3:5:16:21:44
2113,0:1:2:3:5:16:21:49
2114,0:1:2:3:5:16:22:44
2115,0:1:2:3:5:16:22:50
2116,0:1:2:3:5:16:23:44
2117,0:1:2:3:5:16:23:51
2118,0:1:2:3:5:16:24:44
2119,0:1:2:3:5:16:24:52
2120,0:1:2:3:5:16:25:44
2121,0:1:2:3:5:16:25:53
2122,0:1:2:3:5:16:26:44
2123,0:1:2:3:5:16:26:54
2124,0:1:2:3:5:16:27:44
2125,0:1:2:3:5:16:27:55
2126,0:1:2:3:5:16:28:44
2127,0:1:2:3:5:16:28:56
2128,0:1:2:3:5:16:29:44
2129,0:1:2:3:5:16:29:57
2130,0:1:2:3:5:16:30:44
2131,0:1:2:3:5:16:30:58
2132,0:1:2:3:5:16:31:44
2133,0:1:2:3:5:16:31:59
2134,0:1:2:3:5:16:32:44
2135,0:1:2:3:5:16:32:60
2136,0:1:2:3:5:16:33:44
2137,0:1:2:3:5:16:33:61
2138,0:1:2:3:5:16:34:44
2139,0:1:2:3:5:16:34:62
2140,0:1:2:3:5:16:35:44
2141,0:1:2:3:5:16:35:63
2142,0:1:2:3:5:16:36:44
2143,0:1:2:3:5:16:37:44
2144,0:1:2:3:5:16:38:44
2145,0:1:2:3:5:16:39:44
2146,0:1:2:3:5:16:40:44
2147,0:1:2:3:5:16:41:44
2148,0:1:2:3:5:16:42:44
2149,0:1:2:3:5:16:43:44
2150,0:1:2:3:5:16:44:45
2151,0:1:2:3:5:16:44:46
2152,0:1:2:3:5:16:44:47
2153,0:1:2:3:5:16:44:48
2154,0:1:2:3:5:16:44:49
2155,0:1:2:3:5:16:44:50
2156,0:1:2:3:5:16:44:51
2157,0:1:2:3:5:16:44:52
2158,0:1:2:3:5:16:44:53
2159,0:1:2:3:5:16:44:54
2160,0:1:2:3:5:16:44:55
2161,0:1:2:3:5:16:44:56
2162,0:1:2:3:5:16:44:57
2163,0:1:2:3:5:16:44:58
2164,0:1:2:3:5:16:44:59
2165,0:1:2:3:5:16:44:60
2166,0:1:2:3:5:16:44:61
2167,0:1:2:3:5:16:44:62
2168,0:1:2:3:5:16:44:63
2169,0:1:2:3:5:17:18:45
2170,0:1:2:3:5:17:18:46
2171,0:1:2:3:5:17:19:45
2172,0:1:2:3:5:17:19:47
2173,0:1:2:3:5:17:20:45
2174,0:1:2:3:5:17:20:48
2175,0:1:2:3:5:17:21:45
2176,0:1:2:3:5:17:21:49
2177,0:1:2:3:5:17:22:45
2178,0:1:2:3:5:17:22:50
2179,0:1:2:3:5:17:23:45
2180,0:1:2:3:5:17:23:51
2181,0:1:2:3:5:17:24:45
2182,0:1:2:3:5:17:24:52
2183,0:1:2:3:5:17:25:45
2184,0:1:2:3:5:17:25:53
2185,0:1:2:3:5:17:26:45
2186,0:1:2:3:5:17:26:54
2187,0:1:2:3:5:17:27:45
2188,0:1:2:3:5:17:27:55
2189,0:1:2:3:5:17:28:45
2190,0:1:2:3:5:17:28:56
2191,0:1:2:3:5:17:29:45
2192,0:1:2:3:5:17:29:57
2193,0:1:2:3:5:17:30:45
2194,0:1:2:3:5:17:30:58
2195,0:1:2:3:5:17:31:45
2196,0:1:2:3:5:17:31:59
2197,0:1:2:3:5:17:32:45
2198,0:1:2:3:5:17:32:60
2199,0:1:2:3:5:17:33:45
2200,0:1:2:3:5:17:33:61
2201,0:1:2:3:5:17:34:45
2202,0:1:2:3:5:17:34:62
2203,0:1:2:3:5:17:35:45
2204,0:1:2:3:5:17:35:63
2205,0:1:2:3:5:17:36:45
2206,0:1:2:3:5:17:37:45
2207,0:1:2:3:5:17:38:45
2208,0:1:2:3:5:17:39:45
2209,0:1:2:3:5:17:40:45
2210,0:1:2:3:5:17:41:45
2211,0:1:2:3:5:17:42:45
2212,0:1:2:3:5:17:43:45
2213,0:1:2:3:5:17:44:45
2214,0:1:2:3:5:17:45:46
2215,0:1:2:3:5:17:45:47
2216,0:1:2:3:5:17:45:48
2217,0:1:2:3:5:17:45:49
2218,0:1:2:3:5:17:45:50
2219,0:1:2:3:5:17:45:51
2220,0:1:2:3:5:17:45:52
2221,0:1:2:3:5:17:45:53
2222,0:1:2:3:5:17:45:54
2223,0:1:2:3:5:17:45:55
2224,0:1:2:3:5:17:45:56
2225,0:1:2:3:5:17:45:57
2226,0:1:2:3:5:17:45:58
2227,0:1:2:3:5:17:45:59
2228,0:1:2:3:5:17:45:60
2229,0:1:2:3:5:17:45:61
2230,0:1:2:3:5:17:45:62
2231,0:1:2:3:5:17:45:63
2232,0:1:2:3:5:18:19:46
2233,0:1:2:3:5:18:19:47
2234,0:1:2:3:5:18:20:46
2235,0:1:2:3:5:18:20:48
2236,0:1:2:3:5:18:21:46
2237,0:1:2:3:5:18:21:49
2238,0:1:2:3:5:18:22:46
2239,0:1:2:3:5:18:22:50
2240,0:1:2:3:5:18:23:46
2241,0:1:2:3:5:18:23:51
2242,0:1:2:3:5:18:24:46
2243,0:1:2:3:5:18:24:52
2244,0:1:2:3:5:18:25:46
2245,0:1:2:3:5:18:25:53
2246,0:1:2:3:5:18:26:46
2247,0:1:2:3:5:18:26:54
2248,0:1:2:3:5:18:27:46
2249,0:1:2:3:5:18:27:55
2250,0:1:2:3:5:18:28:46
2251,0:1:2:3:5:18:28:56
2252,0:1:2:3:5:18:29:46
2253,0:1:2:3:5:18:29:57
2254,0:1:2:3:5:18:30:46
2255,0:1:2:3:5:18:30:58
2256,0:1:2:3:5:18:31:46
2257,0:1:2:3:5:18:31:59
2258,0:1:2:3:5:18:32:46
2259,0:1:2:3:5:18:32:60
2260,0:1:2:3:5:18:33:46
2261,0:1:2:3:5:18:33:61
2262,0:1:2:3:5:18:34:46
2263,0:1:2:3:5:18:34:62
2264,0:1:2:3:5:18:35:46
2265,0:1:2:3:5:18:35:63
2266,0:1:2:3:5:18:36:46
2267,0:1:2:3:5:18:37:46
2268,0:1:2:3:5:18:38:46
2269,0:1:2:3:5:18:39:46
2270,0:1:2:3:5:18:40:46
2271,0:1:2:3:5:18:41:46
2272,0:1:2:3:5:18:42:46
2273,0:1:2:3:5:18:43:46
2274,0:1:2:3:5:18:44:46
2275,0:1:2:3:5:18:45:46
2276,0:1:2:3:5:18:46:47
2277,0:1:2:3:5:18:46:48
2278,0:1:2:3:5:18:46:49
2279,0:1:2:3:5:18:46:50
2280,0:1:2:3:5:18:46:51
2281,0:1:2:3:5:18:46:52
2282,0:1:2:3:5:18:46:53
2283,0:1:2:3:5:18:46:54
2284,0:1:2:3:5:18:46:55
2285,0:1:2:3:5:18:46:56
2286,0:1:2:3:5:18:46:57
2287,0:1:2:3:5:18:46:58
2288,0:1:2:3:5:18:46:59
2289,0:1:2:3:5:18:46:60
2290,0:1:2:3:5:18:46:61
2291,0:1:2:3:5:18:46:62
2292,0:1:2:3:5:18:46:63
2293,0:1:2:3:5:19:20:47
2294,0:1:2:3:5:19:20:48
2295,0:1:2:3:5:19:21:47
2296,0:1:2:3:5:19:21:49
2297,0:1:2:3:5:19:22:47
2298,0:1:2:3:5:19:22:50
2299,0:1:2:3:5:19:23:47
2300,0:1:2:3:5:19:23:51
2301,0:1:2:3:5:19:24:47
2302,0:1:2:3:5:19:24:52
2303,0:1:2:3:5:19:25:47
2304,0:1:2:3:5:19:25:53
2305,0:1:2:3:5:19:26:47
2306,0:1:2:3:5:19:26:54
2307,0:1:2:3:5:19:27:47
2308,0:1:2:3:5:19:27:55
2309,0:1:2:3:5:19:28:47
2310,0:1:2:3:5:19:28:56
2311,0:1:2:3:5:19:29:47
2312,0:1:2:3:5:19:29:57
2313,0:1:2:3:5:19:30:47
2314,0:1:2:3:5:19:30:58
2315,0:1:2:3:5:19:31:47
2316,0:1:2:3:5:19:31:59
2317,0:1:2:3:5:19:32:47
2318,0:1:2:3:5:19:32:60
2319,0:1:2:3:5:19:33:47
2320,0:1:2:3:5:19:33:61
2321,0:1:2:3:5:19:34:47
2322,0:1:2:3:5:19:34:62
2323,0:1:2:3:5:19:35:47
2324,0:1:2:3:5:19:35:63
2325,0:1:2:3:5:19:36:47
2326,0:1:2:3:5:19:37:47
2327,0:1:2:3:5:19:38:47
2328,0:1:2:3:5:19:39:47
2329,0:1:2:3:5:19:40:47
2330,0:1:2:3:5:19:41:47
2331,0:1:2:3:5:19:42:47
2332,0:1:2:3:5:19:43:47
2333,0:1:2:3:5:19:44:47
2334,0:1:2:3:5:19:45:47
2335,0:1:2:3:5:19:46:47
2336,0:1:2:3:5:19:47:48
2337,0:1:2:3:5:19:47:49
2338,0:1:2:3:5:19:47:50
2339,0:1:2:3:5:19:47:51
2340,0:1:2:3:5:19:47:52
2341,0:1:2:3:5:19:47:53
2342,0:1:2:3:5:19:47:54
2343,0:1:2:3:5:19:47:55
2344,0:1:2:3:5:19:47:56
2345,0:1:2:3:5:19:47:57
2346,0:1:2:3:5:19:47:58
2347,0:1:2:3:5:19:47:59
2348,0:1:2:3:5:19:47:60
2349,0:1:2:3:5:19:47:61
2350,0:1:2:3:5:19:47:62
2351,0:1:2:3:5:19:47:63
2352,0:1:2:3:5:20:21:48
2353,0:1:2:3:5:20:21:49
2354,0:1:2:3:5:20:22:48
2355,0:1:2:3:5:20:22:50
2356,0:1:2:3:5:20:23:48
2357,0:1:2:3:5:20:23:51
2358,0:1:2:3:5:20:24:48
2359,0:1:2:3:5:20:24:52
2360,0:1:2:3:5:20:25:48
2361,0:1:2:3:5:20:25:53
2362,0:1:2:3:5:20:26:48
2363,0:1:2:3:5:20:26:54
2364,0:1:2:3:5:20:27:48
2365,0:1:2:3:5:20:27:55
2366,0:1:2:3:5:20:28:48
2367,0:1:2:3:5:20:28:56
2368,0:1:2:3:5:20:29:48
2369,0:1:2:3:5:20:29:57
2370,0:1:2:3:5:20:30:48
2371,0:1:2:3:5:20:30:58
2372,0:1:2:3:5:20:31:48
2373,0:1:2:3:5:20:31:59
2374,0:1:2:3:5:20:32:48
2375,0:1:2:3:5:20:32:60
2376,0:1:2:3:5:20:33:48
2377,0:1:2:3:5:20:33:61
2378,0:1:2:3:5:20:34:48
2379,0:1:2:3:5:20:34:62
2380,0:1:2:3:5:20:35:48
2381,0:1:2:3:5:20:35:63
2382,0:1:2:3:5:20:36:48
2383,0:1:2:3:5:20:37:48
2384,0:1:2:3:5:20:38:48
2385,0:1:2:3:5:20:39:48
2386,0:1:2:3:5:20:40:48
2387,0:1:2:3:5:20:41:48
2388,0:1:2:3:5:20:42:48
2389,0:1:2:3:5:20:43:48
2390,0:1:2:3:5:20:44:48
2391,0:1:2:3:5:20:45:48
2392,0:1:2:3:5:20:46:48
2393,0:1:2:3:5:20:47:48
2394,0:1:2:3:5:20:48:49
2395,0:1:2:3:5:20:48:50
2396,0:1:2:3:5:20:48:51
2397,0:1:2:3:5:20:48:52
2398,0:1:2:3:5:20:48:53
2399,0:1:2:3:5:20:48:54
2400,0:1:2:3:5:20:48:55
2401,0:1:2:3:5:20:48:56
2402,0:1:2:3:5:20:48:57
2403,0:1:2:3:5:20:48:58
2404,0:1:2:3:5:20:48:59
2405,0:1:2:3:5:20:48:60
2406,0:1:2:3:5:20:48:61
2407,0:1:2:3:5:20:48:62
2408,0:1:2:3:5:20:48:63
2409,0:1:2:3:5:21:22:49
2410,0:1:2:3:5:21:22:50
2411,0:1:2:3:5:21:23:49
2412,0:1:2:3:5:21:23:51
2413,0:1:2:3:5:21:24:49
2414,0:1:2:3:5:21:24:52
2415,0:1:2:3:5:21:25:49
2416,0:1:2:3:5:21:25:53
2417,0:1:2:3:5:21:26:49
2418,0:1:2:3:5:21:26:54
2419,0:1:2:3:5:21:27:49
2420,0:1:2:3:5:21:27:55
2421,0:1:2:3:5:21:28:49
2422,0:1:2:3:5:21:28:56
2423,0:1:2:3:5:21:29:49
2424,0:1:2:3:5:21:29:57
2425,0:1:2:3:5:21:30:49
2426,0:1:2:3:5:21:30:58
2427,0:1:2:3:5:21:31:49
2428,0:1:2:3:5:21:31:59
2429,0:1:2:3:5:21:32:49
2430,0:1:2:3:5:21:32:60
2431,0:1:2:3:5:21:33:49
2432,0:1:2:3:5:21:33:61
2433,0:1:2:3:5:21:34:49
2434,0:1:2:3:5:21:34:62
2435,0:1:2:3:5:21:35:49
2436,0:1:2:3:5:21:35:63
2437,0:1:2:3:5:21:36:49
2438,0:1:2:3:5:21:37:49
2439,0:1:2:3:5:21:38:49
2440,0:1:2:3:5:21:39:49
2441,0:1:2:3:5:21:40:49
2442,0:1:2:3:5:21:41:49
2443,0:1:2:3:5:21:42:49
2444,0:1:2:3:5:21:43:49
2445,0:1:2:3:5:21:44:49
2446,0:1:2:3:5:21:45:49
2447,0:1:2:3:5:21:46:49
2448,0:1:2:3:5:21:47:49
2449,0:1:2:3:5:21:48:49
2450,0:1:2:3:5:21:49:50
2451,0:1:2:3:5:21:49:51
2452,0:1:2:3:5:21:49:52
2453,0:1:2:3:5:21:49:53
2454,0:1:2:3:5:21:49:54
2455,0:1:2:3:5:21:49:55
2456,0:1:2:3:5:21:49:56
2457,0:1:2:3:5:21:49:57
2458,0:1:2:3:5:21:49:58
2459,0:1:2:3:5:21:49:59
2460,0:1:2:3:5:21:49:60
2461,0:1:2:3:5:21:49:61
2462,0:1:2:3:5:21:49:62
2463,0:1:2:3:5:21:49:63
2464,0:1:2:3:5:22:23:50
2465,0:1:2:3:5:22:23:51
2466,0:1:2:3:5:22:24:50
2467,0:1:2:3:5:22:24:52
2468,0:1:2:3:5:22:25:50
2469,0:1:2:3:5:22:25:53
2470,0:1:2:3:5:22:26:50
2471,0:1:2:3:5:22:26:54
2472,0:1:2:3:5:22:27:50
2473,0:1:2:3:5:22:27:55
2474,0:1:2:3:5:22:28:50
2475,0:1:2:3:5:22:28:56
2476,0:1:2:3:5:22:29:50
2477,0:1:2:3:5:22:29:57
2478,0:1:2:3:5:22:30:50
2479,0:1:2:3:5:22:30:58
2480,0:1:2:3:5:22:31:50
2481,0:1:2:3:5:22:31:59
2482,0:1:2:3:5:22:32:50
2483,0:1:2:3:5:22:32:60
2484,0:1:2:3:5:22:33:50
2485,0:1:2:3:5:22:33:61
2486,0:1:2:3:5:22:34:50
2487,0:1:2:3:5:22:34:62
2488,0:1:2:3:5:22:35:50
2489,0:1:2:3:5:22:35:63
2490,0:1:2:3:5:22:36:50
2491,0:1:2:3:5:22:37:50
2492,0:1:2:3:5:22:38:50
2493,0:1:2:3:5:22:39:50
2494,0:1:2:3:5:22:40:50
2495,0:1:2:3:5:22:41:50
2496,0:1:2:3:5:22:42:50
2497,0:1:2:3:5:22:43:50
2498,0:1:2:3:5:22:44:50
2499,0:1:2:3:5:22:45:50
2500,0:1:2:3:5:22:46:50
2501,0:1:2:3:5:22:47:50
2502,0:1:2:3:5:22:48:50
2503,0:1:2:3:5:22:49:50
2504,0:1:2:3:5:22:50:51
2505,0:1:2:3:5:22:50:52
2506,0:1:2:3:5:22:50:53
2507,0:1:2:3:5:22:50:54
2508,0:1:2:3:5:22:50:55
2509,0:1:2:3:5:22:50:56
2510,0:1:2:3:5:22:50:57
2511,0:1:2:3:5:22:50:58
2512,0:1:2:3:5:22:50:59
2513,0:1:2:3:5:22:50:60
2514,0:1:2:3:5:22:50:61
2515,0:1:2:3:5:22:50:62
2516,0:1:2:3:5:22:50:63
2517,0:1:2:3:5:23:24:51
2518,0:1:2:3:5:23:24:52
2519,0:1:2:3:5:23:25:51
2520,0:1:2:3:5:23:25:53
2521,0:1:2:3:5:23:26:51
2522,0:1:2:3:5:23:26:54
2523,0:1:2:3:5:23:27:51
2524,0:1:2:3:5:23:27:55
2525,0:1:2:3:5:23:28:51
2526,0:1:2:3:5:23:28:56
2527,0:1:2:3:5:23:29:51
2528,0:1:2:3:5:23:29:57
2529,0:1:2:3:5:23:30:51
2530,0:1:2:3:5:23:30:58
2531,0:1:2:3:5:23:31:51
2532,0:1:2:3:5:23:31:59
2533,0:1:2:3:5:23:32:51
2534,0:1:2:3:5:23:32:60
2535,0:1:2:3:5:23:33:51
2536,0:1:2:3:5:23:33:61
2537,0:1:2:3:5:23:34:51
2538,0:1:2:3:5:23:34:62
2539,0:1:2:3:5:23:35:51
2540,0:1:2:3:5:23:35:63
2541,0:1:2:3:5:23:36:51
2542,0:1:2:3:5:23:37:51
2543,0:1:2:3:5:23:38:51
2544,0:1:2:3:5:23:39:51
2545,0:1:2:3:5:23:40:51
2546,0:1:2:3:5:23:41:51
2547,0:1:2:3:5:23:42:51
2548,0:1:2:3:5:23:43:51
2549,0:1:2:3:5:23:44:51
2550,0:1:2:3:5:23:45:51
2551,0:1:2:3:5:23:46:51
2552,0:1:2:3:5:23:47:51
2553,0:1:2:3:5:23:48:51
2554,0:1:2:3:5:23:49:51
2555,0:1:2:3:5:23:50:51
2556,0:1:2:3:5:23:51:52
2557,0:1:2:3:5:23:51:53
2558,0:1:2:3:5:23:51:54
2559,0:1:2:3:5:23:51:55
2560,0:1:2:3:5:23:51:56
2561,0:1:2:3:5:23:51:57
2562,0:1:2:3:5:23:51:58
2563,0:1:2:3:5:23:51:59
2564,0:1:2:3:5:23:51:60
2565,0:1:2:3:5:23:51:61
2566,0:1:2:3:5:23:51:62
2567,0:1:2:3:5:23:51:63
2568,0:1:2:3:5:24:25:52
2569,0:1:2:3:5:24:25:53
2570,0:1:2:3:5:24:26:52
2571,0:1:2:3:5:24:26:54
2572,0:1:2:3:5:24:27:52
2573,0:1:2:3:5:24:27:55
2574,0:1:2:3:5:24:28:52
2575,0:1:2:3:5:24:28:56
2576,0:1:2:3:5:24:29:52
2577,0:1:2:3:5:24:29:57
2578,0:1:2:3:5:24:30:52
2579,0:1:2:3:5:24:30:58
2580,0:1:2:3:5:24:31:52
2581,0:1:2:3:5:24:31:59
2582,0:1:2:3:5:24:32:52
2583,0:1:2:3:5:24:32:60
2584,0:1:2:3:5:24:33:52
2585,0:1:2:3:5:24:33:61
2586,0:1:2:3:5:24:34:52
2587,0:1:2:3:5:24:34:62
2588,0:1:2:3:5:24:35:52
2589,0:1:2:3:5:24:35:63
2590,0:1:2:3:5:24:36:52
2591,0:1:2:3:5:24:37:52
2592,0:1:2:3:5:24:38:52
2593,0:1:2:3:5:24:39:52
2594,0:1:2:3:5:24:40:52
2595,0:1:2:3:5:24:41:52
2596,0:1:2:3:5:24:42:52
2597,0:1:2:3:5:24:43:52
2598,0:1:2:3:5:24:44:52
2599,0:1:2:3:5:24:45:52
2600,0:1:2:3:5:24:46:52
2601,0:1:2:3:5:24:47:52
2602,0:1:2:3:5:24:48:52
2603,0:1:2:3:5:24:49:52
2604,0:1:2:3:5:24:50:52
2605,0:1:2:3:5:24:51:52
2606,0:1:2:3:5:24:52:53
2607,0:1:2:3:5:24:52:54
2608,0:1:2:3:5:24:52:55
2609,0:1:2:3:5:24:52:56
2610,0:1:2:3:5:24:52:57
2611,0:1:2:3:5:24:52:58
2612,0:1:2:3:5:24:52:59
2613,0:1:2:3:5:24:52:60
2614,0:1:2:3:5:24:52:61
2615,0:1:2:3:5:24:52:62
2616,0:1:2:3:5:24:52:63
2617,0:1:2:3:5:25:26:53
2618,0:1:2:3:5:25:26:54
2619,0:1:2:3:5:25:27:53
2620,0:1:2:3:5:25:27:55
2621,0:1:2:3:5:25:28:53
2622,0:1:2:3:5:25:28:56
2623,0:1:2:3:5:25:29:53
2624,0:1:2:3:5:25:29:57
2625,0:1:2:3:5:25:30:53
2626,0:1:2:3:5:25:30:58
2627,0:1:2:3:5:25:31:53
2628,0:1:2:3:5:25:31:59
2629,0:1:2:3:5:25:32:53
2630,0:1:2:3:5:25:32:60
2631,0:1:2:3:5:25:33:53
2632,0:1:2:3:5:25:33:61
2633,0:1:2:3:5:25:34:53
2634,0:1:2:3:5:25:34:62
2635,0:1:2:3:5:25:35:53
2636,0:1:2:3:5:25:35:63
2637,0:1:2:3:5:25:36:53
2638,0:1:2:3:5:25:37:53
2639,0:1:2:3:5:25:38:53
2640,0:1:2:3:5:25:39:53
2641,0:1:2:3:5:25:40:53
2642,0:1:2:3:5:25:41:53
2643,0:1:2:3:5:25:42:53
2644,0:1:2:3:5:25:43:53
2645,0:1:2:3:5:25:44:53
2646,0:1:2:3:5:25:45:53
2647,0:1:2:3:5:25:46:53
2648,0:1:2:3:5:25:47:53
2649,0:1:2:3:5:25:48:53
2650,0:1:2:3:5:25:49:53
2651,0:1:2:3:5:25:50:53
2652,0:1:2:3:5:25:51:53
2653,0:1:2:3:5:25:52:53
2654,0:1:2:3:5:25:53:54
2655,0:1:2:3:5:25:53:55
2656,0:1:2:3:5:25:53:56
2657,0:1:2:3:5:25:53:57
2658,0:1:2:3:5:25:53:58
2659,0:1:2:3:5:25:53:59
2660,0:1:2:3:5:25:53:60
2661,0:1:2:3:5:25:53:61
2662,0:1:2:3:5:25:53:62
2663,0:1:2:3:5:25:53:63
2664,0:1:2:3:5:26:27:54
2665,0:1:2:3:5:26:27:55
2666,0:1:2:3:5:26:28:54
2667,0:1:2:3:5:26:28:56
2668,0:1:2:3:5:26:29:54
2669,0:1:2:3:5:26:29:57
2670,0:1:2:3:5:26:30:54
2671,0:1:2:3:5:26:30:58
2672,0:1:2:3:5:26:31:54
2673,0:1:2:3:5:26:31:59
2674,0:1:2:3:5:26:32:54
2675,0:1:2:3:5:26:32:60
2676,0:1:2:3:5:26:33:54
2677,0:1:2:3:5:26:33:61
2678,0:1:2:3:5:26:34:54
2679,0:1:2:3:5:26:34:62
2680,0:1:2:3:5:26:35:54
2681,0:1:2:3:5:26:35:63
2682,0:1:2:3:5:26:36:54
2683,0:1:2:3:5:26:37:54
2684,0:1:2:3:5:26:38:54
2685,0:1:2:3:5:26:39:54
2686,0:1:2:3:5:26:40:54
2687,0:1:2:3:5:26:41:54
2688,0:1:2:3:5:26:42:54
2689,0:1:2:3:5:26:43:54
2690,0:1:2:3:5:26:44:54
2691,0:1:2:3:5:26:45:54
2692,0:1:2:3:5:26:46:54
2693,0:1:2:3:5:26:47:54
2694,0:1:2:3:5:26:48:54
2695,0:1:2:3:5:26:49:54
2696,0:1:2:3:5:26:50:54
2697,0:1:2:3:5:26:51:54
2698,0:1:2:3:5:26:52:54
2699,0:1:2:3:5:26:53:54
2700,0:1:2:3:5:26:54:55
2701,0:1:2:3:5:26:54:56
2702,0:1:2:3:5:26:54:57
2703,0:1:2:3:5:26:54:58
2704,0:1:2:3:5:26:54:59
2705,0:1:2:3:5:26:54:60
2706,0:1:2:3:5:26:54:61
2707,0:1:2:3:5:26:54:62
2708,0:1:2:3:5:26:54:63
2709,0:1:2:3:5:27:28:55
2710,0:1:2:3:5:27:28:56
2711,0:1:2:3:5:27:29:55
2712,0:1:2:3:5:27:29:57
2713,0:1:2:3:5:27:30:55
2714,0:1:2:3:5:27:30:58
2715,0:1:2:3:5:27:31:55
2716,0:1:2:3:5:27:31:59
2717,0:1:2:3:5:27:32:55
2718,0:1:2:3:5:27:32:60
2719,0:1:2:3:5:27:33:55
2720,0:1:2:3:5:27:33:61
2721,0:1:2:3:5:27:34:55
2722,0:1:2:3:5:27:34:62
2723,0:1:2:3:5:27:35:55
2724,0:1:2:3:5:27:35:63
2725,0:1:2:3:5:27:36:55
2726,0:1:2:3:5:27:37:55
2727,0:1:2:3:5:27:38:55
2728,0:1:2:3:5:27:39:55
2729,0:1:2:3:5:27:40:55
2730,0:1:2:3:5:27:41:55
2731,0:1:2:3:5:27:42:55
2732,0:1:2:3:5:27:43:55
2733,0:1:2:3:5:27:44:55
2734,0:1:2:3:5:27:45:55
2735,0:1:2:3:5:27:46:55
2736,0:1:2:3:5:27:47:55
2737,0:1:2:3:5:27:48:55
2738,0:1:2:3:5:27:49:55
2739,0:1:2:3:5:27:50:55
2740,0:1:2:3:5:27:51:55
2741,0:1:2:3:5:27:52:55
2742,0:1:2:3:5:27:53:55
2743,0:1:2:3:5:27:54:55
2744,0:1:2:3:5:27:55:56
2745,0:1:2:3:5:27:55:57
2746,0:1:2:3:5:27:55:58
2747,0:1:2:3:5:27:55:59
2748,0:1:2:3:5:27:55:60
2749,0:1:2:3:5:27:55:61
2750,0:1:2:3:5:27:55:62
2751,0:1:2:3:5:27:55:63
2752,0:1:2:3:5:28:29:56
2753,0:1:2:3:5:28:29:57
2754,0:1:2:3:5:28:30:56
2755,0:1:2:3:5:28:30:58
2756,0:1:2:3:5:28:31:56
2757,0:1:2:3:5:28:31:59
2758,0:1:2:3:5:28:32:56
2759,0:1:2:3:5:28:32:60
2760,0:1:2:3:5:28:33:56
2761,0:1:2:3:5:28:33:61
2762,0:1:2:3:5:28:34:56
2763,0:1:2:3:5:28:34:62
2764,0:1:2:3:5:28:35:56
2765,0:1:2:3:5:28:35:63
2766,0:1:2:3:5:28:36:56
2767,0:1:2:3:5:28:37:56
2768,0:1:2:3:5:28:38:56
2769,0:1:2:3:5:28:39:56
2770,0:1:2:3:5:28:40:56
2771,0:1:2:3:5:28:41:56
2772,0:1:2:3:5:28:42:56
2773,0:1:2:3:5:28:43:56
2774,0:1:2:3:5:28:44:56
2775,0:1:2:3:5:28:45:56
2776,0:1:2:3:5:28:46:56
2777,0:1:2:3:5:28:47:56
2778,0:1:2:3:5:28:48:56
2779,0:1:2:3:5:28:49:56
2780,0:1:2:3:5:28:50:56
2781,0:1:2:3:5:28:51:56
2782,0:1:2:3:5:28:52:56
2783,0:1:2:3:5:28:53:56
2784,0:1:2:3:5:28:54:56
2785,0:1:2:3:5:28:55:56
2786,0:1:2:3:5:28:56:57
2787,0:1:2:3:5:28:56:58
2788,0:1:2:3:5:28:56:59
2789,0:1:2:3:5:28:56:60
2790,0:1:2:3:5:28:56:61
2791,0:1:2:3:5:28:56:62
2792,0:1:2:3:5:28:56:63
2793,0:1:2:3:5:29:30:57
2794,0:1:2:3:5:29:30:58
2795,0:1:2:3:5:29:31:33
2796,0:1:2:3:5:29:31:57
2797,0:1:2:3:5:29:31:59
2798,0:1:2:3:5:29:31:61
2799,0:1:2:3:5:29:32:57
2800,0:1:2:3:5:29:32:60
2801,0:1:2:3:5:29:33:57
2802,0:1:2:3:5:29:33:59
2803,0:1:2:3:5:29:33:61
2804,0:1:2:3:5:29:34:57
2805,0:1:2:3:5:29:34:62
2806,0:1:2:3:5:29:35:57
2807,0:1:2:3:5:29:35:63
2808,0:1:2:3:5:29:36:57
2809,0:1:2:3:5:29:37:57
2810,0:1:2:3:5:29:38:57
2811,0:1:2:3:5:29:39:57
2812,0:1:2:3:5:29:40:57
2813,0:1:2:3:5:29:41:57
2814,0:1:2:3:5:29:42:57
2815,0:1:2:3:5:29:43:57
2816,0:1:2:3:5:29:44:57
2817,0:1:2:3:5:29:45:57
2818,0:1:2:3:5:29:46:57
2819,0:1:2:3:5:29:47:57
2820,0:1:2:3:5:29:48:57
2821,0:1:2:3:5:29:49:57
2822,0:1:2:3:5:29:50:57
2823,0:1:2:3:5:29:51:57
2824,0:1:2:3:5:29:52:57
2825,0:1:2:3:5:29:53:57
2826,0:1:2:3:5:29:54:57
2827,0:1:2:3:5:29:55:57
2828,0:1:2:3:5:29:56:57
2829,0:1:2:3:5:29:57:58
2830,0:1:2:3:5:29:57:59
2831,0:1:2:3:5:29:57:60
2832,0:1:2:3:5:29:57:61
2833,0:1:2:3:5:29:57:62
2834,0:1:2:3:5:29:57:63
2835,0:1:2:3:5:29:59:61
2836,0:1:2:3:5:30:31:58
2837,0:1:2:3:5:30:31:59
2838,0:1:2:3:5:30:32:58
2839,0:1:2:3:5:30:32:60
2840,0:1:2:3:5:30:33:58
2841,0:1:2:3:5:30:33:61
2842,0:1:2:3:5:30:34:58
2843,0:1:2:3:5:30:34:62
2844,0:1:2:3:5:30:35:58
2845,0:1:2:3:5:30:35:63
2846,0:1:2:3:5:30:36:58
2847,0:1:2:3:5:30:37:58
2848,0:1:2:3:5:30:38:58
2849,0:1:2:3:5:30:39:58
2850,0:1:2:3:5:30:40:58
2851,0:1:2:3:5:30:41:58
2852,0:1:2:3:5:30:42:58
2853,0:1:2:3:5:30:43:58
2854,0:1:2:3:5:30:44:58
2855,0:1:2:3:5:30:45:58
2856,0:1:2:3:5:30:46:58
2857,0:1:2:3:5:30:47:58
2858,0:1:2:3:5:30:48:58
2859,0:1:2:3:5:30:49:58
2860,0:1:2:3:5:30:50:58
2861,0:1:2:3:5:30:51:58
2862,0:1:2:3:5:30:52:58
2863,0:1:2:3:5:30:53:58
2864,0:1:2:3:5:30:54:58
2865,0:1:2:3:5:30:55:58
2866,0:1:2:3:5:30:56:58
2867,0:1:2:3:5:30:57:58
2868,0:1:2:3:5:30:58:59
2869,0:1:2:3:5:30:58:60
2870,0:1:2:3:5:30:58:61
2871,0:1:2:3:5:30:58:62
2872,0:1:2:3:5:30:58:63
2873,0:1:2:3:5:31:32:59
2874,0:1:2:3:5:31:32:60
2875,0:1:2:3:5:31:33:57
2876,0:1:2:3:5:31:33:59
2877,0:1:2:3:5:31:33:61
2878,0:1:2:3:5:31:34:59
2879,0:1:2:3:5:31:34:62
2880,0:1:2:3:5:31:35:59
2881,0:1:2:3:5:31:35:63
2882,0:1:2:3:5:31:36:59
2883,0:1:2:3:5:31:37:59
2884,0:1:2:3:5:31:38:59
2885,0:1:2:3:5:31:39:59
2886,0:1:2:3:5:31:40:59
2887,0:1:2:3:5:31:41:59
2888,0:1:2:3:5:31:42:59
2889,0:1:2:3:5:31:43:59
2890,0:1:2:3:5:31:44:59
2891,0:1:2:3:5:31:45:59
2892,0:1:2:3:5:31:46:59
2893,0:1:2:3:5:31:47:59
2894,0:1:2:3:5:31:48:59
2895,0:1:2:3:5:31:49:59
2896,0:1:2:3:5:31:50:59
2897,0:1:2:3:5:31:51:59
2898,0:1:2:3:5:31:52:59
2899,0:1:2:3:5:31:53:59
2900,0:1:2:3:5:31:54:59
2901,0:1:2:3:5:31:55:59
2902,0:1:2:3:5:31:56:59
2903,0:1:2:3:5:31:57:59
2904,0:1:2:3:5:31:57:61
2905,0:1:2:3:5:31:58:59
2906,0:1:2:3:5:31:59:60
2907,0:1:2:3:5:31:59:61
2908,0:1:2:3:5:31:59:62
2909,0:1:2:3:5:31:59:63
2910,0:1:2:3:5:32:33:60
2911,0:1:2:3:5:32:33:61
2912,0:1:2:3:5:32:34:60
2913,0:1:2:3:5:32:34:62
2914,0:1:2:3:5:32:35:60
2915,0:1:2:3:5:32:35:63
2916,0:1:2:3:5:32:36:60
2917,0:1:2:3:5:32:37:60
2918,0:1:2:3:5:32:38:60
2919,0:1:2:3:5:32:39:60
2920,0:1:2:3:5:32:40:60
2921,0:1:2:3:5:32:41:60
2922,0:1:2:3:5:32:42:60
2923,0:1:2:3:5:32:43:60
2924,0:1:2:3:5:32:44:60
2925,0:1:2:3:5:32:45:60
2926,0:1:2:3:5:32:46:60
2927,0:1:2:3:5:32:47:60
2928,0:1:2:3:5:32:48:60
2929,0:1:2:3:5:32:49:60
2930,0:1:2:3:5:32:50:60
2931,0:1:2:3:5:32:51:60
2932,0:1:2:3:5:32:52:60
2933,0:1:2:3:5:32:53:60
2934,0:1:2:3:5:32:54:60
2935,0:1:2:3:5:32:55:60
2936,0:1:2:3:5:32:56:60
2937,0:1:2:3:5:32:57:60
2938,0:1:2:3:5:32:58:60
2939,0:1:2:3:5:32:59:60
2940,0:1:2:3:5:32:60:61
2941,0:1:2:3:5:32:60:62
2942,0:1:2:3:5:32:60:63
2943,0:1:2:3:5:33:34:61
2944,0:1:2:3:5:33:34:62
2945,0:1:2:3:5:33:35:61
2946,0:1:2:3:5:33:35:63
2947,0:1:2:3:5:33:36:61
2948,0:1:2:3:5:33:37:61
2949,0:1:2:3:5:33:38:61
2950,0:1:2:3:5:33:39:61
2951,0:1:2:3:5:33:40:61
2952,0:1:2:3:5:33:41:61
2953,0:1:2:3:5:33:42:61
2954,0:1:2:3:5:33:43:61
2955,0:1:2:3:5:33:44:61
2956,0:1:2:3:5:33:45:61
2957,0:1:2:3:5:33:46:61
2958,0:1:2:3:5:33:47:61
2959,0:1:2:3:5:33:48:61
2960,0:1:2:3:5:33:49:61
2961,0:1:2:3:5:33:50:61
2962,0:1:2:3:5:33:51:61
2963,0:1:2:3:5:33:52:61
2964,0:1:2:3:5:33:53:61
2965,0:1:2:3:5:33:54:61
2966,0:1:2:3:5:33:55:61
2967,0:1:2:3:5:33:56:61
2968,0:1:2:3:5:33:57:59
2969,0:1:2:3:5:33:57:61
2970,0:1:2:3:5:33:58:61
2971,0:1:2:3:5:33:59:61
2972,0:1:2:3:5:33:60:61
2973,0:1:2:3:5:33:61:62
2974,0:1:2:3:5:33:61:63
2975,0:1:2:3:5:34:35:62
2976,0:1:2:3:5:34:35:63
2977,0:1:2:3:5:34:36:62
2978,0:1:2:3:5:34:37:62
2979,0:1:2:3:5:34:38:62
2980,0:1:2:3:5:34:39:62
2981,0:1:2:3:5:34:40:62
2982,0:1:2:3:5:34:41:62
2983,0:1:2:3:5:34:42:62
2984,0:1:2:3:5:34:43:62
2985,0:1:2:3:5:34:44:62
2986,0:1:2:3:5:34:45:62
2987,0:1:2:3:5:34:46:62
2988,0:1:2:3:5:34:47:62
2989,0:1:2:3:5:34:48:62
2990,0:1:2:3:5:34:49:62
2991,0:1:2:3:5:34:50:62
2992,0:1:2:3:5:34:51:62
2993,0:1:2:3:5:34:52:62
2994,0:1:2:3:5:34:53:62
2995,0:1:2:3:5:34:54:62
2996,0:1:2:3:5:34:55:62
2997,0:1:2:3:5:34:56:62
2998,0:1:2:3:5:34:57:62
2999,0:1:2:3:5:34:58:62
3000,0:1:2:3:5:34:59:62
3001,0:1:2:3:5:34:60:62
3002,0:1:2:3:5:34:61:62
3003,0:1:2:3:5:34:62:63
3004,0:1:2:3:5:35:36:63
3005,0:1:2:3:5:35:37:63
3006,0:1:2:3:5:35:38:63
3007,0:1:2:3:5:35:39:63
3008,0:1:2:3:5:35:40:63
3009,0:1:2:3:5:35:41:63
3010,0:1:2:3:5:35:42:63
3011,0:1:2:3:5:35:43:63
3012,0:1:2:3:5:35:44:63
3013,0:1:2:3:5:35:45:63
3014,0:1:2:3:5:35:46:63
3015,0:1:2:3:5:35:47:63
3016,0:1:2:3:5:35:48:63
3017,0:1:2:3:5:35:49:63
3018,0:1:2:3:5:35:50:63
3019,0:1:2:3:5:35:51:63
3020,0:1:2:3:5:35:52:63
3021,0:1:2:3:5:35:53:63
3022,0:1:2:3:5:35:54:63
3023,0:1:2:3:5:35:55:63
3024,0:1:2:3:5:35:56:63
3025,0:1:2:3:5:35:57:63
3026,0:1:2:3:5:35:58:63
3027,0:1:2:3:5:35:59:63
3028,0:1:2:3:5:35:60:63
3029,0:1:2:3:5:35:61:63
3030,0:1:2:3:5:35:62:63
3031,0:1:2:3:5:57:59:61
3032,0:1:2:3:6:8:9:36
3033,0:1:2:3:6:8:9:37
3034,0:1:2:3:6:8:10:36
3035,0:1:2:3:6:8:10:38
3036,0:1:2:3:6:8:11:36
3037,0:1:2:3:6:8:11:39
3038,0:1:2:3:6:8:12:36
3039,0:1:2:3:6:8:12:40
3040,0:1:2:3:6:8:13:36
3041,0:1:2:3:6:8:13:41
3042,0:1:2:3:6:8:14:36
3043,0:1:2:3:6:8:14:42
3044,0:1:2:3:6:8:15:36
3045,0:1:2:3:6:8:15:43
3046,0:1:2:3:6:8:16:36
3047,0:1:2:3:6:8:16:44
3048,0:1:2:3:6:8:17:36
3049,0:1:2:3:6:8:17:45
3050,0:1:2:3:6:8:18:36
3051,0:1:2:3:6:8:18:46
3052,0:1:2:3:6:8:19:36
3053,0:1:2:3:6:8:19:47
3054,0:1:2:3:6:8:20:36
3055,0:1:2:3:6:8:20:48
3056,0:1:2:3:6:8:21:36
3057,0:1:2:3:6:8:21:49
3058,0:1:2:3:6:8:22:36
3059,0:1:2:3:6:8:22:50
3060,0:1:2:3:6:8:23:36
3061,0:1:2:3:6:8:23:51
3062,0:1:2:3:6:8:24:36
3063,0:1:2:3:6:8:24:52
3064,0:1:2:3:6:8:25:36
3065,0:1:2:3:6:8:25:53
3066,0:1:2:3:6:8:26:36
3067,0:1:2:3:6:8:26:54
3068,0:1:2:3:6:8:27:36
3069,0:1:2:3:6:8:27:55
3070,0:1:2:3:6:8:28:36
3071,0:1:2:3:6:8:28:56
3072,0:1:2:3:6:8:29:36
3073,0:1:2:3:6:8:29:57
3074,0:1:2:3:6:8:30:36
3075,0:1:2:3:6:8:30:58
3076,0:1:2:3:6:8:31:36
3077,0:1:2:3:6:8:31:59
3078,0:1:2:3:6:8:32:36
3079,0:1:2:3:6:8:32:60
3080,0:1:2:3:6:8:33:36
3081,0:1:2:3:6:8:33:61
3082,0:1:2:3:6:8:34:36
3083,0:1:2:3:6:8:34:62
3084,0:1:2:3:6:8:35:36
3085,0:1:2:3:6:8:35:63
3086,0:1:2:3:6:8:36:37
3087,0:1:2:3:6:8:36:38
3088,0:1:2:3:6:8:36:39
3089,0:1:2:3:6:8:36:40
3090,0:1:2:3:6:8:36:41
3091,0:1:2:3:6:8:36:42
3092,0:1:2:3:6:8:36:43
3093,0:1:2:3:6:8:36:44
3094,0:1:2:3:6:8:36:45
3095,0:1:2:3:6:8:36:46
3096,0:1:2:3:6:8:36:47
3097,0:1:2:3:6:8:36:48
3098,0:1:2:3:6:8:36:49
3099,0:1:2:3:6:8:36:50
3100,0:1:2:3:6:8:36:51
3101,0:1:2:3:6:8:36:52
3102,0:1:2:3:6:8:36:53
3103,0:1:2:3:6:8:36:54
3104,0:1:2:3:6:8:36:55
3105,0:1:2:3:6:8:36:56
3106,0:1:2:3:6:8:36:57
3107,0:1:2:3:6:8:36:58
3108,0:1:2:3:6:8:36:59
3109,0:1:2:3:6:8:36:60
3110,0:1:2:3:6:8:36:61
3111,0:1:2:3:6:8:36:62
3112,0:1:2:3:6:8:36:63
3113,0:1:2:3:6:9:10:37
3114,0:1:2:3:6:9:10:38
3115,0:1:2:3:6:9:11:37
3116,0:1:2:3:6:9:11:39
3117,0:1:2:3:6:9:12:37
3118,0:1:2:3:6:9:12:40
3119,0:1:2:3:6:9:13:37
3120,0:1:2:3:6:9:13:41
3121,0:1:2:3:6:9:14:37
3122,0:1:2:3:6:9:14:42
3123,0:1:2:3:6:9:15:37
3124,0:1:2:3:6:9:15:43
3125,0:1:2:3:6:9:16:37
3126,0:1:2:3:6:9:16:44
3127,0:1:2:3:6:9:17:37
3128,0:1:2:3:6:9:17:45
3129,0:1:2:3:6:9:18:37
3130,0:1:2:3:6:9:18:46
3131,0:1:2:3:6:9:19:37
3132,0:1:2:3:6:9:19:47
3133,0:1:2:3:6:9:20:37
3134,0:1:2:3:6:9:20:48
3135,0:1:2:3:6:9:21:37
3136,0:1:2:3:6:9:21:49
3137,0:1:2:3:6:9:22:37
3138,0:1:2:3:6:9:22:50
3139,0:1:2:3:6:9:23:37
3140,0:1:2:3:6:9:23:51
3141,0:1:2:3:6:9:24:37
3142,0:1:2:3:6:9:24:52
3143,0:1:2:3:6:9:25:37
3144,0:1:2:3:6:9:25:53
3145,0:1:2:3:6:9:26:37
3146,0:1:2:3:6:9:26:54
3147,0:1:2:3:6:9:27:37
3148,0:1:2:3:6:9:27:55
3149,0:1:2:3:6:9:28:37
3150,0:1:2:3:6:9:28:56
3151,0:1:2:3:6:9:29:37
3152,0:1:2:3:6:9:29:57
3153,0:1:2:3:6:9:30:37
3154,0:1:2:3:6:9:30:58
3155,0:1:2:3:6:9:31:37
3156,0:1:2:3:6:9:31:59
3157,0:1:2:3:6:9:32:37
3158,0:1:2:3:6:9:32:60
3159,0:1:2:3:6:9:33:37
3160,0:1:2:3:6:9:33:61
3161,0:1:2:3:6:9:34:37
3162,0:1:2:3:6:9:34:62
3163,0:1:2:3:6:9:35:37
3164,0:1:2:3:6:9:35:63
3165,0:1:2:3:6:9:36:37
3166,0:1:2:3:6:9:37:38
3167,0:1:2:3:6:9:37:39
3168,0:1:2:3:6:9:37:40
3169,0:1:2:3:6:9:37:41
3170,0:1:2:3:6:9:37:42
3171,0:1:2:3:6:9:37:43
3172,0:1:2:3:6:9:37:44
3173,0:1:2:3:6:9:37:45
3174,0:1:2:3:6:9:37:46
3175,0:1:2:3:6:9:37:47
3176,0:1:2:3:6:9:37:48
3177,0:1:2:3:6:9:37:49
3178,0:1:2:3:6:9:37:50
3179,0:1:2:3:6:9:37:51
3180,0:1:2:3:6:9:37:52
3181,0:1:2:3:6:9:37:53
3182,0:1:2:3:6:9:37:54
3183,0:1:2:3:6:9:37:55
3184,0:1:2:3:6:9:37:56
3185,0:1:2:3:6:9:37:57
3186,0:1:2:3:6:9:37:58
3187,0:1:2:3:6:9:37:59
3188,0:1:2:3:6:9:37:60
3189,0:1:2:3:6:9:37:61
3190,0:1:2:3:6:9:37:62
3191,0:1:2:3:6:9:37:63
3192,0:1:2:3:6:10:11:38
3193,0:1:2:3:6:10:11:39
3194,0:1:2:3:6:10:12:38
3195,0:1:2:3:6:10:12:40
3196,0:1:2:3:6:10:13:38
3197,0:1:2:3:6:10:13:41
3198,0:1:2:3:6:10:14:38
3199,0:1:2:3:6:10:14:42
3200,0:1:2:3:6:10:15:38
3201,0:1:2:3:6:10:15:43
3202,0:1:2:3:6:10:16:38
3203,0:1:2:3:6:10:16:44
3204,0:1:2:3:6:10:17:38
3205,0:1:2:3:6:10:17:45
3206,0:1:2:3:6:10:18:38
3207,0:1:2:3:6:10:18:46
3208,0:1:2:3:6:10:19:38
3209,0:1:2:3:6:10:19:47
3210,0:1:2:3:6:10:20:38
3211,0:1:2:3:6:10:20:48
3212,0:1:2:3:6:10:21:38
3213,0:1:2:3:6:10:21:49
3214,0:1:2:3:6:10:22:38
3215,0:1:2:3:6:10:22:50
3216,0:1:2:3:6:10:23:38
3217,0:1:2:3:6:10:23:51
3218,0:1:2:3:6:10:24:38
3219,0:1:2:3:6:10:24:52
3220,0:1:2:3:6:10:25:38
3221,0:1:2:3:6:10:25:53
3222,0:1:2:3:6:10:26:38
3223,0:1:2:3:6:10:26:54
3224,0:1:2:3:6:10:27:38
3225,0:1:2:3:6:10:27:55
3226,0:1:2:3:6:10:28:38
3227,0:1:2:3:6:10:28:56
3228,0:1:2:3:6:10:29:38
3229,0:1:2:3:6:10:29:57
3230,0:1:2:3:6:10:30:38
3231,0:1:2:3:6:10:30:58
3232,0:1:2:3:6:10:31:38
3233,0:1:2:3:6:10:31:59
3234,0:1:2:3:6:10:32:38
3235,0:1:2:3:6:10:32:60
3236,0:1:2:3:6:10:33:38
3237,0:1:2:3:6:10:33:61
3238,0:1:2:3:6:10:34:38
3239,0:1:2:3:6:10:34:62
3240,0:1:2:3:6:10:35:38
3241,0:1:2:3:6:10:35:63
3242,0:1:2:3:6:10:36:38
3243,0:1:2:3:6:10:37:38
3244,0:1:2:3:6:10:38:39
3245,0:1:2:3:6:10:38:40
3246,0:1:2:3:6:10:38:41
3247,0:1:2:3:6:10:38:42
3248,0:1:2:3:6:10:38:43
3249,0:1:2:3:6:10:38:44
3250,0:1:2:3:6:10:38:45
3251,0:1:2:3:6:10:38:46
3252,0:1:2:3:6:10:38:47
3253,0:1:2:3:6:10:38:48
3254,0:1:2:3:6:10:38:49
3255,0:1:2:3:6:10:38:50
3256,0:1:2:3:6:10:38:51
3257,0:1:2:3:6:10:38:52
3258,0:1:2:3:6:10:38:53
3259,0:1:2:3:6:10:38:54
3260,0:1:2:3:6:10:38:55
3261,0:1:2:3:6:10:38:56
3262,0:1:2:3:6:10:38:57
3263,0:1:2:3:6:10:38:58
3264,0:1:2:3:6:10:38:59
3265,0:1:2:3:6:10:38:60
3266,0:1:2:3:6:10:38:61
3267,0:1:2:3:6:10:38:62
3268,0:1:2:3:6:10:38:63
3269,0:1:2:3:6:11:12:39
3270,0:1:2:3:6:11:12:40
3271,0:1:2:3:6:11:13:39
3272,0:1:2:3:6:11:13:41
3273,0:1:2:3:6:11:14:39
3274,0:1:2:3:6:11:14:42
3275,0:1:2:3:6:11:15:39
3276,0:1:2:3:6:11:15:43
3277,0:1:2:3:6:11:16:39
3278,0:1:2:3:6:11:16:44
3279,0:1:2:3:6:11:17:39
3280,0:1:2:3:6:11:17:45
3281,0:1:2:3:6:11:18:39
3282,0:1:2:3:6:11:18:46
3283,0:1:2:3:6:11:19:39
3284,0:1:2:3:6:11:19:47
3285,0:1:2:3:6:11:20:39
3286,0:1:2:3:6:11:20:48
3287,0:1:2:3:6:11:21:39
3288,0:1:2:3:6:11:21:49
3289,0:1:2:3:6:11:22:39
3290,0:1:2:3:6:11:22:50
3291,0:1:2:3:6:11:23:39
3292,0:1:2:3:6:11:23:51
3293,0:1:2:3:6:11:24:39
3294,0:1:2:3:6:11:24:52
3295,0:1:2:3:6:11:25:39
3296,0:1:2:3:6:11:25:53
3297,0:1:2:3:6:11:26:39
3298,0:1:2:3:6:11:26:54
3299,0:1:2:3:6:11:27:39
3300,0:1:2:3:6:11:27:55
3301,0:1:2:3:6:11:28:39
3302,0:1:2:3:6:11:28:56
3303,0:1:2:3:6:11:29:39
3304,0:1:2:3:6:11:29:57
3305,0:1:2:3:6:11:30:39
3306,0:1:2:3:6:11:30:58
3307,0:1:2:3:6:11:31:39
3308,0:1:2:3:6:11:31:59
3309,0:1:2:3:6:11:32:39
3310,0:1:2:3:6:11:32:60
3311,0:1:2:3:6:11:33:39
3312,0:1:2:3:6:11:33:61
3313,0:1:2:3:6:11:34:39
3314,0:1:2:3:6:11:34:62
3315,0:1:2:3:6:11:35:39
3316,0:1:2:3:6:11:35:63
3317,0:1:2:3:6:11:36:39
3318,0:1:2:3:6:11:37:39
3319,0:1:2:3:6:11:38:39
3320,0:1:2:3:6:11:39:40
3321,0:1:2:3:6:11:39:41
3322,0:1:2:3:6:11:39:42
3323,0:1:2:3:6:11:39:43
3324,0:1:2:3:6:11:39:44
3325,0:1:2:3:6:11:39:45
3326,0:1:2:3:6:11:39:46
3327,0:1:2:3:6:11:39:47
3328,0:1:2:3:6:11:39:48
3329,0:1:2:3:6:11:39:49
3330,0:1:2:3:6:11:39:50
3331,0:1:2:3:6:11:39:51
3332,0:1:2:3:6:11:39:52
3333,0:1:2:3:6:11:39:53
3334,0:1:2:3:6:11:39:54
3335,0:1:2:3:6:11:39:55
3336,0:1:2:3:6:11:39:56
3337,0:1:2:3:6:11:39:57
3338,0:1:2:3:6:11:39:58
3339,0:1:2:3:6:11:39:59
3340,0:1:2:3:6:11:39:60
3341,0:1:2:3:6:11:39:61
3342,0:1:2:3:6:11:39:62
3343,0:1:2:3:6:11:39:63
3344,0:1:2:3:6:12:13:40
3345,0:1:2:3:6:12:13:41
3346,0:1:2:3:6:12:14:40
3347,0:1:2:3:6:12:14:42
3348,0:1:2:3:6:12:15:40
3349,0:1:2:3:6:12:15:43
3350,0:1:2:3:6:12:16:40
3351,0:1:2:3:6:12:16:44
3352,0:1:2:3:6:12:17:40
3353,0:1:2:3:6:12:17:45
3354,0:1:2:3:6:12:18:40
3355,0:1:2:3:6:12:18:46
3356,0:1:2:3:6:12:19:40
3357,0:1:2:3:6:12:19:47
3358,0:1:2:3:6:12:20:40
3359,0:1:2:3:6:12:20:48
3360,0:1:2:3:6:12:21:40
3361,0:1:2:3:6:12:21:49
3362,0:1:2:3:6:12:22:40
3363,0:1:2:3:6:12:22:50
3364,0:1:2:3:6:12:23:40
3365,0:1:2:3:6:12:23:51
3366,0:1:2:3:6:12:24:40
3367,0:1:2:3:6:12:24:52
3368,0:1:2:3:6:12:25:40
3369,0:1:2:3:6:12:25:53
3370,0:1:2:3:6:12:26:40
3371,0:1:2:3:6:12:26:54
3372,0:1:2:3:6:12:27:40
3373,0:1:2:3:6:12:27:55
3374,0:1:2:3:6:12:28:40
3375,0:1:2:3:6:12:28:56
3376,0:1:2:3:6:12:29:40
3377,0:1:2:3:6:12:29:57
3378,0:1:2:3:6:12:30:40
3379,0:1:2:3:6:12:30:58
3380,0:1:2:3:6:12:31:40
3381,0:1:2:3:6:12:31:59
3382,0:1:2:3:6:12:32:40
3383,0:1:2:3:6:12:32:60
3384,0:1:2:3:6:12:33:40
3385,0:1:2:3:6:12:33:61
3386,0:1:2:3:6:12:34:40
3387,0:1:2:3:6:12:34:62
3388,0:1:2:3:6:12:35:40
3389,0:1:2:3:6:12:35:63
3390,0:1:2:3:6:12:36:40
3391,0:1:2:3:6:12:37:40
3392,0:1:2:3:6:12:38:40
3393,0:1:2:3:6:12:39:40
3394,0:1:2:3:6:12:40:41
3395,0:1:2:3:6:12:40:42
3396,0:1:2:3:6:12:40:43
3397,0:1:2:3:6:12:40:44
3398,0:1:2:3:6:12:40:45
3399,0:1:2:3:6:12:40:46
3400,0:1:2:3:6:12:40:47
3401,0:1:2:3:6:12:40:48
3402,0:1:2:3:6:12:40:49
3403,0:1:2:3:6:12:40:50
3404,0:1:2:3:6:12:40:51
3405,0:1:2:3:6:12:40:52
3406,0:1:2:3:6:12:40:53
3407,0:1:2:3:6:12:40:54
3408,0:1:2:3:6:12:40:55
3409,0:1:2:3:6:12:40:56
3410,0:1:2:3:6:12:40:57
3411,0:1:2:3:6:12:40:58
3412,0:1:2:3:6:12:40:59
3413,0:1:2:3:6:12:40:60
3414,0:1:2:3:6:12:40:61
3415,0:1:2:3:6:12:40:62
3416,0:1:2:3:6:12:40:63
3417,0:1:2:3:6:13:14:41
3418,0:1:2:3:6:13:14:42
3419,0:1:2:3:6:13:15:41
3420,0:1:2:3:6:13:15:43
3421,0:1:2:3:6:13:16:41
3422,0:1:2:3:6:13:16:44
3423,0:1:2:3:6:13:17:41
3424,0:1:2:3:6:13:17:45
3425,0:1:2:3:6:13:18:41
3426,0:1:2:3:6:13:18:46
3427,0:1:2:3:6:13:19:41
3428,0:1:2:3:6:13:19:47
3429,0:1:2:3:6:13:20:41
3430,0:1:2:3:6:13:20:48
3431,0:1:2:3:6:13:21:41
3432,0:1:2:3:6:13:21:49
3433,0:1:2:3:6:13:22:41
3434,0:1:2:3:6:13:22:50
3435,0:1:2:3:6:13:23:41
3436,0:1:2:3:6:13:23:51
3437,0:1:2:3:6:13:24:41
3438,0:1:2:3:6:13:24:52
3439,0:1:2:3:6:13:25:41
3440,0:1:2:3:6:13:25:53
3441,0:1:2:3:6:13:26:41
3442,0:1:2:3:6:13:26:54
3443,0:1:2:3:6:13:27:41
3444,0:1:2:3:6:13:27:55
3445,0:1:2:3:6:13:28:41
3446,0:1:2:3:6:13:28:56
3447,0:1:2:3:6:13:29:41
3448,0:1:2:3:6:13:29:57
3449,0:1:2:3:6:13:30:41
3450,0:1:2:3:6:13:30:58
3451,0:1:2:3:6:13:31:41
3452,0:1:2:3:6:13:31:59
3453,0:1:2:3:6:13:32:41
3454,0:1:2:3:6:13:32:60
3455,0:1:2:3:6:13:33:41
3456,0:1:2:3:6:13:33:61
3457,0:1:2:3:6:13:34:41
3458,0:1:2:3:6:13:34:62
3459,0:1:2:3:6:13:35:41
3460,0:1:2:3:6:13:35:63
3461,0:1:2:3:6:13:36:41
3462,0:1:2:3:6:13:37:41
3463,0:1:2:3:6:13:38:41
3464,0:1:2:3:6:13:39:41
3465,0:1:2:3:6:13:40:41
3466,0:1:2:3:6:13:41:42
3467,0:1:2:3:6:13:41:43
3468,0:1:2:3:6:13:41:44
3469,0:1:2:3:6:13:41:45
3470,0:1:2:3:6:13:41:46
3471,0:1:2:3:6:13:41:47
3472,0:1:2:3:6:13:41:48
3473,0:1:2:3:6:13:41:49
3474,0:1:2:3:6:13:41:50
3475,0:1:2:3:6:13:41:51
3476,0:1:2:3:6:13:41:52
3477,0:1:2:3:6:13:41:53
3478,0:1:2:3:6:13:41:54
3479,0:1:2:3:6:13:41:55
3480,0:1:2:3:6:13:41:56
3481,0:1:2:3:6:13:41:57
3482,0:1:2:3:6:13:41:58
3483,0:1:2:3:6:13:41:59
3484,0:1:2:3:6:13:41:60
3485,0:1:2:3:6:13:41:61
3486,0:1:2:3:6:13:41:62
3487,0:1:2:3:6:13:41:63
3488,0:1:2:3:6:14:15:42
3489,0:1:2:3:6:14:15:43
3490,0:1:2:3:6:14:16:42
3491,0:1:2:3:6:14:16:44
3492,0:1:2:3:6:14:17:42
3493,0:1:2:3:6:14:17:45
3494,0:1:2:3:6:14:18:42
3495,0:1:2:3:6:14:18:46
3496,0:1:2:3:6:14:19:42
3497,0:1:2:3:6:14:19:47
3498,0:1:2:3:6:14:20:42
3499,0:1:2:3:6:14:20:48
3500,0:1:2:3:6:14:21:42
3501,0:1:2:3:6:14:21:49
3502,0:1:2:3:6:14:22:42
3503,0:1:2:3:6:14:22:50
3504,0:1:2:3:6:14:23:42
3505,0:1:2:3:6:14:23:51
3506,0:1:2:3:6:14:24:42
3507,0:1:2:3:6:14:24:52
3508,0:1:2:3:6:14:25:42
3509,0:1:2:3:6:14:25:53
3510,0:1:2:3:6:14:26:42
3511,0:1:2:3:6:14:26:54
3512,0:1:2:3:6:14:27:42
3513,0:1:2:3:6:14:27:55
3514,0:1:2:3:6:14:28:42
3515,0:1:2:3:6:14:28:56
3516,0:1:2:3:6:14:29:42
3517,0:1:2:3:6:14:29:57
3518,0:1:2:3:6:14:30:42
3519,0:1:2:3:6:14:30:58
3520,0:1:2:3:6:14:31:42
3521,0:1:2:3:6:14:31:59
3522,0:1:2:3:6:14:32:42
3523,0:1:2:3:6:14:32:60
3524,0:1:2:3:6:14:33:42
3525,0:1:2:3:6:14:33:61
3526,0:1:2:3:6:14:34:42
3527,0:1:2:3:6:14:34:62
3528,0:1:2:3:6:14:35:42
3529,0:1:2:3:6:14:35:63
3530,0:1:2:3:6:14:36:42
3531,0:1:2:3:6:14:37:42
3532,0:1:2:3:6:14:38:42
3533,0:1:2:3:6:14:39:42
3534,0:1:2:3:6:14:40:42
3535,0:1:2:3:6:14:41:42
3536,0:1:2:3:6:14:42:43
3537,0:1:2:3:6:14:42:44
3538,0:1:2:3:6:14:42:45
3539,0:1:2:3:6:14:42:46
3540,0:1:2:3:6:14:42:47
3541,0:1:2:3:6:14:42:48
3542,0:1:2:3:6:14:42:49
3543,0:1:2:3:6:14:42:50
3544,0:1:2:3:6:14:42:51
3545,0:1:2:3:6:14:42:52
3546,0:1:2:3:6:14:42:53
3547,0:1:2:3:6:14:42:54
3548,0:1:2:3:6:14:42:55
3549,0:1:2:3:6:14:42:56
3550,0:1:2:3:6:14:42:57
3551,0:1:2:3:6:14:42:58
3552,0:1:2:3:6:14:42:59
3553,0:1:2:3:6:14:42:60
3554,0:1:2:3:6:14:42:61
3555,0:1:2:3:6:14:42:62
3556,0:1:2:3:6:14:42:63
3557,0:1:2:3:6:15:16:43
3558,0:1:2:3:6:15:16:44
3559,0:1:2:3:6:15:17:43
3560,0:1:2:3:6:15:17:45
3561,0:1:2:3:6:15:18:43
3562,0:1:2:3:6:15:18:46
3563,0:1:2:3:6:15:19:43
3564,0:1:2:3:6:15:19:47
3565,0:1:2:3:6:15:20:43
3566,0:1:2:3:6:15:20:48
3567,0:1:2:3:6:15:21:43
3568,0:1:2:3:6:15:21:49
3569,0:1:2:3:6:15:22:43
3570,0:1:2:3:6:15:22:50
3571,0:1:2:3:6:15:23:43
3572,0:1:2:3:6:15:23:51
3573,0:1:2:3:6:15:24:43
3574,0:1:2:3:6:15:24:52
3575,0:1:2:3:6:15:25:43
3576,0:1:2:3:6:15:25:53
3577,0:1:2:3:6:15:26:43
3578,0:1:2:3:6:15:26:54
3579,0:1:2:3:6:15:27:43
3580,0:1:2:3:6:15:27:55
3581,0:1:2:3:6:15:28:43
3582,0:1:2:3:6:15:28:56
3583,0:1:2:3:6:15:29:43
3584,0:1:2:3:6:15:29:57
3585,0:1:2:3:6:15:30:43
3586,0:1:2:3:6:15:30:58
3587,0:1:2:3:6:15:31:43
3588,0:1:2:3:6:15:31:59
3589,0:1:2:3:6:15:32:43
3590,0:1:2:3:6:15:32:60
3591,0:1:2:3:6:15:33:43
3592,0:1:2:3:6:15:33:61
3593,0:1:2:3:6:15:34:43
3594,0:1:2:3:6:15:34:62
3595,0:1:2:3:6:15:35:43
3596,0:1:2:3:6:15:35:63
3597,0:1:2:3:6:15:36:43
3598,0:1:2:3:6:15:37:43
3599,0:1:2:3:6:15:38:43
3600,0:1:2:3:6:15:39:43
3601,0:1:2:3:6:15:40:43
3602,0:1:2:3:6:15:41:43
3603,0:1:2:3:6:15:42:43
3604,0:1:2:3:6:15:43:44
3605,0:1:2:3:6:15:43:45
3606,0:1:2:3:6:15:43:46
3607,0:1:2:3:6:15:43:47
3608,0:1:2:3:6:15:43:48
3609,0:1:2:3:6:15:43:49
3610,0:1:2:3:6:15:43:50
3611,0:1:2:3:6:15:43:51
3612,0:1:2:3:6:15:43:52
3613,0:1:2:3:6:15:43:53
3614,0:1:2:3:6:15:43:54
3615,0:1:2:3:6:15:43:55
3616,0:1:2:3:6:15:43:56
3617,0:1:2:3:6:15:43:57
3618,0:1:2:3:6:15:43:58
3619,0:1:2:3:6:15:43:59
3620,0:1:2:3:6:15:43:60
3621,0:1:2:3:6:15:43:61
3622,0:1:2:3:6:15:43:62
3623,0:1:2:3:6:15:43:63
3624,0:1:2:3:6:16:17:44
3625,0:1:2:3:6:16:17:45
3626,0:1:2:3:6:16:18:44
3627,0:1:2:3:6:16:18:46
3628,0:1:2:3:6:16:19:44
3629,0:1:2:3:6:16:19:47
3630,0:1:2:3:6:16:20:44
3631,0:1:2:3:6:16:20:48
3632,0:1:2:3:6:16:21:44
3633,0:1:2:3:6:16:21:49
3634,0:1:2:3:6:16:22:44
3635,0:1:2:3:6:16:22:50
3636,0:1:2:3:6:16:23:44
3637,0:1:2:3:6:16:23:51
3638,0:1:2:3:6:16:24:44
3639,0:1:2:3:6:16:24:52
3640,0:1:2:3:6:16:25:44
3641,0:1:2:3:6:16:25:53
3642,0:1:2:3:6:16:26:44
3643,0:1:2:3:6:16:26:54
3644,0:1:2:3:6:16:27:44
3645,0:1:2:3:6:16:27:55
3646,0:1:2:3:6:16:28:44
3647,0:1:2:3:6:16:28:56
3648,0:1:2:3:6:16:29:44
3649,0:1:2:3:6:16:29:57
3650,0:1:2:3:6:16:30:44
3651,0:1:2:3:6:16:30:58
3652,0:1:2:3:6:16:31:44
3653,0:1:2:3:6:16:31:59
3654,0:1:2:3:6:16:32:44
3655,0:1:2:3:6:16:32:60
3656,0:1:2:3:6:16:33:44
3657,0:1:2:3:6:16:33:61
3658,0:1:2:3:6:16:34:44
3659,0:1:2:3:6:16:34:62
3660,0:1:2:3:6:16:35:44
3661,0:1:2:3:6:16:35:63
3662,0:1:2:3:6:16:36:44
3663,0:1:2:3:6:16:37:44
3664,0:1:2:3:6:16:38:44
3665,0:1:2:3:6:16:39:44
3666,0:1:2:3:6:16:40:44
3667,0:1:2:3:6:16:41:44
3668,0:1:2:3:6:16:42:44
3669,0:1:2:3:6:16:43:44
3670,0:1:2:3:6:16:44:45
3671,0:1:2:3:6:16:44:46
3672,0:1:2:3:6:16:44:47
3673,0:1:2:3:6:16:44:48
3674,0:1:2:3:6:16:44:49
3675,0:1:2:3:6:16:44:50
3676,0:1:2:3:6:16:44:51
3677,0:1:2:3:6:16:44:52
3678,0:1:2:3:6:16:44:53
3679,0:1:2:3:6:16:44:54
3680,0:1:2:3:6:16:44:55
3681,0:1:2:3:6:16:44:56
3682,0:1:2:3:6:16:44:57
3683,0:1:2:3:6:16:44:58
3684,0:1:2:3:6:16:44:59
3685,0:1:2:3:6:16:44:60
3686,0:1:2:3:6:16:44:61
3687,0:1:2:3:6:16:44:62
3688,0:1:2:3:6:16:44:63
3689,0:1:2:3:6:17:18:45
3690,0:1:2:3:6:17:18:46
3691,0:1:2:3:6:17:19:45
3692,0:1:2:3:6:17:19:47
3693,0:1:2:3:6:17:20:45
3694,0:1:2:3:6:17:20:48
3695,0:1:2:3:6:17:21:45
3696,0:1:2:3:6:17:21:49
3697,0:1:2:3:6:17:22:45
3698,0:1:2:3:6:17:22:50
3699,0:1:2:3:6:17:23:45
3700,0:1:2:3:6:17:23:51
3701,0:1:2:3:6:17:24:45
3702,0:1:2:3:6:17:24:52
3703,0:1:2:3:6:17:25:45
3704,0:1:2:3:6:17:25:53
3705,0:1:2:3:6:17:26:45
3706,0:1:2:3:6:17:26:54
3707,0:1:2:3:6:17:27:45
3708,0:1:2:3:6:17:27:55
3709,0:1:2:3:6:17:28:45
3710,0:1:2:3:6:17:28:56
3711,0:1:2:3:6:17:29:45
3712,0:1:2:3:6:17:29:57
3713,0:1:2:3:6:17:30:45
3714,0:1:2:3:6:17:30:58
3715,0:1:2:3:6:17:31:45
3716,0:1:2:3:6:17:31:59
3717,0:1:2:3:6:17:32:45
3718,0:1:2:3:6:17:32:60
3719,0:1:2:3:6:17:33:45
3720,0:1:2:3:6:17:33:61
3721,0:1:2:3:6:17:34:45
3722,0:1:2:3:6:17:34:62
3723,0:1:2:3:6:17:35:45
3724,0:1:2:3:6:17:35:63
3725,0:1:2:3:6:17:36:45
3726,0:1:2:3:6:17:37:45
3727,0:1:2:3:6:17:38:45
3728,0:1:2:3:6:17:39:45
3729,0:1:2:3:6:17:40:45
3730,0:1:2:3:6:17:41:45
3731,0:1:2:3:6:17:42:45
3732,0:1:2:3:6:17:43:45
3733,0:1:2:3:6:17:44:45
3734,0:1:2:3:6:17:45:46
3735,0:1:2:3:6:17:45:47
3736,0:1:2:3:6:17:45:48
3737,0:1:2:3:6:17:45:49
3738,0:1:2:3:6:17:45:50
3739,0:1:2:3:6:17:45:51
3740,0:1:2:3:6:17:45:52
3741,0:1:2:3:6:17:45:53
3742,0:1:2:3:6:17:45:54
3743,0:1:2:3:6:17:45:55
3744,0:1:2:3:6:17:45:56
3745,0:1:2:3:6:17:45:57
3746,0:1:2:3:6:17:45:58
3747,0:1:2:3:6:17:45:59
3748,0:1:2:3:6:17:45:60
3749,0:1:2:3:6:17:45:61
3750,0:1:2:3:6:17:45:62
3751,0:1:2:3:6:17:45:63
3752,0:1:2:3:6:18:19:46
3753,0:1:2:3:6:18:19:47
3754,0:1:2:3:6:18:20:46
3755,0:1:2:3:6:18:20:48
3756,0:1:2:3:6:18:21:46
3757,0:1:2:3:6:18:21:49
3758,0:1:2:3:6:18:22:46
3759,0:1:2:3:6:18:22:50
3760,0:1:2:3:6:18:23:46
3761,0:1:2:3:6:18:23:51
3762,0:1:2:3:6:18:24:46
3763,0:1:2:3:6:18:24:52
3764,0:1:2:3:6:18:25:46
3765,0:1:2:3:6:18:25:53
3766,0:1:2:3:6:18:26:46
3767,0:1:2:3:6:18:26:54
3768,0:1:2:3:6:18:27:46
3769,0:1:2:3:6:18:27:55
3770,0:1:2:3:6:18:28:46
3771,0:1:2:3:6:18:28:56
3772,0:1:2:3:6:18:29:46
3773,0:1:2:3:6:18:29:57
3774,0:1:2:3:6:18:30:46
3775,0:1:2:3:6:18:30:58
3776,0:1:2:3:6:18:31:46
3777,0:1:2:3:6:18:31:59
3778,0:1:2:3:6:18:32:46
3779,0:1:2:3:6:18:32:60
3780,0:1:2:3:6:18:33:46
3781,0:1:2:3:6:18:33:61
3782,0:1:2:3:6:18:34:46
3783,0:1:2:3:6:18:34:62
3784,0:1:2:3:6:18:35:46
3785,0:1:2:3:6:18:35:63
3786,0:1:2:3:6:18:36:46
3787,0:1:2:3:6:18:37:46
3788,0:1:2:3:6:18:38:46
3789,0:1:2:3:6:18:39:46
3790,0:1:2:3:6:18:40:46
3791,0:1:2:3:6:18:41:46
3792,0:1:2:3:6:18:42:46
3793,0:1:2:3:6:18:43:46
3794,0:1:2:3:6:18:44:46
3795,0:1:2:3:6:18:45:46
3796,0:1:2:3:6:18:46:47
3797,0:1:2:3:6:18:46:48
3798,0:1:2:3:6:18:46:49
3799,0:1:2:3:6:18:46:50
3800,0:1:2:3:6:18:46:51
3801,0:1:2:3:6:18:46:52
3802,0:1:2:3:6:18:46:53
3803,0:1:2:3:6:18:46:54
3804,0:1:2:3:6:18:46:55
3805,0:1:2:3:6:18:46:56
3806,0:1:2:3:6:18:46:57
3807,0:1:2:3:6:18:46:58
3808,0:1:2:3:6:18:46:59
3809,0:1:2:3:6:18:46:60
3810,0:1:2:3:6:18:46:61
3811,0:1:2:3:6:18:46:62
3812,0:1:2:3:6:18:46:63
3813,0:1:2:3:6:19:20:47
3814,0:1:2:3:6:19:20:48
3815,0:1:2:3:6:19:21:47
3816,0:1:2:3:6:19:21:49
3817,0:1:2:3:6:19:22:47
3818,0:1:2:3:6:19:22:50
3819,0:1:2:3:6:19:23:47
3820,0:1:2:3:6:19:23:51
3821,0:1:2:3:6:19:24:47
3822,0:1:2:3:6:19:24:52
3823,0:1:2:3:6:19:25:47
3824,0:1:2:3:6:19:25:53
3825,0:1:2:3:6:19:26:47
3826,0:1:2:3:6:19:26:54
3827,0:1:2:3:6:19:27:47
3828,0:1:2:3:6:19:27:55
3829,0:1:2:3:6:19:28:47
3830,0:1:2:3:6:19:28:56
3831,0:1:2:3:6:19:29:47
3832,0:1:2:3:6:19:29:57
3833,0:1:2:3:6:19:30:47
3834,0:1:2:3:6:19:30:58
3835,0:1:2:3:6:19:31:47
3836,0:1:2:3:6:19:31:59
3837,0:1:2:3:6:19:32:47
3838,0:1:2:3:6:19:32:60
3839,0:1:2:3:6:19:33:47
3840,0:1:2:3:6:19:33:61
3841,0:1:2:3:6:19:34:47
3842,0:1:2:3:6:19:34:62
3843,0:1:2:3:6:19:35:47
3844,0:1:2:3:6:19:35:63
3845,0:1:2:3:6:19:36:47
3846,0:1:2:3:6:19:37:47
3847,0:1:2:3:6:19:38:47
3848,0:1:2:3:6:19:39:47
3849,0:1:2:3:6:19:40:47
3850,0:1:2:3:6:19:41:47
3851,0:1:2:3:6:19:42:47
3852,0:1:2:3:6:19:43:47
3853,0:1:2:3:6:19:44:47
3854,0:1:2:3:6:19:45:47
3855,0:1:2:3:6:19:46:47
3856,0:1:2:3:6:19:47:48
3857,0:1:2:3:6:19:47:49
3858,0:1:2:3:6:19:47:50
3859,0:1:2:3:6:19:47:51
3860,0:1:2:3:6:19:47:52
3861,0:1:2:3:6:19:47:53
3862,0:1:2:3:6:19:47:54
3863,0:1:2:3:6:19:47:55
3864,0:1:2:3:6:19:47:56
3865,0:1:2:3:6:19:47:57
3866,0:1:2:3:6:19:47:58
3867,0:1:2:3:6:19:47:59
3868,0:1:2:3:6:19:47:60
3869,0:1:2:3:6:19:47:61
3870,0:1:2:3:6:19:47:62
3871,0:1:2:3:6:19:47:63
3872,0:1:2:3:6:20:21:48
3873,0:1:2:3:6:20:21:49
3874,0:1:2:3:6:20:22:48
3875,0:1:2:3:6:20:22:50
3876,0:1:2:3:6:20:23:48
3877,0:1:2:3:6:20:23:51
3878,0:1:2:3:6:20:24:48
3879,0:1:2:3:6:20:24:52
3880,0:1:2:3:6:20:25:48
3881,0:1:2:3:6:20:25:53
3882,0:1:2:3:6:20:26:48
3883,0:1:2:3:6:20:26:54
3884,0:1:2:3:6:20:27:48
3885,0:1:2:3:6:20:27:55
3886,0:1:2:3:6:20:28:48
3887,0:1:2:3:6:20:28:56
3888,0:1:2:3:6:20:29:48
3889,0:1:2:3:6:20:29:57
3890,0:1:2:3:6:20:30:48
3891,0:1:2:3:6:20:30:58
3892,0:1:2:3:6:20:31:48
3893,0:1:2:3:6:20:31:59
3894,0:1:2:3:6:20:32:48
3895,0:1:2:3:6:20:32:60
3896,0:1:2:3:6:20:33:48
3897,0:1:2:3:6:20:33:61
3898,0:1:2:3:6:20:34:48
3899,0:1:2:3:6:20:34:62
3900,0:1:2:3:6:20:35:48
3901,0:1:2:3:6:20:35:63
3902,0:1:2:3:6:20:36:48
3903,0:1:2:3:6:20:37:48
3904,0:1:2:3:6:20:38:48
3905,0:1:2:3:6:20:39:48
3906,0:1:2:3:6:20:40:48
3907,0:1:2:3:6:20:41:48
3908,0:1:2:3:6:20:42:48
3909,0:1:2:3:6:20:43:48
3910,0:1:2:3:6:20:44:48
3911,0:1:2:3:6:20:45:48
3912,0:1:2:3:6:20:46:48
3913,0:1:2:3:6:20:47:48
3914,0:1:2:3:6:20:48:49
3915,0:1:2:3:6:20:48:50
3916,0:1:2:3:6:20:48:51
3917,0:1:2:3:6:20:48:52
3918,0:1:2:3:6:20:48:53
3919,0:1:2:3:6:20:48:54
3920,0:1:2:3:6:20:48:55
3921,0:1:2:3:6:20:48:56
3922,0:1:2:3:6:20:48:57
3923,0:1:2:3:6:20:48:58
3924,0:1:2:3:6:20:48:59
3925,0:1:2:3:6:20:48:60
3926,0:1:2:3:6:20:48:61
3927,0:1:2:3:6:20:48:62
3928,0:1:2:3:6:20:48:63
3929,0:1:2:3:6:21:22:49
3930,0:1:2:3:6:21:22:50
3931,0:1:2:3:6:21:23:49
3932,0:1:2:3:6:21:23:51
3933,0:1:2:3:6:21:24:49
3934,0:1:2:3:6:21:24:52
3935,0:1:2:3:6:21:25:49
3936,0:1:2:3:6:21:25:53
3937,0:1:2:3:6:21:26:49
3938,0:1:2:3:6:21:26:54
3939,0:1:2:3:6:21:27:49
3940,0:1:2:3:6:21:27:55
3941,0:1:2:3:6:21:28:49
3942,0:1:2:3:6:21:28:56
3943,0:1:2:3:6:21:29:49
3944,0:1:2:3:6:21:29:57
3945,0:1:2:3:6:21:30:49
3946,0:1:2:3:6:21:30:58
3947,0:1:2:3:6:21:31:49
3948,0:1:2:3:6:21:31:59
3949,0:1:2:3:6:21:32:49
3950,0:1:2:3:6:21:32:60
3951,0:1:2:3:6:21:33:49
3952,0:1:2:3:6:21:33:61
3953,0:1:2:3:6:21:34:49
3954,0:1:2:3:6:21:34:62
3955,0:1:2:3:6:21:35:49
3956,0:1:2:3:6:21:35:63
3957,0:1:2:3:6:21:36:49
3958,0:1:2:3:6:21:37:49
3959,0:1:2:3:6:21:38:49
3960,0:1:2:3:6:21:39:49
3961,0:1:2:3:6:21:40:49
3962,0:1:2:3:6:21:41:49
3963,0:1:2:3:6:21:42:49
3964,0:1:2:3:6:21:43:49
3965,0:1:2:3:6:21:44:49
3966,0:1:2:3:6:21:45:49
3967,0:1:2:3:6:21:46:49
3968,0:1:2:3:6:21:47:49
3969,0:1:2:3:6:21:48:49
3970,0:1:2:3:6:21:49:50
3971,0:1:2:3:6:21:49:51
3972,0:1:2:3:6:21:49:52
3973,0:1:2:3:6:21:49:53
3974,0:1:2:3:6:21:49:54
3975,0:1:2:3:6:21:49:55
3976,0:1:2:3:6:21:49:56
3977,0:1:2:3:6:21:49:57
3978,0:1:2:3:6:21:49:58
3979,0:1:2:3:6:21:49:59
3980,0:1:2:3:6:21:49:60
3981,0:1:2:3:6:21:49:61
3982,0:1:2:3:6:21:49:62
3983,0:1:2:3:6:21:49:63
3984,0:1:2:3:6:22:23:50
3985,0:1:2:3:6:22:23:51
3986,0:1:2:3:6:22:24:50
3987,0:1:2:3:6:22:24:52
3988,0:1:2:3:6:22:25:50
3989,0:1:2:3:6:22:25:53
3990,0:1:2:3:6:22:26:50
3991,0:1:2:3:6:22:26:54
3992,0:1:2:3:6:22:27:50
3993,0:1:2:3:6:22:27:55
3994,0:1:2:3:6:22:28:50
3995,0:1:2:3:6:22:28:56
3996,0:1:2:3:6:22:29:50
3997,0:1:2:3:6:22:29:57
3998,0:1:2:3:6:22:30:50
3999,0:1:2:3:6:22:30:58
4000,0:1:2:3:6:22:31:50
4001,0:1:2:3:6:22:31:59
4002,0:1:2:3:6:22:32:50
4003,0:1:2:3:6:22:32:60
4004,0:1:2:3:6:22:33:50
4005,0:1:2:3:6:22:33:61
4006,0:1:2:3:6:22:34:50
4007,0:1:2:3:6:22:34:62
4008,0:1:2:3:6:22:35:50
4009,0:1:2:3:6:22:35:63
4010,0:1:2:3:6:22:36:50
4011,0:1:2:3:6:22:37:50
4012,0:1:2:3:6:22:38:50
4013,0:1:2:3:6:22:39:50
4014,0:1:2:3:6:22:40:50
4015,0:1:2:3:6:22:41:50
4016,0:1:2:3:6:22:42:50
4017,0:1:2:3:6:22:43:50
4018,0:1:2:3:6:22:44:50
4019,0:1:2:3:6:22:45:50
4020,0:1:2:3:6:22:46:50
4021,0:1:2:3:6:22:47:50
4022,0:1:2:3:6:22:48:50
4023,0:1:2:3:6:22:49:50
4024,0:1:2:3:6:22:50:51
4025,0:1:2:3:6:22:50:52
4026,0:1:2:3:6:22:50:53
4027,0:1:2:3:6:22:50:54
4028,0:1:2:3:6:22:50:55
4029,0:1:2:3:6:22:50:56
4030,0:1:2:3:6:22:50:57
4031,0:1:2:3:6:22:50:58
4032,0:1:2:3:6:22:50:59
4033,0:1:2:3:6:22:50:60
4034,0:1:2:3:6:22:50:61
4035,0:1:2:3:6:22:50:62
4036,0:1:2:3:6:22:50:63
4037,0:1:2:3:6:23:24:51
4038,0:1:2:3:6:23:24:52
4039,0:1:2:3:6:23:25:51
4040,0:1:2:3:6:23:25:53
4041,0:1:2:3:6:23:26:51
4042,0:1:2:3:6:23:26:54
4043,0:1:2:3:6:23:27:51
4044,0:1:2:3:6:23:27:55
4045,0:1:2:3:6:23:28:51
4046,0:1:2:3:6:23:28:56
4047,0:1:2:3:6:23:29:51
4048,0:1:2:3:6:23:29:57
4049,0:1:2:3:6:23:30:51
4050,0:1:2:3:6:23:30:58
4051,0:1:2:3:6:23:31:51
4052,0:1:2:3:6:23:31:59
4053,0:1:2:3:6:23:32:51
4054,0:1:2:3:6:23:32:60
4055,0:1:2:3:6:23:33:51
4056,0:1:2:3:6:23:33:61
4057,0:1:2:3:6:23:34:51
4058,0:1:2:3:6:23:34:62
4059,0:1:2:3:6:23:35:51
4060,0:1:2:3:6:23:35:63
4061,0:1:2:3:6:23:36:51
4062,0:1:2:3:6:23:37:51
4063,0:1:2:3:6:23:38:51
4064,0:1:2:3:6:23:39:51
4065,0:1:2:3:6:23:40:51
4066,0:1:2:3:6:23:41:51
4067,0:1:2:3:6:23:42:51
4068,0:1:2:3:6:23:43:51
4069,0:1:2:3:6:23:44:51
4070,0:1:2:3:6:23:45:51
4071,0:1:2:3:6:23:46:51
4072,0:1:2:3:6:23:47:51
4073,0:1:2:3:6:23:48:51
4074,0:1:2:3:6:23:49:51
4075,0:1:2:3:6:23:50:51
4076,0:1:2:3:6:23:51:52
4077,0:1:2:3:6:23:51:53
4078,0:1:2:3:6:23:51:54
4079,0:1:2:3:6:23:51:55
4080,0:1:2:3:6:23:51:56
4081,0:1:2:3:6:23:51:57
4082,0:1:2:3:6:23:51:58
4083,0:1:2:3:6:23:51:59
4084,0:1:2:3:6:23:51:60
4085,0:1:2:3:6:23:51:61
4086,0:1:2:3:6:23:51:62
4087,0:1:2:3:6:23:51:63
4088,0:1:2:3:6:24:25:52
4089,0:1:2:3:6:24:25:53
4090,0:1:2:3:6:24:26:52
4091,0:1:2:3:6:24:26:54
4092,0:1:2:3:6:24:27:52
4093,0:1:2:3:6:24:27:55
4094,0:1:2:3:6:24:28:52
4095,0:1:2:3:6:24:28:56
4096,0:1:2:3:6:24:29:52
4097,0:1:2:3:6:24:29:57
4098,0:1:2:3:6:24:30:52
4099,0:1:2:3:6:24:30:58
4100,0:1:2:3:6:24:31:52
4101,0:1:2:3:6:24:31:59
4102,0:1:2:3:6:24:32:52
4103,0:1:2:3:6:24:32:60
4104,0:1:2:3:6:24:33:52
4105,0:1:2:3:6:24:33:61
4106,0:1:2:3:6:24:34:52
4107,0:1:2:3:6:24:34:62
4108,0:1:2:3:6:24:35:52
4109,0:1:2:3:6:24:35:63
4110,0:1:2:3:6:24:36:52
4111,0:1:2:3:6:24:37:52
4112,0:1:2:3:6:24:38:52
4113,0:1:2:3:6:24:39:52
4114,0:1:2:3:6:24:40:52
4115,0:1:2:3:6:24:41:52
4116,0:1:2:3:6:24:42:52
4117,0:1:2:3:6:24:43:52
4118,0:1:2:3:6:24:44:52
4119,0:1:2:3:6:24:45:52
4120,0:1:2:3:6:24:46:52
4121,0:1:2:3:6:24:47:52
4122,0:1:2:3:6:24:48:52
4123,0:1:2:3:6:24:49:52
4124,0:1:2:3:6:24:50:52
4125,0:1:2:3:6:24:51:52
4126,0:1:2:3:6:24:52:53
4127,0:1:2:3:6:24:52:54
4128,0:1:2:3:6:24:52:55
4129,0:1:2:3:6:24:52:56
4130,0:1:2:3:6:24:52:57
4131,0:1:2:3:6:24:52:58
4132,0:1:2:3:6:24:52:59
4133,0:1:2:3:6:24:52:60
4134,0:1:2:3:6:24:52:61
4135,0:1:2:3:6:24:52:62
4136,0:1:2:3:6:24:52:63
4137,0:1:2:3:6:25:26:53
4138,0:1:2:3:6:25:26:54
4139,0:1:2:3:6:25:27:53
4140,0:1:2:3:6:25:27:55
4141,0:1:2:3:6:25:28:53
4142,0:1:2:3:6:25:28:56
4143,0:1:2:3:6:25:29:53
4144,0:1:2:3:6:25:29:57
4145,0:1:2:3:6:25:30:53
4146,0:1:2:3:6:25:30:58
4147,0:1:2:3:6:25:31:53
4148,0:1:2:3:6:25:31:59
4149,0:1:2:3:6:25:32:53
4150,0:1:2:3:6:25:32:60
4151,0:1:2:3:6:25:33:53
4152,0:1:2:3:6:25:33:61
4153,0:1:2:3:6:25:34:53
4154,0:1:2:3:6:25:34:62
4155,0:1:2:3:6:25:35:53
4156,0:1:2:3:6:25:35:63
4157,0:1:2:3:6:25:36:53
4158,0:1:2:3:6:25:37:53
4159,0:1:2:3:6:25:38:53
4160,0:1:2:3:6:25:39:53
4161,0:1:2:3:6:25:40:53
4162,0:1:2:3:6:25:41:53
4163,0:1:2:3:6:25:42:53
4164,0:1:2:3:6:25:43:53
4165,0:1:2:3:6:25:44:53
4166,0:1:2:3:6:25:45:53
4167,0:1:2:3:6:25:46:53
4168,0:1:2:3:6:25:47:53
4169,0:1:2:3:6:25:48:53
4170,0:1:2:3:6:25:49:53
4171,0:1:2:3:6:25:50:53
4172,0:1:2:3:6:25:51:53
4173,0:1:2:3:6:25:52:53
4174,0:1:2:3:6:25:53:54
4175,0:1:2:3:6:25:53:55
4176,0:1:2:3:6:25:53:56
4177,0:1:2:3:6:25:53:57
4178,0:1:2:3:6:25:53:58
4179,0:1:2:3:6:25:53:59
4180,0:1:2:3:6:25:53:60
4181,0:1:2:3:6:25:53:61
4182,0:1:2:3:6:25:53:62
4183,0:1:2:3:6:25:53:63
4184,0:1:2:3:6:26:27:54
4185,0:1:2:3:6:26:27:55
4186,0:1:2:3:6:26:28:54
4187,0:1:2:3:6:26:28:56
4188,0:1:2:3:6:26:29:54
4189,0:1:2:3:6:26:29:57
4190,0:1:2:3:6:26:30:54
4191,0:1:2:3:6:26:30:58
4192,0:1:2:3:6:26:31:54
4193,0:1:2:3:6:26:31:59
4194,0:1:2:3:6:26:32:54
4195,0:1:2:3:6:26:32:60
4196,0:1:2:3:6:26:33:54
4197,0:1:2:3:6:26:33:61
4198,0:1:2:3:6:26:34:54
4199,0:1:2:3:6:26:34:62
4200,0:1:2:3:6:26:35:54
4201,0:1:2:3:6:26:35:63
4202,0:1:2:3:6:26:36:54
4203,0:1:2:3:6:26:37:54
4204,0:1:2:3:6:26:38:54
4205,0:1:2:3:6:26:39:54
4206,0:1:2:3:6:26:40:54
4207,0:1:2:3:6:26:41:54
4208,0:1:2:3:6:26:42:54
4209,0:1:2:3:6:26:43:54
4210,0:1:2:3:6:26:44:54
4211,0:1:2:3:6:26:45:54
4212,0:1:2:3:6:26:46:54
4213,0:1:2:3:6:26:47:54
4214,0:1:2:3:6:26:48:54
4215,0:1:2:3:6:26:49:54
4216,0:1:2:3:6:26:50:54
4217,0:1:2:3:6:26:51:54
4218,0:1:2:3:6:26:52:54
4219,0:1:2:3:6:26:53:54
4220,0:1:2:3:6:26:54:55
4221,0:1:2:3:6:26:54:56
4222,0:1:2:3:6:26:54:57
4223,0:1:2:3:6:26:54:58
4224,0:1:2:3:6:26:54:59
4225,0:1:2:3:6:26:54:60
4226,0:1:2:3:6:26:54:61
4227,0:1:2:3:6:26:54:62
4228,0:1:2:3:6:26:54:63
4229,0:1:2:3:6:27:28:55
4230,0:1:2:3:6:27:28:56
4231,0:1:2:3:6:27:29:55
4232,0:1:2:3:6:27:29:57
4233,0:1:2:3:6:27:30:55
4234,0:1:2:3:6:27:30:58
4235,0:1:2:3:6:27:31:55
4236,0:1:2:3:6:27:31:59
4237,0:1:2:3:6:27:32:55
4238,0:1:2:3:6:27:32:60
4239,0:1:2:3:6:27:33:55
4240,0:1:2:3:6:27:33:61
4241,0:1:2:3:6:27:34:55
4242,0:1:2:3:6:27:34:62
4243,0:1:2:3:6:27:35:55
4244,0:1:2:3:6:27:35:63
4245,0:1:2:3:6:27:36:55
4246,0:1:2:3:6:27:37:55
4247,0:1:2:3:6:27:38:55
4248,0:1:2:3:6:27:39:55
4249,0:1:2:3:6:27:40:55
4250,0:1:2:3:6:27:41:55
4251,0:1:2:3:6:27:42:55
4252,0:1:2:3:6:27:43:55
4253,0:1:2:3:6:27:44:55
4254,0:1:2:3:6:27:45:55
4255,0:1:2:3:6:27:46:55
4256,0:1:2:3:6:27:47:55
4257,0:1:2:3:6:27:48:55
4258,0:1:2:3:6:27:49:55
4259,0:1:2:3:6:27:50:55
4260,0:1:2:3:6:27:51:55
4261,0:1:2:3:6:27:52:55
4262,0:1:2:3:6:27:53:55
4263,0:1:2:3:6:27:54:55
4264,0:1:2:3:6:27:55:56
4265,0:1:2:3:6:27:55:57
4266,0:1:2:3:6:27:55:58
4267,0:1:2:3:6:27:55:59
4268,0:1:2:3:6:27:55:60
4269,0:1:2:3:6:27:55:61
4270,0:1:2:3:6:27:55:62
4271,0:1:2:3:6:27:55:63
4272,0:1:2:3:6:28:29:56
4273,0:1:2:3:6:28:29:57
4274,0:1:2:3:6:28:30:56
4275,0:1:2:3:6:28:30:58
4276,0:1:2:3:6:28:31:56
4277,0:1:2:3:6:28:31:59
4278,0:1:2:3:6:28:32:56
4279,0:1:2:3:6:28:32:60
4280,0:1:2:3:6:28:33:56
4281,0:1:2:3:6:28:33:61
4282,0:1:2:3:6:28:34:56
4283,0:1:2:3:6:28:34:62
4284,0:1:2:3:6:28:35:56
4285,0:1:2:3:6:28:35:63
4286,0:1:2:3:6:28:36:56
4287,0:1:2:3:6:28:37:56
4288,0:1:2:3:6:28:38:56
4289,0:1:2:3:6:28:39:56
4290,0:1:2:3:6:28:40:56
4291,0:1:2:3:6:28:41:56
4292,0:1:2:3:6:28:42:56
4293,0:1:2:3:6:28:43:56
4294,0:1:2:3:6:28:44:56
4295,0:1:2:3:6:28:45:56
4296,0:1:2:3:6:28:46:56
4297,0:1:2:3:6:28:47:56
4298,0:1:2:3:6:28:48:56
4299,0:1:2:3:6:28:49:56
4300,0:1:2:3:6:28:50:56
4301,0:1:2:3:6:28:51:56
4302,0:1:2:3:6:28:52:56
4303,0:1:2:3:6:28:53:56
4304,0:1:2:3:6:28:54:56
4305,0:1:2:3:6:28:55:56
4306,0:1:2:3:6:28:56:57
4307,0:1:2:3:6:28:56:58
4308,0:1:2:3:6:28:56:59
4309,0:1:2:3:6:28:56:60
4310,0:1:2:3:6:28:56:61
4311,0:1:2:3:6:28:56:62
4312,0:1:2:3:6:28:56:63
4313,0:1:2:3:6:29:30:57
4314,0:1:2:3:6:29:30:58
4315,0:1:2:3:6:29:31:57
4316,0:1:2:3:6:29:31:59
4317,0:1:2:3:6:29:32:57
4318,0:1:2:3:6:29:32:60
4319,0:1:2:3:6:29:33:57
4320,0:1:2:3:6:29:33:61
4321,0:1:2:3:6:29:34:57
4322,0:1:2:3:6:29:34:62
4323,0:1:2:3:6:29:35:57
4324,0:1:2:3:6:29:35:63
4325,0:1:2:3:6:29:36:57
4326,0:1:2:3:6:29:37:57
4327,0:1:2:3:6:29:38:57
4328,0:1:2:3:6:29:39:57
4329,0:1:2:3:6:29:40:57
4330,0:1:2:3:6:29:41:57
4331,0:1:2:3:6:29:42:57
4332,0:1:2:3:6:29:43:57
4333,0:1:2:3:6:29:44:57
4334,0:1:2:3:6:29:45:57
4335,0:1:2:3:6:29:46:57
4336,0:1:2:3:6:29:47:57
4337,0:1:2:3:6:29:48:57
4338,0:1:2:3:6:29:49:57
4339,0:1:2:3:6:29:50:57
4340,0:1:2:3:6:29:51:57
4341,0:1:2:3:6:29:52:57
4342,0:1:2:3:6:29:53:57
4343,0:1:2:3:6:29:54:57
4344,0:1:2:3:6:29:55:57
4345,0:1:2:3:6:29:56:57
4346,0:1:2:3:6:29:57:58
4347,0:1:2:3:6:29:57:59
4348,0:1:2:3:6:29:57:60
4349,0:1:2:3:6:29:57:61
4350,0:1:2:3:6:29:57:62
4351,0:1:2:3:6:29:57:63
4352,0:1:2:3:6:30:31:58
4353,0:1:2:3:6:30:31:59
4354,0:1:2:3:6:30:32:58
4355,0:1:2:3:6:30:32:60
4356,0:1:2:3:6:30:33:58
4357,0:1:2:3:6:30:33:61
4358,0:1:2:3:6:30:34:58
4359,0:1:2:3:6:30:34:62
4360,0:1:2:3:6:30:35:58
4361,0:1:2:3:6:30:35:63
4362,0:1:2:3:6:30:36:58
4363,0:1:2:3:6:30:37:58
4364,0:1:2:3:6:30:38:58
4365,0:1:2:3:6:30:39:58
4366,0:1:2:3:6:30:40:58
4367,0:1:2:3:6:30:41:58
4368,0:1:2:3:6:30:42:58
4369,0:1:2:3:6:30:43:58
4370,0:1:2:3:6:30:44:58
4371,0:1:2:3:6:30:45:58
4372,0:1:2:3:6:30:46:58
4373,0:1:2:3:6:30:47:58
4374,0:1:2:3:6:30:48:58
4375,0:1:2:3:6:30:49:58
4376,0:1:2:3:6:30:50:58
4377,0:1:2:3:6:30:51:58
4378,0:1:2:3:6:30:52:58
4379,0:1:2:3:6:30:53:58
4380,0:1:2:3:6:30:54:58
4381,0:1:2:3:6:30:55:58
4382,0:1:2:3:6:30:56:58
4383,0:1:2:3:6:30:57:58
4384,0:1:2:3:6:30:58:59
4385,0:1:2:3:6:30:58:60
4386,0:1:2:3:6:30:58:61
4387,0:1:2:3:6:30:58:62
4388,0:1:2:3:6:30:58:63
4389,0:1:2:3:6:31:32:59
4390,0:1:2:3:6:31:32:60
4391,0:1:2:3:6:31:33:59
4392,0:1:2:3:6:31:33:61
4393,0:1:2:3:6:31:34:59
4394,0:1:2:3:6:31:34:62
4395,0:1:2:3:6:31:35:59
4396,0:1:2:3:6:31:35:63
4397,0:1:2:3:6:31:36:59
4398,0:1:2:3:6:31:37:59
4399,0:1:2:3:6:31:38:59
4400,0:1:2:3:6:31:39:59
4401,0:1:2:3:6:31:40:59
4402,0:1:2:3:6:31:41:59
4403,0:1:2:3:6:31:42:59
4404,0:1:2:3:6:31:43:59
4405,0:1:2:3:6:31:44:59
4406,0:1:2:3:6:31:45:59
4407,0:1:2:3:6:31:46:59
4408,0:1:2:3:6:31:47:59
4409,0:1:2:3:6:31:48:59
4410,0:1:2:3:6:31:49:59
4411,0:1:2:3:6:31:50:59
4412,0:1:2:3:6:31:51:59
4413,0:1:2:3:6:31:52:59
4414,0:1:2:3:6:31:53:59
4415,0:1:2:3:6:31:54:59
4416,0:1:2:3:6:31:55:59
4417,0:1:2:3:6:31:56:59
4418,0:1:2:3:6:31:57:59
4419,0:1:2:3:6:31:58:59
4420,0:1:2:3:6:31:59:60
4421,0:1:2:3:6:31:59:61
4422,0:1:2:3:6:31:59:62
4423,0:1:2:3:6:31:59:63
4424,0:1:2:3:6:32:33:60
4425,0:1:2:3:6:32:33:61
4426,0:1:2:3:6:32:34:60
4427,0:1:2:3:6:32:34:62
4428,0:1:2:3:6:32:35:60
4429,0:1:2:3:6:32:35:63
4430,0:1:2:3:6:32:36:60
4431,0:1:2:3:6:32:37:60
4432,0:1:2:3:6:32:38:60
4433,0:1:2:3:6:32:39:60
4434,0:1:2:3:6:32:40:60
4435,0:1:2:3:6:32:41:60
4436,0:1:2:3:6:32:42:60
4437,0:1:2:3:6:32:43:60
4438,0:1:2:3:6:32:44:60
4439,0:1:2:3:6:32:45:60
4440,0:1:2:3:6:32:46:60
4441,0:1:2:3:6:32:47:60
4442,0:1:2:3:6:32:48:60
4443,0:1:2:3:6:32:49:60
4444,0:1:2:3:6:32:50:60
4445,0:1:2:3:6:32:51:60
4446,0:1:2:3:6:32:52:60
4447,0:1:2:3:6:32:53:60
4448,0:1:2:3:6:32:54:60
4449,0:1:2:3:6:32:55:60
4450,0:1:2:3:6:32:56:60
4451,0:1:2:3:6:32:57:60
4452,0:1:2:3:6:32:58:60
4453,0:1:2:3:6:32:59:60
4454,0:1:2:3:6:32:60:61
4455,0:1:2:3:6:32:60:62
4456,0:1:2:3:6:32:60:63
4457,0:1:2:3:6:33:34:61
4458,0:1:2:3:6:33:34:62
4459,0:1:2:3:6:33:35:61
4460,0:1:2:3:6:33:35:63
4461,0:1:2:3:6:33:36:61
4462,0:1:2:3:6:33:37:61
4463,0:1:2:3:6:33:38:61
4464,0:1:2:3:6:33:39:61
4465,0:1:2:3:6:33:40:61
4466,0:1:2:3:6:33:41:61
4467,0:1:2:3:6:33:42:61
4468,0:1:2:3:6:33:43:61
4469,0:1:2:3:6:33:44:61
4470,0:1:2:3:6:33:45:61
4471,0:1:2:3:6:33:46:61
4472,0:1:2:3:6:33:47:61
4473,0:1:2:3:6:33:48:61
4474,0:1:2:3:6:33:49:61
4475,0:1:2:3:6:33:50:61
4476,0:1:2:3:6:33:51:61
4477,0:1:2:3:6:33:52:61
4478,0:1:2:3:6:33:53:61
4479,0:1:2:3:6:33:54:61
4480,0:1:2:3:6:33:55:61
4481,0:1:2:3:6:33:56:61
4482,0:1:2:3:6:33:57:61
4483,0:1:2:3:6:33:58:61
4484,0:1:2:3:6:33:59:61
4485,0:1:2:3:6:33:60:61
4486,0:1:2:3:6:33:61:62
4487,0:1:2:3:6:33:61:63
4488,0:1:2:3:6:34:35:62
4489,0:1:2:3:6:34:35:63
4490,0:1:2:3:6:34:36:62
4491,0:1:2:3:6:34:37:62
4492,0:1:2:3:6:34:38:62
4493,0:1:2:3:6:34:39:62
4494,0:1:2:3:6:34:40:62
4495,0:1:2:3:6:34:41:62
4496,0:1:2:3:6:34:42:62
4497,0:1:2:3:6:34:43:62
4498,0:1:2:3:6:34:44:62
4499,0:1:2:3:6:34:45:62
4500,0:1:2:3:6:34:46:62
4501,0:1:2:3:6:34:47:62
4502,0:1:2:3:6:34:48:62
4503,0:1:2:3:6:34:49:62
4504,0:1:2:3:6:34:50:62
4505,0:1:2:3:6:34:51:62
4506,0:1:2:3:6:34:52:62
4507,0:1:2:3:6:34:53:62
4508,0:1:2:3:6:34:54:62
4509,0:1:2:3:6:34:55:62
4510,0:1:2:3:6:34:56:62
4511,0:1:2:3:6:34:57:62
4512,0:1:2:3:6:34:58:62
4513,0:1:2:3:6:34:59:62
4514,0:1:2:3:6:34:60:62
4515,0:1:2:3:6:34:61:62
4516,0:1:2:3:6:34:62:63
4517,0:1:2:3:6:35:36:63
4518,0:1:2:3:6:35:37:63
4519,0:1:2:3:6:35:38:63
4520,0:1:2:3:6:35:39:63
4521,0:1:2:3:6:35:40:63
4522,0:1:2:3:6:35:41:63
4523,0:1:2:3:6:35:42:63
4524,0:1:2:3:6:35:43:63
4525,0:1:2:3:6:35:44:63
4526,0:1:2:3:6:35:45:63
4527,0:1:2:3:6:35:46:63
4528,0:1:2:3:6:35:47:63
4529,0:1:2:3:6:35:48:63
4530,0:1:2:3:6:35:49:63
4531,0:1:2:3:6:35:50:63
4532,0:1:2:3:6:35:51:63
4533,0:1:2:3:6:35:52:63
4534,0:1:2:3:6:35:53:63
4535,0:1:2:3:6:35:54:63
4536,0:1:2:3:6:35:55:63
4537,0:1:2:3:6:35:56:63
4538,0:1:2:3:6:35:57:63
4539,0:1:2:3:6:35:58:63
4540,0:1:2:3:6:35:59:63
4541,0:1:2:3:6:35:60:63
4542,0:1:2:3:6:35:61:63
4543,0:1:2:3:6:35:62:63
4544,0:1:2:3:7:8:9:36
4545,0:1:2:3:7:8:9:37
4546,0:1:2:3:7:8:10:36
4547,0:1:2:3:7:8:10:38
4548,0:1:2:3:7:8:11:36
4549,0:1:2:3:7:8:11:39
4550,0:1:2:3:7:8:12:36
4551,0:1:2:3:7:8:12:40
4552,0:1:2:3:7:8:13:36
4553,0:1:2:3:7:8:13:41
4554,0:1:2:3:7:8:14:36
4555,0:1:2:3:7:8:14:42
4556,0:1:2:3:7:8:15:36
4557,0:1:2:3:7:8:15:43
4558,0:1:2:3:7:8:16:36
4559,0:1:2:3:7:8:16:44
4560,0:1:2:3:7:8:17:36
4561,0:1:2:3:7:8:17:45
4562,0:1:2:3:7:8:18:36
4563,0:1:2:3:7:8:18:46
4564,0:1:2:3:7:8:19:36
4565,0:1:2:3:7:8:19:47
4566,0:1:2:3:7:8:20:36
4567,0:1:2:3:7:8:20:48
4568,0:1:2:3:7:8:21:36
4569,0:1:2:3:7:8:21:49
4570,0:1:2:3:7:8:22:36
4571,0:1:2:3:7:8:22:50
4572,0:1:2:3:7:8:23:36
4573,0:1:2:3:7:8:23:51
4574,0:1:2:3:7:8:24:36
4575,0:1:2:3:7:8:24:52
4576,0:1:2:3:7:8:25:36
4577,0:1:2:3:7:8:25:53
4578,0:1:2:3:7:8:26:36
4579,0:1:2:3:7:8:26:54
4580,0:1:2:3:7:8:27:36
4581,0:1:2:3:7:8:27:55
4582,0:1:2:3:7:8:28:36
4583,0:1:2:3:7:8:28:56
4584,0:1:2:3:7:8:29:36
4585,0:1:2:3:7:8:29:57
4586,0:1:2:3:7:8:30:36
4587,0:1:2:3:7:8:30:58
4588,0:1:2:3:7:8:31:36
4589,0:1:2:3:7:8:31:59
4590,0:1:2:3:7:8:32:36
4591,0:1:2:3:7:8:32:60
4592,0:1:2:3:7:8:33:36
4593,0:1:2:3:7:8:33:61
4594,0:1:2:3:7:8:34:36
4595,0:1:2:3:7:8:34:62
4596,0:1:2:3:7:8:35:36
4597,0:1:2:3:7:8:35:63
4598,0:1:2:3:7:8:36:37
4599,0:1:2:3:7:8:36:38
4600,0:1:2:3:7:8:36:39
4601,0:1:2:3:7:8:36:40
4602,0:1:2:3:7:8:36:41
4603,0:1:2:3:7:8:36:42
4604,0:1:2:3:7:8:36:43
4605,0:1:2:3:7:8:36:44
4606,0:1:2:3:7:8:36:45
4607,0:1:2:3:7:8:36:46
4608,0:1:2:3:7:8:36:47
4609,0:1:2:3:7:8:36:48
4610,0:1:2:3:7:8:36:49
4611,0:1:2:3:7:8:36:50
4612,0:1:2:3:7:8:36:51
4613,0:1:2:3:7:8:36:52
4614,0:1:2:3:7:8:36:53
4615,0:1:2:3:7:8:36:54
4616,0:1:2:3:7:8:36:55
4617,0:1:2:3:7:8:36:56
4618,0:1:2:3:7:8:36:57
4619,0:1:2:3:7:8:36:58
4620,0:1:2:3:7:8:36:59
4621,0:1:2:3:7:8:36:60
4622,0:1:2:3:7:8:36:61
4623,0:1:2:3:7:8:36:62
4624,0:1:2:3:7:8:36:63
4625,0:1:2:3:7:9:10:37
4626,0:1:2:3:7:9:10:38
4627,0:1:2:3:7:9:11:37
4628,0:1:2:3:7:9:11:39
4629,0:1:2:3:7:9:12:37
4630,0:1:2:3:7:9:12:40
4631,0:1:2:3:7:9:13:37
4632,0:1:2:3:7:9:13:41
4633,0:1:2:3:7:9:14:37
4634,0:1:2:3:7:9:14:42
4635,0:1:2:3:7:9:15:37
4636,0:1:2:3:7:9:15:43
4637,0:1:2:3:7:9:16:37
4638,0:1:2:3:7:9:16:44
4639,0:1:2:3:7:9:17:37
4640,0:1:2:3:7:9:17:45
4641,0:1:2:3:7:9:18:37
4642,0:1:2:3:7:9:18:46
4643,0:1:2:3:7:9:19:37
4644,0:1:2:3:7:9:19:47
4645,0:1:2:3:7:9:20:37
4646,0:1:2:3:7:9:20:48
4647,0:1:2:3:7:9:21:37
4648,0:1:2:3:7:9:21:49
4649,0:1:2:3:7:9:22:37
4650,0:1:2:3:7:9:22:50
4651,0:1:2:3:7:9:23:37
4652,0:1:2:3:7:9:23:51
4653,0:1:2:3:7:9:24:37
4654,0:1:2:3:7:9:24:52
4655,0:1:2:3:7:9:25:37
4656,0:1:2:3:7:9:25:53
4657,0:1:2:3:7:9:26:37
4658,0:1:2:3:7:9:26:54
4659,0:1:2:3:7:9:27:37
4660,0:1:2:3:7:9:27:55
4661,0:1:2:3:7:9:28:37
4662,0:1:2:3:7:9:28:56
4663,0:1:2:3:7:9:29:37
4664,0:1:2:3:7:9:29:57
4665,0:1:2:3:7:9:30:37
4666,0:1:2:3:7:9:30:58
4667,0:1:2:3:7:9:31:37
4668,0:1:2:3:7:9:31:59
4669,0:1:2:3:7:9:32:37
4670,0:1:2:3:7:9:32:60
4671,0:1:2:3:7:9:33:37
4672,0:1:2:3:7:9:33:61
4673,0:1:2:3:7:9:34:37
4674,0:1:2:3:7:9:34:62
4675,0:1:2:3:7:9:35:37
4676,0:1:2:3:7:9:35:63
4677,0:1:2:3:7:9:36:37
4678,0:1:2:3:7:9:37:38
4679,0:1:2:3:7:9:37:39
4680,0:1:2:3:7:9:37:40
4681,0:1:2:3:7:9:37:41
4682,0:1:2:3:7:9:37:42
4683,0:1:2:3:7:9:37:43
4684,0:1:2:3:7:9:37:44
4685,0:1:2:3:7:9:37:45
4686,0:1:2:3:7:9:37:46
4687,0:1:2:3:7:9:37:47
4688,0:1:2:3:7:9:37:48
4689,0:1:2:3:7:9:37:49
4690,0:1:2:3:7:9:37:50
4691,0:1:2:3:7:9:37:51
4692,0:1:2:3:7:9:37:52
4693,0:1:2:3:7:9:37:53
4694,0:1:2:3:7:9:37:54
4695,0:1:2:3:7:9:37:55
4696,0:1:2:3:7:9:37:56
4697,0:1:2:3:7:9:37:57
4698,0:1:2:3:7:9:37:58
4699,0:1:2:3:7:9:37:59
4700,0:1:2:3:7:9:37:60
4701,0:1:2:3:7:9:37:61
4702,0:1:2:3:7:9:37:62
4703,0:1:2:3:7:9:37:63
4704,0:1:2:3:7:10:11:38
4705,0:1:2:3:7:10:11:39
4706,0:1:2:3:7:10:12:38
4707,0:1:2:3:7:10:12:40
4708,0:1:2:3:7:10:13:38
4709,0:1:2:3:7:10:13:41
4710,0:1:2:3:7:10:14:38
4711,0:1:2:3:7:10:14:42
4712,0:1:2:3:7:10:15:38
4713,0:1:2:3:7:10:15:43
4714,0:1:2:3:7:10:16:38
4715,0:1:2:3:7:10:16:44
4716,0:1:2:3:7:10:17:38
4717,0:1:2:3:7:10:17:45
4718,0:1:2:3:7:10:18:38
4719,0:1:2:3:7:10:18:46
4720,0:1:2:3:7:10:19:38
4721,0:1:2:3:7:10:19:47
4722,0:1:2:3:7:10:20:38
4723,0:1:2:3:7:10:20:48
4724,0:1:2:3:7:10:21:38
4725,0:1:2:3:7:10:21:49
4726,0:1:2:3:7:10:22:38
4727,0:1:2:3:7:10:22:50
4728,0:1:2:3:7:10:23:38
4729,0:1:2:3:7:10:23:51
4730,0:1:2:3:7:10:24:38
4731,0:1:2:3:7:10:24:52
4732,0:1:2:3:7:10:25:38
4733,0:1:2:3:7:10:25:53
4734,0:1:2:3:7:10:26:38
4735,0:1:2:3:7:10:26:54
4736,0:1:2:3:7:10:27:38
4737,0:1:2:3:7:10:27:55
4738,0:1:2:3:7:10:28:38
4739,0:1:2:3:7:10:28:56
4740,0:1:2:3:7:10:29:38
4741,0:1:2:3:7:10:29:57
4742,0:1:2:3:7:10:30:38
4743,0:1:2:3:7:10:30:58
4744,0:1:2:3:7:10:31:38
4745,0:1:2:3:7:10:31:59
4746,0:1:2:3:7:10:32:38
4747,0:1:2:3:7:10:32:60
4748,0:1:2:3:7:10:33:38
4749,0:1:2:3:7:10:33:61
4750,0:1:2:3:7:10:34:38
4751,0:1:2:3:7:10:34:62
4752,0:1:2:3:7:10:35:38
4753,0:1:2:3:7:10:35:63
4754,0:1:2:3:7:10:36:38
4755,0:1:2:3:7:10:37:38
4756,0:1:2:3:7:10:38:39
4757,0:1:2:3:7:10:38:40
4758,0:1:2:3:7:10:38:41
4759,0:1:2:3:7:10:38:42
4760,0:1:2:3:7:10:38:43
4761,0:1:2:3:7:10:38:44
4762,0:1:2:3:7:10:38:45
4763,0:1:2:3:7:10:38:46
4764,0:1:2:3:7:10:38:47
4765,0:1:2:3:7:10:38:48
4766,0:1:2:3:7:10:38:49
4767,0:1:2:3:7:10:38:50
4768,0:1:2:3:7:10:38:51
4769,0:1:2:3:7:10:38:52
4770,0:1:2:3:7:10:38:53
4771,0:1:2:3:7:10:38:54
4772,0:1:2:3:7:10:38:55
4773,0:1:2:3:7:10:38:56
4774,0:1:2:3:7:10:38:57
4775,0:1:2:3:7:10:38:58
4776,0:1:2:3:7:10:38:59
4777,0:1:2:3:7:10:38:60
4778,0:1:2:3:7:10:38:61
4779,0:1:2:3:7:10:38:62
4780,0:1:2:3:7:10:38:63
4781,0:1:2:3:7:11:12:39
4782,0:1:2:3:7:11:12:40
4783,0:1:2:3:7:11:13:39
4784,0:1:2:3:7:11:13:41
4785,0:1:2:3:7:11:14:39
4786,0:1:2:3:7:11:14:42
4787,0:1:2:3:7:11:15:39
4788,0:1:2:3:7:11:15:43
4789,0:1:2:3:7:11:16:39
4790,0:1:2:3:7:11:16:44
4791,0:1:2:3:7:11:17:39
4792,0:1:2:3:7:11:17:45
4793,0:1:2:3:7:11:18:39
4794,0:1:2:3:7:11:18:46
4795,0:1:2:3:7:11:19:39
4796,0:1:2:3:7:11:19:47
4797,0:1:2:3:7:11:20:39
4798,0:1:2:3:7:11:20:48
4799,0:1:2:3:7:11:21:39
4800,0:1:2:3:7:11:21:49
4801,0:1:2:3:7:11:22:39
4802,0:1:2:3:7:11:22:50
4803,0:1:2:3:7:11:23:39
4804,0:1:2:3:7:11:23:51
4805,0:1:2:3:7:11:24:39
4806,0:1:2:3:7:11:24:52
4807,0:1:2:3:7:11:25:39
4808,0:1:2:3:7:11:25:53
4809,0:1:2:3:7:11:26:39
4810,0:1:2:3:7:11:26:54
4811,0:1:2:3:7:11:27:39
4812,0:1:2:3:7:11:27:55
4813,0:1:2:3:7:11:28:39
4814,0:1:2:3:7:11:28:56
4815,0:1:2:3:7:11:29:39
4816,0:1:2:3:7:11:29:57
4817,0:1:2:3:7:11:30:39
4818,0:1:2:3:7:11:30:58
4819,0:1:2:3:7:11:31:39
4820,0:1:2:3:7:11:31:59
4821,0:1:2:3:7:11:32:39
4822,0:1:2:3:7:11:32:60
4823,0:1:2:3:7:11:33:39
4824,0:1:2:3:7:11:33:61
4825,0:1:2:3:7:11:34:39
4826,0:1:2:3:7:11:34:62
4827,0:1:2:3:7:11:35:39
4828,0:1:2:3:7:11:35:63
4829,0:1:2:3:7:11:36:39
4830,0:1:2:3:7:11:37:39
4831,0:1:2:3:7:11:38:39
4832,0:1:2:3:7:11:39:40
4833,0:1:2:3:7:11:39:41
4834,0:1:2:3:7:11:39:42
4835,0:1:2:3:7:11:39:43
4836,0:1:2:3:7:11:39:44
4837,0:1:2:3:7:11:39:45
4838,0:1:2:3:7:11:39:46
4839,0:1:2:3:7:11:39:47
4840,0:1:2:3:7:11:39:48
4841,0:1:2:3:7:11:39:49
4842,0:1:2:3:7:11:39:50
4843,0:1:2:3:7:11:39:51
4844,0:1:2:3:7:11:39:52
4845,0:1:2:3:7:11:39:53
4846,0:1:2:3:7:11:39:54
4847,0:1:2:3:7:11:39:55
4848,0:1:2:3:7:11:39:56
4849,0:1:2:3:7:11:39:57
4850,0:1:2:3:7:11:39:58
4851,0:1:2:3:7:11:39:59
4852,0:1:2:3:7:11:39:60
4853,0:1:2:3:7:11:39:61
4854,0:1:2:3:7:11:39:62
4855,0:1:2:3:7:11:39:63
4856,0:1:2:3:7:12:13:40
4857,0:1:2:3:7:12:13:41
4858,0:1:2:3:7:12:14:40
4859,0:1:2:3:7:12:14:42
4860,0:1:2:3:7:12:15:40
4861,0:1:2:3:7:12:15:43
4862,0:1:2:3:7:12:16:40
4863,0:1:2:3:7:12:16:44
4864,0:1:2:3:7:12:17:40
4865,0:1:2:3:7:12:17:45
4866,0:1:2:3:7:12:18:40
4867,0:1:2:3:7:12:18:46
4868,0:1:2:3:7:12:19:40
4869,0:1:2:3:7:12:19:47
4870,0:1:2:3:7:12:20:40
4871,0:1:2:3:7:12:20:48
4872,0:1:2:3:7:12:21:40
4873,0:1:2:3:7:12:21:49
4874,0:1:2:3:7:12:22:40
4875,0:1:2:3:7:12:22:50
4876,0:1:2:3:7:12:23:40
4877,0:1:2:3:7:12:23:51
4878,0:1:2:3:7:12:24:40
4879,0:1:2:3:7:12:24:52
4880,0:1:2:3:7:12:25:40
4881,0:1:2:3:7:12:25:53
4882,0:1:2:3:7:12:26:40
4883,0:1:2:3:7:12:26:54
4884,0:1:2:3:7:12:27:40
4885,0:1:2:3:7:12:27:55
4886,0:1:2:3:7:12:28:40
4887,0:1:2:3:7:12:28:56
4888,0:1:2:3:7:12:29:40
4889,0:1:2:3:7:12:29:57
4890,0:1:2:3:7:12:30:40
4891,0:1:2:3:7:12:30:58
4892,0:1:2:3:7:12:31:40
4893,0:1:2:3:7:12:31:59
4894,0:1:2:3:7:12:32:40
4895,0:1:2:3:7:12:32:60
4896,0:1:2:3:7:12:33:40
4897,0:1:2:3:7:12:33:61
4898,0:1:2:3:7:12:34:40
4899,0:1:2:3:7:12:34:62
4900,0:1:2:3:7:12:35:40
4901,0:1:2:3:7:12:35:63
4902,0:1:2:3:7:12:36:40
4903,0:1:2:3:7:12:37:40
4904,0:1:2:3:7:12:38:40
4905,0:1:2:3:7:12:39:40
4906,0:1:2:3:7:12:40:41
4907,0:1:2:3:7:12:40:42
4908,0:1:2:3:7:12:40:43
4909,0:1:2:3:7:12:40:44
4910,0:1:2:3:7:12:40:45
4911,0:1:2:3:7:12:40:46
4912,0:1:2:3:7:12:40:47
4913,0:1:2:3:7:12:40:48
4914,0:1:2:3:7:12:40:49
4915,0:1:2:3:7:12:40:50
4916,0:1:2:3:7:12:40:51
4917,0:1:2:3:7:12:40:52
4918,0:1:2:3:7:12:40:53
4919,0:1:2:3:7:12:40:54
4920,0:1:2:3:7:12:40:55
4921,0:1:2:3:7:12:40:56
4922,0:1:2:3:7:12:40:57
4923,0:1:2:3:7:12:40:58
4924,0:1:2:3:7:12:40:59
4925,0:1:2:3:7:12:40:60
4926,0:1:2:3:7:12:40:61
4927,0:1:2:3:7:12:40:62
4928,0:1:2:3:7:12:40:63
4929,0:1:2:3:7:13:14:41
4930,0:1:2:3:7:13:14:42
4931,0:1:2:3:7:13:15:41
4932,0:1:2:3:7:13:15:43
4933,0:1:2:3:7:13:16:41
4934,0:1:2:3:7:13:16:44
4935,0:1:2:3:7:13:17:41
4936,0:1:2:3:7:13:17:45
4937,0:1:2:3:7:13:18:41
4938,0:1:2:3:7:13:18:46
4939,0:1:2:3:7:13:19:41
4940,0:1:2:3:7:13:19:47
4941,0:1:2:3:7:13:20:41
4942,0:1:2:3:7:13:20:48
4943,0:1:2:3:7:13:21:41
4944,0:1:2:3:7:13:21:49
4945,0:1:2:3:7:13:22:41
4946,0:1:2:3:7:13:22:50
4947,0:1:2:3:7:13:23:41
4948,0:1:2:3:7:13:23:51
4949,0:1:2:3:7:13:24:41
4950,0:1:2:3:7:13:24:52
4951,0:1:2:3:7:13:25:41
4952,0:1:2:3:7:13:25:53
4953,0:1:2:3:7:13:26:41
4954,0:1:2:3:7:13:26:54
4955,0:1:2:3:7:13:27:41
4956,0:1:2:3:7:13:27:55
4957,0:1:2:3:7:13:28:41
4958,0:1:2:3:7:13:28:56
4959,0:1:2:3:7:13:29:41
4960,0:1:2:3:7:13:29:57
4961,0:1:2:3:7:13:30:41
4962,0:1:2:3:7:13:30:58
4963,0:1:2:3:7:13:31:41
4964,0:1:2:3:7:13:31:59
4965,0:1:2:3:7:13:32:41
4966,0:1:2:3:7:13:32:60
4967,0:1:2:3:7:13:33:41
4968,0:1:2:3:7:13:33:61
4969,0:1:2:3:7:13:34:41
4970,0:1:2:3:7:13:34:62
4971,0:1:2:3:7:13:35:41
4972,0:1:2:3:7:13:35:63
4973,0:1:2:3:7:13:36:41
4974,0:1:2:3:7:13:37:41
4975,0:1:2:3:7:13:38:41
4976,0:1:2:3:7:13:39:41
4977,0:1:2:3:7:13:40:41
4978,0:1:2:3:7:13:41:42
4979,0:1:2:3:7:13:41:43
4980,0:1:2:3:7:13:41:44
4981,0:1:2:3:7:13:41:45
4982,0:1:2:3:7:13:41:46
4983,0:1:2:3:7:13:41:47
4984,0:1:2:3:7:13:41:48
4985,0:1:2:3:7:13:41:49
4986,0:1:2:3:7:13:41:50
4987,0:1:2:3:7:13:41:51
4988,0:1:2:3:7:13:41:52
4989,0:1:2:3:7:13:41:53
4990,0:1:2:3:7:13:41:54
4991,0:1:2:3:7:13:41:55
4992,0:1:2:3:7:13:41:56
4993,0:1:2:3:7:13:41:57
4994,0:1:2:3:7:13:41:58
4995,0:1:2:3:7:13:41:59
4996,0:1:2:3:7:13:41:60
4997,0:1:2:3:7:13:41:61
4998,0:1:2:3:7:13:41:62
4999,0:1:2:3:7:13:41:63
5000,0:1:2:3:7:14:15:42
5001,0:1:2:3:7:14:15:43
5002,0:1:2:3:7:14:16:42
5003,0:1:2:3:7:14:16:44
5004,0:1:2:3:7:14:17:42
5005,0:1:2:3:7:14:17:45
5006,0:1:2:3:7:14:18:42
5007,0:1:2:3:7:14:18:46
5008,0:1:2:3:7:14:19:42
5009,0:1:2:3:7:14:19:47
5010,0:1:2:3:7:14:20:42
5011,0:1:2:3:7:14:20:48
5012,0:1:2:3:7:14:21:42
5013,0:1:2:3:7:14:21:49
5014,0:1:2:3:7:14:22:42
5015,0:1:2:3:7:14:22:50
5016,0:1:2:3:7:14:23:42
5017,0:1:2:3:7:14:23:51
5018,0:1:2:3:7:14:24:42
5019,0:1:2:3:7:14:24:52
5020,0:1:2:3:7:14:25:42
5021,0:1:2:3:7:14:25:53
5022,0:1:2:3:7:14:26:42
5023,0:1:2:3:7:14:26:54
5024,0:1:2:3:7:14:27:42
5025,0:1:2:3:7:14:27:55
5026,0:1:2:3:7:14:28:42
5027,0:1:2:3:7:14:28:56
5028,0:1:2:3:7:14:29:42
5029,0:1:2:3:7:14:29:57
5030,0:1:2:3:7:14:30:42
5031,0:1:2:3:7:14:30:58
5032,0:1:2:3:7:14:31:42
5033,0:1:2:3:7:14:31:59
5034,0:1:2:3:7:14:32:42
5035,0:1:2:3:7:14:32:60
5036,0:1:2:3:7:14:33:42
5037,0:1:2:3:7:14:33:61
5038,0:1:2:3:7:14:34:42
5039,0:1:2:3:7:14:34:62
5040,0:1:2:3:7:14:35:42
5041,0:1:2:3:7:14:35:63
5042,0:1:2:3:7:14:36:42
5043,0:1:2:3:7:14:37:42
5044,0:1:2:3:7:14:38:42
5045,0:1:2:3:7:14:39:42
5046,0:1:2:3:7:14:40:42
5047,0:1:2:3:7:14:41:42
5048,0:1:2:3:7:14:42:43
5049,0:1:2:3:7:14:42:44
5050,0:1:2:3:7:14:42:45
5051,0:1:2:3:7:14:42:46
5052,0:1:2:3:7:14:42:47
5053,0:1:2:3:7:14:42:48
5054,0:1:2:3:7:14:42:49
5055,0:1:2:3:7:14:42:50
5056,0:1:2:3:7:14:42:51
5057,0:1:2:3:7:14:42:52
5058,0:1:2:3:7:14:42:53
5059,0:1:2:3:7:14:42:54
5060,0:1:2:3:7:14:42:55
5061,0:1:2:3:7:14:42:56
5062,0:1:2:3:7:14:42:57
5063,0:1:2:3:7:14:42:58
5064,0:1:2:3:7:14:42:59
5065,0:1:2:3:7:14:42:60
5066,0:1:2:3:7:14:42:61
5067,0:1:2:3:7:14:42:62
5068,0:1:2:3:7:14:42:63
5069,0:1:2:3:7:15:16:43
5070,0:1:2:3:7:15:16:44
5071,0:1:2:3:7:15:17:43
5072,0:1:2:3:7:15:17:45
5073,0:1:2:3:7:15:18:43
5074,0:1:2:3:7:15:18:46
5075,0:1:2:3:7:15:19:43
5076,0:1:2:3:7:15:19:47
5077,0:1:2:3:7:15:20:43
5078,0:1:2:3:7:15:20:48
5079,0:1:2:3:7:15:21:43
5080,0:1:2:3:7:15:21:49
5081,0:1:2:3:7:15:22:43
5082,0:1:2:3:7:15:22:50
5083,0:1:2:3:7:15:23:43
5084,0:1:2:3:7:15:23:51
5085,0:1:2:3:7:15:24:43
5086,0:1:2:3:7:15:24:52
5087,0:1:2:3:7:15:25:43
5088,0:1:2:3:7:15:25:53
5089,0:1:2:3:7:15:26:43
5090,0:1:2:3:7:15:26:54
5091,0:1:2:3:7:15:27:43
5092,0:1:2:3:7:15:27:55
5093,0:1:2:3:7:15:28:43
5094,0:1:2:3:7:15:28:56
5095,0:1:2:3:7:15:29:43
5096,0:1:2:3:7:15:29:57
5097,0:1:2:3:7:15:30:43
5098,0:1:2:3:7:15:30:58
5099,0:1:2:3:7:15:31:43
5100,0:1:2:3:7:15:31:59
5101,0:1:2:3:7:15:32:43
5102,0:1:2:3:7:15:32:60
5103,0:1:2:3:7:15:33:43
5104,0:1:2:3:7:15:33:61
5105,0:1:2:3:7:15:34:43
5106,0:1:2:3:7:15:34:62
5107,0:1:2:3:7:15:35:43
5108,0:1:2:3:7:15:35:63
5109,0:1:2:3:7:15:36:43
5110,0:1:2:3:7:15:37:43
5111,0:1:2:3:7:15:38:43
5112,0:1:2:3:7:15:39:43
5113,0:1:2:3:7:15:40:43
5114,0:1:2:3:7:15:41:43
5115,0:1:2:3:7:15:42:43
5116,0:1:2:3:7:15:43:44
5117,0:1:2:3:7:15:43:45
5118,0:1:2:3:7:15:43:46
5119,0:1:2:3:7:15:43:47
5120,0:1:2:3:7:15:43:48
5121,0:1:2:3:7:15:43:49
5122,0:1:2:3:7:15:43:50
5123,0:1:2:3:7:15:43:51
5124,0:1:2:3:7:15:43:52
5125,0:1:2:3:7:15:43:53
5126,0:1:2:3:7:15:43:54
5127,0:1:2:3:7:15:43:55
5128,0:1:2:3:7:15:43:56
5129,0:1:2:3:7:15:43:57
5130,0:1:2:3:7:15:43:58
5131,0:1:2:3:7:15:43:59
5132,0:1:2:3:7:15:43:60
5133,0:1:2:3:7:15:43:61
5134,0:1:2:3:7:15:43:62
5135,0:1:2:3:7:15:43:63
5136,0:1:2:3:7:16:17:44
5137,0:1:2:3:7:16:17:45
5138,0:1:2:3:7:16:18:44
5139,0:1:2:3:7:16:18:46
5140,0:1:2:3:7:16:19:44
5141,0:1:2:3:7:16:19:47
5142,0:1:2:3:7:16:20:44
5143,0:1:2:3:7:16:20:48
5144,0:1:2:3:7:16:21:44
5145,0:1:2:3:7:16:21:49
5146,0:1:2:3:7:16:22:44
5147,0:1:2:3:7:16:22:50
5148,0:1:2:3:7:16:23:44
5149,0:1:2:3:7:16:23:51
5150,0:1:2:3:7:16:24:44
5151,0:1:2:3:7:16:24:52
5152,0:1:2:3:7:16:25:44
5153,0:1:2:3:7:16:25:53
5154,0:1:2:3:7:16:26:44
5155,0:1:2:3:7:16:26:54
5156,0:1:2:3:7:16:27:44
5157,0:1:2:3:7:16:27:55
5158,0:1:2:3:7:16:28:44
5159,0:1:2:3:7:16:28:56
5160,0:1:2:3:7:16:29:44
5161,0:1:2:3:7:16:29:57
5162,0:1:2:3:7:16:30:44
5163,0:1:2:3:7:16:30:58
5164,0:1:2:3:7:16:31:44
5165,0:1:2:3:7:16:31:59
5166,0:1:2:3:7:16:32:44
5167,0:1:2:3:7:16:32:60
5168,0:1:2:3:7:16:33:44
5169,0:1:2:3:7:16:33:61
5170,0:1:2:3:7:16:34:44
5171,0:1:2:3:7:16:34:62
5172,0:1:2:3:7:16:35:44
5173,0:1:2:3:7:16:35:63
5174,0:1:2:3:7:16:36:44
5175,0:1:2:3:7:16:37:44
5176,0:1:2:3:7:16:38:44
5177,0:1:2:3:7:16:39:44
5178,0:1:2:3:7:16:40:44
5179,0:1:2:3:7:16:41:44
5180,0:1:2:3:7:16:42:44
5181,0:1:2:3:7:16:43:44
5182,0:1:2:3:7:16:44:45
5183,0:1:2:3:7:16:44:46
5184,0:1:2:3:7:16:44:47
5185,0:1:2:3:7:16:44:48
5186,0:1:2:3:7:16:44:49
5187,0:1:2:3:7:16:44:50
5188,0:1:2:3:7:16:44:51
5189,0:1:2:3:7:16:44:52
5190,0:1:2:3:7:16:44:53
5191,0:1:2:3:7:16:44:54
5192,0:1:2:3:7:16:44:55
5193,0:1:2:3:7:16:44:56
5194,0:1:2:3:7:16:44:57
5195,0:1:2:3:7:16:44:58
5196,0:1:2:3:7:16:44:59
5197,0:1:2:3:7:16:44:60
5198,0:1:2:3:7:16:44:61
5199,0:1:2:3:7:16:44:62
5200,0:1:2:3:7:16:44:63
5201,0:1:2:3:7:17:18:45
5202,0:1:2:3:7:17:18:46
5203,0:1:2:3:7:17:19:45
5204,0:1:2:3:7:17:19:47
5205,0:1:2:3:7:17:20:45
5206,0:1:2:3:7:17:20:48
5207,0:1:2:3:7:17:21:45
5208,0:1:2:3:7:17:21:49
5209,0:1:2:3:7:17:22:45
5210,0:1:2:3:7:17:22:50
5211,0:1:2:3:7:17:23:45
5212,0:1:2:3:7:17:23:51
5213,0:1:2:3:7:17:24:45
5214,0:1:2:3:7:17:24:52
5215,0:1:2:3:7:17:25:45
5216,0:1:2:3:7:17:25:53
5217,0:1:2:3:7:17:26:45
5218,0:1:2:3:7:17:26:54
5219,0:1:2:3:7:17:27:45
5220,0:1:2:3:7:17:27:55
5221,0:1:2:3:7:17:28:45
5222,0:1:2:3:7:17:28:56
5223,0:1:2:3:7:17:29:45
5224,0:1:2:3:7:17:29:57
5225,0:1:2:3:7:17:30:45
5226,0:1:2:3:7:17:30:58
5227,0:1:2:3:7:17:31:45
5228,0:1:2:3:7:17:31:59
5229,0:1:2:3:7:17:32:45
5230,0:1:2:3:7:17:32:60
5231,0:1:2:3:7:17:33:45
5232,0:1:2:3:7:17:33:61
5233,0:1:2:3:7:17:34:45
5234,0:1:2:3:7:17:34:62
5235,0:1:2:3:7:17:35:45
5236,0:1:2:3:7:17:35:63
5237,0:1:2:3:7:17:36:45
5238,0:1:2:3:7:17:37:45
5239,0:1:2:3:7:17:38:45
5240,0:1:2:3:7:17:39:45
5241,0:1:2:3:7:17:40:45
5242,0:1:2:3:7:17:41:45
5243,0:1:2:3:7:17:42:45
5244,0:1:2:3:7:17:43:45
5245,0:1:2:3:7:17:44:45
5246,0:1:2:3:7:17:45:46
5247,0:1:2:3:7:17:45:47
5248,0:1:2:3:7:17:45:48
5249,0:1:2:3:7:17:45:49
5250,0:1:2:3:7:17:45:50
5251,0:1:2:3:7:17:45:51
5252,0:1:2:3:7:17:45:52
5253,0:1:2:3:7:17:45:53
5254,0:1:2:3:7:17:45:54
5255,0:1:2:3:7:17:45:55
5256,0:1:2:3:7:17:45:56
5257,0:1:2:3:7:17:45:57
5258,0:1:2:3:7:17:45:58
5259,0:1:2:3:7:17:45:59
5260,0:1:2:3:7:17:45:60
5261,0:1:2:3:7:17:45:61
5262,0:1:2:3:7:17:45:62
5263,0:1:2:3:7:17:45:63
5264,0:1:2:3:7:18:19:46
5265,0:1:2:3:7:18:19:47
5266,0:1:2:3:7:18:20:46
5267,0:1:2:3:7:18:20:48
5268,0:1:2:3:7:18:21:46
5269,0:1:2:3:7:18:21:49
5270,0:1:2:3:7:18:22:46
5271,0:1:2:3:7:18:22:50
5272,0:1:2:3:7:18:23:46
5273,0:1:2:3:7:18:23:51
5274,0:1:2:3:7:18:24:46
5275,0:1:2:3:7:18:24:52
5276,0:1:2:3:7:18:25:46
5277,0:1:2:3:7:18:25:53
5278,0:1:2:3:7:18:26:46
5279,0:1:2:3:7:18:26:54
5280,0:1:2:3:7:18:27:46
5281,0:1:2:3:7:18:27:55
5282,0:1:2:3:7:18:28:46
5283,0:1:2:3:7:18:28:56
5284,0:1:2:3:7:18:29:46
5285,0:1:2:3:7:18:29:57
5286,0:1:2:3:7:18:30:46
5287,0:1:2:3:7:18:30:58
5288,0:1:2:3:7:18:31:46
5289,0:1:2:3:7:18:31:59
5290,0:1:2:3:7:18:32:46
5291,0:1:2:3:7:18:32:60
5292,0:1:2:3:7:18:33:46
5293,0:1:2:3:7:18:33:61
5294,0:1:2:3:7:18:34:46
5295,0:1:2:3:7:18:34:62
5296,0:1:2:3:7:18:35:46
5297,0:1:2:3:7:18:35:63
5298,0:1:2:3:7:18:36:46
5299,0:1:2:3:7:18:37:46
5300,0:1:2:3:7:18:38:46
5301,0:1:2:3:7:18:39:46
5302,0:1:2:3:7:18:40:46
5303,0:1:2:3:7:18:41:46
5304,0:1:2:3:7:18:42:46
5305,0:1:2:3:7:18:43:46
5306,0:1:2:3:7:18:44:46
5307,0:1:2:3:7:18:45:46
5308,0:1:2:3:7:18:46:47
5309,0:1:2:3:7:18:46:48
5310,0:1:2:3:7:18:46:49
5311,0:1:2:3:7:18:46:50
5312,0:1:2:3:7:18:46:51
5313,0:1:2:3:7:18:46:52
5314,0:1:2:3:7:18:46:53
5315,0:1:2:3:7:18:46:54
5316,0:1:2:3:7:18:46:55
5317,0:1:2:3:7:18:46:56
5318,0:1:2:3:7:18:46:57
5319,0:1:2:3:7:18:46:58
5320,0:1:2:3:7:18:46:59
5321,0:1:2:3:7:18:46:60
5322,0:1:2:3:7:18:46:61
5323,0:1:2:3:7:18:46:62
5324,0:1:2:3:7:18:46:63
5325,0:1:2:3:7:19:20:47
5326,0:1:2:3:7:19:20:48
5327,0:1:2:3:7:19:21:47
5328,0:1:2:3:7:19:21:49
5329,0:1:2:3:7:19:22:47
5330,0:1:2:3:7:19:22:50
5331,0:1:2:3:7:19:23:47
5332,0:1:2:3:7:19:23:51
5333,0:1:2:3:7:19:24:47
5334,0:1:2:3:7:19:24:52
5335,0:1:2:3:7:19:25:47
5336,0:1:2:3:7:19:25:53
5337,0:1:2:3:7:19:26:47
5338,0:1:2:3:7:19:26:54
5339,0:1:2:3:7:19:27:47
5340,0:1:2:3:7:19:27:55
5341,0:1:2:3:7:19:28:47
5342,0:1:2:3:7:19:28:56
5343,0:1:2:3:7:19:29:47
5344,0:1:2:3:7:19:29:57
5345,0:1:2:3:7:19:30:47
5346,0:1:2:3:7:19:30:58
5347,0:1:2:3:7:19:31:47
5348,0:1:2:3:7:19:31:59
5349,0:1:2:3:7:19:32:47
5350,0:1:2:3:7:19:32:60
5351,0:1:2:3:7:19:33:47
5352,0:1:2:3:7:19:33:61
5353,0:1:2:3:7:19:34:47
5354,0:1:2:3:7:19:34:62
5355,0:1:2:3:7:19:35:47
5356,0:1:2:3:7:19:35:63
5357,0:1:2:3:7:19:36:47
5358,0:1:2:3:7:19:37:47
5359,0:1:2:3:7:19:38:47
5360,0:1:2:3:7:19:39:47
5361,0:1:2:3:7:19:40:47
5362,0:1:2:3:7:19:41:47
5363,0:1:2:3:7:19:42:47
5364,0:1:2:3:7:19:43:47
5365,0:1:2:3:7:19:44:47
5366,0:1:2:3:7:19:45:47
5367,0:1:2:3:7:19:46:47
5368,0:1:2:3:7:19:47:48
5369,0:1:2:3:7:19:47:49
5370,0:1:2:3:7:19:47:50
5371,0:1:2:3:7:19:47:51
5372,0:1:2:3:7:19:47:52
5373,0:1:2:3:7:19:47:53
5374,0:1:2:3:7:19:47:54
5375,0:1:2:3:7:19:47:55
5376,0:1:2:3:7:19:47:56
5377,0:1:2:3:7:19:47:57
5378,0:1:2:3:7:19:47:58
5379,0:1:2:3:7:19:47:59
5380,0:1:2:3:7:19:47:60
5381,0:1:2:3:7:19:47:61
5382,0:1:2:3:7:19:47:62
5383,0:1:2:3:7:19:47:63
5384,0:1:2:3:7:20:21:48
5385,0:1:2:3:7:20:21:49
5386,0:1:2:3:7:20:22:48
5387,0:1:2:3:7:20:22:50
5388,0:1:2:3:7:20:23:48
5389,0:1:2:3:7:20:23:51
5390,0:1:2:3:7:20:24:48
5391,0:1:2:3:7:20:24:52
5392,0:1:2:3:7:20:25:48
5393,0:1:2:3:7:20:25:53
5394,0:1:2:3:7:20:26:48
5395,0:1:2:3:7:20:26:54
5396,0:1:2:3:7:20:27:48
5397,0:1:2:3:7:20:27:55
5398,0:1:2:3:7:20:28:48
5399,0:1:2:3:7:20:28:56
5400,0:1:2:3:7:20:29:48
5401,0:1:2:3:7:20:29:57
5402,0:1:2:3:7:20:30:48
5403,0:1:2:3:7:20:30:58
5404,0:1:2:3:7:20:31:48
5405,0:1:2:3:7:20:31:59
5406,0:1:2:3:7:20:32:48
5407,0:1:2:3:7:20:32:60
5408,0:1:2:3:7:20:33:48
5409,0:1:2:3:7:20:33:61
5410,0:1:2:3:7:20:34:48
5411,0:1:2:3:7:20:34:62
5412,0:1:2:3:7:20:35:48
5413,0:1:2:3:7:20:35:63
5414,0:1:2:3:7:20:36:48
5415,0:1:2:3:7:20:37:48
5416,0:1:2:3:7:20:38:48
5417,0:1:2:3:7:20:39:48
5418,0:1:2:3:7:20:40:48
5419,0:1:2:3:7:20:41:48
5420,0:1:2:3:7:20:42:48
5421,0:1:2:3:7:20:43:48
5422,0:1:2:3:7:20:44:48
5423,0:1:2:3:7:20:45:48
5424,0:1:2:3:7:20:46:48
5425,0:1:2:3:7:20:47:48
5426,0:1:2:3:7:20:48:49
5427,0:1:2:3:7:20:48:50
5428,0:1:2:3:7:20:48:51
5429,0:1:2:3:7:20:48:52
5430,0:1:2:3:7:20:48:53
5431,0:1:2:3:7:20:48:54
5432,0:1:2:3:7:20:48:55
5433,0:1:2:3:7:20:48:56
5434,0:1:2:3:7:20:48:57
5435,0:1:2:3:7:20:48:58
5436,0:1:2:3:7:20:48:59
5437,0:1:2:3:7:20:48:60
5438,0:1:2:3:7:20:48:61
5439,0:1:2:3:7:20:48:62
5440,0:1:2:3:7:20:48:63
5441,0:1:2:3:7:21:22:49
5442,0:1:2:3:7:21:22:50
5443,0:1:2:3:7:21:23:49
5444,0:1:2:3:7:21:23:51
5445,0:1:2:3:7:21:24:49
5446,0:1:2:3:7:21:24:52
5447,0:1:2:3:7:21:25:49
5448,0:1:2:3:7:21:25:53
5449,0:1:2:3:7:21:26:49
5450,0:1:2:3:7:21:26:54
5451,0:1:2:3:7:21:27:49
5452,0:1:2:3:7:21:27:55
5453,0:1:2:3:7:21:28:49
5454,0:1:2:3:7:21:28:56
5455,0:1:2:3:7:21:29:49
5456,0:1:2:3:7:21:29:57
5457,0:1:2:3:7:21:30:49
5458,0:1:2:3:7:21:30:58
5459,0:1:2:3:7:21:31:49
5460,0:1:2:3:7:21:31:59
5461,0:1:2:3:7:21:32:49
5462,0:1:2:3:7:21:32:60
5463,0:1:2:3:7:21:33:49
5464,0:1:2:3:7:21:33:61
5465,0:1:2:3:7:21:34:49
5466,0:1:2:3:7:21:34:62
5467,0:1:2:3:7:21:35:49
5468,0:1:2:3:7:21:35:63
5469,0:1:2:3:7:21:36:49
5470,0:1:2:3:7:21:37:49
5471,0:1:2:3:7:21:38:49
5472,0:1:2:3:7:21:39:49
5473,0:1:2:3:7:21:40:49
5474,0:1:2:3:7:21:41:49
5475,0:1:2:3:7:21:42:49
5476,0:1:2:3:7:21:43:49
5477,0:1:2:3:7:21:44:49
5478,0:1:2:3:7:21:45:49
5479,0:1:2:3:7:21:46:49
5480,0:1:2:3:7:21:47:49
5481,0:1:2:3:7:21:48:49
5482,0:1:2:3:7:21:49:50
5483,0:1:2:3:7:21:49:51
5484,0:1:2:3:7:21:49:52
5485,0:1:2:3:7:21:49:53
5486,0:1:2:3:7:21:49:54
5487,0:1:2:3:7:21:49:55
5488,0:1:2:3:7:21:49:56
5489,0:1:2:3:7:21:49:57
5490,0:1:2:3:7:21:49:58
5491,0:1:2:3:7:21:49:59
5492,0:1:2:3:7:21:49:60
5493,0:1:2:3:7:21:49:61
5494,0:1:2:3:7:21:49:62
5495,0:1:2:3:7:21:49:63
5496,0:1:2:3:7:22:23:50
5497,0:1:2:3:7:22:23:51
5498,0:1:2:3:7:22:24:50
5499,0:1:2:3:7:22:24:52
5500,0:1:2:3:7:22:25:50
5501,0:1:2:3:7:22:25:53
5502,0:1:2:3:7:22:26:50
5503,0:1:2:3:7:22:26:54
5504,0:1:2:3:7:22:27:50
5505,0:1:2:3:7:22:27:55
5506,0:1:2:3:7:22:28:50
5507,0:1:2:3:7:22:28:56
5508,0:1:2:3:7:22:29:50
5509,0:1:2:3:7:22:29:57
5510,0:1:2:3:7:22:30:50
5511,0:1:2:3:7:22:30:58
5512,0:1:2:3:7:22:31:50
5513,0:1:2:3:7:22:31:59
5514,0:1:2:3:7:22:32:50
5515,0:1:2:3:7:22:32:60
5516,0:1:2:3:7:22:33:50
5517,0:1:2:3:7:22:33:61
5518,0:1:2:3:7:22:34:50
5519,0:1:2:3:7:22:34:62
5520,0:1:2:3:7:22:35:50
5521,0:1:2:3:7:22:35:63
5522,0:1:2:3:7:22:36:50
5523,0:1:2:3:7:22:37:50
5524,0:1:2:3:7:22:38:50
5525,0:1:2:3:7:22:39:50
5526,0:1:2:3:7:22:40:50
5527,0:1:2:3:7:22:41:50
5528,0:1:2:3:7:22:42:50
5529,0:1:2:3:7:22:43:50
5530,0:1:2:3:7:22:44:50
5531,0:1:2:3:7:22:45:50
5532,0:1:2:3:7:22:46:50
5533,0:1:2:3:7:22:47:50
5534,0:1:2:3:7:22:48:50
5535,0:1:2:3:7:22:49:50
5536,0:1:2:3:7:22:50:51
5537,0:1:2:3:7:22:50:52
5538,0:1:2:3:7:22:50:53
5539,0:1:2:3:7:22:50:54
5540,0:1:2:3:7:22:50:55
5541,0:1:2:3:7:22:50:56
5542,0:1:2:3:7:22:50:57
5543,0:1:2:3:7:22:50:58
5544,0:1:2:3:7:22:50:59
5545,0:1:2:3:7:22:50:60
5546,0:1:2:3:7:22:50:61
5547,0:1:2:3:7:22:50:62
5548,0:1:2:3:7:22:50:63
5549,0:1:2:3:7:23:24:51
5550,0:1:2:3:7:23:24:52
5551,0:1:2:3:7:23:25:51
5552,0:1:2:3:7:23:25:53
5553,0:1:2:3:7:23:26:51
5554,0:1:2:3:7:23:26:54
5555,0:1:2:3:7:23:27:51
5556,0:1:2:3:7:23:27:55
5557,0:1:2:3:7:23:28:51
5558,0:1:2:3:7:23:28:56
5559,0:1:2:3:7:23:29:51
5560,0:1:2:3:7:23:29:57
5561,0:1:2:3:7:23:30:51
5562,0:1:2:3:7:23:30:58
5563,0:1:2:3:7:23:31:51
5564,0:1:2:3:7:23:31:59
5565,0:1:2:3:7:23:32:51
5566,0:1:2:3:7:23:32:60
5567,0:1:2:3:7:23:33:51
5568,0:1:2:3:7:23:33:61
5569,0:1:2:3:7:23:34:51
5570,0:1:2:3:7:23:34:62
5571,0:1:2:3:7:23:35:51
5572,0:1:2:3:7:23:35:63
5573,0:1:2:3:7:23:36:51
5574,0:1:2:3:7:23:37:51
5575,0:1:2:3:7:23:38:51
5576,0:1:2:3:7:23:39:51
5577,0:1:2:3:7:23:40:51
5578,0:1:2:3:7:23:41:51
5579,0:1:2:3:7:23:42:51
5580,0:1:2:3:7:23:43:51
5581,0:1:2:3:7:23:44:51
5582,0:1:2:3:7:23:45:51
5583,0:1:2:3:7:23:46:51
5584,0:1:2:3:7:23:47:51
5585,0:1:2:3:7:23:48:51
5586,0:1:2:3:7:23:49:51
5587,0:1:2:3:7:23:50:51
5588,0:1:2:3:7:23:51:52
5589,0:1:2:3:7:23:51:53
5590,0:1:2:3:7:23:51:54
5591,0:1:2:3:7:23:51:55
5592,0:1:2:3:7:23:51:56
5593,0:1:2:3:7:23:51:57
5594,0:1:2:3:7:23:51:58
5595,0:1:2:3:7:23:51:59
5596,0:1:2:3:7:23:51:60
5597,0:1:2:3:7:23:51:61
5598,0:1:2:3:7:23:51:62
5599,0:1:2:3:7:23:51:63
5600,0:1:2:3:7:24:25:52
5601,0:1:2:3:7:24:25:53
5602,0:1:2:3:7:24:26:52
5603,0:1:2:3:7:24:26:54
5604,0:1:2:3:7:24:27:52
5605,0:1:2:3:7:24:27:55
5606,0:1:2:3:7:24:28:52
5607,0:1:2:3:7:24:28:56
5608,0:1:2:3:7:24:29:52
5609,0:1:2:3:7:24:29:57
5610,0:1:2:3:7:24:30:52
5611,0:1:2:3:7:24:30:58
5612,0:1:2:3:7:24:31:52
5613,0:1:2:3:7:24:31:59
5614,0:1:2:3:7:24:32:52
5615,0:1:2:3:7:24:32:60
5616,0:1:2:3:7:24:33:52
5617,0:1:2:3:7:24:33:61
5618,0:1:2:3:7:24:34:52
5619,0:1:2:3:7:24:34:62
5620,0:1:2:3:7:24:35:52
5621,0:1:2:3:7:24:35:63
5622,0:1:2:3:7:24:36:52
5623,0:1:2:3:7:24:37:52
5624,0:1:2:3:7:24:38:52
5625,0:1:2:3:7:24:39:52
5626,0:1:2:3:7:24:40:52
5627,0:1:2:3:7:24:41:52
5628,0:1:2:3:7:24:42:52
5629,0:1:2:3:7:24:43:52
5630,0:1:2:3:7:24:44:52
5631,0:1:2:3:7:24:45:52
5632,0:1:2:3:7:24:46:52
5633,0:1:2:3:7:24:47:52
5634,0:1:2:3:7:24:48:52
5635,0:1:2:3:7:24:49:52
5636,0:1:2:3:7:24:50:52
5637,0:1:2:3:7:24:51:52
5638,0:1:2:3:7:24:52:53
5639,0:1:2:3:7:24:52:54
5640,0:1:2:3:7:24:52:55
5641,0:1:2:3:7:24:52:56
5642,0:1:2:3:7:24:52:57
5643,0:1:2:3:7:24:52:58
5644,0:1:2:3:7:24:52:59
5645,0:1:2:3:7:24:52:60
5646,0:1:2:3:7:24:52:61
5647,0:1:2:3:7:24:52:62
5648,0:1:2:3:7:24:52:63
5649,0:1:2:3:7:25:26:53
5650,0:1:2:3:7:25:26:54
5651,0:1:2:3:7:25:27:53
5652,0:1:2:3:7:25:27:55
5653,0:1:2:3:7:25:28:53
5654,0:1:2:3:7:25:28:56
5655,0:1:2:3:7:25:29:53
5656,0:1:2:3:7:25:29:57
5657,0:1:2:3:7:25:30:53
5658,0:1:2:3:7:25:30:58
5659,0:1:2:3:7:25:31:53
5660,0:1:2:3:7:25:31:59
5661,0:1:2:3:7:25:32:53
5662,0:1:2:3:7:25:32:60
5663,0:1:2:3:7:25:33:53
5664,0:1:2:3:7:25:33:61
5665,0:1:2:3:7:25:34:53
5666,0:1:2:3:7:25:34:62
5667,0:1:2:3:7:25:35:53
5668,0:1:2:3:7:25:35:63
5669,0:1:2:3:7:25:36:53
5670,0:1:2:3:7:25:37:53
5671,0:1:2:3:7:25:38:53
5672,0:1:2:3:7:25:39:53
5673,0:1:2:3:7:25:40:53
5674,0:1:2:3:7:25:41:53
5675,0:1:2:3:7:25:42:53
5676,0:1:2:3:7:25:43:53
5677,0:1:2:3:7:25:44:53
5678,0:1:2:3:7:25:45:53
5679,0:1:2:3:7:25:46:53
5680,0:1:2:3:7:25:47:53
5681,0:1:2:3:7:25:48:53
5682,0:1:2:3:7:25:49:53
5683,0:1:2:3:7:25:50:53
5684,0:1:2:3:7:25:51:53
5685,0:1:2:3:7:25:52:53
5686,0:1:2:3:7:25:53:54
5687,0:1:2:3:7:25:53:55
5688,0:1:2:3:7:25:53:56
5689,0:1:2:3:7:25:53:57
5690,0:1:2:3:7:25:53:58
5691,0:1:2:3:7:25:53:59
5692,0:1:2:3:7:25:53:60
5693,0:1:2:3:7:25:53:61
5694,0:1:2:3:7:25:53:62
5695,0:1:2:3:7:25:53:63
5696,0:1:2:3:7:26:27:54
5697,0:1:2:3:7:26:27:55
5698,0:1:2:3:7:26:28:54
5699,0:1:2:3:7:26:28:56
5700,0:1:2:3:7:26:29:54
5701,0:1:2:3:7:26:29:57
5702,0:1:2:3:7:26:30:54
5703,0:1:2:3:7:26:30:58
5704,0:1:2:3:7:26:31:54
5705,0:1:2:3:7:26:31:59
5706,0:1:2:3:7:26:32:54
5707,0:1:2:3:7:26:32:60
5708,0:1:2:3:7:26:33:54
5709,0:1:2:3:7:26:33:61
5710,0:1:2:3:7:26:34:54
5711,0:1:2:3:7:26:34:62
5712,0:1:2:3:7:26:35:54
5713,0:1:2:3:7:26:35:63
5714,0:1:2:3:7:26:36:54
5715,0:1:2:3:7:26:37:54
5716,0:1:2:3:7:26:38:54
5717,0:1:2:3:7:26:39:54
5718,0:1:2:3:7:26:40:54
5719,0:1:2:3:7:26:41:54
5720,0:1:2:3:7:26:42:54
5721,0:1:2:3:7:26:43:54
5722,0:1:2:3:7:26:44:54
5723,0:1:2:3:7:26:45:54
5724,0:1:2:3:7:26:46:54
5725,0:1:2:3:7:26:47:54
5726,0:1:2:3:7:26:48:54
5727,0:1:2:3:7:26:49:54
5728,0:1:2:3:7:26:50:54
5729,0:1:2:3:7:26:51:54
5730,0:1:2:3:7:26:52:54
5731,0:1:2:3:7:26:53:54
5732,0:1:2:3:7:26:54:55
5733,0:1:2:3:7:26:54:56
5734,0:1:2:3:7:26:54:57
5735,0:1:2:3:7:26:54:58
5736,0:1:2:3:7:26:54:59
5737,0:1:2:3:7:26:54:60
5738,0:1:2:3:7:26:54:61
5739,0:1:2:3:7:26:54:62
5740,0:1:2:3:7:26:54:63
5741,0:1:2:3:7:27:28:55
5742,0:1:2:3:7:27:28:56
5743,0:1:2:3:7:27:29:55
5744,0:1:2:3:7:27:29:57
5745,0:1:2:3:7:27:30:55
5746,0:1:2:3:7:27:30:58
5747,0:1:2:3:7:27:31:55
5748,0:1:2:3:7:27:31:59
5749,0:1:2:3:7:27:32:55
5750,0:1:2:3:7:27:32:60
5751,0:1:2:3:7:27:33:55
5752,0:1:2:3:7:27:33:61
5753,0:1:2:3:7:27:34:55
5754,0:1:2:3:7:27:34:62
5755,0:1:2:3:7:27:35:55
5756,0:1:2:3:7:27:35:63
5757,0:1:2:3:7:27:36:55
5758,0:1:2:3:7:27:37:55
5759,0:1:2:3:7:27:38:55
5760,0:1:2:3:7:27:39:55
5761,0:1:2:3:7:27:40:55
5762,0:1:2:3:7:27:41:55
5763,0:1:2:3:7:27:42:55
5764,0:1:2:3:7:27:43:55
5765,0:1:2:3:7:27:44:55
5766,0:1:2:3:7:27:45:55
5767,0:1:2:3:7:27:46:55
5768,0:1:2:3:7:27:47:55
5769,0:1:2:3:7:27:48:55
5770,0:1:2:3:7:27:49:55
5771,0:1:2:3:7:27:50:55
5772,0:1:2:3:7:27:51:55
5773,0:1:2:3:7:27:52:55
5774,0:1:2:3:7:27:53:55
5775,0:1:2:3:7:27:54:55
5776,0:1:2:3:7:27:55:56
5777,0:1:2:3:7:27:55:57
5778,0:1:2:3:7:27:55:58
5779,0:1:2:3:7:27:55:59
5780,0:1:2:3:7:27:55:60
5781,0:1:2:3:7:27:55:61
5782,0:1:2:3:7:27:55:62
5783,0:1:2:3:7:27:55:63
5784,0:1:2:3:7:28:29:56
5785,0:1:2:3:7:28:29:57
5786,0:1:2:3:7:28:30:56
5787,0:1:2:3:7:28:30:58
5788,0:1:2:3:7:28:31:56
5789,0:1:2:3:7:28:31:59
5790,0:1:2:3:7:28:32:56
5791,0:1:2:3:7:28:32:60
5792,0:1:2:3:7:28:33:56
5793,0:1:2:3:7:28:33:61
5794,0:1:2:3:7:28:34:56
5795,0:1:2:3:7:28:34:62
5796,0:1:2:3:7:28:35:56
5797,0:1:2:3:7:28:35:63
5798,0:1:2:3:7:28:36:56
5799,0:1:2:3:7:28:37:56
5800,0:1:2:3:7:28:38:56
5801,0:1:2:3:7:28:39:56
5802,0:1:2:3:7:28:40:56
5803,0:1:2:3:7:28:41:56
5804,0:1:2:3:7:28:42:56
5805,0:1:2:3:7:28:43:56
5806,0:1:2:3:7:28:44:56
5807,0:1:2:3:7:28:45:56
5808,0:1:2:3:7:28:46:56
5809,0:1:2:3:7:28:47:56
5810,0:1:2:3:7:28:48:56
5811,0:1:2:3:7:28:49:56
5812,0:1:2:3:7:28:50:56
5813,0:1:2:3:7:28:51:56
5814,0:1:2:3:7:28:52:56
5815,0:1:2:3:7:28:53:56
5816,0:1:2:3:7:28:54:56
5817,0:1:2:3:7:28:55:56
5818,0:1:2:3:7:28:56:57
5819,0:1:2:3:7:28:56:58
5820,0:1:2:3:7:28:56:59
5821,0:1:2:3:7:28:56:60
5822,0:1:2:3:7:28:56:61
5823,0:1:2:3:7:28:56:62
5824,0:1:2:3:7:28:56:63
5825,0:1:2:3:7:29:30:57
5826,0:1:2:3:7:29:30:58
5827,0:1:2:3:7:29:31:57
5828,0:1:2:3:7:29:31:59
5829,0:1:2:3:7:29:32:57
5830,0:1:2:3:7:29:32:60
5831,0:1:2:3:7:29:33:57
5832,0:1:2:3:7:29:33:61
5833,0:1:2:3:7:29:34:57
5834,0:1:2:3:7:29:34:62
5835,0:1:2:3:7:29:35:57
5836,0:1:2:3:7:29:35:63
5837,0:1:2:3:7:29:36:57
5838,0:1:2:3:7:29:37:57
5839,0:1:2:3:7:29:38:57
5840,0:1:2:3:7:29:39:57
5841,0:1:2:3:7:29:40:57
5842,0:1:2:3:7:29:41:57
5843,0:1:2:3:7:29:42:57
5844,0:1:2:3:7:29:43:57
5845,0:1:2:3:7:29:44:57
5846,0:1:2:3:7:29:45:57
5847,0:1:2:3:7:29:46:57
5848,0:1:2:3:7:29:47:57
5849,0:1:2:3:7:29:48:57
5850,0:1:2:3:7:29:49:57
5851,0:1:2:3:7:29:50:57
5852,0:1:2:3:7:29:51:57
5853,0:1:2:3:7:29:52:57
5854,0:1:2:3:7:29:53:57
5855,0:1:2:3:7:29:54:57
5856,0:1:2:3:7:29:55:57
5857,0:1:2:3:7:29:56:57
5858,0:1:2:3:7:29:57:58
5859,0:1:2:3:7:29:57:59
5860,0:1:2:3:7:29:57:60
5861,0:1:2:3:7:29:57:61
5862,0:1:2:3:7:29:57:62
5863,0:1:2:3:7:29:57:63
5864,0:1:2:3:7:30:31:58
5865,0:1:2:3:7:30:31:59
5866,0:1:2:3:7:30:32:58
5867,0:1:2:3:7:30:32:60
5868,0:1:2:3:7:30:33:58
5869,0:1:2:3:7:30:33:61
5870,0:1:2:3:7:30:34:58
5871,0:1:2:3:7:30:34:62
5872,0:1:2:3:7:30:35:58
5873,0:1:2:3:7:30:35:63
5874,0:1:2:3:7:30:36:58
5875,0:1:2:3:7:30:37:58
5876,0:1:2:3:7:30:38:58
5877,0:1:2:3:7:30:39:58
5878,0:1:2:3:7:30:40:58
5879,0:1:2:3:7:30:41:58
5880,0:1:2:3:7:30:42:58
5881,0:1:2:3:7:30:43:58
5882,0:1:2:3:7:30:44:58
5883,0:1:2:3:7:30:45:58
5884,0:1:2:3:7:30:46:58
5885,0:1:2:3:7:30:47:58
5886,0:1:2:3:7:30:48:58
5887,0:1:2:3:7:30:49:58
5888,0:1:2:3:7:30:50:58
5889,0:1:2:3:7:30:51:58
5890,0:1:2:3:7:30:52:58
5891,0:1:2:3:7:30:53:58
5892,0:1:2:3:7:30:54:58
5893,0:1:2:3:7:30:55:58
5894,0:1:2:3:7:30:56:58
5895,0:1:2:3:7:30:57:58
5896,0:1:2:3:7:30:58:59
5897,0:1:2:3:7:30:58:60
5898,0:1:2:3:7:30:58:61
5899,0:1:2:3:7:30:58:62
5900,0:1:2:3:7:30:58:63
5901,0:1:2:3:7:31:32:59
5902,0:1:2:3:7:31:32:60
5903,0:1:2:3:7:31:33:59
5904,0:1:2:3:7:31:33:61
5905,0:1:2:3:7:31:34:59
5906,0:1:2:3:7:31:34:62
5907,0:1:2:3:7:31:35:59
5908,0:1:2:3:7:31:35:63
5909,0:1:2:3:7:31:36:59
5910,0:1:2:3:7:31:37:59
5911,0:1:2:3:7:31:38:59
5912,0:1:2:3:7:31:39:59
5913,0:1:2:3:7:31:40:59
5914,0:1:2:3:7:31:41:59
5915,0:1:2:3:7:31:42:59
5916,0:1:2:3:7:31:43:59
5917,0:1:2:3:7:31:44:59
5918,0:1:2:3:7:31:45:59
5919,0:1:2:3:7:31:46:59
5920,0:1:2:3:7:31:47:59
5921,0:1:2:3:7:31:48:59
5922,0:1:2:3:7:31:49:59
5923,0:1:2:3:7:31:50:59
5924,0:1:2:3:7:31:51:59
5925,0:1:2:3:7:31:52:59
5926,0:1:2:3:7:31:53:59
5927,0:1:2:3:7:31:54:59
5928,0:1:2:3:7:31:55:59
5929,0:1:2:3:7:31:56:59
5930,0:1:2:3:7:31:57:59
5931,0:1:2:3:7:31:58:59
5932,0:1:2:3:7:31:59:60
5933,0:1:2:3:7:31:59:61
5934,0:1:2:3:7:31:59:62
5935,0:1:2:3:7:31:59:63
5936,0:1:2:3:7:32:33:60
5937,0:1:2:3:7:32:33:61
5938,0:1:2:3:7:32:34:60
5939,0:1:2:3:7:32:34:62
5940,0:1:2:3:7:32:35:60
5941,0:1:2:3:7:32:35:63
5942,0:1:2:3:7:32:36:60
5943,0:1:2:3:7:32:37:60
5944,0:1:2:3:7:32:38:60
5945,0:1:2:3:7:32:39:60
5946,0:1:2:3:7:32:40:60
5947,0:1:2:3:7:32:41:60
5948,0:1:2:3:7:32:42:60
5949,0:1:2:3:7:32:43:60
5950,0:1:2:3:7:32:44:60
5951,0:1:2:3:7:32:45:60
5952,0:1:2:3:7:32:46:60
5953,0:1:2:3:7:32:47:60
5954,0:1:2:3:7:32:48:60
5955,0:1:2:3:7:32:49:60
5956,0:1:2:3:7:32:50:60
5957,0:1:2:3:7:32:51:60
5958,0:1:2:3:7:32:52:60
5959,0:1:2:3:7:32:53:60
5960,0:1:2:3:7:32:54:60
5961,0:1:2:3:7:32:55:60
5962,0:1:2:3:7:32:56:60
5963,0:1:2:3:7:32:57:60
5964,0:1:2:3:7:32:58:60
5965,0:1:2:3:7:32:59:60
5966,0:1:2:3:7:32:60:61
5967,0:1:2:3:7:32:60:62
5968,0:1:2:3:7:32:60:63
5969,0:1:2:3:7:33:34:61
5970,0:1:2:3:7:33:34:62
5971,0:1:2:3:7:33:35:61
5972,0:1:2:3:7:33:35:63
5973,0:1:2:3:7:33:36:61
5974,0:1:2:3:7:33:37:61
5975,0:1:2:3:7:33:38:61
5976,0:1:2:3:7:33:39:61
5977,0:1:2:3:7:33:40:61
5978,0:1:2:3:7:33:41:61
5979,0:1:2:3:7:33:42:61
5980,0:1:2:3:7:33:43:61
5981,0:1:2:3:7:33:44:61
5982,0:1:2:3:7:33:45:61
5983,0:1:2:3:7:33:46:61
5984,0:1:2:3:7:33:47:61
5985,0:1:2:3:7:33:48:61
5986,0:1:2:3:7:33:49:61
5987,0:1:2:3:7:33:50:61
5988,0:1:2:3:7:33:51:61
5989,0:1:2:3:7:33:52:61
5990,0:1:2:3:7:33:53:61
5991,0:1:2:3:7:33:54:61
5992,0:1:2:3:7:33:55:61
5993,0:1:2:3:7:33:56:61
5994,0:1:2:3:7:33:57:61
5995,0:1:2:3:7:33:58:61
5996,0:1:2:3:7:33:59:61
5997,0:1:2:3:7:33:60:61
5998,0:1:2:3:7:33:61:62
5999,0:1:2:3:7:33:61:63
6000,0:1:2:3:7:34:35:62
6001,0:1:2:3:7:34:35:63
6002,0:1:2:3:7:34:36:62
6003,0:1:2:3:7:34:37:62
6004,0:1:2:3:7:34:38:62
6005,0:1:2:3:7:34:39:62
6006,0:1:2:3:7:34:40:62
6007,0:1:2:3:7:34:41:62
6008,0:1:2:3:7:34:42:62
6009,0:1:2:3:7:34:43:62
6010,0:1:2:3:7:34:44:62
6011,0:1:2:3:7:34:45:62
6012,0:1:2:3:7:34:46:62
6013,0:1:2:3:7:34:47:62
6014,0:1:2:3:7:34:48:62
6015,0:1:2:3:7:34:49:62
6016,0:1:2:3:7:34:50:62
6017,0:1:2:3:7:34:51:62
6018,0:1:2:3:7:34:52:62
6019,0:1:2:3:7:34:53:62
6020,0:1:2:3:7:34:54:62
6021,0:1:2:3:7:34:55:62
6022,0:1:2:3:7:34:56:62
6023,0:1:2:3:7:34:57:62
6024,0:1:2:3:7:34:58:62
6025,0:1:2:3:7:34:59:62
6026,0:1:2:3:7:34:60:62
6027,0:1:2:3:7:34:61:62
6028,0:1:2:3:7:34:62:63
6029,0:1:2:3:7:35:36:63
6030,0:1:2:3:7:35:37:63
6031,0:1:2:3:7:35:38:63
6032,0:1:2:3:7:35:39:63
6033,0:1:2:3:7:35:40:63
6034,0:1:2:3:7:35:41:63
6035,0:1:2:3:7:35:42:63
6036,0:1:2:3:7:35:43:63
6037,0:1:2:3:7:35:44:63
6038,0:1:2:3:7:35:45:63
6039,0:1:2:3:7:35:46:63
6040,0:1:2:3:7:35:47:63
6041,0:1:2:3:7:35:48:63
6042,0:1:2:3:7:35:49:63
6043,0:1:2:3:7:35:50:63
6044,0:1:2:3:7:35:51:63
6045,0:1:2:3:7:35:52:63
6046,0:1:2:3:7:35:53:63
6047,0:1:2:3:7:35:54:63
6048,0:1:2:3:7:35:55:63
6049,0:1:2:3:7:35:56:63
6050,0:1:2:3:7:35:57:63
6051,0:1:2:3:7:35:58:63
6052,0:1:2:3:7:35:59:63
6053,0:1:2:3:7:35:60:63
6054,0:1:2:3:7:35:61:63
6055,0:1:2:3:7:35:62:63
6056,0:1:2:4:5:8:22:36
6057,0:1:2:4:5:8:22:50
6058,0:1:2:4:5:8:36:50
6059,0:1:2:4:5:9:23:37
6060,0:1:2:4:5:9:23:51
6061,0:1:2:4:5:9:37:51
6062,0:1:2:4:5:10:24:38
6063,0:1:2:4:5:10:24:52
6064,0:1:2:4:5:10:38:52
6065,0:1:2:4:5:11:25:39
6066,0:1:2:4:5:11:25:53
6067,0:1:2:4:5:11:39:53
6068,0:1:2:4:5:12:19:53
6069,0:1:2:4:5:12:26:40
6070,0:1:2:4:5:12:26:54
6071,0:1:2:4:5:12:40:54
6072,0:1:2:4:5:13:27:41
6073,0:1:2:4:5:13:27:55
6074,0:1:2:4:5:13:41:55
6075,0:1:2:4:5:14:28:42
6076,0:1:2:4:5:14:28:56
6077,0:1:2:4:5:14:42:56
6078,0:1:2:4:5:15:29:43
6079,0:1:2:4:5:15:29:57
6080,0:1:2:4:5:15:43:57
6081,0:1:2:4:5:16:30:44
6082,0:1:2:4:5:16:30:58
6083,0:1:2:4:5:16:44:58
6084,0:1:2:4:5:17:31:45
6085,0:1:2:4:5:17:31:59
6086,0:1:2:4:5:17:45:59
6087,0:1:2:4:5:18:32:46
6088,0:1:2:4:5:18:32:60
6089,0:1:2:4:5:18:46:60
6090,0:1:2:4:5:19:33:47
6091,0:1:2:4:5:19:33:61
6092,0:1:2:4:5:19:47:61
6093,0:1:2:4:5:20:34:48
6094,0:1:2:4:5:20:34:62
6095,0:1:2:4:5:20:48:62
6096,0:1:2:4:5:21:35:49
6097,0:1:2:4:5:21:35:63
6098,0:1:2:4:5:21:49:63
6099,0:1:2:4:5:22:36:50
6100,0:1:2:4:5:23:37:51
6101,0:1:2:4:5:24:38:52
6102,0:1:2:4:5:25:39:53
6103,0:1:2:4:5:26:40:54
6104,0:1:2:4:5:27:41:55
6105,0:1:2:4:5:28:42:56
6106,0:1:2:4:5:29:43:57
6107,0:1:2:4:5:30:44:58
6108,0:1:2:4:5:31:45:59
6109,0:1:2:4:5:32:46:60
6110,0:1:2:4:5:33:47:61
6111,0:1:2:4:5:34:48:62
6112,0:1:2:4:5:35:49:63
6113,0:1:2:4:7:13:15:32
6114,0:1:2:4:7:17:18:62
6115,0:1:2:5:6:24:27:46
6116,0:1:2:5:7:20:33:40
6117,0:1:2:6:7:8:22:36
6118,0:1:2:6:7:8:22:50
6119,0:1:2:6:7:8:36:50
6120,0:1:2:6:7:9:23:37
6121,0:1:2:6:7:9:23:51
6122,0:1:2:6:7:9:37:51
6123,0:1:2:6:7:10:24:38
6124,0:1:2:6:7:10:24:52
6125,0:1:2:6:7:10:38:52
6126,0:1:2:6:7:11:25:39
6127,0:1:2:6:7:11:25:53
6128,0:1:2:6:7:11:39:53
6129,0:1:2:6:7:12:26:40
6130,0:1:2:6:7:12:26:54
6131,0:1:2:6:7:12:40:54
6132,0:1:2:6:7:13:27:41
6133,0:1:2:6:7:13:27:55
6134,0:1:2:6:7:13:41:55
6135,0:1:2:6:7:14:28:42
6136,0:1:2:6:7:14:28:56
6137,0:1:2:6:7:14:42:56
6138,0:1:2:6:7:15:29:43
6139,0:1:2:6:7:15:29:57
6140,0:1:2:6:7:15:43:57
6141,0:1:2:6:7:16:30:44
6142,0:1:2:6:7:16:30:58
6143,0:1:2:6:7:16:44:58
6144,0:1:2:6:7:17:31:45
6145,0:1:2:6:7:17:31:59
6146,0:1:2:6:7:17:45:59
6147,0:1:2:6:7:18:32:46
6148,0:1:2:6:7:18:32:60
6149,0:1:2:6:7:18:46:60
6150,0:1:2:6:7:19:33:47
6151,0:1:2:6:7:19:33:61
6152,0:1:2:6:7:19:47:61
6153,0:1:2:6:7:20:34:48
6154,0:1:2:6:7:20:34:62
6155,0:1:2:6:7:20:48:62
6156,0:1:2:6:7:21:35:49
6157,0:1:2:6:7:21:35:63
6158,0:1:2:6:7:21:49:63
6159,0:1:2:6:7:22:36:50
6160,0:1:2:6:7:23:37:51
6161,0:1:2:6:7:24:38:52
6162,0:1:2:6:7:25:39:53
6163,0:1:2:6:7:26:40:54
6164,0:1:2:6:7:27:41:55
6165,0:1:2:6:7:28:42:56
6166,0:1:2:6:7:29:43:57
6167,0:1:2:6:7:30:44:58
6168,0:1:2:6:7:31:45:59
6169,0:1:2:6:7:32:46:60
6170,0:1:2:6:7:33:47:61
6171,0:1:2:6:7:34:48:62
6172,0:1:2:6:7:35:49:63
6173,0:1:3:4:5:8:22:36
6174,0:1:3:4:5:8:22:50
6175,0:1:3:4:5:8:36:50
6176,0:1:3:4:5:9:23:37
6177,0:1:3:4:5:9:23:51
6178,0:1:3:4:5:9:37:51
6179,0:1:3:4:5:10:24:38
6180,0:1:3:4:5:10:24:52
6181,0:1:3:4:5:10:38:52
6182,0:1:3:4:5:11:25:39
6183,0:1:3:4:5:11:25:53
6184,0:1:3:4:5:11:39:53
6185,0:1:3:4:5:12:26:40
6186,0:1:3:4:5:12:26:54
6187,0:1:3:4:5:12:40:54
6188,0:1:3:4:5:13:27:41
6189,0:1:3:4:5:13:27:55
6190,0:1:3:4:5:13:41:55
6191,0:1:3:4:5:14:28:42
6192,0:1:3:4:5:14:28:56
6193,0:1:3:4:5:14:42:56
6194,0:1:3:4:5:15:29:43
6195,0:1:3:4:5:15:29:57
6196,0:1:3:4:5:15:43:57
6197,0:1:3:4:5:16:30:44
6198,0:1:3:4:5:16:30:58
6199,0:1:3:4:5:16:44:58
6200,0:1:3:4:5:17:31:45
6201,0:1:3:4:5:17:31:59
6202,0:1:3:4:5:17:45:59
6203,0:1:3:4:5:18:32:46
6204,0:1:3:4:5:18:32:60
6205,0:1:3:4:5:18:46:60
6206,0:1:3:4:5:19:33:47
6207,0:1:3:4:5:19:33:61
6208,0:1:3:4:5:19:47:61
6209,0:1:3:4:5:20:34:48
6210,0:1:3:4:5:20:34:62
6211,0:1:3:4:5:20:48:62
6212,0:1:3:4:5:21:35:49
6213,0:1:3:4:5:21:35:63
6214,0:1:3:4:5:21:49:63
6215,0:1:3:4:5:22:36:50
6216,0:1:3:4:5:23:37:51
6217,0:1:3:4:5:24:38:52
6218,0:1:3:4:5:25:39:53
6219,0:1:3:4:5:26:40:54
6220,0:1:3:4:5:27:41:55
6221,0:1:3:4:5:28:42:56
6222,0:1:3:4:5:29:43:57
6223,0:1:3:4:5:30:44:58
6224,0:1:3:4:5:31:45:59
6225,0:1:3:4:5:32:46:60
6226,0:1:3:4:5:33:47:61
6227,0:1:3:4:5:34:48:62
6228,0:1:3:4:5:35:49:63
6229,0:1:3:4:5:48:59:63
6230,0:1:3:5:6:36:42:51
6231,0:1:3:6:7:8:22:36
6232,0:1:3:6:7:8:22:50
6233,0:1:3:6:7:8:36:50
6234,0:1:3:6:7:9:23:37
6235,0:1:3:6:7:9:23:51
6236,0:1:3:6:7:9:37:51
6237,0:1:3:6:7:10:24:38
6238,0:1:3:6:7:10:24:52
6239,0:1:3:6:7:10:38:52
6240,0:1:3:6:7:11:25:39
6241,0:1:3:6:7:11:25:53
6242,0:1:3:6:7:11:39:53
6243,0:1:3:6:7:12:26:40
6244,0:1:3:6:7:12:26:54
6245,0:1:3:6:7:12:40:54
6246,0:1:3:6:7:13:27:41
6247,0:1:3:6:7:13:27:55
6248,0:1:3:6:7:13:41:55
6249,0:1:3:6:7:14:28:42
6250,0:1:3:6:7:14:28:56
6251,0:1:3:6:7:14:42:56
6252,0:1:3:6:7:15:29:43
6253,0:1:3:6:7:15:29:57
6254,0:1:3:6:7:15:43:57
6255,0:1:3:6:7:16:30:44
6256,0:1:3:6:7:16:30:58
6257,0:1:3:6:7:16:44:58
6258,0:1:3:6:7:17:31:45
6259,0:1:3:6:7:17:31:59
6260,0:1:3:6:7:17:45:59
6261,0:1:3:6:7:18:32:46
6262,0:1:3:6:7:18:32:60
6263,0:1:3:6:7:18:46:60
6264,0:1:3:6:7:19:33:47
6265,0:1:3:6:7:19:33:61
6266,0:1:3:6:7:19:47:61
6267,0:1:3:6:7:20:34:48
6268,0:1:3:6:7:20:34:62
6269,0:1:3:6:7:20:48:62
6270,0:1:3:6:7:21:35:49
6271,0:1:3:6:7:21:35:63
6272,0:1:3:6:7:21:49:63
6273,0:1:3:6:7:22:36:50
6274,0:1:3:6:7:23:37:51
6275,0:1:3:6:7:24:38:52
6276,0:1:3:6:7:25:39:53
6277,0:1:3:6:7:26:40:54
6278,0:1:3:6:7:27:41:55
6279,0:1:3:6:7:28:42:56
6280,0:1:3:6:7:29:43:57
6281,0:1:3:6:7:30:44:58
6282,0:1:3:6:7:31:45:59
6283,0:1:3:6:7:32:46:60
6284,0:1:3:6:7:33:47:61
6285,0:1:3:6:7:34:48:62
6286,0:1:3:6:7:35:49:63
6287,0:1:4:5:6:8:22:36
6288,0:1:4:5:6:8:22:50
6289,0:1:4:5:6:8:36:50
6290,0:1:4:5:6:9:23:37
6291,0:1:4:5:6:9:23:51
6292,0:1:4:5:6:9:37:51
6293,0:1:4:5:6:10:24:38
6294,0:1:4:5:6:10:24:52
6295,0:1:4:5:6:10:38:52
6296,0:1:4:5:6:11:25:39
6297,0:1:4:5:6:11:25:53
6298,0:1:4:5:6:11:39:53
6299,0:1:4:5:6:12:26:40
6300,0:1:4:5:6:12:26:54
6301,0:1:4:5:6:12:40:54
6302,0:1:4:5:6:13:27:41
6303,0:1:4:5:6:13:27:55
6304,0:1:4:5:6:13:41:55
6305,0:1:4:5:6:14:28:42
6306,0:1:4:5:6:14:28:56
6307,0:1:4:5:6:14:42:56
6308,0:1:4:5:6:15:29:43
6309,0:1:4:5:6:15:29:57
6310,0:1:4:5:6:15:43:57
6311,0:1:4:5:6:16:30:44
6312,0:1:4:5:6:16:30:58
6313,0:1:4:5:6:16:44:58
6314,0:1:4:5:6:17:31:45
6315,0:1:4:5:6:17:31:59
6316,0:1:4:5:6:17:45:59
6317,0:1:4:5:6:18:32:46
6318,0:1:4:5:6:18:32:60
6319,0:1:4:5:6:18:46:60
6320,0:1:4:5:6:19:33:47
6321,0:1:4:5:6:19:33:61
6322,0:1:4:5:6:19:47:61
6323,0:1:4:5:6:20:34:48
6324,0:1:4:5:6:20:34:62
6325,0:1:4:5:6:20:48:62
6326,0:1:4:5:6:21:35:49
6327,0:1:4:5:6:21:35:63
6328,0:1:4:5:6:21:49:63
6329,0:1:4:5:6:22:36:50
6330,0:1:4:5:6:23:37:51
6331,0:1:4:5:6:24:38:52
6332,0:1:4:5:6:25:39:53
6333,0:1:4:5:6:26:40:54
6334,0:1:4:5:6:27:41:55
6335,0:1:4:5:6:28:42:56
6336,0:1:4:5:6:29:43:57
6337,0:1:4:5:6:30:44:58
6338,0:1:4:5:6:31:45:59
6339,0:1:4:5:6:32:46:60
6340,0:1:4:5:6:33:47:61
6341,0:1:4:5:6:34:48:62
6342,0:1:4:5:6:35:49:63
6343,0:1:4:5:7:8:22:36
6344,0:1:4:5:7:8:22:50
6345,0:1:4:5:7:8:36:50
6346,0:1:4:5:7:9:23:37
6347,0:1:4:5:7:9:23:51
6348,0:1:4:5:7:9:37:51
6349,0:1:4:5:7:10:24:38
6350,0:1:4:5:7:10:24:52
6351,0:1:4:5:7:10:38:52
6352,0:1:4:5:7:11:25:39
6353,0:1:4:5:7:11:25:53
6354,0:1:4:5:7:11:39:53
6355,0:1:4:5:7:12:26:40
6356,0:1:4:5:7:12:26:54
6357,0:1:4:5:7:12:40:54
6358,0:1:4:5:7:13:27:41
6359,0:1:4:5:7:13:27:55
6360,0:1:4:5:7:13:41:55
6361,0:1:4:5:7:14:28:42
6362,0:1:4:5:7:14:28:56
6363,0:1:4:5:7:14:42:56
6364,0:1:4:5:7:15:29:43
6365,0:1:4:5:7:15:29:57
6366,0:1:4:5:7:15:43:57
6367,0:1:4:5:7:16:30:44
6368,0:1:4:5:7:16:30:58
6369,0:1:4:5:7:16:44:58
6370,0:1:4:5:7:17:31:45
6371,0:1:4:5:7:17:31:59
6372,0:1:4:5:7:17:45:59
6373,0:1:4:5:7:18:32:46
6374,0:1:4:5:7:18:32:60
6375,0:1:4:5:7:18:46:60
6376,0:1:4:5:7:19:33:47
6377,0:1:4:5:7:19:33:61
6378,0:1:4:5:7:19:47:61
6379,0:1:4:5:7:20:34:48
6380,0:1:4:5:7:20:34:62
6381,0:1:4:5:7:20:48:62
6382,0:1:4:5:7:21:35:49
6383,0:1:4:5:7:21:35:63
6384,0:1:4:5:7:21:49:63
6385,0:1:4:5:7:22:36:50
6386,0:1:4:5:7:23:37:51
6387,0:1:4:5:7:24:38:52
6388,0:1:4:5:7:25:39:53
6389,0:1:4:5:7:26:40:54
6390,0:1:4:5:7:27:41:55
6391,0:1:4:5:7:28:42:56
6392,0:1:4:5:7:29:43:57
6393,0:1:4:5:7:30:44:58
6394,0:1:4:5:7:31:45:59
6395,0:1:4:5:7:32:46:60
6396,0:1:4:5:7:33:47:61
6397,0:1:4:5:7:34:48:62
6398,0:1:4:5:7:35:49:63
6399,0:1:4:6:7:8:22:36
6400,0:1:4:6:7:8:22:50
6401,0:1:4:6:7:8:36:50
6402,0:1:4:6:7:9:23:37
6403,0:1:4:6:7:9:23:51
6404,0:1:4:6:7:9:37:51
6405,0:1:4:6:7:10:24:38
6406,0:1:4:6:7:10:24:52
6407,0:1:4:6:7:10:38:52
6408,0:1:4:6:7:11:25:39
6409,0:1:4:6:7:11:25:53
6410,0:1:4:6:7:11:39:53
6411,0:1:4:6:7:12:26:40
6412,0:1:4:6:7:12:26:54
6413,0:1:4:6:7:12:40:54
6414,0:1:4:6:7:13:27:41
6415,0:1:4:6:7:13:27:55
6416,0:1:4:6:7:13:41:55
6417,0:1:4:6:7:14:28:42
6418,0:1:4:6:7:14:28:56
6419,0:1:4:6:7:14:42:56
6420,0:1:4:6:7:15:29:43
6421,0:1:4:6:7:15:29:57
6422,0:1:4:6:7:15:43:57
6423,0:1:4:6:7:16:30:44
6424,0:1:4:6:7:16:30:58
6425,0:1:4:6:7:16:44:58
6426,0:1:4:6:7:17:31:45
6427,0:1:4:6:7:17:31:59
6428,0:1:4:6:7:17:45:59
6429,0:1:4:6:7:18:32:46
6430,0:1:4:6:7:18:32:60
6431,0:1:4:6:7:18:46:60
6432,0:1:4:6:7:19:33:47
6433,0:1:4:6:7:19:33:61
6434,0:1:4:6:7:19:47:61
6435,0:1:4:6:7:20:34:48
6436,0:1:4:6:7:20:34:62
6437,0:1:4:6:7:20:48:62
6438,0:1:4:6:7:21:35:49
6439,0:1:4:6:7:21:35:63
6440,0:1:4:6:7:21:49:63
6441,0:1:4:6:7:22:36:50
6442,0:1:4:6:7:23:37:51
6443,0:1:4:6:7:24:38:52
6444,0:1:4:6:7:25:39:53
6445,0:1:4:6:7:26:40:54
6446,0:1:4:6:7:27:41:55
6447,0:1:4:6:7:28:42:56
6448,0:1:4:6:7:29:43:57
6449,0:1:4:6:7:30:44:58
6450,0:1:4:6:7:31:45:59
6451,0:1:4:6:7:32:46:60
6452,0:1:4:6:7:33:47:61
6453,0:1:4:6:7:34:48:62
6454,0:1:4:6:7:35:49:63
6455,0:1:5:6:7:8:22:36
6456,0:1:5:6:7:8:22:50
6457,0:1:5:6:7:8:36:50
6458,0:1:5:6:7:9:23:37
6459,0:1:5:6:7:9:23:51
6460,0:1:5:6:7:9:37:51
6461,0:1:5:6:7:10:24:38
6462,0:1:5:6:7:10:24:52
6463,0:1:5:6:7:10:38:52
6464,0:1:5:6:7:11:25:39
6465,0:1:5:6:7:11:25:53
6466,0:1:5:6:7:11:39:53
6467,0:1:5:6:7:12:26:40
6468,0:1:5:6:7:12:26:54
6469,0:1:5:6:7:12:40:54
6470,0:1:5:6:7:13:27:41
6471,0:1:5:6:7:13:27:55
6472,0:1:5:6:7:13:41:55
6473,0:1:5:6:7:14:28:42
6474,0:1:5:6:7:14:28:56
6475,0:1:5:6:7:14:42:56
6476,0:1:5:6:7:15:29:43
6477,0:1:5:6:7:15:29:57
6478,0:1:5:6:7:15:43:57
6479,0:1:5:6:7:16:30:44
6480,0:1:5:6:7:16:30:58
6481,0:1:5:6:7:16:44:58
6482,0:1:5:6:7:17:31:45
6483,0:1:5:6:7:17:31:59
6484,0:1:5:6:7:17:45:59
6485,0:1:5:6:7:18:32:46
6486,0:1:5:6:7:18:32:60
6487,0:1:5:6:7:18:46:60
6488,0:1:5:6:7:19:33:47
6489,0:1:5:6:7:19:33:61
6490,0:1:5:6:7:19:47:61
6491,0:1:5:6:7:20:34:48
6492,0:1:5:6:7:20:34:62
6493,0:1:5:6:7:20:48:62
6494,0:1:5:6:7:21:35:49
6495,0:1:5:6:7:21:35:63
6496,0:1:5:6:7:21:49:63
6497,0:1:5:6:7:22:36:50
6498,0:1:5:6:7:23:37:51
6499,0:1:5:6:7:24:38:52
6500,0:1:5:6:7:25:39:53
6501,0:1:5:6:7:26:40:54
6502,0:1:5:6:7:27:41:55
6503,0:1:5:6:7:28:42:56
6504,0:1:5:6:7:29:43:57
6505,0:1:5:6:7:30:44:58
6506,0:1:5:6:7:31:45:59
6507,0:1:5:6:7:32:46:60
6508,0:1:5:6:7:33:47:61
6509,0:1:5:6:7:34:48:62
6510,0:1:5:6:7:35:49:63
6511,0:2:3:4:5:8:22:36
6512,0:2:3:4:5:8:22:50
6513,0:2:3:4:5:8:36:50
6514,0:2:3:4:5:9:23:37
6515,0:2:3:4:5:9:23:51
6516,0:2:3:4:5:9:37:51
6517,0:2:3:4:5:10:24:38
6518,0:2:3:4:5:10:24:52
6519,0:2:3:4:5:10:38:52
6520,0:2:3:4:5:11:25:39
6521,0:2:3:4:5:11:25:53
6522,0:2:3:4:5:11:39:53
6523,0:2:3:4:5:12:23:43
6524,0:2:3:4:5:12:26:40
6525,0:2:3:4:5:12:26:54
6526,0:2:3:4:5:12:40:54
6527,0:2:3:4:5:13:27:41
6528,0:2:3:4:5:13:27:55
6529,0:2:3:4:5:13:41:55
6530,0:2:3:4:5:14:28:42
6531,0:2:3:4:5:14:28:56
6532,0:2:3:4:5:14:42:56
6533,0:2:3:4:5:15:29:43
6534,0:2:3:4:5:15:29:57
6535,0:2:3:4:5:15:43:57
6536,0:2:3:4:5:16:30:44
6537,0:2:3:4:5:16:30:58
6538,0:2:3:4:5:16:44:58
6539,0:2:3:4:5:17:31:45
6540,0:2:3:4:5:17:31:59
6541,0:2:3:4:5:17:45:59
6542,0:2:3:4:5:18:32:46
6543,0:2:3:4:5:18:32:60
6544,0:2:3:4:5:18:46:60
6545,0:2:3:4:5:19:33:47
6546,0:2:3:4:5:19:33:61
6547,0:2:3:4:5:19:47:61
6548,0:2:3:4:5:20:28:35
6549,0:2:3:4:5:20:34:48
6550,0:2:3:4:5:20:34:62
6551,0:2:3:4:5:20:48:62
6552,0:2:3:4:5:21:35:49
6553,0:2:3:4:5:21:35:63
6554,0:2:3:4:5:21:49:63
6555,0:2:3:4:5:22:36:50
6556,0:2:3:4:5:23:30:33
6557,0:2:3:4:5:23:37:51
6558,0:2:3:4:5:24:38:52
6559,0:2:3:4:5:25:39:53
6560,0:2:3:4:5:26:40:54
6561,0:2:3:4:5:27:41:55
6562,0:2:3:4:5:28:42:56
6563,0:2:3:4:5:29:43:57
6564,0:2:3:4:5:30:44:58
6565,0:2:3:4:5:31:45:59
6566,0:2:3:4:5:32:46:60
6567,0:2:3:4:5:33:47:61
6568,0:2:3:4:5:34:48:62
6569,0:2:3:4:5:35:49:63
6570,0:2:3:4:7:16:20:30
6571,0:2:3:5:6:27:60:61
6572,0:2:3:6:7:8:22:36
6573,0:2:3:6:7:8:22:50
6574,0:2:3:6:7:8:36:50
6575,0:2:3:6:7:9:23:37
6576,0:2:3:6:7:9:23:51
6577,0:2:3:6:7:9:37:51
6578,0:2:3:6:7:10:24:38
6579,0:2:3:6:7:10:24:52
6580,0:2:3:6:7:10:38:52
6581,0:2:3:6:7:11:25:39
6582,0:2:3:6:7:11:25:53
6583,0:2:3:6:7:11:39:53
6584,0:2:3:6:7:12:19:53
6585,0:2:3:6:7:12:26:40
6586,0:2:3:6:7:12:26:54
6587,0:2:3:6:7:12:40:54
6588,0:2:3:6:7:13:27:41
6589,0:2:3:6:7:13:27:55
6590,0:2:3:6:7:13:41:55
6591,0:2:3:6:7:14:28:42
6592,0:2:3:6:7:14:28:56
6593,0:2:3:6:7:14:42:56
6594,0:2:3:6:7:15:29:43
6595,0:2:3:6:7:15:29:57
6596,0:2:3:6:7:15:43:57
6597,0:2:3:6:7:16:30:44
6598,0:2:3:6:7:16:30:58
6599,0:2:3:6:7:16:44:58
6600,0:2:3:6:7:17:31:45
6601,0:2:3:6:7:17:31:59
6602,0:2:3:6:7:17:45:59
6603,0:2:3:6:7:18:32:46
6604,0:2:3:6:7:18:32:60
6605,0:2:3:6:7:18:46:60
6606,0:2:3:6:7:19:33:47
6607,0:2:3:6:7:19:33:61
6608,0:2:3:6:7:19:47:61
6609,0:2:3:6:7:20:34:48
6610,0:2:3:6:7:20:34:62
6611,0:2:3:6:7:20:48:62
6612,0:2:3:6:7:21:35:49
6613,0:2:3:6:7:21:35:63
6614,0:2:3:6:7:21:49:63
6615,0:2:3:6:7:22:36:50
6616,0:2:3:6:7:23:37:51
6617,0:2:3:6:7:24:38:52
6618,0:2:3:6:7:25:39:53
6619,0:2:3:6:7:26:40:54
6620,0:2:3:6:7:27:41:55
6621,0:2:3:6:7:28:42:56
6622,0:2:3:6:7:29:43:57
6623,0:2:3:6:7:30:44:58
6624,0:2:3:6:7:31:45:59
6625,0:2:3:6:7:32:46:60
6626,0:2:3:6:7:33:47:61
6627,0:2:3:6:7:34:48:62
6628,0:2:3:6:7:35:49:63
6629,0:3:4:5:6:18:31:42
6630,0:3:4:6:7:44:48:58
6631,0:4:5:6:7:8:9:36
6632,0:4:5:6:7:8:9:37
6633,0:4:5:6:7:8:10:36
6634,0:4:5:6:7:8:10:38
6635,0:4:5:6:7:8:11:36
6636,0:4:5:6:7:8:11:39
6637,0:4:5:6:7:8:12:36
6638,0:4:5:6:7:8:12:40
6639,0:4:5:6:7:8:13:36
6640,0:4:5:6:7:8:13:41
6641,0:4:5:6:7:8:14:36
6642,0:4:5:6:7:8:14:42
6643,0:4:5:6:7:8:15:36
6644,0:4:5:6:7:8:15:43
6645,0:4:5:6:7:8:16:36
6646,0:4:5:6:7:8:16:44
6647,0:4:5:6:7:8:17:36
6648,0:4:5:6:7:8:17:45
6649,0:4:5:6:7:8:18:36
6650,0:4:5:6:7:8:18:46
6651,0:4:5:6:7:8:19:36
6652,0:4:5:6:7:8:19:47
6653,0:4:5:6:7:8:20:36
6654,0:4:5:6:7:8:20:48
6655,0:4:5:6:7:8:21:36
6656,0:4:5:6:7:8:21:49
6657,0:4:5:6:7:8:22:36
6658,0:4:5:6:7:8:22:50
6659,0:4:5:6:7:8:23:36
6660,0:4:5:6:7:8:23:51
6661,0:4:5:6:7:8:24:36
6662,0:4:5:6:7:8:24:52
6663,0:4:5:6:7:8:25:36
6664,0:4:5:6:7:8:25:53
6665,0:4:5:6:7:8:26:36
6666,0:4:5:6:7:8:26:54
6667,0:4:5:6:7:8:27:36
6668,0:4:5:6:7:8:27:55
6669,0:4:5:6:7:8:28:36
6670,0:4:5:6:7:8:28:56
6671,0:4:5:6:7:8:29:36
6672,0:4:5:6:7:8:29:57
6673,0:4:5:6:7:8:30:36
6674,0:4:5:6:7:8:30:58
6675,0:4:5:6:7:8:31:36
6676,0:4:5:6:7:8:31:59
6677,0:4:5:6:7:8:32:36
6678,0:4:5:6:7:8:32:60
6679,0:4:5:6:7:8:33:36
6680,0:4:5:6:7:8:33:61
6681,0:4:5:6:7:8:34:36
6682,0:4:5:6:7:8:34:62
6683,0:4:5:6:7:8:35:36
6684,0:4:5:6:7:8:35:63
6685,0:4:5:6:7:8:36:37
6686,0:4:5:6:7:8:36:38
6687,0:4:5:6:7:8:36:39
6688,0:4:5:6:7:8:36:40
6689,0:4:5:6:7:8:36:41
6690,0:4:5:6:7:8:36:42
6691,0:4:5:6:7:8:36:43
6692,0:4:5:6:7:8:36:44
6693,0:4:5:6:7:8:36:45
6694,0:4:5:6:7:8:36:46
6695,0:4:5:6:7:8:36:47
6696,0:4:5:6:7:8:36:48
6697,0:4:5:6:7:8:36:49
6698,0:4:5:6:7:8:36:50
6699,0:4:5:6:7:8:36:51
6700,0:4:5:6:7:8:36:52
6701,0:4:5:6:7:8:36:53
6702,0:4:5:6:7:8:36:54
6703,0:4:5:6:7:8:36:55
6704,0:4:5:6:7:8:36:56
6705,0:4:5:6:7:8:36:57
6706,0:4:5:6:7:8:36:58
6707,0:4:5:6:7:8:36:59
6708,0:4:5:6:7:8:36:60
6709,0:4:5:6:7:8:36:61
6710,0:4:5:6:7:8:36:62
6711,0:4:5:6:7:8:36:63
6712,0:4:5:6:7:9:10:37
6713,0:4:5:6:7:9:10:38
6714,0:4:5:6:7:9:11:37
6715,0:4:5:6:7:9:11:39
6716,0:4:5:6:7:9:12:37
6717,0:4:5:6:7:9:12:40
6718,0:4:5:6:7:9:13:37
6719,0:4:5:6:7:9:13:41
6720,0:4:5:6:7:9:14:37
6721,0:4:5:6:7:9:14:42
6722,0:4:5:6:7:9:15:37
6723,0:4:5:6:7:9:15:43
6724,0:4:5:6:7:9:16:37
6725,0:4:5:6:7:9:16:44
6726,0:4:5:6:7:9:17:37
6727,0:4:5:6:7:9:17:45
6728,0:4:5:6:7:9:18:37
6729,0:4:5:6:7:9:18:46
6730,0:4:5:6:7:9:19:37
6731,0:4:5:6:7:9:19:47
6732,0:4:5:6:7:9:20:37
6733,0:4:5:6:7:9:20:48
6734,0:4:5:6:7:9:21:37
6735,0:4:5:6:7:9:21:49
6736,0:4:5:6:7:9:22:37
6737,0:4:5:6:7:9:22:50
6738,0:4:5:6:7:9:23:37
6739,0:4:5:6:7:9:23:51
6740,0:4:5:6:7:9:24:37
6741,0:4:5:6:7:9:24:52
6742,0:4:5:6:7:9:25:37
6743,0:4:5:6:7:9:25:53
6744,0:4:5:6:7:9:26:37
6745,0:4:5:6:7:9:26:54
6746,0:4:5:6:7:9:27:37
6747,0:4:5:6:7:9:27:55
6748,0:4:5:6:7:9:28:37
6749,0:4:5:6:7:9:28:56
6750,0:4:5:6:7:9:29:37
6751,0:4:5:6:7:9:29:57
6752,0:4:5:6:7:9:30:37
6753,0:4:5:6:7:9:30:58
6754,0:4:5:6:7:9:31:37
6755,0:4:5:6:7:9:31:59
6756,0:4:5:6:7:9:32:37
6757,0:4:5:6:7:9:32:60
6758,0:4:5:6:7:9:33:37
6759,0:4:5:6:7:9:33:61
6760,0:4:5:6:7:9:34:37
6761,0:4:5:6:7:9:34:62
6762,0:4:5:6:7:9:35:37
6763,0:4:5:6:7:9:35:63
6764,0:4:5:6:7:9:36:37
6765,0:4:5:6:7:9:37:38
6766,0:4:5:6:7:9:37:39
6767,0:4:5:6:7:9:37:40
6768,0:4:5:6:7:9:37:41
6769,0:4:5:6:7:9:37:42
6770,0:4:5:6:7:9:37:43
6771,0:4:5:6:7:9:37:44
6772,0:4:5:6:7:9:37:45
6773,0:4:5:6:7:9:37:46
6774,0:4:5:6:7:9:37:47
6775,0:4:5:6:7:9:37:48
6776,0:4:5:6:7:9:37:49
6777,0:4:5:6:7:9:37:50
6778,0:4:5:6:7:9:37:51
6779,0:4:5:6:7:9:37:52
6780,0:4:5:6:7:9:37:53
6781,0:4:5:6:7:9:37:54
6782,0:4:5:6:7:9:37:55
6783,0:4:5:6:7:9:37:56
6784,0:4:5:6:7:9:37:57
6785,0:4:5:6:7:9:37:58
6786,0:4:5:6:7:9:37:59
6787,0:4:5:6:7:9:37:60
6788,0:4:5:6:7:9:37:61
6789,0:4:5:6:7:9:37:62
6790,0:4:5:6:7:9:37:63
6791,0:4:5:6:7:10:11:38
6792,0:4:5:6:7:10:11:39
6793,0:4:5:6:7:10:12:38
6794,0:4:5:6:7:10:12:40
6795,0:4:5:6:7:10:13:38
6796,0:4:5:6:7:10:13:41
6797,0:4:5:6:7:10:14:38
6798,0:4:5:6:7:10:14:42
6799,0:4:5:6:7:10:15:38
6800,0:4:5:6:7:10:15:43
6801,0:4:5:6:7:10:16:38
6802,0:4:5:6:7:10:16:44
6803,0:4:5:6:7:10:17:38
6804,0:4:5:6:7:10:17:45
6805,0:4:5:6:7:10:18:38
6806,0:4:5:6:7:10:18:46
6807,0:4:5:6:7:10:19:38
6808,0:4:5:6:7:10:19:47
6809,0:4:5:6:7:10:20:38
6810,0:4:5:6:7:10:20:48
6811,0:4:5:6:7:10:21:38
6812,0:4:5:6:7:10:21:49
6813,0:4:5:6:7:10:22:38
6814,0:4:5:6:7:10:22:50
6815,0:4:5:6:7:10:23:38
6816,0:4:5:6:7:10:23:51
6817,0:4:5:6:7:10:24:38
6818,0:4:5:6:7:10:24:52
6819,0:4:5:6:7:10:25:38
6820,0:4:5:6:7:10:25:53
6821,0:4:5:6:7:10:26:38
6822,0:4:5:6:7:10:26:54
6823,0:4:5:6:7:10:27:38
6824,0:4:5:6:7:10:27:55
6825,0:4:5:6:7:10:28:38
6826,0:4:5:6:7:10:28:56
6827,0:4:5:6:7:10:29:38
6828,0:4:5:6:7:10:29:57
6829,0:4:5:6:7:10:30:38
6830,0:4:5:6:7:10:30:58
6831,0:4:5:6:7:10:31:38
6832,0:4:5:6:7:10:31:59
6833,0:4:5:6:7:10:32:38
6834,0:4:5:6:7:10:32:60
6835,0:4:5:6:7:10:33:38
6836,0:4:5:6:7:10:33:61
6837,0:4:5:6:7:10:34:38
6838,0:4:5:6:7:10:34:62
6839,0:4:5:6:7:10:35:38
6840,0:4:5:6:7:10:35:63
6841,0:4:5:6:7:10:36:38
6842,0:4:5:6:7:10:37:38
6843,0:4:5:6:7:10:38:39
6844,0:4:5:6:7:10:38:40
6845,0:4:5:6:7:10:38:41
6846,0:4:5:6:7:10:38:42
6847,0:4:5:6:7:10:38:43
6848,0:4:5:6:7:10:38:44
6849,0:4:5:6:7:10:38:45
6850,0:4:5:6:7:10:38:46
6851,0:4:5:6:7:10:38:47
6852,0:4:5:6:7:10:38:48
6853,0:4:5:6:7:10:38:49
6854,0:4:5:6:7:10:38:50
6855,0:4:5:6:7:10:38:51
6856,0:4:5:6:7:10:38:52
6857,0:4:5:6:7:10:38:53
6858,0:4:5:6:7:10:38:54
6859,0:4:5:6:7:10:38:55
6860,0:4:5:6:7:10:38:56
6861,0:4:5:6:7:10:38:57
6862,0:4:5:6:7:10:38:58
6863,0:4:5:6:7:10:38:59
6864,0:4:5:6:7:10:38:60
6865,0:4:5:6:7:10:38:61
6866,0:4:5:6:7:10:38:62
6867,0:4:5:6:7:10:38:63
6868,0:4:5:6:7:11:12:39
6869,0:4:5:6:7:11:12:40
6870,0:4:5:6:7:11:13:39
6871,0:4:5:6:7:11:13:41
6872,0:4:5:6:7:11:14:39
6873,0:4:5:6:7:11:14:42
6874,0:4:5:6:7:11:15:39
6875,0:4:5:6:7:11:15:43
6876,0:4:5:6:7:11:16:39
6877,0:4:5:6:7:11:16:44
6878,0:4:5:6:7:11:17:39
6879,0:4:5:6:7:11:17:45
6880,0:4:5:6:7:11:18:39
6881,0:4:5:6:7:11:18:46
6882,0:4:5:6:7:11:19:39
6883,0:4:5:6:7:11:19:47
6884,0:4:5:6:7:11:20:39
6885,0:4:5:6:7:11:20:48
6886,0:4:5:6:7:11:21:39
6887,0:4:5:6:7:11:21:49
6888,0:4:5:6:7:11:22:39
6889,0:4:5:6:7:11:22:50
6890,0:4:5:6:7:11:23:39
6891,0:4:5:6:7:11:23:51
6892,0:4:5:6:7:11:24:39
6893,0:4:5:6:7:11:24:52
6894,0:4:5:6:7:11:25:39
6895,0:4:5:6:7:11:25:53
6896,0:4:5:6:7:11:26:39
6897,0:4:5:6:7:11:26:54
6898,0:4:5:6:7:11:27:39
6899,0:4:5:6:7:11:27:55
6900,0:4:5:6:7:11:28:39
6901,0:4:5:6:7:11:28:56
6902,0:4:5:6:7:11:29:39
6903,0:4:5:6:7:11:29:57
6904,0:4:5:6:7:11:30:39
6905,0:4:5:6:7:11:30:58
6906,0:4:5:6:7:11:31:39
6907,0:4:5:6:7:11:31:59
6908,0:4:5:6:7:11:32:39
6909,0:4:5:6:7:11:32:60
6910,0:4:5:6:7:11:33:39
6911,0:4:5:6:7:11:33:61
6912,0:4:5:6:7:11:34:39
6913,0:4:5:6:7:11:34:62
6914,0:4:5:6:7:11:35:39
6915,0:4:5:6:7:11:35:63
6916,0:4:5:6:7:11:36:39
6917,0:4:5:6:7:11:37:39
6918,0:4:5:6:7:11:38:39
6919,0:4:5:6:7:11:39:40
6920,0:4:5:6:7:11:39:41
6921,0:4:5:6:7:11:39:42
6922,0:4:5:6:7:11:39:43
6923,0:4:5:6:7:11:39:44
6924,0:4:5:6:7:11:39:45
6925,0:4:5:6:7:11:39:46
6926,0:4:5:6:7:11:39:47
6927,0:4:5:6:7:11:39:48
6928,0:4:5:6:7:11:39:49
6929,0:4:5:6:7:11:39:50
6930,0:4:5:6:7:11:39:51
6931,0:4:5:6:7:11:39:52
6932,0:4:5:6:7:11:39:53
6933,0:4:5:6:7:11:39:54
6934,0:4:5:6:7:11:39:55
6935,0:4:5:6:7:11:39:56
6936,0:4:5:6:7:11:39:57
6937,0:4:5:6:7:11:39:58
6938,0:4:5:6:7:11:39:59
6939,0:4:5:6:7:11:39:60
6940,0:4:5:6:7:11:39:61
6941,0:4:5:6:7:11:39:62
6942,0:4:5:6:7:11:39:63
6943,0:4:5:6:7:12:13:40
6944,0:4:5:6:7:12:13:41
6945,0:4:5:6:7:12:14:40
6946,0:4:5:6:7:12:14:42
6947,0:4:5:6:7:12:15:40
6948,0:4:5:6:7:12:15:43
6949,0:4:5:6:7:12:16:40
6950,0:4:5:6:7:12:16:44
6951,0:4:5:6:7:12:17:40
6952,0:4:5:6:7:12:17:45
6953,0:4:5:6:7:12:18:40
6954,0:4:5:6:7:12:18:46
6955,0:4:5:6:7:12:19:40
6956,0:4:5:6:7:12:19:47
6957,0:4:5:6:7:12:20:40
6958,0:4:5:6:7:12:20:48
6959,0:4:5:6:7:12:21:40
6960,0:4:5:6:7:12:21:49
6961,0:4:5:6:7:12:22:40
6962,0:4:5:6:7:12:22:50
6963,0:4:5:6:7:12:23:40
6964,0:4:5:6:7:12:23:51
6965,0:4:5:6:7:12:24:40
6966,0:4:5:6:7:12:24:52
6967,0:4:5:6:7:12:25:40
6968,0:4:5:6:7:12:25:53
6969,0:4:5:6:7:12:26:40
6970,0:4:5:6:7:12:26:54
6971,0:4:5:6:7:12:27:40
6972,0:4:5:6:7:12:27:55
6973,0:4:5:6:7:12:28:40
6974,0:4:5:6:7:12:28:56
6975,0:4:5:6:7:12:29:40
6976,0:4:5:6:7:12:29:57
6977,0:4:5:6:7:12:30:40
6978,0:4:5:6:7:12:30:58
6979,0:4:5:6:7:12:31:40
6980,0:4:5:6:7:12:31:59
6981,0:4:5:6:7:12:32:40
6982,0:4:5:6:7:12:32:60
6983,0:4:5:6:7:12:33:40
6984,0:4:5:6:7:12:33:61
6985,0:4:5:6:7:12:34:40
6986,0:4:5:6:7:12:34:62
6987,0:4:5:6:7:12:35:40
6988,0:4:5:6:7:12:35:63
6989,0:4:5:6:7:12:36:40
6990,0:4:5:6:7:12:37:40
6991,0:4:5:6:7:12:38:40
6992,0:4:5:6:7:12:39:40
6993,0:4:5:6:7:12:40:41
6994,0:4:5:6:7:12:40:42
6995,0:4:5:6:7:12:40:43
6996,0:4:5:6:7:12:40:44
6997,0:4:5:6:7:12:40:45
6998,0:4:5:6:7:12:40:46
6999,0:4:5:6:7:12:40:47
7000,0:4:5:6:7:12:40:48
7001,0:4:5:6:7:12:40:49
7002,0:4:5:6:7:12:40:50
7003,0:4:5:6:7:12:40:51
7004,0:4:5:6:7:12:40:52
7005,0:4:5:6:7:12:40:53
7006,0:4:5:6:7:12:40:54
7007,0:4:5:6:7:12:40:55
7008,0:4:5:6:7:12:40:56
7009,0:4:5:6:7:12:40:57
7010,0:4:5:6:7:12:40:58
7011,0:4:5:6:7:12:40:59
7012,0:4:5:6:7:12:40:60
7013,0:4:5:6:7:12:40:61
7014,0:4:5:6:7:12:40:62
7015,0:4:5:6:7:12:40:63
7016,0:4:5:6:7:13:14:41
7017,0:4:5:6:7:13:14:42
7018,0:4:5:6:7:13:15:41
7019,0:4:5:6:7:13:15:43
7020,0:4:5:6:7:13:16:41
7021,0:4:5:6:7:13:16:44
7022,0:4:5:6:7:13:17:41
7023,0:4:5:6:7:13:17:45
7024,0:4:5:6:7:13:18:41
7025,0:4:5:6:7:13:18:46
7026,0:4:5:6:7:13:19:41
7027,0:4:5:6:7:13:19:47
7028,0:4:5:6:7:13:20:41
7029,0:4:5:6:7:13:20:48
7030,0:4:5:6:7:13:21:41
7031,0:4:5:6:7:13:21:49
7032,0:4:5:6:7:13:22:41
7033,0:4:5:6:7:13:22:50
7034,0:4:5:6:7:13:23:41
7035,0:4:5:6:7:13:23:51
7036,0:4:5:6:7:13:24:41
7037,0:4:5:6:7:13:24:52
7038,0:4:5:6:7:13:25:41
7039,0:4:5:6:7:13:25:53
7040,0:4:5:6:7:13:26:41
7041,0:4:5:6:7:13:26:54
7042,0:4:5:6:7:13:27:41
7043,0:4:5:6:7:13:27:55
7044,0:4:5:6:7:13:28:41
7045,0:4:5:6:7:13:28:56
7046,0:4:5:6:7:13:29:41
7047,0:4:5:6:7:13:29:57
7048,0:4:5:6:7:13:30:41
7049,0:4:5:6:7:13:30:58
7050,0:4:5:6:7:13:31:41
7051,0:4:5:6:7:13:31:59
7052,0:4:5:6:7:13:32:41
7053,0:4:5:6:7:13:32:60
7054,0:4:5:6:7:13:33:41
7055,0:4:5:6:7:13:33:61
7056,0:4:5:6:7:13:34:41
7057,0:4:5:6:7:13:34:62
7058,0:4:5:6:7:13:35:41
7059,0:4:5:6:7:13:35:63
7060,0:4:5:6:7:13:36:41
7061,0:4:5:6:7:13:37:41
7062,0:4:5:6:7:13:38:41
7063,0:4:5:6:7:13:39:41
7064,0:4:5:6:7:13:40:41
7065,0:4:5:6:7:13:41:42
7066,0:4:5:6:7:13:41:43
7067,0:4:5:6:7:13:41:44
7068,0:4:5:6:7:13:41:45
7069,0:4:5:6:7:13:41:46
7070,0:4:5:6:7:13:41:47
7071,0:4:5:6:7:13:41:48
7072,0:4:5:6:7:13:41:49
7073,0:4:5:6:7:13:41:50
7074,0:4:5:6:7:13:41:51
7075,0:4:5:6:7:13:41:52
7076,0:4:5:6:7:13:41:53
7077,0:4:5:6:7:13:41:54
7078,0:4:5:6:7:13:41:55
7079,0:4:5:6:7:13:41:56
7080,0:4:5:6:7:13:41:57
7081,0:4:5:6:7:13:41:58
7082,0:4:5:6:7:13:41:59
7083,0:4:5:6:7:13:41:60
7084,0:4:5:6:7:13:41:61
7085,0:4:5:6:7:13:41:62
7086,0:4:5:6:7:13:41:63
7087,0:4:5:6:7:14:15:42
7088,0:4:5:6:7:14:15:43
7089,0:4:5:6:7:14:16:42
7090,0:4:5:6:7:14:16:44
7091,0:4:5:6:7:14:17:42
7092,0:4:5:6:7:14:17:45
7093,0:4:5:6:7:14:18:42
7094,0:4:5:6:7:14:18:46
7095,0:4:5:6:7:14:19:42
7096,0:4:5:6:7:14:19:47
7097,0:4:5:6:7:14:20:42
7098,0:4:5:6:7:14:20:48
7099,0:4:5:6:7:14:21:42
7100,0:4:5:6:7:14:21:49
7101,0:4:5:6:7:14:22:42
7102,0:4:5:6:7:14:22:50
7103,0:4:5:6:7:14:23:42
7104,0:4:5:6:7:14:23:51
7105,0:4:5:6:7:14:24:42
7106,0:4:5:6:7:14:24:52
7107,0:4:5:6:7:14:25:42
7108,0:4:5:6:7:14:25:53
7109,0:4:5:6:7:14:26:42
7110,0:4:5:6:7:14:26:54
7111,0:4:5:6:7:14:27:42
7112,0:4:5:6:7:14:27:55
7113,0:4:5:6:7:14:28:42
7114,0:4:5:6:7:14:28:56
7115,0:4:5:6:7:14:29:42
7116,0:4:5:6:7:14:29:57
7117,0:4:5:6:7:14:30:42
7118,0:4:5:6:7:14:30:58
7119,0:4:5:6:7:14:31:42
7120,0:4:5:6:7:14:31:59
7121,0:4:5:6:7:14:32:42
7122,0:4:5:6:7:14:32:60
7123,0:4:5:6:7:14:33:42
7124,0:4:5:6:7:14:33:61
7125,0:4:5:6:7:14:34:42
7126,0:4:5:6:7:14:34:62
7127,0:4:5:6:7:14:35:42
7128,0:4:5:6:7:14:35:63
7129,0:4:5:6:7:14:36:42
7130,0:4:5:6:7:14:37:42
7131,0:4:5:6:7:14:38:42
7132,0:4:5:6:7:14:39:42
7133,0:4:5:6:7:14:40:42
7134,0:4:5:6:7:14:41:42
7135,0:4:5:6:7:14:42:43
7136,0:4:5:6:7:14:42:44
7137,0:4:5:6:7:14:42:45
7138,0:4:5:6:7:14:42:46
7139,0:4:5:6:7:14:42:47
7140,0:4:5:6:7:14:42:48
7141,0:4:5:6:7:14:42:49
7142,0:4:5:6:7:14:42:50
7143,0:4:5:6:7:14:42:51
7144,0:4:5:6:7:14:42:52
7145,0:4:5:6:7:14:42:53
7146,0:4:5:6:7:14:42:54
7147,0:4:5:6:7:14:42:55
7148,0:4:5:6:7:14:42:56
7149,0:4:5:6:7:14:42:57
7150,0:4:5:6:7:14:42:58
7151,0:4:5:6:7:14:42:59
7152,0:4:5:6:7:14:42:60
7153,0:4:5:6:7:14:42:61
7154,0:4:5:6:7:14:42:62
7155,0:4:5:6:7:14:42:63
7156,0:4:5:6:7:15:16:43
7157,0:4:5:6:7:15:16:44
7158,0:4:5:6:7:15:17:43
7159,0:4:5:6:7:15:17:45
7160,0:4:5:6:7:15:18:43
7161,0:4:5:6:7:15:18:46
7162,0:4:5:6:7:15:19:43
7163,0:4:5:6:7:15:19:47
7164,0:4:5:6:7:15:20:43
7165,0:4:5:6:7:15:20:48
7166,0:4:5:6:7:15:21:43
7167,0:4:5:6:7:15:21:49
7168,0:4:5:6:7:15:22:43
7169,0:4:5:6:7:15:22:50
7170,0:4:5:6:7:15:23:43
7171,0:4:5:6:7:15:23:51
7172,0:4:5:6:7:15:24:43
7173,0:4:5:6:7:15:24:52
7174,0:4:5:6:7:15:25:43
7175,0:4:5:6:7:15:25:53
7176,0:4:5:6:7:15:26:43
7177,0:4:5:6:7:15:26:54
7178,0:4:5:6:7:15:27:43
7179,0:4:5:6:7:15:27:55
7180,0:4:5:6:7:15:28:43
7181,0:4:5:6:7:15:28:56
7182,0:4:5:6:7:15:29:43
7183,0:4:5:6:7:15:29:57
7184,0:4:5:6:7:15:30:43
7185,0:4:5:6:7:15:30:58
7186,0:4:5:6:7:15:31:43
7187,0:4:5:6:7:15:31:59
7188,0:4:5:6:7:15:32:43
7189,0:4:5:6:7:15:32:60
7190,0:4:5:6:7:15:33:43
7191,0:4:5:6:7:15:33:61
7192,0:4:5:6:7:15:34:43
7193,0:4:5:6:7:15:34:62
7194,0:4:5:6:7:15:35:43
7195,0:4:5:6:7:15:35:63
7196,0:4:5:6:7:15:36:43
7197,0:4:5:6:7:15:37:43
7198,0:4:5:6:7:15:38:43
7199,0:4:5:6:7:15:39:43
7200,0:4:5:6:7:15:40:43
7201,0:4:5:6:7:15:41:43
7202,0:4:5:6:7:15:42:43
7203,0:4:5:6:7:15:43:44
7204,0:4:5:6:7:15:43:45
7205,0:4:5:6:7:15:43:46
7206,0:4:5:6:7:15:43:47
7207,0:4:5:6:7:15:43:48
7208,0:4:5:6:7:15:43:49
7209,0:4:5:6:7:15:43:50
7210,0:4:5:6:7:15:43:51
7211,0:4:5:6:7:15:43:52
7212,0:4:5:6:7:15:43:53
7213,0:4:5:6:7:15:43:54
7214,0:4:5:6:7:15:43:55
7215,0:4:5:6:7:15:43:56
7216,0:4:5:6:7:15:43:57
7217,0:4:5:6:7:15:43:58
7218,0:4:5:6:7:15:43:59
7219,0:4:5:6:7:15:43:60
7220,0:4:5:6:7:15:43:61
7221,0:4:5:6:7:15:43:62
7222,0:4:5:6:7:15:43:63
7223,0:4:5:6:7:16:17:44
7224,0:4:5:6:7:16:17:45
7225,0:4:5:6:7:16:18:44
7226,0:4:5:6:7:16:18:46
7227,0:4:5:6:7:16:19:44
7228,0:4:5:6:7:16:19:47
7229,0:4:5:6:7:16:20:44
7230,0:4:5:6:7:16:20:48
7231,0:4:5:6:7:16:21:44
7232,0:4:5:6:7:16:21:49
7233,0:4:5:6:7:16:22:44
7234,0:4:5:6:7:16:22:50
7235,0:4:5:6:7:16:23:44
7236,0:4:5:6:7:16:23:51
7237,0:4:5:6:7:16:24:44
7238,0:4:5:6:7:16:24:52
7239,0:4:5:6:7:16:25:44
7240,0:4:5:6:7:16:25:53
7241,0:4:5:6:7:16:26:44
7242,0:4:5:6:7:16:26:54
7243,0:4:5:6:7:16:27:44
7244,0:4:5:6:7:16:27:55
7245,0:4:5:6:7:16:28:44
7246,0:4:5:6:7:16:28:56
7247,0:4:5:6:7:16:29:44
7248,0:4:5:6:7:16:29:57
7249,0:4:5:6:7:16:30:44
7250,0:4:5:6:7:16:30:58
7251,0:4:5:6:7:16:31:44
7252,0:4:5:6:7:16:31:59
7253,0:4:5:6:7:16:32:44
7254,0:4:5:6:7:16:32:60
7255,0:4:5:6:7:16:33:44
7256,0:4:5:6:7:16:33:61
7257,0:4:5:6:7:16:34:44
7258,0:4:5:6:7:16:34:62
7259,0:4:5:6:7:16:35:44
7260,0:4:5:6:7:16:35:63
7261,0:4:5:6:7:16:36:44
7262,0:4:5:6:7:16:37:44
7263,0:4:5:6:7:16:38:44
7264,0:4:5:6:7:16:39:44
7265,0:4:5:6:7:16:40:44
7266,0:4:5:6:7:16:41:44
7267,0:4:5:6:7:16:42:44
7268,0:4:5:6:7:16:43:44
7269,0:4:5:6:7:16:44:45
7270,0:4:5:6:7:16:44:46
7271,0:4:5:6:7:16:44:47
7272,0:4:5:6:7:16:44:48
7273,0:4:5:6:7:16:44:49
7274,0:4:5:6:7:16:44:50
7275,0:4:5:6:7:16:44:51
7276,0:4:5:6:7:16:44:52
7277,0:4:5:6:7:16:44:53
7278,0:4:5:6:7:16:44:54
7279,0:4:5:6:7:16:44:55
7280,0:4:5:6:7:16:44:56
7281,0:4:5:6:7:16:44:57
7282,0:4:5:6:7:16:44:58
7283,0:4:5:6:7:16:44:59
7284,0:4:5:6:7:16:44:60
7285,0:4:5:6:7:16:44:61
7286,0:4:5:6:7:16:44:62
7287,0:4:5:6:7:16:44:63
7288,0:4:5:6:7:17:18:45
7289,0:4:5:6:7:17:18:46
7290,0:4:5:6:7:17:19:45
7291,0:4:5:6:7:17:19:47
7292,0:4:5:6:7:17:20:45
7293,0:4:5:6:7:17:20:48
7294,0:4:5:6:7:17:21:45
7295,0:4:5:6:7:17:21:49
7296,0:4:5:6:7:17:22:45
7297,0:4:5:6:7:17:22:50
7298,0:4:5:6:7:17:23:45
7299,0:4:5:6:7:17:23:51
7300,0:4:5:6:7:17:24:45
7301,0:4:5:6:7:17:24:52
7302,0:4:5:6:7:17:25:45
7303,0:4:5:6:7:17:25:53
7304,0:4:5:6:7:17:26:45
7305,0:4:5:6:7:17:26:54
7306,0:4:5:6:7:17:27:45
7307,0:4:5:6:7:17:27:55
7308,0:4:5:6:7:17:28:45
7309,0:4:5:6:7:17:28:56
7310,0:4:5:6:7:17:29:45
7311,0:4:5:6:7:17:29:57
7312,0:4:5:6:7:17:30:45
7313,0:4:5:6:7:17:30:58
7314,0:4:5:6:7:17:31:45
7315,0:4:5:6:7:17:31:59
7316,0:4:5:6:7:17:32:45
7317,0:4:5:6:7:17:32:60
7318,0:4:5:6:7:17:33:45
7319,0:4:5:6:7:17:33:61
7320,0:4:5:6:7:17:34:45
7321,0:4:5:6:7:17:34:62
7322,0:4:5:6:7:17:35:45
7323,0:4:5:6:7:17:35:63
7324,0:4:5:6:7:17:36:45
7325,0:4:5:6:7:17:37:45
7326,0:4:5:6:7:17:38:45
7327,0:4:5:6:7:17:39:45
7328,0:4:5:6:7:17:40:45
7329,0:4:5:6:7:17:41:45
7330,0:4:5:6:7:17:42:45
7331,0:4:5:6:7:17:43:45
7332,0:4:5:6:7:17:44:45
7333,0:4:5:6:7:17:45:46
7334,0:4:5:6:7:17:45:47
7335,0:4:5:6:7:17:45:48
7336,0:4:5:6:7:17:45:49
7337,0:4:5:6:7:17:45:50
7338,0:4:5:6:7:17:45:51
7339,0:4:5:6:7:17:45:52
7340,0:4:5:6:7:17:45:53
7341,0:4:5:6:7:17:45:54
7342,0:4:5:6:7:17:45:55
7343,0:4:5:6:7:17:45:56
7344,0:4:5:6:7:17:45:57
7345,0:4:5:6:7:17:45:58
7346,0:4:5:6:7:17:45:59
7347,0:4:5:6:7:17:45:60
7348,0:4:5:6:7:17:45:61
7349,0:4:5:6:7:17:45:62
7350,0:4:5:6:7:17:45:63
7351,0:4:5:6:7:18:19:46
7352,0:4:5:6:7:18:19:47
7353,0:4:5:6:7:18:20:46
7354,0:4:5:6:7:18:20:48
7355,0:4:5:6:7:18:21:46
7356,0:4:5:6:7:18:21:49
7357,0:4:5:6:7:18:22:46
7358,0:4:5:6:7:18:22:50
7359,0:4:5:6:7:18:23:46
7360,0:4:5:6:7:18:23:51
7361,0:4:5:6:7:18:24:46
7362,0:4:5:6:7:18:24:52
7363,0:4:5:6:7:18:25:46
7364,0:4:5:6:7:18:25:53
7365,0:4:5:6:7:18:26:46
7366,0:4:5:6:7:18:26:54
7367,0:4:5:6:7:18:27:46
7368,0:4:5:6:7:18:27:55
7369,0:4:5:6:7:18:28:46
7370,0:4:5:6:7:18:28:56
7371,0:4:5:6:7:18:29:46
7372,0:4:5:6:7:18:29:57
7373,0:4:5:6:7:18:30:46
7374,0:4:5:6:7:18:30:58
7375,0:4:5:6:7:18:31:46
7376,0:4:5:6:7:18:31:59
7377,0:4:5:6:7:18:32:46
7378,0:4:5:6:7:18:32:60
7379,0:4:5:6:7:18:33:46
7380,0:4:5:6:7:18:33:61
7381,0:4:5:6:7:18:34:46
7382,0:4:5:6:7:18:34:62
7383,0:4:5:6:7:18:35:46
7384,0:4:5:6:7:18:35:63
7385,0:4:5:6:7:18:36:46
7386,0:4:5:6:7:18:37:46
7387,0:4:5:6:7:18:38:46
7388,0:4:5:6:7:18:39:46
7389,0:4:5:6:7:18:40:46
7390,0:4:5:6:7:18:41:46
7391,0:4:5:6:7:18:42:46
7392,0:4:5:6:7:18:43:46
7393,0:4:5:6:7:18:44:46
7394,0:4:5:6:7:18:45:46
7395,0:4:5:6:7:18:46:47
7396,0:4:5:6:7:18:46:48
7397,0:4:5:6:7:18:46:49
7398,0:4:5:6:7:18:46:50
7399,0:4:5:6:7:18:46:51
7400,0:4:5:6:7:18:46:52
7401,0:4:5:6:7:18:46:53
7402,0:4:5:6:7:18:46:54
7403,0:4:5:6:7:18:46:55
7404,0:4:5:6:7:18:46:56
7405,0:4:5:6:7:18:46:57
7406,0:4:5:6:7:18:46:58
7407,0:4:5:6:7:18:46:59
7408,0:4:5:6:7:18:46:60
7409,0:4:5:6:7:18:46:61
7410,0:4:5:6:7:18:46:62
7411,0:4:5:6:7:18:46:63
7412,0:4:5:6:7:19:20:47
7413,0:4:5:6:7:19:20:48
7414,0:4:5:6:7:19:21:47
7415,0:4:5:6:7:19:21:49
7416,0:4:5:6:7:19:22:47
7417,0:4:5:6:7:19:22:50
7418,0:4:5:6:7:19:23:47
7419,0:4:5:6:7:19:23:51
7420,0:4:5:6:7:19:24:47
7421,0:4:5:6:7:19:24:52
7422,0:4:5:6:7:19:25:47
7423,0:4:5:6:7:19:25:53
7424,0:4:5:6:7:19:26:47
7425,0:4:5:6:7:19:26:54
7426,0:4:5:6:7:19:27:47
7427,0:4:5:6:7:19:27:55
7428,0:4:5:6:7:19:28:47
7429,0:4:5:6:7:19:28:56
7430,0:4:5:6:7:19:29:47
7431,0:4:5:6:7:19:29:57
7432,0:4:5:6:7:19:30:47
7433,0:4:5:6:7:19:30:58
7434,0:4:5:6:7:19:31:47
7435,0:4:5:6:7:19:31:59
7436,0:4:5:6:7:19:32:47
7437,0:4:5:6:7:19:32:60
7438,0:4:5:6:7:19:33:47
7439,0:4:5:6:7:19:33:61
7440,0:4:5:6:7:19:34:47
7441,0:4:5:6:7:19:34:62
7442,0:4:5:6:7:19:35:47
7443,0:4:5:6:7:19:35:63
7444,0:4:5:6:7:19:36:47
7445,0:4:5:6:7:19:37:47
7446,0:4:5:6:7:19:38:47
7447,0:4:5:6:7:19:39:47
7448,0:4:5:6:7:19:40:47
7449,0:4:5:6:7:19:41:47
7450,0:4:5:6:7:19:42:47
7451,0:4:5:6:7:19:43:47
7452,0:4:5:6:7:19:44:47
7453,0:4:5:6:7:19:45:47
7454,0:4:5:6:7:19:46:47
7455,0:4:5:6:7:19:47:48
7456,0:4:5:6:7:19:47:49
7457,0:4:5:6:7:19:47:50
7458,0:4:5:6:7:19:47:51
7459,0:4:5:6:7:19:47:52
7460,0:4:5:6:7:19:47:53
7461,0:4:5:6:7:19:47:54
7462,0:4:5:6:7:19:47:55
7463,0:4:5:6:7:19:47:56
7464,0:4:5:6:7:19:47:57
7465,0:4:5:6:7:19:47:58
7466,0:4:5:6:7:19:47:59
7467,0:4:5:6:7:19:47:60
7468,0:4:5:6:7:19:47:61
7469,0:4:5:6:7:19:47:62
7470,0:4:5:6:7:19:47:63
7471,0:4:5:6:7:20:21:48
7472,0:4:5:6:7:20:21:49
7473,0:4:5:6:7:20:22:48
7474,0:4:5:6:7:20:22:50
7475,0:4:5:6:7:20:23:48
7476,0:4:5:6:7:20:23:51
7477,0:4:5:6:7:20:24:48
7478,0:4:5:6:7:20:24:52
7479,0:4:5:6:7:20:25:48
7480,0:4:5:6:7:20:25:53
7481,0:4:5:6:7:20:26:48
7482,0:4:5:6:7:20:26:54
7483,0:4:5:6:7:20:27:48
7484,0:4:5:6:7:20:27:55
7485,0:4:5:6:7:20:28:48
7486,0:4:5:6:7:20:28:56
7487,0:4:5:6:7:20:29:48
7488,0:4:5:6:7:20:29:57
7489,0:4:5:6:7:20:30:48
7490,0:4:5:6:7:20:30:58
7491,0:4:5:6:7:20:31:48
7492,0:4:5:6:7:20:31:59
7493,0:4:5:6:7:20:32:48
7494,0:4:5:6:7:20:32:60
7495,0:4:5:6:7:20:33:48
7496,0:4:5:6:7:20:33:61
7497,0:4:5:6:7:20:34:48
7498,0:4:5:6:7:20:34:62
7499,0:4:5:6:7:20:35:48
7500,0:4:5:6:7:20:35:63
7501,0:4:5:6:7:20:36:48
7502,0:4:5:6:7:20:37:48
7503,0:4:5:6:7:20:38:48
7504,0:4:5:6:7:20:39:48
7505,0:4:5:6:7:20:40:48
7506,0:4:5:6:7:20:41:48
7507,0:4:5:6:7:20:42:48
7508,0:4:5:6:7:20:43:48
7509,0:4:5:6:7:20:44:48
7510,0:4:5:6:7:20:45:48
7511,0:4:5:6:7:20:46:48
7512,0:4:5:6:7:20:47:48
7513,0:4:5:6:7:20:48:49
7514,0:4:5:6:7:20:48:50
7515,0:4:5:6:7:20:48:51
7516,0:4:5:6:7:20:48:52
7517,0:4:5:6:7:20:48:53
7518,0:4:5:6:7:20:48:54
7519,0:4:5:6:7:20:48:55
7520,0:4:5:6:7:20:48:56
7521,0:4:5:6:7:20:48:57
7522,0:4:5:6:7:20:48:58
7523,0:4:5:6:7:20:48:59
7524,0:4:5:6:7:20:48:60
7525,0:4:5:6:7:20:48:61
7526,0:4:5:6:7:20:48:62
7527,0:4:5:6:7:20:48:63
7528,0:4:5:6:7:21:22:49
7529,0:4:5:6:7:21:22:50
7530,0:4:5:6:7:21:23:49
7531,0:4:5:6:7:21:23:51
7532,0:4:5:6:7:21:24:49
7533,0:4:5:6:7:21:24:52
7534,0:4:5:6:7:21:25:49
7535,0:4:5:6:7:21:25:53
7536,0:4:5:6:7:21:26:49
7537,0:4:5:6:7:21:26:54
7538,0:4:5:6:7:21:27:49
7539,0:4:5:6:7:21:27:55
7540,0:4:5:6:7:21:28:49
7541,0:4:5:6:7:21:28:56
7542,0:4:5:6:7:21:29:49
7543,0:4:5:6:7:21:29:57
7544,0:4:5:6:7:21:30:49
7545,0:4:5:6:7:21:30:58
7546,0:4:5:6:7:21:31:49
7547,0:4:5:6:7:21:31:59
7548,0:4:5:6:7:21:32:49
7549,0:4:5:6:7:21:32:60
7550,0:4:5:6:7:21:33:49
7551,0:4:5:6:7:21:33:61
7552,0:4:5:6:7:21:34:49
7553,0:4:5:6:7:21:34:62
7554,0:4:5:6:7:21:35:49
7555,0:4:5:6:7:21:35:63
7556,0:4:5:6:7:21:36:49
7557,0:4:5:6:7:21:37:49
7558,0:4:5:6:7:21:38:49
7559,0:4:5:6:7:21:39:49
7560,0:4:5:6:7:21:40:49
7561,0:4:5:6:7:21:41:49
7562,0:4:5:6:7:21:42:49
7563,0:4:5:6:7:21:43:49
7564,0:4:5:6:7:21:44:49
7565,0:4:5:6:7:21:45:49
7566,0:4:5:6:7:21:46:49
7567,0:4:5:6:7:21:47:49
7568,0:4:5:6:7:21:48:49
7569,0:4:5:6:7:21:49:50
7570,0:4:5:6:7:21:49:51
7571,0:4:5:6:7:21:49:52
7572,0:4:5:6:7:21:49:53
7573,0:4:5:6:7:21:49:54
7574,0:4:5:6:7:21:49:55
7575,0:4:5:6:7:21:49:56
7576,0:4:5:6:7:21:49:57
7577,0:4:5:6:7:21:49:58
7578,0:4:5:6:7:21:49:59
7579,0:4:5:6:7:21:49:60
7580,0:4:5:6:7:21:49:61
7581,0:4:5:6:7:21:49:62
7582,0:4:5:6:7:21:49:63
7583,0:4:5:6:7:22:23:50
7584,0:4:5:6:7:22:23:51
7585,0:4:5:6:7:22:24:50
7586,0:4:5:6:7:22:24:52
7587,0:4:5:6:7:22:25:50
7588,0:4:5:6:7:22:25:53
7589,0:4:5:6:7:22:26:50
7590,0:4:5:6:7:22:26:54
7591,0:4:5:6:7:22:27:50
7592,0:4:5:6:7:22:27:55
7593,0:4:5:6:7:22:28:50
7594,0:4:5:6:7:22:28:56
7595,0:4:5:6:7:22:29:50
7596,0:4:5:6:7:22:29:57
7597,0:4:5:6:7:22:30:50
7598,0:4:5:6:7:22:30:58
7599,0:4:5:6:7:22:31:50
7600,0:4:5:6:7:22:31:59
7601,0:4:5:6:7:22:32:50
7602,0:4:5:6:7:22:32:60
7603,0:4:5:6:7:22:33:50
7604,0:4:5:6:7:22:33:61
7605,0:4:5:6:7:22:34:50
7606,0:4:5:6:7:22:34:62
7607,0:4:5:6:7:22:35:50
7608,0:4:5:6:7:22:35:63
7609,0:4:5:6:7:22:36:50
7610,0:4:5:6:7:22:37:50
7611,0:4:5:6:7:22:38:50
7612,0:4:5:6:7:22:39:50
7613,0:4:5:6:7:22:40:50
7614,0:4:5:6:7:22:41:50
7615,0:4:5:6:7:22:42:50
7616,0:4:5:6:7:22:43:50
7617,0:4:5:6:7:22:44:50
7618,0:4:5:6:7:22:45:50
7619,0:4:5:6:7:22:46:50
7620,0:4:5:6:7:22:47:50
7621,0:4:5:6:7:22:48:50
7622,0:4:5:6:7:22:49:50
7623,0:4:5:6:7:22:50:51
7624,0:4:5:6:7:22:50:52
7625,0:4:5:6:7:22:50:53
7626,0:4:5:6:7:22:50:54
7627,0:4:5:6:7:22:50:55
7628,0:4:5:6:7:22:50:56
7629,0:4:5:6:7:22:50:57
7630,0:4:5:6:7:22:50:58
7631,0:4:5:6:7:22:50:59
7632,0:4:5:6:7:22:50:60
7633,0:4:5:6:7:22:50:61
7634,0:4:5:6:7:22:50:62
7635,0:4:5:6:7:22:50:63
7636,0:4:5:6:7:23:24:51
7637,0:4:5:6:7:23:24:52
7638,0:4:5:6:7:23:25:51
7639,0:4:5:6:7:23:25:53
7640,0:4:5:6:7:23:26:51
7641,0:4:5:6:7:23:26:54
7642,0:4:5:6:7:23:27:51
7643,0:4:5:6:7:23:27:55
7644,0:4:5:6:7:23:28:51
7645,0:4:5:6:7:23:28:56
7646,0:4:5:6:7:23:29:51
7647,0:4:5:6:7:23:29:57
7648,0:4:5:6:7:23:30:51
7649,0:4:5:6:7:23:30:58
7650,0:4:5:6:7:23:31:51
7651,0:4:5:6:7:23:31:59
7652,0:4:5:6:7:23:32:51
7653,0:4:5:6:7:23:32:60
7654,0:4:5:6:7:23:33:51
7655,0:4:5:6:7:23:33:61
7656,0:4:5:6:7:23:34:51
7657,0:4:5:6:7:23:34:62
7658,0:4:5:6:7:23:35:51
7659,0:4:5:6:7:23:35:63
7660,0:4:5:6:7:23:36:51
7661,0:4:5:6:7:23:37:51
7662,0:4:5:6:7:23:38:51
7663,0:4:5:6:7:23:39:51
7664,0:4:5:6:7:23:40:51
7665,0:4:5:6:7:23:41:51
7666,0:4:5:6:7:23:42:51
7667,0:4:5:6:7:23:43:51
7668,0:4:5:6:7:23:44:51
7669,0:4:5:6:7:23:45:51
7670,0:4:5:6:7:23:46:51
7671,0:4:5:6:7:23:47:51
7672,0:4:5:6:7:23:48:51
7673,0:4:5:6:7:23:49:51
7674,0:4:5:6:7:23:50:51
7675,0:4:5:6:7:23:51:52
7676,0:4:5:6:7:23:51:53
7677,0:4:5:6:7:23:51:54
7678,0:4:5:6:7:23:51:55
7679,0:4:5:6:7:23:51:56
7680,0:4:5:6:7:23:51:57
7681,0:4:5:6:7:23:51:58
7682,0:4:5:6:7:23:51:59
7683,0:4:5:6:7:23:51:60
7684,0:4:5:6:7:23:51:61
7685,0:4:5:6:7:23:51:62
7686,0:4:5:6:7:23:51:63
7687,0:4:5:6:7:24:25:52
7688,0:4:5:6:7:24:25:53
7689,0:4:5:6:7:24:26:52
7690,0:4:5:6:7:24:26:54
7691,0:4:5:6:7:24:27:52
7692,0:4:5:6:7:24:27:55
7693,0:4:5:6:7:24:28:52
7694,0:4:5:6:7:24:28:56
7695,0:4:5:6:7:24:29:52
7696,0:4:5:6:7:24:29:57
7697,0:4:5:6:7:24:30:52
7698,0:4:5:6:7:24:30:58
7699,0:4:5:6:7:24:31:52
7700,0:4:5:6:7:24:31:59
7701,0:4:5:6:7:24:32:52
7702,0:4:5:6:7:24:32:60
7703,0:4:5:6:7:24:33:52
7704,0:4:5:6:7:24:33:61
7705,0:4:5:6:7:24:34:52
7706,0:4:5:6:7:24:34:62
7707,0:4:5:6:7:24:35:52
7708,0:4:5:6:7:24:35:63
7709,0:4:5:6:7:24:36:52
7710,0:4:5:6:7:24:37:52
7711,0:4:5:6:7:24:38:52
7712,0:4:5:6:7:24:39:52
7713,0:4:5:6:7:24:40:52
7714,0:4:5:6:7:24:41:52
7715,0:4:5:6:7:24:42:52
7716,0:4:5:6:7:24:43:52
7717,0:4:5:6:7:24:44:52
7718,0:4:5:6:7:24:45:52
7719,0:4:5:6:7:24:46:52
7720,0:4:5:6:7:24:47:52
7721,0:4:5:6:7:24:48:52
7722,0:4:5:6:7:24:49:52
7723,0:4:5:6:7:24:50:52
7724,0:4:5:6:7:24:51:52
7725,0:4:5:6:7:24:52:53
7726,0:4:5:6:7:24:52:54
7727,0:4:5:6:7:24:52:55
7728,0:4:5:6:7:24:52:56
7729,0:4:5:6:7:24:52:57
7730,0:4:5:6:7:24:52:58
7731,0:4:5:6:7:24:52:59
7732,0:4:5:6:7:24:52:60
7733,0:4:5:6:7:24:52:61
7734,0:4:5:6:7:24:52:62
7735,0:4:5:6:7:24:52:63
7736,0:4:5:6:7:25:26:53
7737,0:4:5:6:7:25:26:54
7738,0:4:5:6:7:25:27:53
7739,0:4:5:6:7:25:27:55
7740,0:4:5:6:7:25:28:53
7741,0:4:5:6:7:25:28:56
7742,0:4:5:6:7:25:29:53
7743,0:4:5:6:7:25:29:57
7744,0:4:5:6:7:25:30:53
7745,0:4:5:6:7:25:30:58
7746,0:4:5:6:7:25:31:53
7747,0:4:5:6:7:25:31:59
7748,0:4:5:6:7:25:32:53
7749,0:4:5:6:7:25:32:60
7750,0:4:5:6:7:25:33:53
7751,0:4:5:6:7:25:33:61
7752,0:4:5:6:7:25:34:53
7753,0:4:5:6:7:25:34:62
7754,0:4:5:6:7:25:35:53
7755,0:4:5:6:7:25:35:63
7756,0:4:5:6:7:25:36:53
7757,0:4:5:6:7:25:37:53
7758,0:4:5:6:7:25:38:53
7759,0:4:5:6:7:25:39:53
7760,0:4:5:6:7:25:40:53
7761,0:4:5:6:7:25:41:53
7762,0:4:5:6:7:25:42:53
7763,0:4:5:6:7:25:43:53
7764,0:4:5:6:7:25:44:53
7765,0:4:5:6:7:25:45:53
7766,0:4:5:6:7:25:46:53
7767,0:4:5:6:7:25:47:53
7768,0:4:5:6:7:25:48:53
7769,0:4:5:6:7:25:49:53
7770,0:4:5:6:7:25:50:53
7771,0:4:5:6:7:25:51:53
7772,0:4:5:6:7:25:52:53
7773,0:4:5:6:7:25:53:54
7774,0:4:5:6:7:25:53:55
7775,0:4:5:6:7:25:53:56
7776,0:4:5:6:7:25:53:57
7777,0:4:5:6:7:25:53:58
7778,0:4:5:6:7:25:53:59
7779,0:4:5:6:7:25:53:60
7780,0:4:5:6:7:25:53:61
7781,0:4:5:6:7:25:53:62
7782,0:4:5:6:7:25:53:63
7783,0:4:5:6:7:26:27:54
7784,0:4:5:6:7:26:27:55
7785,0:4:5:6:7:26:28:54
7786,0:4:5:6:7:26:28:56
7787,0:4:5:6:7:26:29:54
7788,0:4:5:6:7:26:29:57
7789,0:4:5:6:7:26:30:54
7790,0:4:5:6:7:26:30:58
7791,0:4:5:6:7:26:31:54
7792,0:4:5:6:7:26:31:59
7793,0:4:5:6:7:26:32:54
7794,0:4:5:6:7:26:32:60
7795,0:4:5:6:7:26:33:54
7796,0:4:5:6:7:26:33:61
7797,0:4:5:6:7:26:34:54
7798,0:4:5:6:7:26:34:62
7799,0:4:5:6:7:26:35:54
7800,0:4:5:6:7:26:35:63
7801,0:4:5:6:7:26:36:54
7802,0:4:5:6:7:26:37:54
7803,0:4:5:6:7:26:38:54
7804,0:4:5:6:7:26:39:54
7805,0:4:5:6:7:26:40:54
7806,0:4:5:6:7:26:41:54
7807,0:4:5:6:7:26:42:54
7808,0:4:5:6:7:26:43:54
7809,0:4:5:6:7:26:44:54
7810,0:4:5:6:7:26:45:54
7811,0:4:5:6:7:26:46:54
7812,0:4:5:6:7:26:47:54
7813,0:4:5:6:7:26:48:54
7814,0:4:5:6:7:26:49:54
7815,0:4:5:6:7:26:50:54
7816,0:4:5:6:7:26:51:54
7817,0:4:5:6:7:26:52:54
7818,0:4:5:6:7:26:53:54
7819,0:4:5:6:7:26:54:55
7820,0:4:5:6:7:26:54:56
7821,0:4:5:6:7:26:54:57
7822,0:4:5:6:7:26:54:58
7823,0:4:5:6:7:26:54:59
7824,0:4:5:6:7:26:54:60
7825,0:4:5:6:7:26:54:61
7826,0:4:5:6:7:26:54:62
7827,0:4:5:6:7:26:54:63
7828,0:4:5:6:7:27:28:55
7829,0:4:5:6:7:27:28:56
7830,0:4:5:6:7:27:29:55
7831,0:4:5:6:7:27:29:57
7832,0:4:5:6:7:27:30:55
7833,0:4:5:6:7:27:30:58
7834,0:4:5:6:7:27:31:55
7835,0:4:5:6:7:27:31:59
7836,0:4:5:6:7:27:32:55
7837,0:4:5:6:7:27:32:60
7838,0:4:5:6:7:27:33:55
7839,0:4:5:6:7:27:33:61
7840,0:4:5:6:7:27:34:55
7841,0:4:5:6:7:27:34:62
7842,0:4:5:6:7:27:35:55
7843,0:4:5:6:7:27:35:63
7844,0:4:5:6:7:27:36:55
7845,0:4:5:6:7:27:37:55
7846,0:4:5:6:7:27:38:55
7847,0:4:5:6:7:27:39:55
7848,0:4:5:6:7:27:40:55
7849,0:4:5:6:7:27:41:55
7850,0:4:5:6:7:27:42:55
7851,0:4:5:6:7:27:43:55
7852,0:4:5:6:7:27:44:55
7853,0:4:5:6:7:27:45:55
7854,0:4:5:6:7:27:46:55
7855,0:4:5:6:7:27:47:55
7856,0:4:5:6:7:27:48:55
7857,0:4:5:6:7:27:49:55
7858,0:4:5:6:7:27:50:55
7859,0:4:5:6:7:27:51:55
7860,0:4:5:6:7:27:52:55
7861,0:4:5:6:7:27:53:55
7862,0:4:5:6:7:27:54:55
7863,0:4:5:6:7:27:55:56
7864,0:4:5:6:7:27:55:57
7865,0:4:5:6:7:27:55:58
7866,0:4:5:6:7:27:55:59
7867,0:4:5:6:7:27:55:60
7868,0:4:5:6:7:27:55:61
7869,0:4:5:6:7:27:55:62
7870,0:4:5:6:7:27:55:63
7871,0:4:5:6:7:28:29:56
7872,0:4:5:6:7:28:29:57
7873,0:4:5:6:7:28:30:56
7874,0:4:5:6:7:28:30:58
7875,0:4:5:6:7:28:31:56
7876,0:4:5:6:7:28:31:59
7877,0:4:5:6:7:28:32:56
7878,0:4:5:6:7:28:32:60
7879,0:4:5:6:7:28:33:56
7880,0:4:5:6:7:28:33:61
7881,0:4:5:6:7:28:34:56
7882,0:4:5:6:7:28:34:62
7883,0:4:5:6:7:28:35:56
7884,0:4:5:6:7:28:35:63
7885,0:4:5:6:7:28:36:56
7886,0:4:5:6:7:28:37:56
7887,0:4:5:6:7:28:38:56
7888,0:4:5:6:7:28:39:56
7889,0:4:5:6:7:28:40:56
7890,0:4:5:6:7:28:41:56
7891,0:4:5:6:7:28:42:56
7892,0:4:5:6:7:28:43:56
7893,0:4:5:6:7:28:44:56
7894,0:4:5:6:7:28:45:56
7895,0:4:5:6:7:28:46:56
7896,0:4:5:6:7:28:47:56
7897,0:4:5:6:7:28:48:56
7898,0:4:5:6:7:28:49:56
7899,0:4:5:6:7:28:50:56
7900,0:4:5:6:7:28:51:56
7901,0:4:5:6:7:28:52:56
7902,0:4:5:6:7:28:53:56
7903,0:4:5:6:7:28:54:56
7904,0:4:5:6:7:28:55:56
7905,0:4:5:6:7:28:56:57
7906,0:4:5:6:7:28:56:58
7907,0:4:5:6:7:28:56:59
7908,0:4:5:6:7:28:56:60
7909,0:4:5:6:7:28:56:61
7910,0:4:5:6:7:28:56:62
7911,0:4:5:6:7:28:56:63
7912,0:4:5:6:7:29:30:57
7913,0:4:5:6:7:29:30:58
7914,0:4:5:6:7:29:31:57
7915,0:4:5:6:7:29:31:59
7916,0:4:5:6:7:29:32:57
7917,0:4:5:6:7:29:32:60
7918,0:4:5:6:7:29:33:57
7919,0:4:5:6:7:29:33:61
7920,0:4:5:6:7:29:34:57
7921,0:4:5:6:7:29:34:62
7922,0:4:5:6:7:29:35:57
7923,0:4:5:6:7:29:35:63
7924,0:4:5:6:7:29:36:57
7925,0:4:5:6:7:29:37:57
7926,0:4:5:6:7:29:38:57
7927,0:4:5:6:7:29:39:57
7928,0:4:5:6:7:29:40:57
7929,0:4:5:6:7:29:41:57
7930,0:4:5:6:7:29:42:57
7931,0:4:5:6:7:29:43:57
7932,0:4:5:6:7:29:44:57
7933,0:4:5:6:7:29:45:57
7934,0:4:5:6:7:29:46:57
7935,0:4:5:6:7:29:47:57
7936,0:4:5:6:7:29:48:57
7937,0:4:5:6:7:29:49:57
7938,0:4:5:6:7:29:50:57
7939,0:4:5:6:7:29:51:57
7940,0:4:5:6:7:29:52:57
7941,0:4:5:6:7:29:53:57
7942,0:4:5:6:7:29:54:57
7943,0:4:5:6:7:29:55:57
7944,0:4:5:6:7:29:56:57
7945,0:4:5:6:7:29:57:58
7946,0:4:5:6:7:29:57:59
7947,0:4:5:6:7:29:57:60
7948,0:4:5:6:7:29:57:61
7949,0:4:5:6:7:29:57:62
7950,0:4:5:6:7:29:57:63
7951,0:4:5:6:7:30:31:58
7952,0:4:5:6:7:30:31:59
7953,0:4:5:6:7:30:32:58
7954,0:4:5:6:7:30:32:60
7955,0:4:5:6:7:30:33:58
7956,0:4:5:6:7:30:33:61
7957,0:4:5:6:7:30:34:58
7958,0:4:5:6:7:30:34:62
7959,0:4:5:6:7:30:35:58
7960,0:4:5:6:7:30:35:63
7961,0:4:5:6:7:30:36:58
7962,0:4:5:6:7:30:37:58
7963,0:4:5:6:7:30:38:58
7964,0:4:5:6:7:30:39:58
7965,0:4:5:6:7:30:40:58
7966,0:4:5:6:7:30:41:58
7967,0:4:5:6:7:30:42:58
7968,0:4:5:6:7:30:43:58
7969,0:4:5:6:7:30:44:58
7970,0:4:5:6:7:30:45:58
7971,0:4:5:6:7:30:46:58
7972,0:4:5:6:7:30:47:58
7973,0:4:5:6:7:30:48:58
7974,0:4:5:6:7:30:49:58
7975,0:4:5:6:7:30:50:58
7976,0:4:5:6:7:30:51:58
7977,0:4:5:6:7:30:52:58
7978,0:4:5:6:7:30:53:58
7979,0:4:5:6:7:30:54:58
7980,0:4:5:6:7:30:55:58
7981,0:4:5:6:7:30:56:58
7982,0:4:5:6:7:30:57:58
7983,0:4:5:6:7:30:58:59
7984,0:4:5:6:7:30:58:60
7985,0:4:5:6:7:30:58:61
7986,0:4:5:6:7:30:58:62
7987,0:4:5:6:7:30:58:63
7988,0:4:5:6:7:31:32:59
7989,0:4:5:6:7:31:32:60
7990,0:4:5:6:7:31:33:59
7991,0:4:5:6:7:31:33:61
7992,0:4:5:6:7:31:34:59
7993,0:4:5:6:7:31:34:62
7994,0:4:5:6:7:31:35:59
7995,0:4:5:6:7:31:35:63
7996,0:4:5:6:7:31:36:59
7997,0:4:5:6:7:31:37:59
7998,0:4:5:6:7:31:38:59
7999,0:4:5:6:7:31:39:59
8000,0:4:5:6:7:31:40:59
8001,0:4:5:6:7:31:41:59
8002,0:4:5:6:7:31:42:59
8003,0:4:5:6:7:31:43:59
8004,0:4:5:6:7:31:44:59
8005,0:4:5:6:7:31:45:59
8006,0:4:5:6:7:31:46:59
8007,0:4:5:6:7:31:47:59
8008,0:4:5:6:7:31:48:59
8009,0:4:5:6:7:31:49:59
8010,0:4:5:6:7:31:50:59
8011,0:4:5:6:7:31:51:59
8012,0:4:5:6:7:31:52:59
8013,0:4:5:6:7:31:53:59
8014,0:4:5:6:7:31:54:59
8015,0:4:5:6:7:31:55:59
8016,0:4:5:6:7:31:56:59
8017,0:4:5:6:7:31:57:59
8018,0:4:5:6:7:31:58:59
8019,0:4:5:6:7:31:59:60
8020,0:4:5:6:7:31:59:61
8021,0:4:5:6:7:31:59:62
8022,0:4:5:6:7:31:59:63
8023,0:4:5:6:7:32:33:60
8024,0:4:5:6:7:32:33:61
8025,0:4:5:6:7:32:34:60
8026,0:4:5:6:7:32:34:62
8027,0:4:5:6:7:32:35:60
8028,0:4:5:6:7:32:35:63
8029,0:4:5:6:7:32:36:60
8030,0:4:5:6:7:32:37:60
8031,0:4:5:6:7:32:38:60
8032,0:4:5:6:7:32:39:60
8033,0:4:5:6:7:32:40:60
8034,0:4:5:6:7:32:41:60
8035,0:4:5:6:7:32:42:60
8036,0:4:5:6:7:32:43:60
8037,0:4:5:6:7:32:44:60
8038,0:4:5:6:7:32:45:60
8039,0:4:5:6:7:32:46:60
8040,0:4:5:6:7:32:47:60
8041,0:4:5:6:7:32:48:60
8042,0:4:5:6:7:32:49:60
8043,0:4:5:6:7:32:50:60
8044,0:4:5:6:7:32:51:60
8045,0:4:5:6:7:32:52:60
8046,0:4:5:6:7:32:53:60
8047,0:4:5:6:7:32:54:60
8048,0:4:5:6:7:32:55:60
8049,0:4:5:6:7:32:56:60
8050,0:4:5:6:7:32:57:60
8051,0:4:5:6:7:32:58:60
8052,0:4:5:6:7:32:59:60
8053,0:4:5:6:7:32:60:61
8054,0:4:5:6:7:32:60:62
8055,0:4:5:6:7:32:60:63
8056,0:4:5:6:7:33:34:61
8057,0:4:5:6:7:33:34:62
8058,0:4:5:6:7:33:35:61
8059,0:4:5:6:7:33:35:63
8060,0:4:5:6:7:33:36:61
8061,0:4:5:6:7:33:37:61
8062,0:4:5:6:7:33:38:61
8063,0:4:5:6:7:33:39:61
8064,0:4:5:6:7:33:40:61
8065,0:4:5:6:7:33:41:61
8066,0:4:5:6:7:33:42:61
8067,0:4:5:6:7:33:43:61
8068,0:4:5:6:7:33:44:61
8069,0:4:5:6:7:33:45:61
8070,0:4:5:6:7:33:46:61
8071,0:4:5:6:7:33:47:61
8072,0:4:5:6:7:33:48:61
8073,0:4:5:6:7:33:49:61
8074,0:4:5:6:7:33:50:61
8075,0:4:5:6:7:33:51:61
8076,0:4:5:6:7:33:52:61
8077,0:4:5:6:7:33:53:61
8078,0:4:5:6:7:33:54:61
8079,0:4:5:6:7:33:55:61
8080,0:4:5:6:7:33:56:61
8081,0:4:5:6:7:33:57:61
8082,0:4:5:6:7:33:58:61
8083,0:4:5:6:7:33:59:61
8084,0:4:5:6:7:33:60:61
8085,0:4:5:6:7:33:61:62
8086,0:4:5:6:7:33:61:63
8087,0:4:5:6:7:34:35:62
8088,0:4:5:6:7:34:35:63
8089,0:4:5:6:7:34:36:62
8090,0:4:5:6:7:34:37:62
8091,0:4:5:6:7:34:38:62
8092,0:4:5:6:7:34:39:62
8093,0:4:5:6:7:34:40:62
8094,0:4:5:6:7:34:41:62
8095,0:4:5:6:7:34:42:62
8096,0:4:5:6:7:34:43:62
8097,0:4:5:6:7:34:44:62
8098,0:4:5:6:7:34:45:62
8099,0:4:5:6:7:34:46:62
8100,0:4:5:6:7:34:47:62
8101,0:4:5:6:7:34:48:62
8102,0:4:5:6:7:34:49:62
8103,0:4:5:6:7:34:50:62
8104,0:4:5:6:7:34:51:62
8105,0:4:5:6:7:34:52:62
8106,0:4:5:6:7:34:53:62
8107,0:4:5:6:7:34:54:62
8108,0:4:5:6:7:34:55:62
8109,0:4:5:6:7:34:56:62
8110,0:4:5:6:7:34:57:62
8111,0:4:5:6:7:34:58:62
8112,0:4:5:6:7:34:59:62
8113,0:4:5:6:7:34:60:62
8114,0:4:5:6:7:34:61:62
8115,0:4:5:6:7:34:62:63
8116,0:4:5:6:7:35:36:63
8117,0:4:5:6:7:35:37:63
8118,0:4:5:6:7:35:38:63
8119,0:4:5:6:7:35:39:63
8120,0:4:5:6:7:35:40:63
8121,0:4:5:6:7:35:41:63
8122,0:4:5:6:7:35:42:63
8123,0:4:5:6:7:35:43:63
8124,0:4:5:6:7:35:44:63
8125,0:4:5:6:7:35:45:63
8126,0:4:5:6:7:35:46:63
8127,0:4:5:6:7:35:47:63
8128,0:4:5:6:7:35:48:63
8129,0:4:5:6:7:35:49:63
8130,0:4:5:6:7:35:50:63
8131,0:4:5:6:7:35:51:63
8132,0:4:5:6:7:35:52:63
8133,0:4:5:6:7:35:53:63
8134,0:4:5:6:7:35:54:63
8135,0:4:5:6:7:35:55:63
8136,0:4:5:6:7:35:56:63
8137,0:4:5:6:7:35:57:63
8138,0:4:5:6:7:35:58:63
8139,0:4:5:6:7:35:59:63
8140,0:4:5:6:7:35:60:63
8141,0:4:5:6:7:35:61:63
8142,0:4:5:6:7:35:62:63
8143,1:2:3:4:5:8:22:36
8144,1:2:3:4:5:8:22:50
8145,1:2:3:4:5:8:36:50
8146,1:2:3:4:5:9:23:37
8147,1:2:3:4:5:9:23:51
8148,1:2:3:4:5:9:37:51
8149,1:2:3:4:5:10:24:38
8150,1:2:3:4:5:10:24:52
8151,1:2:3:4:5:10:38:52
8152,1:2:3:4:5:11:25:39
8153,1:2:3:4:5:11:25:53
8154,1:2:3:4:5:11:39:53
8155,1:2:3:4:5:12:26:40
8156,1:2:3:4:5:12:26:54
8157,1:2:3:4:5:12:40:54
8158,1:2:3:4:5:13:27:41
8159,1:2:3:4:5:13:27:55
8160,1:2:3:4:5:13:41:55
8161,1:2:3:4:5:14:28:42
8162,1:2:3:4:5:14:28:56
8163,1:2:3:4:5:14:42:56
8164,1:2:3:4:5:15:29:43
8165,1:2:3:4:5:15:29:57
8166,1:2:3:4:5:15:43:57
8167,1:2:3:4:5:16:30:44
8168,1:2:3:4:5:16:30:58
8169,1:2:3:4:5:16:44:58
8170,1:2:3:4:5:17:31:45
8171,1:2:3:4:5:17:31:59
8172,1:2:3:4:5:17:45:59
8173,1:2:3:4:5:18:32:46
8174,1:2:3:4:5:18:32:60
8175,1:2:3:4:5:18:46:60
8176,1:2:3:4:5:19:33:47
8177,1:2:3:4:5:19:33:61
8178,1:2:3:4:5:19:47:61
8179,1:2:3:4:5:20:34:48
8180,1:2:3:4:5:20:34:62
8181,1:2:3:4:5:20:48:62
8182,1:2:3:4:5:21:35:49
8183,1:2:3:4:5:21:35:63
8184,1:2:3:4:5:21:49:63
8185,1:2:3:4:5:22:36:50
8186,1:2:3:4:5:23:37:51
8187,1:2:3:4:5:24:38:52
8188,1:2:3:4:5:25:39:53
8189,1:2:3:4:5:26:40:54
8190,1:2:3:4:5:27:41:55
8191,1:2:3:4:5:28:42:56
8192,1:2:3:4:5:29:43:57
8193,1:2:3:4:5:30:44:58
8194,1:2:3:4:5:31:45:59
8195,1:2:3:4:5:32:46:60
8196,1:2:3:4:5:33:47:61
8197,1:2:3:4:5:34:48:62
8198,1:2:3:4:5:35:49:63
8199,1:2:3:5:6:34:52:55
8200,1:2:3:6:7:8:22:36
8201,1:2:3:6:7:8:22:50
8202,1:2:3:6:7:8:36:50
8203,1:2:3:6:7:9:23:37
8204,1:2:3:6:7:9:23:51
8205,1:2:3:6:7:9:37:51
8206,1:2:3:6:7:10:24:38
8207,1:2:3:6:7:10:24:52
8208,1:2:3:6:7:10:38:52
8209,1:2:3:6:7:11:25:39
8210,1:2:3:6:7:11:25:53
8211,1:2:3:6:7:11:39:53
8212,1:2:3:6:7:12:26:40
8213,1:2:3:6:7:12:26:54
8214,1:2:3:6:7:12:40:54
8215,1:2:3:6:7:13:27:41
8216,1:2:3:6:7:13:27:55
8217,1:2:3:6:7:13:41:55
8218,1:2:3:6:7:14:28:42
8219,1:2:3:6:7:14:28:56
8220,1:2:3:6:7:14:42:56
8221,1:2:3:6:7:15:29:43
8222,1:2:3:6:7:15:29:57
8223,1:2:3:6:7:15:43:57
8224,1:2:3:6:7:16:30:44
8225,1:2:3:6:7:16:30:58
8226,1:2:3:6:7:16:44:58
8227,1:2:3:6:7:17:31:45
8228,1:2:3:6:7:17:31:59
8229,1:2:3:6:7:17:45:59
8230,1:2:3:6:7:18:32:46
8231,1:2:3:6:7:18:32:60
8232,1:2:3:6:7:18:46:60
8233,1:2:3:6:7:19:33:47
8234,1:2:3:6:7:19:33:61
8235,1:2:3:6:7:19:47:61
8236,1:2:3:6:7:20:34:48
8237,1:2:3:6:7:20:34:62
8238,1:2:3:6:7:20:48:62
8239,1:2:3:6:7:21:35:49
8240,1:2:3:6:7:21:35:63
8241,1:2:3:6:7:21:49:63
8242,1:2:3:6:7:22:36:50
8243,1:2:3:6:7:23:37:51
8244,1:2:3:6:7:24:38:52
8245,1:2:3:6:7:25:39:53
8246,1:2:3:6:7:26:40:54
8247,1:2:3:6:7:27:41:55
8248,1:2:3:6:7:28:42:56
8249,1:2:3:6:7:29:43:57
8250,1:2:3:6:7:30:44:58
8251,1:2:3:6:7:31:45:59
8252,1:2:3:6:7:32:46:60
8253,1:2:3:6:7:33:47:61
8254,1:2:3:6:7:34:48:62
8255,1:2:3:6:7:35:49:63
8256,1:2:3:6:7:48:59:63
8257,1:2:4:6:7:28:29:37
8258,1:3:4:6:7:9:45:51
8259,1:4:5:6:7:8:9:36
8260,1:4:5:6:7:8:9:37
8261,1:4:5:6:7:8:10:36
8262,1:4:5:6:7:8:10:38
8263,1:4:5:6:7:8:11:36
8264,1:4:5:6:7:8:11:39
8265,1:4:5:6:7:8:12:36
8266,1:4:5:6:7:8:12:40
8267,1:4:5:6:7:8:13:36
8268,1:4:5:6:7:8:13:41
8269,1:4:5:6:7:8:14:36
8270,1:4:5:6:7:8:14:42
8271,1:4:5:6:7:8:15:36
8272,1:4:5:6:7:8:15:43
8273,1:4:5:6:7:8:16:36
8274,1:4:5:6:7:8:16:44
8275,1:4:5:6:7:8:17:36
8276,1:4:5:6:7:8:17:45
8277,1:4:5:6:7:8:18:36
8278,1:4:5:6:7:8:18:46
8279,1:4:5:6:7:8:19:36
8280,1:4:5:6:7:8:19:47
8281,1:4:5:6:7:8:20:36
8282,1:4:5:6:7:8:20:48
8283,1:4:5:6:7:8:21:36
8284,1:4:5:6:7:8:21:49
8285,1:4:5:6:7:8:22:36
8286,1:4:5:6:7:8:22:50
8287,1:4:5:6:7:8:23:36
8288,1:4:5:6:7:8:23:51
8289,1:4:5:6:7:8:24:36
8290,1:4:5:6:7:8:24:52
8291,1:4:5:6:7:8:25:36
8292,1:4:5:6:7:8:25:53
8293,1:4:5:6:7:8:26:36
8294,1:4:5:6:7:8:26:54
8295,1:4:5:6:7:8:27:36
8296,1:4:5:6:7:8:27:55
8297,1:4:5:6:7:8:28:36
8298,1:4:5:6:7:8:28:56
8299,1:4:5:6:7:8:29:36
8300,1:4:5:6:7:8:29:57
8301,1:4:5:6:7:8:30:36
8302,1:4:5:6:7:8:30:58
8303,1:4:5:6:7:8:31:36
8304,1:4:5:6:7:8:31:59
8305,1:4:5:6:7:8:32:36
8306,1:4:5:6:7:8:32:60
8307,1:4:5:6:7:8:33:36
8308,1:4:5:6:7:8:33:61
8309,1:4:5:6:7:8:34:36
8310,1:4:5:6:7:8:34:62
8311,1:4:5:6:7:8:35:36
8312,1:4:5:6:7:8:35:63
8313,1:4:5:6:7:8:36:37
8314,1:4:5:6:7:8:36:38
8315,1:4:5:6:7:8:36:39
8316,1:4:5:6:7:8:36:40
8317,1:4:5:6:7:8:36:41
8318,1:4:5:6:7:8:36:42
8319,1:4:5:6:7:8:36:43
8320,1:4:5:6:7:8:36:44
8321,1:4:5:6:7:8:36:45
8322,1:4:5:6:7:8:36:46
8323,1:4:5:6:7:8:36:47
8324,1:4:5:6:7:8:36:48
8325,1:4:5:6:7:8:36:49
8326,1:4:5:6:7:8:36:50
8327,1:4:5:6:7:8:36:51
8328,1:4:5:6:7:8:36:52
8329,1:4:5:6:7:8:36:53
8330,1:4:5:6:7:8:36:54
8331,1:4:5:6:7:8:36:55
8332,1:4:5:6:7:8:36:56
8333,1:4:5:6:7:8:36:57
8334,1:4:5:6:7:8:36:58
8335,1:4:5:6:7:8:36:59
8336,1:4:5:6:7:8:36:60
8337,1:4:5:6:7:8:36:61
8338,1:4:5:6:7:8:36:62
8339,1:4:5:6:7:8:36:63
8340,1:4:5:6:7:9:10:37
8341,1:4:5:6:7:9:10:38
8342,1:4:5:6:7:9:11:37
8343,1:4:5:6:7:9:11:39
8344,1:4:5:6:7:9:12:37
8345,1:4:5:6:7:9:12:40
8346,1:4:5:6:7:9:13:37
8347,1:4:5:6:7:9:13:41
8348,1:4:5:6:7:9:14:37
8349,1:4:5:6:7:9:14:42
8350,1:4:5:6:7:9:15:37
8351,1:4:5:6:7:9:15:43
8352,1:4:5:6:7:9:16:37
8353,1:4:5:6:7:9:16:44
8354,1:4:5:6:7:9:17:37
8355,1:4:5:6:7:9:17:45
8356,1:4:5:6:7:9:18:37
8357,1:4:5:6:7:9:18:46
8358,1:4:5:6:7:9:19:37
8359,1:4:5:6:7:9:19:47
8360,1:4:5:6:7:9:20:37
8361,1:4:5:6:7:9:20:48
8362,1:4:5:6:7:9:21:37
8363,1:4:5:6:7:9:21:49
8364,1:4:5:6:7:9:22:37
8365,1:4:5:6:7:9:22:50
8366,1:4:5:6:7:9:23:37
8367,1:4:5:6:7:9:23:51
8368,1:4:5:6:7:9:24:37
8369,1:4:5:6:7:9:24:52
8370,1:4:5:6:7:9:25:37
8371,1:4:5:6:7:9:25:53
8372,1:4:5:6:7:9:26:37
8373,1:4:5:6:7:9:26:54
8374,1:4:5:6:7:9:27:37
8375,1:4:5:6:7:9:27:55
8376,1:4:5:6:7:9:28:37
8377,1:4:5:6:7:9:28:56
8378,1:4:5:6:7:9:29:37
8379,1:4:5:6:7:9:29:57
8380,1:4:5:6:7:9:30:37
8381,1:4:5:6:7:9:30:58
8382,1:4:5:6:7:9:31:37
8383,1:4:5:6:7:9:31:59
8384,1:4:5:6:7:9:32:37
8385,1:4:5:6:7:9:32:60
8386,1:4:5:6:7:9:33:37
8387,1:4:5:6:7:9:33:61
8388,1:4:5:6:7:9:34:37
8389,1:4:5:6:7:9:34:62
8390,1:4:5:6:7:9:35:37
8391,1:4:5:6:7:9:35:63
8392,1:4:5:6:7:9:36:37
8393,1:4:5:6:7:9:37:38
8394,1:4:5:6:7:9:37:39
8395,1:4:5:6:7:9:37:40
8396,1:4:5:6:7:9:37:41
8397,1:4:5:6:7:9:37:42
8398,1:4:5:6:7:9:37:43
8399,1:4:5:6:7:9:37:44
8400,1:4:5:6:7:9:37:45
8401,1:4:5:6:7:9:37:46
8402,1:4:5:6:7:9:37:47
8403,1:4:5:6:7:9:37:48
8404,1:4:5:6:7:9:37:49
8405,1:4:5:6:7:9:37:50
8406,1:4:5:6:7:9:37:51
8407,1:4:5:6:7:9:37:52
8408,1:4:5:6:7:9:37:53
8409,1:4:5:6:7:9:37:54
8410,1:4:5:6:7:9:37:55
8411,1:4:5:6:7:9:37:56
8412,1:4:5:6:7:9:37:57
8413,1:4:5:6:7:9:37:58
8414,1:4:5:6:7:9:37:59
8415,1:4:5:6:7:9:37:60
8416,1:4:5:6:7:9:37:61
8417,1:4:5:6:7:9:37:62
8418,1:4:5:6:7:9:37:63
8419,1:4:5:6:7:10:11:38
8420,1:4:5:6:7:10:11:39
8421,1:4:5:6:7:10:12:38
8422,1:4:5:6:7:10:12:40
8423,1:4:5:6:7:10:13:38
8424,1:4:5:6:7:10:13:41
8425,1:4:5:6:7:10:14:38
8426,1:4:5:6:7:10:14:42
8427,1:4:5:6:7:10:15:38
8428,1:4:5:6:7:10:15:43
8429,1:4:5:6:7:10:16:38
8430,1:4:5:6:7:10:16:44
8431,1:4:5:6:7:10:17:38
8432,1:4:5:6:7:10:17:45
8433,1:4:5:6:7:10:18:38
8434,1:4:5:6:7:10:18:46
8435,1:4:5:6:7:10:19:38
8436,1:4:5:6:7:10:19:47
8437,1:4:5:6:7:10:20:38
8438,1:4:5:6:7:10:20:48
8439,1:4:5:6:7:10:21:38
8440,1:4:5:6:7:10:21:49
8441,1:4:5:6:7:10:22:38
8442,1:4:5:6:7:10:22:50
8443,1:4:5:6:7:10:23:38
8444,1:4:5:6:7:10:23:51
8445,1:4:5:6:7:10:24:38
8446,1:4:5:6:7:10:24:52
8447,1:4:5:6:7:10:25:38
8448,1:4:5:6:7:10:25:53
8449,1:4:5:6:7:10:26:38
8450,1:4:5:6:7:10:26:54
8451,1:4:5:6:7:10:27:38
8452,1:4:5:6:7:10:27:55
8453,1:4:5:6:7:10:28:38
8454,1:4:5:6:7:10:28:56
8455,1:4:5:6:7:10:29:38
8456,1:4:5:6:7:10:29:57
8457,1:4:5:6:7:10:30:38
8458,1:4:5:6:7:10:30:58
8459,1:4:5:6:7:10:31:38
8460,1:4:5:6:7:10:31:59
8461,1:4:5:6:7:10:32:38
8462,1:4:5:6:7:10:32:60
8463,1:4:5:6:7:10:33:38
8464,1:4:5:6:7:10:33:61
8465,1:4:5:6:7:10:34:38
8466,1:4:5:6:7:10:34:62
8467,1:4:5:6:7:10:35:38
8468,1:4:5:6:7:10:35:63
8469,1:4:5:6:7:10:36:38
8470,1:4:5:6:7:10:37:38
8471,1:4:5:6:7:10:38:39
8472,1:4:5:6:7:10:38:40
8473,1:4:5:6:7:10:38:41
8474,1:4:5:6:7:10:38:42
8475,1:4:5:6:7:10:38:43
8476,1:4:5:6:7:10:38:44
8477,1:4:5:6:7:10:38:45
8478,1:4:5:6:7:10:38:46
8479,1:4:5:6:7:10:38:47
8480,1:4:5:6:7:10:38:48
8481,1:4:5:6:7:10:38:49
8482,1:4:5:6:7:10:38:50
8483,1:4:5:6:7:10:38:51
8484,1:4:5:6:7:10:38:52
8485,1:4:5:6:7:10:38:53
8486,1:4:5:6:7:10:38:54
8487,1:4:5:6:7:10:38:55
8488,1:4:5:6:7:10:38:56
8489,1:4:5:6:7:10:38:57
8490,1:4:5:6:7:10:38:58
8491,1:4:5:6:7:10:38:59
8492,1:4:5:6:7:10:38:60
8493,1:4:5:6:7:10:38:61
8494,1:4:5:6:7:10:38:62
8495,1:4:5:6:7:10:38:63
8496,1:4:5:6:7:11:12:39
8497,1:4:5:6:7:11:12:40
8498,1:4:5:6:7:11:13:39
8499,1:4:5:6:7:11:13:41
8500,1:4:5:6:7:11:14:39
8501,1:4:5:6:7:11:14:42
8502,1:4:5:6:7:11:15:39
8503,1:4:5:6:7:11:15:43
8504,1:4:5:6:7:11:16:39
8505,1:4:5:6:7:11:16:44
8506,1:4:5:6:7:11:17:39
8507,1:4:5:6:7:11:17:45
8508,1:4:5:6:7:11:18:39
8509,1:4:5:6:7:11:18:46
8510,1:4:5:6:7:11:19:39
8511,1:4:5:6:7:11:19:47
8512,1:4:5:6:7:11:20:39
8513,1:4:5:6:7:11:20:48
8514,1:4:5:6:7:11:21:39
8515,1:4:5:6:7:11:21:49
8516,1:4:5:6:7:11:22:39
8517,1:4:5:6:7:11:22:50
8518,1:4:5:6:7:11:23:39
8519,1:4:5:6:7:11:23:51
8520,1:4:5:6:7:11:24:39
8521,1:4:5:6:7:11:24:52
8522,1:4:5:6:7:11:25:39
8523,1:4:5:6:7:11:25:53
8524,1:4:5:6:7:11:26:39
8525,1:4:5:6:7:11:26:54
8526,1:4:5:6:7:11:27:39
8527,1:4:5:6:7:11:27:55
8528,1:4:5:6:7:11:28:39
8529,1:4:5:6:7:11:28:56
8530,1:4:5:6:7:11:29:39
8531,1:4:5:6:7:11:29:57
8532,1:4:5:6:7:11:30:39
8533,1:4:5:6:7:11:30:58
8534,1:4:5:6:7:11:31:39
8535,1:4:5:6:7:11:31:59
8536,1:4:5:6:7:11:32:39
8537,1:4:5:6:7:11:32:60
8538,1:4:5:6:7:11:33:39
8539,1:4:5:6:7:11:33:61
8540,1:4:5:6:7:11:34:39
8541,1:4:5:6:7:11:34:62
8542,1:4:5:6:7:11:35:39
8543,1:4:5:6:7:11:35:63
8544,1:4:5:6:7:11:36:39
8545,1:4:5:6:7:11:37:39
8546,1:4:5:6:7:11:38:39
8547,1:4:5:6:7:11:39:40
8548,1:4:5:6:7:11:39:41
8549,1:4:5:6:7:11:39:42
8550,1:4:5:6:7:11:39:43
8551,1:4:5:6:7:11:39:44
8552,1:4:5:6:7:11:39:45
8553,1:4:5:6:7:11:39:46
8554,1:4:5:6:7:11:39:47
8555,1:4:5:6:7:11:39:48
8556,1:4:5:6:7:11:39:49
8557,1:4:5:6:7:11:39:50
8558,1:4:5:6:7:11:39:51
8559,1:4:5:6:7:11:39:52
8560,1:4:5:6:7:11:39:53
8561,1:4:5:6:7:11:39:54
8562,1:4:5:6:7:11:39:55
8563,1:4:5:6:7:11:39:56
8564,1:4:5:6:7:11:39:57
8565,1:4:5:6:7:11:39:58
8566,1:4:5:6:7:11:39:59
8567,1:4:5:6:7:11:39:60
8568,1:4:5:6:7:11:39:61
8569,1:4:5:6:7:11:39:62
8570,1:4:5:6:7:11:39:63
8571,1:4:5:6:7:12:13:40
8572,1:4:5:6:7:12:13:41
8573,1:4:5:6:7:12:14:40
8574,1:4:5:6:7:12:14:42
8575,1:4:5:6:7:12:15:40
8576,1:4:5:6:7:12:15:43
8577,1:4:5:6:7:12:16:40
8578,1:4:5:6:7:12:16:44
8579,1:4:5:6:7:12:17:40
8580,1:4:5:6:7:12:17:45
8581,1:4:5:6:7:12:18:40
8582,1:4:5:6:7:12:18:46
8583,1:4:5:6:7:12:19:40
8584,1:4:5:6:7:12:19:47
8585,1:4:5:6:7:12:20:40
8586,1:4:5:6:7:12:20:48
8587,1:4:5:6:7:12:21:40
8588,1:4:5:6:7:12:21:49
8589,1:4:5:6:7:12:22:40
8590,1:4:5:6:7:12:22:50
8591,1:4:5:6:7:12:23:40
8592,1:4:5:6:7:12:23:51
8593,1:4:5:6:7:12:24:40
8594,1:4:5:6:7:12:24:52
8595,1:4:5:6:7:12:25:40
8596,1:4:5:6:7:12:25:53
8597,1:4:5:6:7:12:26:40
8598,1:4:5:6:7:12:26:54
8599,1:4:5:6:7:12:27:40
8600,1:4:5:6:7:12:27:55
8601,1:4:5:6:7:12:28:40
8602,1:4:5:6:7:12:28:56
8603,1:4:5:6:7:12:29:40
8604,1:4:5:6:7:12:29:57
8605,1:4:5:6:7:12:30:40
8606,1:4:5:6:7:12:30:58
8607,1:4:5:6:7:12:31:40
8608,1:4:5:6:7:12:31:59
8609,1:4:5:6:7:12:32:40
8610,1:4:5:6:7:12:32:60
8611,1:4:5:6:7:12:33:40
8612,1:4:5:6:7:12:33:61
8613,1:4:5:6:7:12:34:40
8614,1:4:5:6:7:12:34:62
8615,1:4:5:6:7:12:35:40
8616,1:4:5:6:7:12:35:63
8617,1:4:5:6:7:12:36:40
8618,1:4:5:6:7:12:37:40
8619,1:4:5:6:7:12:38:40
8620,1:4:5:6:7:12:39:40
8621,1:4:5:6:7:12:40:41
8622,1:4:5:6:7:12:40:42
8623,1:4:5:6:7:12:40:43
8624,1:4:5:6:7:12:40:44
8625,1:4:5:6:7:12:40:45
8626,1:4:5:6:7:12:40:46
8627,1:4:5:6:7:12:40:47
8628,1:4:5:6:7:12:40:48
8629,1:4:5:6:7:12:40:49
8630,1:4:5:6:7:12:40:50
8631,1:4:5:6:7:12:40:51
8632,1:4:5:6:7:12:40:52
8633,1:4:5:6:7:12:40:53
8634,1:4:5:6:7:12:40:54
8635,1:4:5:6:7:12:40:55
8636,1:4:5:6:7:12:40:56
8637,1:4:5:6:7:12:40:57
8638,1:4:5:6:7:12:40:58
8639,1:4:5:6:7:12:40:59
8640,1:4:5:6:7:12:40:60
8641,1:4:5:6:7:12:40:61
8642,1:4:5:6:7:12:40:62
8643,1:4:5:6:7:12:40:63
8644,1:4:5:6:7:13:14:41
8645,1:4:5:6:7:13:14:42
8646,1:4:5:6:7:13:15:41
8647,1:4:5:6:7:13:15:43
8648,1:4:5:6:7:13:16:41
8649,1:4:5:6:7:13:16:44
8650,1:4:5:6:7:13:17:41
8651,1:4:5:6:7:13:17:45
8652,1:4:5:6:7:13:18:41
8653,1:4:5:6:7:13:18:46
8654,1:4:5:6:7:13:19:41
8655,1:4:5:6:7:13:19:47
8656,1:4:5:6:7:13:20:41
8657,1:4:5:6:7:13:20:48
8658,1:4:5:6:7:13:21:41
8659,1:4:5:6:7:13:21:49
8660,1:4:5:6:7:13:22:41
8661,1:4:5:6:7:13:22:50
8662,1:4:5:6:7:13:23:41
8663,1:4:5:6:7:13:23:51
8664,1:4:5:6:7:13:24:41
8665,1:4:5:6:7:13:24:52
8666,1:4:5:6:7:13:25:41
8667,1:4:5:6:7:13:25:53
8668,1:4:5:6:7:13:26:41
8669,1:4:5:6:7:13:26:54
8670,1:4:5:6:7:13:27:41
8671,1:4:5:6:7:13:27:55
8672,1:4:5:6:7:13:28:41
8673,1:4:5:6:7:13:28:56
8674,1:4:5:6:7:13:29:41
8675,1:4:5:6:7:13:29:57
8676,1:4:5:6:7:13:30:41
8677,1:4:5:6:7:13:30:58
8678,1:4:5:6:7:13:31:41
8679,1:4:5:6:7:13:31:59
8680,1:4:5:6:7:13:32:41
8681,1:4:5:6:7:13:32:60
8682,1:4:5:6:7:13:33:41
8683,1:4:5:6:7:13:33:61
8684,1:4:5:6:7:13:34:41
8685,1:4:5:6:7:13:34:62
8686,1:4:5:6:7:13:35:41
8687,1:4:5:6:7:13:35:63
8688,1:4:5:6:7:13:36:41
8689,1:4:5:6:7:13:37:41
8690,1:4:5:6:7:13:38:41
8691,1:4:5:6:7:13:39:41
8692,1:4:5:6:7:13:40:41
8693,1:4:5:6:7:13:41:42
8694,1:4:5:6:7:13:41:43
8695,1:4:5:6:7:13:41:44
8696,1:4:5:6:7:13:41:45
8697,1:4:5:6:7:13:41:46
8698,1:4:5:6:7:13:41:47
8699,1:4:5:6:7:13:41:48
8700,1:4:5:6:7:13:41:49
8701,1:4:5:6:7:13:41:50
8702,1:4:5:6:7:13:41:51
8703,1:4:5:6:7:13:41:52
8704,1:4:5:6:7:13:41:53
8705,1:4:5:6:7:13:41:54
8706,1:4:5:6:7:13:41:55
8707,1:4:5:6:7:13:41:56
8708,1:4:5:6:7:13:41:57
8709,1:4:5:6:7:13:41:58
8710,1:4:5:6:7:13:41:59
8711,1:4:5:6:7:13:41:60
8712,1:4:5:6:7:13:41:61
8713,1:4:5:6:7:13:41:62
8714,1:4:5:6:7:13:41:63
8715,1:4:5:6:7:14:15:42
8716,1:4:5:6:7:14:15:43
8717,1:4:5:6:7:14:16:42
8718,1:4:5:6:7:14:16:44
8719,1:4:5:6:7:14:17:42
8720,1:4:5:6:7:14:17:45
8721,1:4:5:6:7:14:18:42
8722,1:4:5:6:7:14:18:46
8723,1:4:5:6:7:14:19:42
8724,1:4:5:6:7:14:19:47
8725,1:4:5:6:7:14:20:42
8726,1:4:5:6:7:14:20:48
8727,1:4:5:6:7:14:21:42
8728,1:4:5:6:7:14:21:49
8729,1:4:5:6:7:14:22:42
8730,1:4:5:6:7:14:22:50
8731,1:4:5:6:7:14:23:42
8732,1:4:5:6:7:14:23:51
8733,1:4:5:6:7:14:24:42
8734,1:4:5:6:7:14:24:52
8735,1:4:5:6:7:14:25:42
8736,1:4:5:6:7:14:25:53
8737,1:4:5:6:7:14:26:42
8738,1:4:5:6:7:14:26:54
8739,1:4:5:6:7:14:27:42
8740,1:4:5:6:7:14:27:55
8741,1:4:5:6:7:14:28:42
8742,1:4:5:6:7:14:28:56
8743,1:4:5:6:7:14:29:42
8744,1:4:5:6:7:14:29:57
8745,1:4:5:6:7:14:30:42
8746,1:4:5:6:7:14:30:58
8747,1:4:5:6:7:14:31:42
8748,1:4:5:6:7:14:31:59
8749,1:4:5:6:7:14:32:42
8750,1:4:5:6:7:14:32:60
8751,1:4:5:6:7:14:33:42
8752,1:4:5:6:7:14:33:61
8753,1:4:5:6:7:14:34:42
8754,1:4:5:6:7:14:34:62
8755,1:4:5:6:7:14:35:42
8756,1:4:5:6:7:14:35:63
8757,1:4:5:6:7:14:36:42
8758,1:4:5:6:7:14:37:42
8759,1:4:5:6:7:14:38:42
8760,1:4:5:6:7:14:39:42
8761,1:4:5:6:7:14:40:42
8762,1:4:5:6:7:14:41:42
8763,1:4:5:6:7:14:42:43
8764,1:4:5:6:7:14:42:44
8765,1:4:5:6:7:14:42:45
8766,1:4:5:6:7:14:42:46
8767,1:4:5:6:7:14:42:47
8768,1:4:5:6:7:14:42:48
8769,1:4:5:6:7:14:42:49
8770,1:4:5:6:7:14:42:50
8771,1:4:5:6:7:14:42:51
8772,1:4:5:6:7:14:42:52
8773,1:4:5:6:7:14:42:53
8774,1:4:5:6:7:14:42:54
8775,1:4:5:6:7:14:42:55
8776,1:4:5:6:7:14:42:56
8777,1:4:5:6:7:14:42:57
8778,1:4:5:6:7:14:42:58
8779,1:4:5:6:7:14:42:59
8780,1:4:5:6:7:14:42:60
8781,1:4:5:6:7:14:42:61
8782,1:4:5:6:7:14:42:62
8783,1:4:5:6:7:14:42:63
8784,1:4:5:6:7:15:16:43
8785,1:4:5:6:7:15:16:44
8786,1:4:5:6:7:15:17:43
8787,1:4:5:6:7:15:17:45
8788,1:4:5:6:7:15:18:43
8789,1:4:5:6:7:15:18:46
8790,1:4:5:6:7:15:19:43
8791,1:4:5:6:7:15:19:47
8792,1:4:5:6:7:15:20:43
8793,1:4:5:6:7:15:20:48
8794,1:4:5:6:7:15:21:43
8795,1:4:5:6:7:15:21:49
8796,1:4:5:6:7:15:22:43
8797,1:4:5:6:7:15:22:50
8798,1:4:5:6:7:15:23:43
8799,1:4:5:6:7:15:23:51
8800,1:4:5:6:7:15:24:43
8801,1:4:5:6:7:15:24:52
8802,1:4:5:6:7:15:25:43
8803,1:4:5:6:7:15:25:53
8804,1:4:5:6:7:15:26:43
8805,1:4:5:6:7:15:26:54
8806,1:4:5:6:7:15:27:43
8807,1:4:5:6:7:15:27:55
8808,1:4:5:6:7:15:28:43
8809,1:4:5:6:7:15:28:56
8810,1:4:5:6:7:15:29:43
8811,1:4:5:6:7:15:29:57
8812,1:4:5:6:7:15:30:43
8813,1:4:5:6:7:15:30:58
8814,1:4:5:6:7:15:31:43
8815,1:4:5:6:7:15:31:59
8816,1:4:5:6:7:15:32:43
8817,1:4:5:6:7:15:32:60
8818,1:4:5:6:7:15:33:43
8819,1:4:5:6:7:15:33:61
8820,1:4:5:6:7:15:34:43
8821,1:4:5:6:7:15:34:62
8822,1:4:5:6:7:15:35:43
8823,1:4:5:6:7:15:35:63
8824,1:4:5:6:7:15:36:43
8825,1:4:5:6:7:15:37:43
8826,1:4:5:6:7:15:38:43
8827,1:4:5:6:7:15:39:43
8828,1:4:5:6:7:15:40:43
8829,1:4:5:6:7:15:41:43
8830,1:4:5:6:7:15:42:43
8831,1:4:5:6:7:15:43:44
8832,1:4:5:6:7:15:43:45
8833,1:4:5:6:7:15:43:46
8834,1:4:5:6:7:15:43:47
8835,1:4:5:6:7:15:43:48
8836,1:4:5:6:7:15:43:49
8837,1:4:5:6:7:15:43:50
8838,1:4:5:6:7:15:43:51
8839,1:4:5:6:7:15:43:52
8840,1:4:5:6:7:15:43:53
8841,1:4:5:6:7:15:43:54
8842,1:4:5:6:7:15:43:55
8843,1:4:5:6:7:15:43:56
8844,1:4:5:6:7:15:43:57
8845,1:4:5:6:7:15:43:58
8846,1:4:5:6:7:15:43:59
8847,1:4:5:6:7:15:43:60
8848,1:4:5:6:7:15:43:61
8849,1:4:5:6:7:15:43:62
8850,1:4:5:6:7:15:43:63
8851,1:4:5:6:7:16:17:44
8852,1:4:5:6:7:16:17:45
8853,1:4:5:6:7:16:18:44
8854,1:4:5:6:7:16:18:46
8855,1:4:5:6:7:16:19:44
8856,1:4:5:6:7:16:19:47
8857,1:4:5:6:7:16:20:44
8858,1:4:5:6:7:16:20:48
8859,1:4:5:6:7:16:21:44
8860,1:4:5:6:7:16:21:49
8861,1:4:5:6:7:16:22:44
8862,1:4:5:6:7:16:22:50
8863,1:4:5:6:7:16:23:44
8864,1:4:5:6:7:16:23:51
8865,1:4:5:6:7:16:24:44
8866,1:4:5:6:7:16:24:52
8867,1:4:5:6:7:16:25:44
8868,1:4:5:6:7:16:25:53
8869,1:4:5:6:7:16:26:44
8870,1:4:5:6:7:16:26:54
8871,1:4:5:6:7:16:27:44
8872,1:4:5:6:7:16:27:55
8873,1:4:5:6:7:16:28:44
8874,1:4:5:6:7:16:28:56
8875,1:4:5:6:7:16:29:44
8876,1:4:5:6:7:16:29:57
8877,1:4:5:6:7:16:30:44
8878,1:4:5:6:7:16:30:58
8879,1:4:5:6:7:16:31:44
8880,1:4:5:6:7:16:31:59
8881,1:4:5:6:7:16:32:44
8882,1:4:5:6:7:16:32:60
8883,1:4:5:6:7:16:33:44
8884,1:4:5:6:7:16:33:61
8885,1:4:5:6:7:16:34:44
8886,1:4:5:6:7:16:34:62
8887,1:4:5:6:7:16:35:44
8888,1:4:5:6:7:16:35:63
8889,1:4:5:6:7:16:36:44
8890,1:4:5:6:7:16:37:44
8891,1:4:5:6:7:16:38:44
8892,1:4:5:6:7:16:39:44
8893,1:4:5:6:7:16:40:44
8894,1:4:5:6:7:16:41:44
8895,1:4:5:6:7:16:42:44
8896,1:4:5:6:7:16:43:44
8897,1:4:5:6:7:16:44:45
8898,1:4:5:6:7:16:44:46
8899,1:4:5:6:7:16:44:47
8900,1:4:5:6:7:16:44:48
8901,1:4:5:6:7:16:44:49
8902,1:4:5:6:7:16:44:50
8903,1:4:5:6:7:16:44:51
8904,1:4:5:6:7:16:44:52
8905,1:4:5:6:7:16:44:53
8906,1:4:5:6:7:16:44:54
8907,1:4:5:6:7:16:44:55
8908,1:4:5:6:7:16:44:56
8909,1:4:5:6:7:16:44:57
8910,1:4:5:6:7:16:44:58
8911,1:4:5:6:7:16:44:59
8912,1:4:5:6:7:16:44:60
8913,1:4:5:6:7:16:44:61
8914,1:4:5:6:7:16:44:62
8915,1:4:5:6:7:16:44:63
8916,1:4:5:6:7:17:18:45
8917,1:4:5:6:7:17:18:46
8918,1:4:5:6:7:17:19:45
8919,1:4:5:6:7:17:19:47
8920,1:4:5:6:7:17:20:45
8921,1:4:5:6:7:17:20:48
8922,1:4:5:6:7:17:21:45
8923,1:4:5:6:7:17:21:49
8924,1:4:5:6:7:17:22:45
8925,1:4:5:6:7:17:22:50
8926,1:4:5:6:7:17:23:45
8927,1:4:5:6:7:17:23:51
8928,1:4:5:6:7:17:24:45
8929,1:4:5:6:7:17:24:52
8930,1:4:5:6:7:17:25:45
8931,1:4:5:6:7:17:25:53
8932,1:4:5:6:7:17:26:45
8933,1:4:5:6:7:17:26:54
8934,1:4:5:6:7:17:27:45
8935,1:4:5:6:7:17:27:55
8936,1:4:5:6:7:17:28:45
8937,1:4:5:6:7:17:28:56
8938,1:4:5:6:7:17:29:45
8939,1:4:5:6:7:17:29:57
8940,1:4:5:6:7:17:30:45
8941,1:4:5:6:7:17:30:58
8942,1:4:5:6:7:17:31:45
8943,1:4:5:6:7:17:31:59
8944,1:4:5:6:7:17:32:45
8945,1:4:5:6:7:17:32:60
8946,1:4:5:6:7:17:33:45
8947,1:4:5:6:7:17:33:61
8948,1:4:5:6:7:17:34:45
8949,1:4:5:6:7:17:34:62
8950,1:4:5:6:7:17:35:45
8951,1:4:5:6:7:17:35:63
8952,1:4:5:6:7:17:36:45
8953,1:4:5:6:7:17:37:45
8954,1:4:5:6:7:17:38:45
8955,1:4:5:6:7:17:39:45
8956,1:4:5:6:7:17:40:45
8957,1:4:5:6:7:17:41:45
8958,1:4:5:6:7:17:42:45
8959,1:4:5:6:7:17:43:45
8960,1:4:5:6:7:17:44:45
8961,1:4:5:6:7:17:45:46
8962,1:4:5:6:7:17:45:47
8963,1:4:5:6:7:17:45:48
8964,1:4:5:6:7:17:45:49
8965,1:4:5:6:7:17:45:50
8966,1:4:5:6:7:17:45:51
8967,1:4:5:6:7:17:45:52
8968,1:4:5:6:7:17:45:53
8969,1:4:5:6:7:17:45:54
8970,1:4:5:6:7:17:45:55
8971,1:4:5:6:7:17:45:56
8972,1:4:5:6:7:17:45:57
8973,1:4:5:6:7:17:45:58
8974,1:4:5:6:7:17:45:59
8975,1:4:5:6:7:17:45:60
8976,1:4:5:6:7:17:45:61
8977,1:4:5:6:7:17:45:62
8978,1:4:5:6:7:17:45:63
8979,1:4:5:6:7:18:19:46
8980,1:4:5:6:7:18:19:47
8981,1:4:5:6:7:18:20:46
8982,1:4:5:6:7:18:20:48
8983,1:4:5:6:7:18:21:46
8984,1:4:5:6:7:18:21:49
8985,1:4:5:6:7:18:22:46
8986,1:4:5:6:7:18:22:50
8987,1:4:5:6:7:18:23:46
8988,1:4:5:6:7:18:23:51
8989,1:4:5:6:7:18:24:46
8990,1:4:5:6:7:18:24:52
8991,1:4:5:6:7:18:25:46
8992,1:4:5:6:7:18:25:53
8993,1:4:5:6:7:18:26:46
8994,1:4:5:6:7:18:26:54
8995,1:4:5:6:7:18:27:46
8996,1:4:5:6:7:18:27:55
8997,1:4:5:6:7:18:28:46
8998,1:4:5:6:7:18:28:56
8999,1:4:5:6:7:18:29:46
9000,1:4:5:6:7:18:29:57
9001,1:4:5:6:7:18:30:46
9002,1:4:5:6:7:18:30:58
9003,1:4:5:6:7:18:31:46
9004,1:4:5:6:7:18:31:59
9005,1:4:5:6:7:18:32:46
9006,1:4:5:6:7:18:32:60
9007,1:4:5:6:7:18:33:46
9008,1:4:5:6:7:18:33:61
9009,1:4:5:6:7:18:34:46
9010,1:4:5:6:7:18:34:62
9011,1:4:5:6:7:18:35:46
9012,1:4:5:6:7:18:35:63
9013,1:4:5:6:7:18:36:46
9014,1:4:5:6:7:18:37:46
9015,1:4:5:6:7:18:38:46
9016,1:4:5:6:7:18:39:46
9017,1:4:5:6:7:18:40:46
9018,1:4:5:6:7:18:41:46
9019,1:4:5:6:7:18:42:46
9020,1:4:5:6:7:18:43:46
9021,1:4:5:6:7:18:44:46
9022,1:4:5:6:7:18:45:46
9023,1:4:5:6:7:18:46:47
9024,1:4:5:6:7:18:46:48
9025,1:4:5:6:7:18:46:49
9026,1:4:5:6:7:18:46:50
9027,1:4:5:6:7:18:46:51
9028,1:4:5:6:7:18:46:52
9029,1:4:5:6:7:18:46:53
9030,1:4:5:6:7:18:46:54
9031,1:4:5:6:7:18:46:55
9032,1:4:5:6:7:18:46:56
9033,1:4:5:6:7:18:46:57
9034,1:4:5:6:7:18:46:58
9035,1:4:5:6:7:18:46:59
9036,1:4:5:6:7:18:46:60
9037,1:4:5:6:7:18:46:61
9038,1:4:5:6:7:18:46:62
9039,1:4:5:6:7:18:46:63
9040,1:4:5:6:7:19:20:47
9041,1:4:5:6:7:19:20:48
9042,1:4:5:6:7:19:21:47
9043,1:4:5:6:7:19:21:49
9044,1:4:5:6:7:19:22:47
9045,1:4:5:6:7:19:22:50
9046,1:4:5:6:7:19:23:47
9047,1:4:5:6:7:19:23:51
9048,1:4:5:6:7:19:24:47
9049,1:4:5:6:7:19:24:52
9050,1:4:5:6:7:19:25:47
9051,1:4:5:6:7:19:25:53
9052,1:4:5:6:7:19:26:47
9053,1:4:5:6:7:19:26:54
9054,1:4:5:6:7:19:27:47
9055,1:4:5:6:7:19:27:55
9056,1:4:5:6:7:19:28:47
9057,1:4:5:6:7:19:28:56
9058,1:4:5:6:7:19:29:47
9059,1:4:5:6:7:19:29:57
9060,1:4:5:6:7:19:30:47
9061,1:4:5:6:7:19:30:58
9062,1:4:5:6:7:19:31:47
9063,1:4:5:6:7:19:31:59
9064,1:4:5:6:7:19:32:47
9065,1:4:5:6:7:19:32:60
9066,1:4:5:6:7:19:33:47
9067,1:4:5:6:7:19:33:61
9068,1:4:5:6:7:19:34:47
9069,1:4:5:6:7:19:34:62
9070,1:4:5:6:7:19:35:47
9071,1:4:5:6:7:19:35:63
9072,1:4:5:6:7:19:36:47
9073,1:4:5:6:7:19:37:47
9074,1:4:5:6:7:19:38:47
9075,1:4:5:6:7:19:39:47
9076,1:4:5:6:7:19:40:47
9077,1:4:5:6:7:19:41:47
9078,1:4:5:6:7:19:42:47
9079,1:4:5:6:7:19:43:47
9080,1:4:5:6:7:19:44:47
9081,1:4:5:6:7:19:45:47
9082,1:4:5:6:7:19:46:47
9083,1:4:5:6:7:19:47:48
9084,1:4:5:6:7:19:47:49
9085,1:4:5:6:7:19:47:50
9086,1:4:5:6:7:19:47:51
9087,1:4:5:6:7:19:47:52
9088,1:4:5:6:7:19:47:53
9089,1:4:5:6:7:19:47:54
9090,1:4:5:6:7:19:47:55
9091,1:4:5:6:7:19:47:56
9092,1:4:5:6:7:19:47:57
9093,1:4:5:6:7:19:47:58
9094,1:4:5:6:7:19:47:59
9095,1:4:5:6:7:19:47:60
9096,1:4:5:6:7:19:47:61
9097,1:4:5:6:7:19:47:62
9098,1:4:5:6:7:19:47:63
9099,1:4:5:6:7:20:21:48
9100,1:4:5:6:7:20:21:49
9101,1:4:5:6:7:20:22:48
9102,1:4:5:6:7:20:22:50
9103,1:4:5:6:7:20:23:48
9104,1:4:5:6:7:20:23:51
9105,1:4:5:6:7:20:24:48
9106,1:4:5:6:7:20:24:52
9107,1:4:5:6:7:20:25:48
9108,1:4:5:6:7:20:25:53
9109,1:4:5:6:7:20:26:48
9110,1:4:5:6:7:20:26:54
9111,1:4:5:6:7:20:27:48
9112,1:4:5:6:7:20:27:55
9113,1:4:5:6:7:20:28:48
9114,1:4:5:6:7:20:28:56
9115,1:4:5:6:7:20:29:48
9116,1:4:5:6:7:20:29:57
9117,1:4:5:6:7:20:30:48
9118,1:4:5:6:7:20:30:58
9119,1:4:5:6:7:20:31:48
9120,1:4:5:6:7:20:31:59
9121,1:4:5:6:7:20:32:48
9122,1:4:5:6:7:20:32:60
9123,1:4:5:6:7:20:33:48
9124,1:4:5:6:7:20:33:61
9125,1:4:5:6:7:20:34:48
9126,1:4:5:6:7:20:34:62
9127,1:4:5:6:7:20:35:48
9128,1:4:5:6:7:20:35:63
9129,1:4:5:6:7:20:36:48
9130,1:4:5:6:7:20:37:48
9131,1:4:5:6:7:20:38:48
9132,1:4:5:6:7:20:39:48
9133,1:4:5:6:7:20:40:48
9134,1:4:5:6:7:20:41:48
9135,1:4:5:6:7:20:42:48
9136,1:4:5:6:7:20:43:48
9137,1:4:5:6:7:20:44:48
9138,1:4:5:6:7:20:45:48
9139,1:4:5:6:7:20:46:48
9140,1:4:5:6:7:20:47:48
9141,1:4:5:6:7:20:48:49
9142,1:4:5:6:7:20:48:50
9143,1:4:5:6:7:20:48:51
9144,1:4:5:6:7:20:48:52
9145,1:4:5:6:7:20:48:53
9146,1:4:5:6:7:20:48:54
9147,1:4:5:6:7:20:48:55
9148,1:4:5:6:7:20:48:56
9149,1:4:5:6:7:20:48:57
9150,1:4:5:6:7:20:48:58
9151,1:4:5:6:7:20:48:59
9152,1:4:5:6:7:20:48:60
9153,1:4:5:6:7:20:48:61
9154,1:4:5:6:7:20:48:62
9155,1:4:5:6:7:20:48:63
9156,1:4:5:6:7:21:22:49
9157,1:4:5:6:7:21:22:50
9158,1:4:5:6:7:21:23:49
9159,1:4:5:6:7:21:23:51
9160,1:4:5:6:7:21:24:49
9161,1:4:5:6:7:21:24:52
9162,1:4:5:6:7:21:25:49
9163,1:4:5:6:7:21:25:53
9164,1:4:5:6:7:21:26:49
9165,1:4:5:6:7:21:26:54
9166,1:4:5:6:7:21:27:49
9167,1:4:5:6:7:21:27:55
9168,1:4:5:6:7:21:28:49
9169,1:4:5:6:7:21:28:56
9170,1:4:5:6:7:21:29:49
9171,1:4:5:6:7:21:29:57
9172,1:4:5:6:7:21:30:49
9173,1:4:5:6:7:21:30:58
9174,1:4:5:6:7:21:31:49
9175,1:4:5:6:7:21:31:59
9176,1:4:5:6:7:21:32:49
9177,1:4:5:6:7:21:32:60
9178,1:4:5:6:7:21:33:49
9179,1:4:5:6:7:21:33:61
9180,1:4:5:6:7:21:34:49
9181,1:4:5:6:7:21:34:62
9182,1:4:5:6:7:21:35:49
9183,1:4:5:6:7:21:35:63
9184,1:4:5:6:7:21:36:49
9185,1:4:5:6:7:21:37:49
9186,1:4:5:6:7:21:38:49
9187,1:4:5:6:7:21:39:49
9188,1:4:5:6:7:21:40:49
9189,1:4:5:6:7:21:41:49
9190,1:4:5:6:7:21:42:49
9191,1:4:5:6:7:21:43:49
9192,1:4:5:6:7:21:44:49
9193,1:4:5:6:7:21:45:49
9194,1:4:5:6:7:21:46:49
9195,1:4:5:6:7:21:47:49
9196,1:4:5:6:7:21:48:49
9197,1:4:5:6:7:21:49:50
9198,1:4:5:6:7:21:49:51
9199,1:4:5:6:7:21:49:52
9200,1:4:5:6:7:21:49:53
9201,1:4:5:6:7:21:49:54
9202,1:4:5:6:7:21:49:55
9203,1:4:5:6:7:21:49:56
9204,1:4:5:6:7:21:49:57
9205,1:4:5:6:7:21:49:58
9206,1:4:5:6:7:21:49:59
9207,1:4:5:6:7:21:49:60
9208,1:4:5:6:7:21:49:61
9209,1:4:5:6:7:21:49:62
9210,1:4:5:6:7:21:49:63
9211,1:4:5:6:7:22:23:50
9212,1:4:5:6:7:22:23:51
9213,1:4:5:6:7:22:24:50
9214,1:4:5:6:7:22:24:52
9215,1:4:5:6:7:22:25:50
9216,1:4:5:6:7:22:25:53
9217,1:4:5:6:7:22:26:50
9218,1:4:5:6:7:22:26:54
9219,1:4:5:6:7:22:27:50
9220,1:4:5:6:7:22:27:55
9221,1:4:5:6:7:22:28:50
9222,1:4:5:6:7:22:28:56
9223,1:4:5:6:7:22:29:50
9224,1:4:5:6:7:22:29:57
9225,1:4:5:6:7:22:30:50
9226,1:4:5:6:7:22:30:58
9227,1:4:5:6:7:22:31:50
9228,1:4:5:6:7:22:31:59
9229,1:4:5:6:7:22:32:50
9230,1:4:5:6:7:22:32:60
9231,1:4:5:6:7:22:33:50
9232,1:4:5:6:7:22:33:61
9233,1:4:5:6:7:22:34:50
9234,1:4:5:6:7:22:34:62
9235,1:4:5:6:7:22:35:50
9236,1:4:5:6:7:22:35:63
9237,1:4:5:6:7:22:36:50
9238,1:4:5:6:7:22:37:50
9239,1:4:5:6:7:22:38:50
9240,1:4:5:6:7:22:39:50
9241,1:4:5:6:7:22:40:50
9242,1:4:5:6:7:22:41:50
9243,1:4:5:6:7:22:42:50
9244,1:4:5:6:7:22:43:50
9245,1:4:5:6:7:22:44:50
9246,1:4:5:6:7:22:45:50
9247,1:4:5:6:7:22:46:50
9248,1:4:5:6:7:22:47:50
9249,1:4:5:6:7:22:48:50
9250,1:4:5:6:7:22:49:50
9251,1:4:5:6:7:22:50:51
9252,1:4:5:6:7:22:50:52
9253,1:4:5:6:7:22:50:53
9254,1:4:5:6:7:22:50:54
9255,1:4:5:6:7:22:50:55
9256,1:4:5:6:7:22:50:56
9257,1:4:5:6:7:22:50:57
9258,1:4:5:6:7:22:50:58
9259,1:4:5:6:7:22:50:59
9260,1:4:5:6:7:22:50:60
9261,1:4:5:6:7:22:50:61
9262,1:4:5:6:7:22:50:62
9263,1:4:5:6:7:22:50:63
9264,1:4:5:6:7:23:24:51
9265,1:4:5:6:7:23:24:52
9266,1:4:5:6:7:23:25:51
9267,1:4:5:6:7:23:25:53
9268,1:4:5:6:7:23:26:51
9269,1:4:5:6:7:23:26:54
9270,1:4:5:6:7:23:27:51
9271,1:4:5:6:7:23:27:55
9272,1:4:5:6:7:23:28:51
9273,1:4:5:6:7:23:28:56
9274,1:4:5:6:7:23:29:51
9275,1:4:5:6:7:23:29:57
9276,1:4:5:6:7:23:30:51
9277,1:4:5:6:7:23:30:58
9278,1:4:5:6:7:23:31:51
9279,1:4:5:6:7:23:31:59
9280,1:4:5:6:7:23:32:51
9281,1:4:5:6:7:23:32:60
9282,1:4:5:6:7:23:33:51
9283,1:4:5:6:7:23:33:61
9284,1:4:5:6:7:23:34:51
9285,1:4:5:6:7:23:34:62
9286,1:4:5:6:7:23:35:51
9287,1:4:5:6:7:23:35:63
9288,1:4:5:6:7:23:36:51
9289,1:4:5:6:7:23:37:51
9290,1:4:5:6:7:23:38:51
9291,1:4:5:6:7:23:39:51
9292,1:4:5:6:7:23:40:51
9293,1:4:5:6:7:23:41:51
9294,1:4:5:6:7:23:42:51
9295,1:4:5:6:7:23:43:51
9296,1:4:5:6:7:23:44:51
9297,1:4:5:6:7:23:45:51
9298,1:4:5:6:7:23:46:51
9299,1:4:5:6:7:23:47:51
9300,1:4:5:6:7:23:48:51
9301,1:4:5:6:7:23:49:51
9302,1:4:5:6:7:23:50:51
9303,1:4:5:6:7:23:51:52
9304,1:4:5:6:7:23:51:53
9305,1:4:5:6:7:23:51:54
9306,1:4:5:6:7:23:51:55
9307,1:4:5:6:7:23:51:56
9308,1:4:5:6:7:23:51:57
9309,1:4:5:6:7:23:51:58
9310,1:4:5:6:7:23:51:59
9311,1:4:5:6:7:23:51:60
9312,1:4:5:6:7:23:51:61
9313,1:4:5:6:7:23:51:62
9314,1:4:5:6:7:23:51:63
9315,1:4:5:6:7:24:25:52
9316,1:4:5:6:7:24:25:53
9317,1:4:5:6:7:24:26:52
9318,1:4:5:6:7:24:26:54
9319,1:4:5:6:7:24:27:52
9320,1:4:5:6:7:24:27:55
9321,1:4:5:6:7:24:28:52
9322,1:4:5:6:7:24:28:56
9323,1:4:5:6:7:24:29:52
9324,1:4:5:6:7:24:29:57
9325,1:4:5:6:7:24:30:52
9326,1:4:5:6:7:24:30:58
9327,1:4:5:6:7:24:31:52
9328,1:4:5:6:7:24:31:59
9329,1:4:5:6:7:24:32:52
9330,1:4:5:6:7:24:32:60
9331,1:4:5:6:7:24:33:52
9332,1:4:5:6:7:24:33:61
9333,1:4:5:6:7:24:34:52
9334,1:4:5:6:7:24:34:62
9335,1:4:5:6:7:24:35:52
9336,1:4:5:6:7:24:35:63
9337,1:4:5:6:7:24:36:52
9338,1:4:5:6:7:24:37:52
9339,1:4:5:6:7:24:38:52
9340,1:4:5:6:7:24:39:52
9341,1:4:5:6:7:24:40:52
9342,1:4:5:6:7:24:41:52
9343,1:4:5:6:7:24:42:52
9344,1:4:5:6:7:24:43:52
9345,1:4:5:6:7:24:44:52
9346,1:4:5:6:7:24:45:52
9347,1:4:5:6:7:24:46:52
9348,1:4:5:6:7:24:47:52
9349,1:4:5:6:7:24:48:52
9350,1:4:5:6:7:24:49:52
9351,1:4:5:6:7:24:50:52
9352,1:4:5:6:7:24:51:52
9353,1:4:5:6:7:24:52:53
9354,1:4:5:6:7:24:52:54
9355,1:4:5:6:7:24:52:55
9356,1:4:5:6:7:24:52:56
9357,1:4:5:6:7:24:52:57
9358,1:4:5:6:7:24:52:58
9359,1:4:5:6:7:24:52:59
9360,1:4:5:6:7:24:52:60
9361,1:4:5:6:7:24:52:61
9362,1:4:5:6:7:24:52:62
9363,1:4:5:6:7:24:52:63
9364,1:4:5:6:7:25:26:53
9365,1:4:5:6:7:25:26:54
9366,1:4:5:6:7:25:27:53
9367,1:4:5:6:7:25:27:55
9368,1:4:5:6:7:25:28:53
9369,1:4:5:6:7:25:28:56
9370,1:4:5:6:7:25:29:53
9371,1:4:5:6:7:25:29:57
9372,1:4:5:6:7:25:30:53
9373,1:4:5:6:7:25:30:58
9374,1:4:5:6:7:25:31:53
9375,1:4:5:6:7:25:31:59
9376,1:4:5:6:7:25:32:53
9377,1:4:5:6:7:25:32:60
9378,1:4:5:6:7:25:33:53
9379,1:4:5:6:7:25:33:61
9380,1:4:5:6:7:25:34:53
9381,1:4:5:6:7:25:34:62
9382,1:4:5:6:7:25:35:53
9383,1:4:5:6:7:25:35:63
9384,1:4:5:6:7:25:36:53
9385,1:4:5:6:7:25:37:53
9386,1:4:5:6:7:25:38:53
9387,1:4:5:6:7:25:39:53
9388,1:4:5:6:7:25:40:53
9389,1:4:5:6:7:25:41:53
9390,1:4:5:6:7:25:42:53
9391,1:4:5:6:7:25:43:53
9392,1:4:5:6:7:25:44:53
9393,1:4:5:6:7:25:45:53
9394,1:4:5:6:7:25:46:53
9395,1:4:5:6:7:25:47:53
9396,1:4:5:6:7:25:48:53
9397,1:4:5:6:7:25:49:53
9398,1:4:5:6:7:25:50:53
9399,1:4:5:6:7:25:51:53
9400,1:4:5:6:7:25:52:53
9401,1:4:5:6:7:25:53:54
9402,1:4:5:6:7:25:53:55
9403,1:4:5:6:7:25:53:56
9404,1:4:5:6:7:25:53:57
9405,1:4:5:6:7:25:53:58
9406,1:4:5:6:7:25:53:59
9407,1:4:5:6:7:25:53:60
9408,1:4:5:6:7:25:53:61
9409,1:4:5:6:7:25:53:62
9410,1:4:5:6:7:25:53:63
9411,1:4:5:6:7:26:27:54
9412,1:4:5:6:7:26:27:55
9413,1:4:5:6:7:26:28:54
9414,1:4:5:6:7:26:28:56
9415,1:4:5:6:7:26:29:54
9416,1:4:5:6:7:26:29:57
9417,1:4:5:6:7:26:30:54
9418,1:4:5:6:7:26:30:58
9419,1:4:5:6:7:26:31:54
9420,1:4:5:6:7:26:31:59
9421,1:4:5:6:7:26:32:54
9422,1:4:5:6:7:26:32:60
9423,1:4:5:6:7:26:33:54
9424,1:4:5:6:7:26:33:61
9425,1:4:5:6:7:26:34:54
9426,1:4:5:6:7:26:34:62
9427,1:4:5:6:7:26:35:54
9428,1:4:5:6:7:26:35:63
9429,1:4:5:6:7:26:36:54
9430,1:4:5:6:7:26:37:54
9431,1:4:5:6:7:26:38:54
9432,1:4:5:6:7:26:39:54
9433,1:4:5:6:7:26:40:54
9434,1:4:5:6:7:26:41:54
9435,1:4:5:6:7:26:42:54
9436,1:4:5:6:7:26:43:54
9437,1:4:5:6:7:26:44:54
9438,1:4:5:6:7:26:45:54
9439,1:4:5:6:7:26:46:54
9440,1:4:5:6:7:26:47:54
9441,1:4:5:6:7:26:48:54
9442,1:4:5:6:7:26:49:54
9443,1:4:5:6:7:26:50:54
9444,1:4:5:6:7:26:51:54
9445,1:4:5:6:7:26:52:54
9446,1:4:5:6:7:26:53:54
9447,1:4:5:6:7:26:54:55
9448,1:4:5:6:7:26:54:56
9449,1:4:5:6:7:26:54:57
9450,1:4:5:6:7:26:54:58
9451,1:4:5:6:7:26:54:59
9452,1:4:5:6:7:26:54:60
9453,1:4:5:6:7:26:54:61
9454,1:4:5:6:7:26:54:62
9455,1:4:5:6:7:26:54:63
9456,1:4:5:6:7:27:28:55
9457,1:4:5:6:7:27:28:56
9458,1:4:5:6:7:27:29:55
9459,1:4:5:6:7:27:29:57
9460,1:4:5:6:7:27:30:55
9461,1:4:5:6:7:27:30:58
9462,1:4:5:6:7:27:31:55
9463,1:4:5:6:7:27:31:59
9464,1:4:5:6:7:27:32:55
9465,1:4:5:6:7:27:32:60
9466,1:4:5:6:7:27:33:55
9467,1:4:5:6:7:27:33:61
9468,1:4:5:6:7:27:34:55
9469,1:4:5:6:7:27:34:62
9470,1:4:5:6:7:27:35:55
9471,1:4:5:6:7:27:35:63
9472,1:4:5:6:7:27:36:55
9473,1:4:5:6:7:27:37:55
9474,1:4:5:6:7:27:38:55
9475,1:4:5:6:7:27:39:55
9476,1:4:5:6:7:27:40:55
9477,1:4:5:6:7:27:41:55
9478,1:4:5:6:7:27:42:55
9479,1:4:5:6:7:27:43:55
9480,1:4:5:6:7:27:44:55
9481,1:4:5:6:7:27:45:55
9482,1:4:5:6:7:27:46:55
9483,1:4:5:6:7:27:47:55
9484,1:4:5:6:7:27:48:55
9485,1:4:5:6:7:27:49:55
9486,1:4:5:6:7:27:50:55
9487,1:4:5:6:7:27:51:55
9488,1:4:5:6:7:27:52:55
9489,1:4:5:6:7:27:53:55
9490,1:4:5:6:7:27:54:55
9491,1:4:5:6:7:27:55:56
9492,1:4:5:6:7:27:55:57
9493,1:4:5:6:7:27:55:58
9494,1:4:5:6:7:27:55:59
9495,1:4:5:6:7:27:55:60
9496,1:4:5:6:7:27:55:61
9497,1:4:5:6:7:27:55:62
9498,1:4:5:6:7:27:55:63
9499,1:4:5:6:7:28:29:56
9500,1:4:5:6:7:28:29:57
9501,1:4:5:6:7:28:30:56
9502,1:4:5:6:7:28:30:58
9503,1:4:5:6:7:28:31:56
9504,1:4:5:6:7:28:31:59
9505,1:4:5:6:7:28:32:56
9506,1:4:5:6:7:28:32:60
9507,1:4:5:6:7:28:33:56
9508,1:4:5:6:7:28:33:61
9509,1:4:5:6:7:28:34:56
9510,1:4:5:6:7:28:34:62
9511,1:4:5:6:7:28:35:56
9512,1:4:5:6:7:28:35:63
9513,1:4:5:6:7:28:36:56
9514,1:4:5:6:7:28:37:56
9515,1:4:5:6:7:28:38:56
9516,1:4:5:6:7:28:39:56
9517,1:4:5:6:7:28:40:56
9518,1:4:5:6:7:28:41:56
9519,1:4:5:6:7:28:42:56
9520,1:4:5:6:7:28:43:56
9521,1:4:5:6:7:28:44:56
9522,1:4:5:6:7:28:45:56
9523,1:4:5:6:7:28:46:56
9524,1:4:5:6:7:28:47:56
9525,1:4:5:6:7:28:48:56
9526,1:4:5:6:7:28:49:56
9527,1:4:5:6:7:28:50:56
9528,1:4:5:6:7:28:51:56
9529,1:4:5:6:7:28:52:56
9530,1:4:5:6:7:28:53:56
9531,1:4:5:6:7:28:54:56
9532,1:4:5:6:7:28:55:56
9533,1:4:5:6:7:28:56:57
9534,1:4:5:6:7:28:56:58
9535,1:4:5:6:7:28:56:59
9536,1:4:5:6:7:28:56:60
9537,1:4:5:6:7:28:56:61
9538,1:4:5:6:7:28:56:62
9539,1:4:5:6:7:28:56:63
9540,1:4:5:6:7:29:30:57
9541,1:4:5:6:7:29:30:58
9542,1:4:5:6:7:29:31:33
9543,1:4:5:6:7:29:31:57
9544,1:4:5:6:7:29:31:59
9545,1:4:5:6:7:29:31:61
9546,1:4:5:6:7:29:32:57
9547,1:4:5:6:7:29:32:60
9548,1:4:5:6:7:29:33:57
9549,1:4:5:6:7:29:33:59
9550,1:4:5:6:7:29:33:61
9551,1:4:5:6:7:29:34:57
9552,1:4:5:6:7:29:34:62
9553,1:4:5:6:7:29:35:57
9554,1:4:5:6:7:29:35:63
9555,1:4:5:6:7:29:36:57
9556,1:4:5:6:7:29:37:57
9557,1:4:5:6:7:29:38:57
9558,1:4:5:6:7:29:39:57
9559,1:4:5:6:7:29:40:57
9560,1:4:5:6:7:29:41:57
9561,1:4:5:6:7:29:42:57
9562,1:4:5:6:7:29:43:57
9563,1:4:5:6:7:29:44:57
9564,1:4:5:6:7:29:45:57
9565,1:4:5:6:7:29:46:57
9566,1:4:5:6:7:29:47:57
9567,1:4:5:6:7:29:48:57
9568,1:4:5:6:7:29:49:57
9569,1:4:5:6:7:29:50:57
9570,1:4:5:6:7:29:51:57
9571,1:4:5:6:7:29:52:57
9572,1:4:5:6:7:29:53:57
9573,1:4:5:6:7:29:54:57
9574,1:4:5:6:7:29:55:57
9575,1:4:5:6:7:29:56:57
9576,1:4:5:6:7:29:57:58
9577,1:4:5:6:7:29:57:59
9578,1:4:5:6:7:29:57:60
9579,1:4:5:6:7:29:57:61
9580,1:4:5:6:7:29:57:62
9581,1:4:5:6:7:29:57:63
9582,1:4:5:6:7:29:59:61
9583,1:4:5:6:7:30:31:58
9584,1:4:5:6:7:30:31:59
9585,1:4:5:6:7:30:32:58
9586,1:4:5:6:7:30:32:60
9587,1:4:5:6:7:30:33:58
9588,1:4:5:6:7:30:33:61
9589,1:4:5:6:7:30:34:58
9590,1:4:5:6:7:30:34:62
9591,1:4:5:6:7:30:35:58
9592,1:4:5:6:7:30:35:63
9593,1:4:5:6:7:30:36:58
9594,1:4:5:6:7:30:37:58
9595,1:4:5:6:7:30:38:58
9596,1:4:5:6:7:30:39:58
9597,1:4:5:6:7:30:40:58
9598,1:4:5:6:7:30:41:58
9599,1:4:5:6:7:30:42:58
9600,1:4:5:6:7:30:43:58
9601,1:4:5:6:7:30:44:58
9602,1:4:5:6:7:30:45:58
9603,1:4:5:6:7:30:46:58
9604,1:4:5:6:7:30:47:58
9605,1:4:5:6:7:30:48:58
9606,1:4:5:6:7:30:49:58
9607,1:4:5:6:7:30:50:58
9608,1:4:5:6:7:30:51:58
9609,1:4:5:6:7:30:52:58
9610,1:4:5:6:7:30:53:58
9611,1:4:5:6:7:30:54:58
9612,1:4:5:6:7:30:55:58
9613,1:4:5:6:7:30:56:58
9614,1:4:5:6:7:30:57:58
9615,1:4:5:6:7:30:58:59
9616,1:4:5:6:7:30:58:60
9617,1:4:5:6:7:30:58:61
9618,1:4:5:6:7:30:58:62
9619,1:4:5:6:7:30:58:63
9620,1:4:5:6:7:31:32:59
9621,1:4:5:6:7:31:32:60
9622,1:4:5:6:7:31:33:57
9623,1:4:5:6:7:31:33:59
9624,1:4:5:6:7:31:33:61
9625,1:4:5:6:7:31:34:59
9626,1:4:5:6:7:31:34:62
9627,1:4:5:6:7:31:35:59
9628,1:4:5:6:7:31:35:63
9629,1:4:5:6:7:31:36:59
9630,1:4:5:6:7:31:37:59
9631,1:4:5:6:7:31:38:59
9632,1:4:5:6:7:31:39:59
9633,1:4:5:6:7:31:40:59
9634,1:4:5:6:7:31:41:59
9635,1:4:5:6:7:31:42:59
9636,1:4:5:6:7:31:43:59
9637,1:4:5:6:7:31:44:59
9638,1:4:5:6:7:31:45:59
9639,1:4:5:6:7:31:46:59
9640,1:4:5:6:7:31:47:59
9641,1:4:5:6:7:31:48:59
9642,1:4:5:6:7:31:49:59
9643,1:4:5:6:7:31:50:59
9644,1:4:5:6:7:31:51:59
9645,1:4:5:6:7:31:52:59
9646,1:4:5:6:7:31:53:59
9647,1:4:5:6:7:31:54:59
9648,1:4:5:6:7:31:55:59
9649,1:4:5:6:7:31:56:59
9650,1:4:5:6:7:31:57:59
9651,1:4:5:6:7:31:57:61
9652,1:4:5:6:7:31:58:59
9653,1:4:5:6:7:31:59:60
9654,1:4:5:6:7:31:59:61
9655,1:4:5:6:7:31:59:62
9656,1:4:5:6:7:31:59:63
9657,1:4:5:6:7:32:33:60
9658,1:4:5:6:7:32:33:61
9659,1:4:5:6:7:32:34:60
9660,1:4:5:6:7:32:34:62
9661,1:4:5:6:7:32:35:60
9662,1:4:5:6:7:32:35:63
9663,1:4:5:6:7:32:36:60
9664,1:4:5:6:7:32:37:60
9665,1:4:5:6:7:32:38:60
9666,1:4:5:6:7:32:39:60
9667,1:4:5:6:7:32:40:60
9668,1:4:5:6:7:32:41:60
9669,1:4:5:6:7:32:42:60
9670,1:4:5:6:7:32:43:60
9671,1:4:5:6:7:32:44:60
9672,1:4:5:6:7:32:45:60
9673,1:4:5:6:7:32:46:60
9674,1:4:5:6:7:32:47:60
9675,1:4:5:6:7:32:48:60
9676,1:4:5:6:7:32:49:60
9677,1:4:5:6:7:32:50:60
9678,1:4:5:6:7:32:51:60
9679,1:4:5:6:7:32:52:60
9680,1:4:5:6:7:32:53:60
9681,1:4:5:6:7:32:54:60
9682,1:4:5:6:7:32:55:60
9683,1:4:5:6:7:32:56:60
9684,1:4:5:6:7:32:57:60
9685,1:4:5:6:7:32:58:60
9686,1:4:5:6:7:32:59:60
9687,1:4:5:6:7:32:60:61
9688,1:4:5:6:7:32:60:62
9689,1:4:5:6:7:32:60:63
9690,1:4:5:6:7:33:34:61
9691,1:4:5:6:7:33:34:62
9692,1:4:5:6:7:33:35:61
9693,1:4:5:6:7:33:35:63
9694,1:4:5:6:7:33:36:61
9695,1:4:5:6:7:33:37:61
9696,1:4:5:6:7:33:38:61
9697,1:4:5:6:7:33:39:61
9698,1:4:5:6:7:33:40:61
9699,1:4:5:6:7:33:41:61
9700,1:4:5:6:7:33:42:61
9701,1:4:5:6:7:33:43:61
9702,1:4:5:6:7:33:44:61
9703,1:4:5:6:7:33:45:61
9704,1:4:5:6:7:33:46:61
9705,1:4:5:6:7:33:47:61
9706,1:4:5:6:7:33:48:61
9707,1:4:5:6:7:33:49:61
9708,1:4:5:6:7:33:50:61
9709,1:4:5:6:7:33:51:61
9710,1:4:5:6:7:33:52:61
9711,1:4:5:6:7:33:53:61
9712,1:4:5:6:7:33:54:61
9713,1:4:5:6:7:33:55:61
9714,1:4:5:6:7:33:56:61
9715,1:4:5:6:7:33:57:59
9716,1:4:5:6:7:33:57:61
9717,1:4:5:6:7:33:58:61
9718,1:4:5:6:7:33:59:61
9719,1:4:5:6:7:33:60:61
9720,1:4:5:6:7:33:61:62
9721,1:4:5:6:7:33:61:63
9722,1:4:5:6:7:34:35:62
9723,1:4:5:6:7:34:35:63
9724,1:4:5:6:7:34:36:62
9725,1:4:5:6:7:34:37:62
9726,1:4:5:6:7:34:38:62
9727,1:4:5:6:7:34:39:62
9728,1:4:5:6:7:34:40:62
9729,1:4:5:6:7:34:41:62
9730,1:4:5:6:7:34:42:62
9731,1:4:5:6:7:34:43:62
9732,1:4:5:6:7:34:44:62
9733,1:4:5:6:7:34:45:62
9734,1:4:5:6:7:34:46:62
9735,1:4:5:6:7:34:47:62
9736,1:4:5:6:7:34:48:62
9737,1:4:5:6:7:34:49:62
9738,1:4:5:6:7:34:50:62
9739,1:4:5:6:7:34:51:62
9740,1:4:5:6:7:34:52:62
9741,1:4:5:6:7:34:53:62
9742,1:4:5:6:7:34:54:62
9743,1:4:5:6:7:34:55:62
9744,1:4:5:6:7:34:56:62
9745,1:4:5:6:7:34:57:62
9746,1:4:5:6:7:34:58:62
9747,1:4:5:6:7:34:59:62
9748,1:4:5:6:7:34:60:62
9749,1:4:5:6:7:34:61:62
9750,1:4:5:6:7:34:62:63
9751,1:4:5:6:7:35:36:63
9752,1:4:5:6:7:35:37:63
9753,1:4:5:6:7:35:38:63
9754,1:4:5:6:7:35:39:63
9755,1:4:5:6:7:35:40:63
9756,1:4:5:6:7:35:41:63
9757,1:4:5:6:7:35:42:63
9758,1:4:5:6:7:35:43:63
9759,1:4:5:6:7:35:44:63
9760,1:4:5:6:7:35:45:63
9761,1:4:5:6:7:35:46:63
9762,1:4:5:6:7:35:47:63
9763,1:4:5:6:7:35:48:63
9764,1:4:5:6:7:35:49:63
9765,1:4:5:6:7:35:50:63
9766,1:4:5:6:7:35:51:63
9767,1:4:5:6:7:35:52:63
9768,1:4:5:6:7:35:53:63
9769,1:4:5:6:7:35:54:63
9770,1:4:5:6:7:35:55:63
9771,1:4:5:6:7:35:56:63
9772,1:4:5:6:7:35:57:63
9773,1:4:5:6:7:35:58:63
9774,1:4:5:6:7:35:59:63
9775,1:4:5:6:7:35:60:63
9776,1:4:5:6:7:35:61:63
9777,1:4:5:6:7:35:62:63
9778,1:4:5:6:7:57:59:61
9779,2:3:4:5:6:8:22:36
9780,2:3:4:5:6:8:22:50
9781,2:3:4:5:6:8:36:50
9782,2:3:4:5:6:9:23:37
9783,2:3:4:5:6:9:23:51
9784,2:3:4:5:6:9:37:51
9785,2:3:4:5:6:10:24:38
9786,2:3:4:5:6:10:24:52
9787,2:3:4:5:6:10:38:52
9788,2:3:4:5:6:11:25:39
9789,2:3:4:5:6:11:25:53
9790,2:3:4:5:6:11:39:53
9791,2:3:4:5:6:12:26:40
9792,2:3:4:5:6:12:26:54
9793,2:3:4:5:6:12:40:54
9794,2:3:4:5:6:13:27:41
9795,2:3:4:5:6:13:27:55
9796,2:3:4:5:6:13:41:55
9797,2:3:4:5:6:14:28:42
9798,2:3:4:5:6:14:28:56
9799,2:3:4:5:6:14:42:56
9800,2:3:4:5:6:15:29:43
9801,2:3:4:5:6:15:29:57
9802,2:3:4:5:6:15:43:57
9803,2:3:4:5:6:16:30:44
9804,2:3:4:5:6:16:30:58
9805,2:3:4:5:6:16:44:58
9806,2:3:4:5:6:17:31:45
9807,2:3:4:5:6:17:31:59
9808,2:3:4:5:6:17:45:59
9809,2:3:4:5:6:18:32:46
9810,2:3:4:5:6:18:32:60
9811,2:3:4:5:6:18:46:60
9812,2:3:4:5:6:19:33:47
9813,2:3:4:5:6:19:33:61
9814,2:3:4:5:6:19:47:61
9815,2:3:4:5:6:20:34:48
9816,2:3:4:5:6:20:34:62
9817,2:3:4:5:6:20:48:62
9818,2:3:4:5:6:21:35:49
9819,2:3:4:5:6:21:35:63
9820,2:3:4:5:6:21:49:63
9821,2:3:4:5:6:22:36:50
9822,2:3:4:5:6:23:37:51
9823,2:3:4:5:6:24:38:52
9824,2:3:4:5:6:25:39:53
9825,2:3:4:5:6:26:40:54
9826,2:3:4:5:6:27:41:55
9827,2:3:4:5:6:28:42:56
9828,2:3:4:5:6:29:43:57
9829,2:3:4:5:6:30:44:58
9830,2:3:4:5:6:31:45:59
9831,2:3:4:5:6:32:46:60
9832,2:3:4:5:6:33:47:61
9833,2:3:4:5:6:34:48:62
9834,2:3:4:5:6:35:49:63
9835,2:3:4:5:7:8:22:36
9836,2:3:4:5:7:8:22:50
9837,2:3:4:5:7:8:36:50
9838,2:3:4:5:7:9:23:37
9839,2:3:4:5:7:9:23:51
9840,2:3:4:5:7:9:37:51
9841,2:3:4:5:7:10:24:38
9842,2:3:4:5:7:10:24:52
9843,2:3:4:5:7:10:38:52
9844,2:3:4:5:7:11:25:39
9845,2:3:4:5:7:11:25:53
9846,2:3:4:5:7:11:39:53
9847,2:3:4:5:7:12:26:40
9848,2:3:4:5:7:12:26:54
9849,2:3:4:5:7:12:40:54
9850,2:3:4:5:7:13:27:41
9851,2:3:4:5:7:13:27:55
9852,2:3:4:5:7:13:41:55
9853,2:3:4:5:7:14:28:42
9854,2:3:4:5:7:14:28:56
9855,2:3:4:5:7:14:42:56
9856,2:3:4:5:7:15:29:43
9857,2:3:4:5:7:15:29:57
9858,2:3:4:5:7:15:43:57
9859,2:3:4:5:7:16:30:44
9860,2:3:4:5:7:16:30:58
9861,2:3:4:5:7:16:44:58
9862,2:3:4:5:7:17:31:45
9863,2:3:4:5:7:17:31:59
9864,2:3:4:5:7:17:45:59
9865,2:3:4:5:7:18:32:46
9866,2:3:4:5:7:18:32:60
9867,2:3:4:5:7:18:46:60
9868,2:3:4:5:7:19:33:47
9869,2:3:4:5:7:19:33:61
9870,2:3:4:5:7:19:47:61
9871,2:3:4:5:7:20:34:48
9872,2:3:4:5:7:20:34:62
9873,2:3:4:5:7:20:48:62
9874,2:3:4:5:7:21:35:49
9875,2:3:4:5:7:21:35:63
9876,2:3:4:5:7:21:49:63
9877,2:3:4:5:7:22:36:50
9878,2:3:4:5:7:23:37:51
9879,2:3:4:5:7:24:38:52
9880,2:3:4:5:7:25:39:53
9881,2:3:4:5:7:26:40:54
9882,2:3:4:5:7:27:41:55
9883,2:3:4:5:7:28:42:56
9884,2:3:4:5:7:29:43:57
9885,2:3:4:5:7:30:44:58
9886,2:3:4:5:7:31:45:59
9887,2:3:4:5:7:32:46:60
9888,2:3:4:5:7:33:47:61
9889,2:3:4:5:7:34:48:62
9890,2:3:4:5:7:35:49:63
9891,2:3:4:6:7:8:22:36
9892,2:3:4:6:7:8:22:50
9893,2:3:4:6:7:8:36:50
9894,2:3:4:6:7:9:23:37
9895,2:3:4:6:7:9:23:51
9896,2:3:4:6:7:9:37:51
9897,2:3:4:6:7:10:24:38
9898,2:3:4:6:7:10:24:52
9899,2:3:4:6:7:10:38:52
9900,2:3:4:6:7:11:25:39
9901,2:3:4:6:7:11:25:53
9902,2:3:4:6:7:11:39:53
9903,2:3:4:6:7:12:26:40
9904,2:3:4:6:7:12:26:54
9905,2:3:4:6:7:12:40:54
9906,2:3:4:6:7:13:27:41
9907,2:3:4:6:7:13:27:55
9908,2:3:4:6:7:13:41:55
9909,2:3:4:6:7:14:28:42
9910,2:3:4:6:7:14:28:56
9911,2:3:4:6:7:14:42:56
9912,2:3:4:6:7:15:29:43
9913,2:3:4:6:7:15:29:57
9914,2:3:4:6:7:15:43:57
9915,2:3:4:6:7:16:30:44
9916,2:3:4:6:7:16:30:58
9917,2:3:4:6:7:16:44:58
9918,2:3:4:6:7:17:31:45
9919,2:3:4:6:7:17:31:59
9920,2:3:4:6:7:17:45:59
9921,2:3:4:6:7:18:32:46
9922,2:3:4:6:7:18:32:60
9923,2:3:4:6:7:18:46:60
9924,2:3:4:6:7:19:33:47
9925,2:3:4:6:7:19:33:61
9926,2:3:4:6:7:19:47:61
9927,2:3:4:6:7:20:34:48
9928,2:3:4:6:7:20:34:62
9929,2:3:4:6:7:20:48:62
9930,2:3:4:6:7:21:35:49
9931,2:3:4:6:7:21:35:63
9932,2:3:4:6:7:21:49:63
9933,2:3:4:6:7:22:36:50
9934,2:3:4:6:7:23:37:51
9935,2:3:4:6:7:24:38:52
9936,2:3:4:6:7:25:39:53
9937,2:3:4:6:7:26:40:54
9938,2:3:4:6:7:27:41:55
9939,2:3:4:6:7:28:42:56
9940,2:3:4:6:7:29:43:57
9941,2:3:4:6:7:30:44:58
9942,2:3:4:6:7:31:45:59
9943,2:3:4:6:7:32:46:60
9944,2:3:4:6:7:33:47:61
9945,2:3:4:6:7:34:48:62
9946,2:3:4:6:7:35:49:63
9947,2:3:5:6:7:8:22:36
9948,2:3:5:6:7:8:22:50
9949,2:3:5:6:7:8:36:50
9950,2:3:5:6:7:9:23:37
9951,2:3:5:6:7:9:23:51
9952,2:3:5:6:7:9:37:51
9953,2:3:5:6:7:10:24:38
9954,2:3:5:6:7:10:24:52
9955,2:3:5:6:7:10:38:52
9956,2:3:5:6:7:11:25:39
9957,2:3:5:6:7:11:25:53
9958,2:3:5:6:7:11:39:53
9959,2:3:5:6:7:12:26:40
9960,2:3:5:6:7:12:26:54
9961,2:3:5:6:7:12:40:54
9962,2:3:5:6:7:13:27:41
9963,2:3:5:6:7:13:27:55
9964,2:3:5:6:7:13:41:55
9965,2:3:5:6:7:14:28:42
9966,2:3:5:6:7:14:28:56
9967,2:3:5:6:7:14:42:56
9968,2:3:5:6:7:15:29:43
9969,2:3:5:6:7:15:29:57
9970,2:3:5:6:7:15:43:57
9971,2:3:5:6:7:16:30:44
9972,2:3:5:6:7:16:30:58
9973,2:3:5:6:7:16:44:58
9974,2:3:5:6:7:17:31:45
9975,2:3:5:6:7:17:31:59
9976,2:3:5:6:7:17:45:59
9977,2:3:5:6:7:18:32:46
9978,2:3:5:6:7:18:32:60
9979,2:3:5:6:7:18:46:60
9980,2:3:5:6:7:19:33:47
9981,2:3:5:6:7:19:33:61
9982,2:3:5:6:7:19:47:61
9983,2:3:5:6:7:20:34:48
9984,2:3:5:6:7:20:34:62
9985,2:3:5:6:7:20:48:62
9986,2:3:5:6:7:21:35:49
9987,2:3:5:6:7:21:35:63
9988,2:3:5:6:7:21:49:63
9989,2:3:5:6:7:22:36:50
9990,2:3:5:6:7:23:37:51
9991,2:3:5:6:7:24:38:52
9992,2:3:5:6:7:25:39:53
9993,2:3:5:6:7:26:40:54
9994,2:3:5:6:7:27:41:55
9995,2:3:5:6:7:28:42:56
9996,2:3:5:6:7:29:43:57
9997,2:3:5:6:7:30:44:58
9998,2:3:5:6:7:31:45:59
9999,2:3:5:6:7:32:46:60
10000,2:3:5:6:7:33:47:61
10001,2:3:5:6:7:34:48:62
10002,2:3:5:6:7:35:49:63
10003,2:4:5:6:7:8:9:36
10004,2:4:5:6:7:8:9:37
10005,2:4:5:6:7:8:10:36
10006,2:4:5:6:7:8:10:38
10007,2:4:5:6:7:8:11:36
10008,2:4:5:6:7:8:11:39
10009,2:4:5:6:7:8:12:36
10010,2:4:5:6:7:8:12:40
10011,2:4:5:6:7:8:13:36
10012,2:4:5:6:7:8:13:41
10013,2:4:5:6:7:8:14:36
10014,2:4:5:6:7:8:14:42
10015,2:4:5:6:7:8:15:36
10016,2:4:5:6:7:8:15:43
10017,2:4:5:6:7:8:16:36
10018,2:4:5:6:7:8:16:44
10019,2:4:5:6:7:8:17:36
10020,2:4:5:6:7:8:17:45
10021,2:4:5:6:7:8:18:36
10022,2:4:5:6:7:8:18:46
10023,2:4:5:6:7:8:19:36
10024,2:4:5:6:7:8:19:47
10025,2:4:5:6:7:8:20:36
10026,2:4:5:6:7:8:20:48
10027,2:4:5:6:7:8:21:36
10028,2:4:5:6:7:8:21:49
10029,2:4:5:6:7:8:22:36
10030,2:4:5:6:7:8:22:50
10031,2:4:5:6:7:8:23:36
10032,2:4:5:6:7:8:23:51
10033,2:4:5:6:7:8:24:36
10034,2:4:5:6:7:8:24:52
10035,2:4:5:6:7:8:25:36
10036,2:4:5:6:7:8:25:53
10037,2:4:5:6:7:8:26:36
10038,2:4:5:6:7:8:26:54
10039,2:4:5:6:7:8:27:36
10040,2:4:5:6:7:8:27:55
10041,2:4:5:6:7:8:28:36
10042,2:4:5:6:7:8:28:56
10043,2:4:5:6:7:8:29:36
10044,2:4:5:6:7:8:29:57
10045,2:4:5:6:7:8:30:36
10046,2:4:5:6:7:8:30:58
10047,2:4:5:6:7:8:31:36
10048,2:4:5:6:7:8:31:59
10049,2:4:5:6:7:8:32:36
10050,2:4:5:6:7:8:32:60
10051,2:4:5:6:7:8:33:36
10052,2:4:5:6:7:8:33:61
10053,2:4:5:6:7:8:34:36
10054,2:4:5:6:7:8:34:62
10055,2:4:5:6:7:8:35:36
10056,2:4:5:6:7:8:35:63
10057,2:4:5:6:7:8:36:37
10058,2:4:5:6:7:8:36:38
10059,2:4:5:6:7:8:36:39
10060,2:4:5:6:7:8:36:40
10061,2:4:5:6:7:8:36:41
10062,2:4:5:6:7:8:36:42
10063,2:4:5:6:7:8:36:43
10064,2:4:5:6:7:8:36:44
10065,2:4:5:6:7:8:36:45
10066,2:4:5:6:7:8:36:46
10067,2:4:5:6:7:8:36:47
10068,2:4:5:6:7:8:36:48
10069,2:4:5:6:7:8:36:49
10070,2:4:5:6:7:8:36:50
10071,2:4:5:6:7:8:36:51
10072,2:4:5:6:7:8:36:52
10073,2:4:5:6:7:8:36:53
10074,2:4:5:6:7:8:36:54
10075,2:4:5:6:7:8:36:55
10076,2:4:5:6:7:8:36:56
10077,2:4:5:6:7:8:36:57
10078,2:4:5:6:7:8:36:58
10079,2:4:5:6:7:8:36:59
10080,2:4:5:6:7:8:36:60
10081,2:4:5:6:7:8:36:61
10082,2:4:5:6:7:8:36:62
10083,2:4:5:6:7:8:36:63
10084,2:4:5:6:7:9:10:37
10085,2:4:5:6:7:9:10:38
10086,2:4:5:6:7:9:11:37
10087,2:4:5:6:7:9:11:39
10088,2:4:5:6:7:9:12:37
10089,2:4:5:6:7:9:12:40
10090,2:4:5:6:7:9:13:37
10091,2:4:5:6:7:9:13:41
10092,2:4:5:6:7:9:14:37
10093,2:4:5:6:7:9:14:42
10094,2:4:5:6:7:9:15:37
10095,2:4:5:6:7:9:15:43
10096,2:4:5:6:7:9:16:37
10097,2:4:5:6:7:9:16:44
10098,2:4:5:6:7:9:17:37
10099,2:4:5:6:7:9:17:45
10100,2:4:5:6:7:9:18:37
10101,2:4:5:6:7:9:18:46
10102,2:4:5:6:7:9:19:37
10103,2:4:5:6:7:9:19:47
10104,2:4:5:6:7:9:20:37
10105,2:4:5:6:7:9:20:48
10106,2:4:5:6:7:9:21:37
10107,2:4:5:6:7:9:21:49
10108,2:4:5:6:7:9:22:37
10109,2:4:5:6:7:9:22:50
10110,2:4:5:6:7:9:23:37
10111,2:4:5:6:7:9:23:51
10112,2:4:5:6:7:9:24:37
10113,2:4:5:6:7:9:24:52
10114,2:4:5:6:7:9:25:37
10115,2:4:5:6:7:9:25:53
10116,2:4:5:6:7:9:26:37
10117,2:4:5:6:7:9:26:54
10118,2:4:5:6:7:9:27:37
10119,2:4:5:6:7:9:27:55
10120,2:4:5:6:7:9:28:37
10121,2:4:5:6:7:9:28:56
10122,2:4:5:6:7:9:29:37
10123,2:4:5:6:7:9:29:57
10124,2:4:5:6:7:9:30:37
10125,2:4:5:6:7:9:30:58
10126,2:4:5:6:7:9:31:37
10127,2:4:5:6:7:9:31:59
10128,2:4:5:6:7:9:32:37
10129,2:4:5:6:7:9:32:60
10130,2:4:5:6:7:9:33:37
10131,2:4:5:6:7:9:33:61
10132,2:4:5:6:7:9:34:37
10133,2:4:5:6:7:9:34:62
10134,2:4:5:6:7:9:35:37
10135,2:4:5:6:7:9:35:63
10136,2:4:5:6:7:9:36:37
10137,2:4:5:6:7:9:37:38
10138,2:4:5:6:7:9:37:39
10139,2:4:5:6:7:9:37:40
10140,2:4:5:6:7:9:37:41
10141,2:4:5:6:7:9:37:42
10142,2:4:5:6:7:9:37:43
10143,2:4:5:6:7:9:37:44
10144,2:4:5:6:7:9:37:45
10145,2:4:5:6:7:9:37:46
10146,2:4:5:6:7:9:37:47
10147,2:4:5:6:7:9:37:48
10148,2:4:5:6:7:9:37:49
10149,2:4:5:6:7:9:37:50
10150,2:4:5:6:7:9:37:51
10151,2:4:5:6:7:9:37:52
10152,2:4:5:6:7:9:37:53
10153,2:4:5:6:7:9:37:54
10154,2:4:5:6:7:9:37:55
10155,2:4:5:6:7:9:37:56
10156,2:4:5:6:7:9:37:57
10157,2:4:5:6:7:9:37:58
10158,2:4:5:6:7:9:37:59
10159,2:4:5:6:7:9:37:60
10160,2:4:5:6:7:9:37:61
10161,2:4:5:6:7:9:37:62
10162,2:4:5:6:7:9:37:63
10163,2:4:5:6:7:10:11:38
10164,2:4:5:6:7:10:11:39
10165,2:4:5:6:7:10:12:38
10166,2:4:5:6:7:10:12:40
10167,2:4:5:6:7:10:13:38
10168,2:4:5:6:7:10:13:41
10169,2:4:5:6:7:10:14:38
10170,2:4:5:6:7:10:14:42
10171,2:4:5:6:7:10:15:38
10172,2:4:5:6:7:10:15:43
10173,2:4:5:6:7:10:16:38
10174,2:4:5:6:7:10:16:44
10175,2:4:5:6:7:10:17:38
10176,2:4:5:6:7:10:17:45
10177,2:4:5:6:7:10:18:38
10178,2:4:5:6:7:10:18:46
10179,2:4:5:6:7:10:19:38
10180,2:4:5:6:7:10:19:47
10181,2:4:5:6:7:10:20:38
10182,2:4:5:6:7:10:20:48
10183,2:4:5:6:7:10:21:38
10184,2:4:5:6:7:10:21:49
10185,2:4:5:6:7:10:22:38
10186,2:4:5:6:7:10:22:50
10187,2:4:5:6:7:10:23:38
10188,2:4:5:6:7:10:23:51
10189,2:4:5:6:7:10:24:38
10190,2:4:5:6:7:10:24:52
10191,2:4:5:6:7:10:25:38
10192,2:4:5:6:7:10:25:53
10193,2:4:5:6:7:10:26:38
10194,2:4:5:6:7:10:26:54
10195,2:4:5:6:7:10:27:38
10196,2:4:5:6:7:10:27:55
10197,2:4:5:6:7:10:28:38
10198,2:4:5:6:7:10:28:56
10199,2:4:5:6:7:10:29:38
10200,2:4:5:6:7:10:29:57
10201,2:4:5:6:7:10:30:38
10202,2:4:5:6:7:10:30:58
10203,2:4:5:6:7:10:31:38
10204,2:4:5:6:7:10:31:59
10205,2:4:5:6:7:10:32:38
10206,2:4:5:6:7:10:32:60
10207,2:4:5:6:7:10:33:38
10208,2:4:5:6:7:10:33:61
10209,2:4:5:6:7:10:34:38
10210,2:4:5:6:7:10:34:62
10211,2:4:5:6:7:10:35:38
10212,2:4:5:6:7:10:35:63
10213,2:4:5:6:7:10:36:38
10214,2:4:5:6:7:10:37:38
10215,2:4:5:6:7:10:38:39
10216,2:4:5:6:7:10:38:40
10217,2:4:5:6:7:10:38:41
10218,2:4:5:6:7:10:38:42
10219,2:4:5:6:7:10:38:43
10220,2:4:5:6:7:10:38:44
10221,2:4:5:6:7:10:38:45
10222,2:4:5:6:7:10:38:46
10223,2:4:5:6:7:10:38:47
10224,2:4:5:6:7:10:38:48
10225,2:4:5:6:7:10:38:49
10226,2:4:5:6:7:10:38:50
10227,2:4:5:6:7:10:38:51
10228,2:4:5:6:7:10:38:52
10229,2:4:5:6:7:10:38:53
10230,2:4:5:6:7:10:38:54
10231,2:4:5:6:7:10:38:55
10232,2:4:5:6:7:10:38:56
10233,2:4:5:6:7:10:38:57
10234,2:4:5:6:7:10:38:58
10235,2:4:5:6:7:10:38:59
10236,2:4:5:6:7:10:38:60
10237,2:4:5:6:7:10:38:61
10238,2:4:5:6:7:10:38:62
10239,2:4:5:6:7:10:38:63
10240,2:4:5:6:7:11:12:39
10241,2:4:5:6:7:11:12:40
10242,2:4:5:6:7:11:13:39
10243,2:4:5:6:7:11:13:41
10244,2:4:5:6:7:11:14:39
10245,2:4:5:6:7:11:14:42
10246,2:4:5:6:7:11:15:39
10247,2:4:5:6:7:11:15:43
10248,2:4:5:6:7:11:16:39
10249,2:4:5:6:7:11:16:44
10250,2:4:5:6:7:11:17:39
10251,2:4:5:6:7:11:17:45
10252,2:4:5:6:7:11:18:39
10253,2:4:5:6:7:11:18:46
10254,2:4:5:6:7:11:19:39
10255,2:4:5:6:7:11:19:47
10256,2:4:5:6:7:11:20:39
10257,2:4:5:6:7:11:20:48
10258,2:4:5:6:7:11:21:39
10259,2:4:5:6:7:11:21:49
10260,2:4:5:6:7:11:22:39
10261,2:4:5:6:7:11:22:50
10262,2:4:5:6:7:11:23:39
10263,2:4:5:6:7:11:23:51
10264,2:4:5:6:7:11:24:39
10265,2:4:5:6:7:11:24:52
10266,2:4:5:6:7:11:25:39
10267,2:4:5:6:7:11:25:53
10268,2:4:5:6:7:11:26:39
10269,2:4:5:6:7:11:26:54
10270,2:4:5:6:7:11:27:39
10271,2:4:5:6:7:11:27:55
10272,2:4:5:6:7:11:28:39
10273,2:4:5:6:7:11:28:56
10274,2:4:5:6:7:11:29:39
10275,2:4:5:6:7:11:29:57
10276,2:4:5:6:7:11:30:39
10277,2:4:5:6:7:11:30:58
10278,2:4:5:6:7:11:31:39
10279,2:4:5:6:7:11:31:59
10280,2:4:5:6:7:11:32:39
10281,2:4:5:6:7:11:32:60
10282,2:4:5:6:7:11:33:39
10283,2:4:5:6:7:11:33:61
10284,2:4:5:6:7:11:34:39
10285,2:4:5:6:7:11:34:62
10286,2:4:5:6:7:11:35:39
10287,2:4:5:6:7:11:35:63
10288,2:4:5:6:7:11:36:39
10289,2:4:5:6:7:11:37:39
10290,2:4:5:6:7:11:38:39
10291,2:4:5:6:7:11:39:40
10292,2:4:5:6:7:11:39:41
10293,2:4:5:6:7:11:39:42
10294,2:4:5:6:7:11:39:43
10295,2:4:5:6:7:11:39:44
10296,2:4:5:6:7:11:39:45
10297,2:4:5:6:7:11:39:46
10298,2:4:5:6:7:11:39:47
10299,2:4:5:6:7:11:39:48
10300,2:4:5:6:7:11:39:49
10301,2:4:5:6:7:11:39:50
10302,2:4:5:6:7:11:39:51
10303,2:4:5:6:7:11:39:52
10304,2:4:5:6:7:11:39:53
10305,2:4:5:6:7:11:39:54
10306,2:4:5:6:7:11:39:55
10307,2:4:5:6:7:11:39:56
10308,2:4:5:6:7:11:39:57
10309,2:4:5:6:7:11:39:58
10310,2:4:5:6:7:11:39:59
10311,2:4:5:6:7:11:39:60
10312,2:4:5:6:7:11:39:61
10313,2:4:5:6:7:11:39:62
10314,2:4:5:6:7:11:39:63
10315,2:4:5:6:7:12:13:40
10316,2:4:5:6:7:12:13:41
10317,2:4:5:6:7:12:14:40
10318,2:4:5:6:7:12:14:42
10319,2:4:5:6:7:12:15:40
10320,2:4:5:6:7:12:15:43
10321,2:4:5:6:7:12:16:40
10322,2:4:5:6:7:12:16:44
10323,2:4:5:6:7:12:17:40
10324,2:4:5:6:7:12:17:45
10325,2:4:5:6:7:12:18:40
10326,2:4:5:6:7:12:18:46
10327,2:4:5:6:7:12:19:40
10328,2:4:5:6:7:12:19:47
10329,2:4:5:6:7:12:20:40
10330,2:4:5:6:7:12:20:48
10331,2:4:5:6:7:12:21:40
10332,2:4:5:6:7:12:21:49
10333,2:4:5:6:7:12:22:40
10334,2:4:5:6:7:12:22:50
10335,2:4:5:6:7:12:23:40
10336,2:4:5:6:7:12:23:51
10337,2:4:5:6:7:12:24:40
10338,2:4:5:6:7:12:24:52
10339,2:4:5:6:7:12:25:40
10340,2:4:5:6:7:12:25:53
10341,2:4:5:6:7:12:26:40
10342,2:4:5:6:7:12:26:54
10343,2:4:5:6:7:12:27:40
10344,2:4:5:6:7:12:27:55
10345,2:4:5:6:7:12:28:40
10346,2:4:5:6:7:12:28:56
10347,2:4:5:6:7:12:29:40
10348,2:4:5:6:7:12:29:57
10349,2:4:5:6:7:12:30:40
10350,2:4:5:6:7:12:30:58
10351,2:4:5:6:7:12:31:40
10352,2:4:5:6:7:12:31:59
10353,2:4:5:6:7:12:32:40
10354,2:4:5:6:7:12:32:60
10355,2:4:5:6:7:12:33:40
10356,2:4:5:6:7:12:33:61
10357,2:4:5:6:7:12:34:40
10358,2:4:5:6:7:12:34:62
10359,2:4:5:6:7:12:35:40
10360,2:4:5:6:7:12:35:63
10361,2:4:5:6:7:12:36:40
10362,2:4:5:6:7:12:37:40
10363,2:4:5:6:7:12:38:40
10364,2:4:5:6:7:12:39:40
10365,2:4:5:6:7:12:40:41
10366,2:4:5:6:7:12:40:42
10367,2:4:5:6:7:12:40:43
10368,2:4:5:6:7:12:40:44
10369,2:4:5:6:7:12:40:45
10370,2:4:5:6:7:12:40:46
10371,2:4:5:6:7:12:40:47
10372,2:4:5:6:7:12:40:48
10373,2:4:5:6:7:12:40:49
10374,2:4:5:6:7:12:40:50
10375,2:4:5:6:7:12:40:51
10376,2:4:5:6:7:12:40:52
10377,2:4:5:6:7:12:40:53
10378,2:4:5:6:7:12:40:54
10379,2:4:5:6:7:12:40:55
10380,2:4:5:6:7:12:40:56
10381,2:4:5:6:7:12:40:57
10382,2:4:5:6:7:12:40:58
10383,2:4:5:6:7:12:40:59
10384,2:4:5:6:7:12:40:60
10385,2:4:5:6:7:12:40:61
10386,2:4:5:6:7:12:40:62
10387,2:4:5:6:7:12:40:63
10388,2:4:5:6:7:13:14:41
10389,2:4:5:6:7:13:14:42
10390,2:4:5:6:7:13:15:41
10391,2:4:5:6:7:13:15:43
10392,2:4:5:6:7:13:16:41
10393,2:4:5:6:7:13:16:44
10394,2:4:5:6:7:13:17:41
10395,2:4:5:6:7:13:17:45
10396,2:4:5:6:7:13:18:41
10397,2:4:5:6:7:13:18:46
10398,2:4:5:6:7:13:19:41
10399,2:4:5:6:7:13:19:47
10400,2:4:5:6:7:13:20:41
10401,2:4:5:6:7:13:20:48
10402,2:4:5:6:7:13:21:41
10403,2:4:5:6:7:13:21:49
10404,2:4:5:6:7:13:22:41
10405,2:4:5:6:7:13:22:50
10406,2:4:5:6:7:13:23:41
10407,2:4:5:6:7:13:23:51
10408,2:4:5:6:7:13:24:41
10409,2:4:5:6:7:13:24:52
10410,2:4:5:6:7:13:25:41
10411,2:4:5:6:7:13:25:53
10412,2:4:5:6:7:13:26:41
10413,2:4:5:6:7:13:26:54
10414,2:4:5:6:7:13:27:41
10415,2:4:5:6:7:13:27:55
10416,2:4:5:6:7:13:28:41
10417,2:4:5:6:7:13:28:56
10418,2:4:5:6:7:13:29:41
10419,2:4:5:6:7:13:29:57
10420,2:4:5:6:7:13:30:41
10421,2:4:5:6:7:13:30:58
10422,2:4:5:6:7:13:31:41
10423,2:4:5:6:7:13:31:59
10424,2:4:5:6:7:13:32:41
10425,2:4:5:6:7:13:32:60
10426,2:4:5:6:7:13:33:41
10427,2:4:5:6:7:13:33:61
10428,2:4:5:6:7:13:34:41
10429,2:4:5:6:7:13:34:62
10430,2:4:5:6:7:13:35:41
10431,2:4:5:6:7:13:35:63
10432,2:4:5:6:7:13:36:41
10433,2:4:5:6:7:13:37:41
10434,2:4:5:6:7:13:38:41
10435,2:4:5:6:7:13:39:41
10436,2:4:5:6:7:13:40:41
10437,2:4:5:6:7:13:41:42
10438,2:4:5:6:7:13:41:43
10439,2:4:5:6:7:13:41:44
10440,2:4:5:6:7:13:41:45
10441,2:4:5:6:7:13:41:46
10442,2:4:5:6:7:13:41:47
10443,2:4:5:6:7:13:41:48
10444,2:4:5:6:7:13:41:49
10445,2:4:5:6:7:13:41:50
10446,2:4:5:6:7:13:41:51
10447,2:4:5:6:7:13:41:52
10448,2:4:5:6:7:13:41:53
10449,2:4:5:6:7:13:41:54
10450,2:4:5:6:7:13:41:55
10451,2:4:5:6:7:13:41:56
10452,2:4:5:6:7:13:41:57
10453,2:4:5:6:7:13:41:58
10454,2:4:5:6:7:13:41:59
10455,2:4:5:6:7:13:41:60
10456,2:4:5:6:7:13:41:61
10457,2:4:5:6:7:13:41:62
10458,2:4:5:6:7:13:41:63
10459,2:4:5:6:7:14:15:42
10460,2:4:5:6:7:14:15:43
10461,2:4:5:6:7:14:16:42
10462,2:4:5:6:7:14:16:44
10463,2:4:5:6:7:14:17:42
10464,2:4:5:6:7:14:17:45
10465,2:4:5:6:7:14:18:42
10466,2:4:5:6:7:14:18:46
10467,2:4:5:6:7:14:19:42
10468,2:4:5:6:7:14:19:47
10469,2:4:5:6:7:14:20:42
10470,2:4:5:6:7:14:20:48
10471,2:4:5:6:7:14:21:42
10472,2:4:5:6:7:14:21:49
10473,2:4:5:6:7:14:22:42
10474,2:4:5:6:7:14:22:50
10475,2:4:5:6:7:14:23:42
10476,2:4:5:6:7:14:23:51
10477,2:4:5:6:7:14:24:42
10478,2:4:5:6:7:14:24:52
10479,2:4:5:6:7:14:25:42
10480,2:4:5:6:7:14:25:53
10481,2:4:5:6:7:14:26:42
10482,2:4:5:6:7:14:26:54
10483,2:4:5:6:7:14:27:42
10484,2:4:5:6:7:14:27:55
10485,2:4:5:6:7:14:28:42
10486,2:4:5:6:7:14:28:56
10487,2:4:5:6:7:14:29:42
10488,2:4:5:6:7:14:29:57
10489,2:4:5:6:7:14:30:42
10490,2:4:5:6:7:14:30:58
10491,2:4:5:6:7:14:31:42
10492,2:4:5:6:7:14:31:59
10493,2:4:5:6:7:14:32:42
10494,2:4:5:6:7:14:32:60
10495,2:4:5:6:7:14:33:42
10496,2:4:5:6:7:14:33:61
10497,2:4:5:6:7:14:34:42
10498,2:4:5:6:7:14:34:62
10499,2:4:5:6:7:14:35:42
10500,2:4:5:6:7:14:35:63
10501,2:4:5:6:7:14:36:42
10502,2:4:5:6:7:14:37:42
10503,2:4:5:6:7:14:38:42
10504,2:4:5:6:7:14:39:42
10505,2:4:5:6:7:14:40:42
10506,2:4:5:6:7:14:41:42
10507,2:4:5:6:7:14:42:43
10508,2:4:5:6:7:14:42:44
10509,2:4:5:6:7:14:42:45
10510,2:4:5:6:7:14:42:46
10511,2:4:5:6:7:14:42:47
10512,2:4:5:6:7:14:42:48
10513,2:4:5:6:7:14:42:49
10514,2:4:5:6:7:14:42:50
10515,2:4:5:6:7:14:42:51
10516,2:4:5:6:7:14:42:52
10517,2:4:5:6:7:14:42:53
10518,2:4:5:6:7:14:42:54
10519,2:4:5:6:7:14:42:55
10520,2:4:5:6:7:14:42:56
10521,2:4:5:6:7:14:42:57
10522,2:4:5:6:7:14:42:58
10523,2:4:5:6:7:14:42:59
10524,2:4:5:6:7:14:42:60
10525,2:4:5:6:7:14:42:61
10526,2:4:5:6:7:14:42:62
10527,2:4:5:6:7:14:42:63
10528,2:4:5:6:7:15:16:43
10529,2:4:5:6:7:15:16:44
10530,2:4:5:6:7:15:17:43
10531,2:4:5:6:7:15:17:45
10532,2:4:5:6:7:15:18:43
10533,2:4:5:6:7:15:18:46
10534,2:4:5:6:7:15:19:43
10535,2:4:5:6:7:15:19:47
10536,2:4:5:6:7:15:20:43
10537,2:4:5:6:7:15:20:48
10538,2:4:5:6:7:15:21:43
10539,2:4:5:6:7:15:21:49
10540,2:4:5:6:7:15:22:43
10541,2:4:5:6:7:15:22:50
10542,2:4:5:6:7:15:23:43
10543,2:4:5:6:7:15:23:51
10544,2:4:5:6:7:15:24:43
10545,2:4:5:6:7:15:24:52
10546,2:4:5:6:7:15:25:43
10547,2:4:5:6:7:15:25:53
10548,2:4:5:6:7:15:26:43
10549,2:4:5:6:7:15:26:54
10550,2:4:5:6:7:15:27:43
10551,2:4:5:6:7:15:27:55
10552,2:4:5:6:7:15:28:43
10553,2:4:5:6:7:15:28:56
10554,2:4:5:6:7:15:29:43
10555,2:4:5:6:7:15:29:57
10556,2:4:5:6:7:15:30:43
10557,2:4:5:6:7:15:30:58
10558,2:4:5:6:7:15:31:43
10559,2:4:5:6:7:15:31:59
10560,2:4:5:6:7:15:32:43
10561,2:4:5:6:7:15:32:60
10562,2:4:5:6:7:15:33:43
10563,2:4:5:6:7:15:33:61
10564,2:4:5:6:7:15:34:43
10565,2:4:5:6:7:15:34:62
10566,2:4:5:6:7:15:35:43
10567,2:4:5:6:7:15:35:63
10568,2:4:5:6:7:15:36:43
10569,2:4:5:6:7:15:37:43
10570,2:4:5:6:7:15:38:43
10571,2:4:5:6:7:15:39:43
10572,2:4:5:6:7:15:40:43
10573,2:4:5:6:7:15:41:43
10574,2:4:5:6:7:15:42:43
10575,2:4:5:6:7:15:43:44
10576,2:4:5:6:7:15:43:45
10577,2:4:5:6:7:15:43:46
10578,2:4:5:6:7:15:43:47
10579,2:4:5:6:7:15:43:48
10580,2:4:5:6:7:15:43:49
10581,2:4:5:6:7:15:43:50
10582,2:4:5:6:7:15:43:51
10583,2:4:5:6:7:15:43:52
10584,2:4:5:6:7:15:43:53
10585,2:4:5:6:7:15:43:54
10586,2:4:5:6:7:15:43:55
10587,2:4:5:6:7:15:43:56
10588,2:4:5:6:7:15:43:57
10589,2:4:5:6:7:15:43:58
10590,2:4:5:6:7:15:43:59
10591,2:4:5:6:7:15:43:60
10592,2:4:5:6:7:15:43:61
10593,2:4:5:6:7:15:43:62
10594,2:4:5:6:7:15:43:63
10595,2:4:5:6:7:16:17:44
10596,2:4:5:6:7:16:17:45
10597,2:4:5:6:7:16:18:44
10598,2:4:5:6:7:16:18:46
10599,2:4:5:6:7:16:19:44
10600,2:4:5:6:7:16:19:47
10601,2:4:5:6:7:16:20:44
10602,2:4:5:6:7:16:20:48
10603,2:4:5:6:7:16:21:44
10604,2:4:5:6:7:16:21:49
10605,2:4:5:6:7:16:22:44
10606,2:4:5:6:7:16:22:50
10607,2:4:5:6:7:16:23:44
10608,2:4:5:6:7:16:23:51
10609,2:4:5:6:7:16:24:44
10610,2:4:5:6:7:16:24:52
10611,2:4:5:6:7:16:25:44
10612,2:4:5:6:7:16:25:53
10613,2:4:5:6:7:16:26:44
10614,2:4:5:6:7:16:26:54
10615,2:4:5:6:7:16:27:44
10616,2:4:5:6:7:16:27:55
10617,2:4:5:6:7:16:28:44
10618,2:4:5:6:7:16:28:56
10619,2:4:5:6:7:16:29:44
10620,2:4:5:6:7:16:29:57
10621,2:4:5:6:7:16:30:44
10622,2:4:5:6:7:16:30:58
10623,2:4:5:6:7:16:31:44
10624,2:4:5:6:7:16:31:59
10625,2:4:5:6:7:16:32:44
10626,2:4:5:6:7:16:32:60
10627,2:4:5:6:7:16:33:44
10628,2:4:5:6:7:16:33:61
10629,2:4:5:6:7:16:34:44
10630,2:4:5:6:7:16:34:62
10631,2:4:5:6:7:16:35:44
10632,2:4:5:6:7:16:35:63
10633,2:4:5:6:7:16:36:44
10634,2:4:5:6:7:16:37:44
10635,2:4:5:6:7:16:38:44
10636,2:4:5:6:7:16:39:44
10637,2:4:5:6:7:16:40:44
10638,2:4:5:6:7:16:41:44
10639,2:4:5:6:7:16:42:44
10640,2:4:5:6:7:16:43:44
10641,2:4:5:6:7:16:44:45
10642,2:4:5:6:7:16:44:46
10643,2:4:5:6:7:16:44:47
10644,2:4:5:6:7:16:44:48
10645,2:4:5:6:7:16:44:49
10646,2:4:5:6:7:16:44:50
10647,2:4:5:6:7:16:44:51
10648,2:4:5:6:7:16:44:52
10649,2:4:5:6:7:16:44:53
10650,2:4:5:6:7:16:44:54
10651,2:4:5:6:7:16:44:55
10652,2:4:5:6:7:16:44:56
10653,2:4:5:6:7:16:44:57
10654,2:4:5:6:7:16:44:58
10655,2:4:5:6:7:16:44:59
10656,2:4:5:6:7:16:44:60
10657,2:4:5:6:7:16:44:61
10658,2:4:5:6:7:16:44:62
10659,2:4:5:6:7:16:44:63
10660,2:4:5:6:7:17:18:45
10661,2:4:5:6:7:17:18:46
10662,2:4:5:6:7:17:19:45
10663,2:4:5:6:7:17:19:47
10664,2:4:5:6:7:17:20:45
10665,2:4:5:6:7:17:20:48
10666,2:4:5:6:7:17:21:45
10667,2:4:5:6:7:17:21:49
10668,2:4:5:6:7:17:22:45
10669,2:4:5:6:7:17:22:50
10670,2:4:5:6:7:17:23:45
10671,2:4:5:6:7:17:23:51
10672,2:4:5:6:7:17:24:45
10673,2:4:5:6:7:17:24:52
10674,2:4:5:6:7:17:25:45
10675,2:4:5:6:7:17:25:53
10676,2:4:5:6:7:17:26:45
10677,2:4:5:6:7:17:26:54
10678,2:4:5:6:7:17:27:45
10679,2:4:5:6:7:17:27:55
10680,2:4:5:6:7:17:28:45
10681,2:4:5:6:7:17:28:56
10682,2:4:5:6:7:17:29:45
10683,2:4:5:6:7:17:29:57
10684,2:4:5:6:7:17:30:45
10685,2:4:5:6:7:17:30:58
10686,2:4:5:6:7:17:31:45
10687,2:4:5:6:7:17:31:59
10688,2:4:5:6:7:17:32:45
10689,2:4:5:6:7:17:32:60
10690,2:4:5:6:7:17:33:45
10691,2:4:5:6:7:17:33:61
10692,2:4:5:6:7:17:34:45
10693,2:4:5:6:7:17:34:62
10694,2:4:5:6:7:17:35:45
10695,2:4:5:6:7:17:35:63
10696,2:4:5:6:7:17:36:45
10697,2:4:5:6:7:17:37:45
10698,2:4:5:6:7:17:38:45
10699,2:4:5:6:7:17:39:45
10700,2:4:5:6:7:17:40:45
10701,2:4:5:6:7:17:41:45
10702,2:4:5:6:7:17:42:45
10703,2:4:5:6:7:17:43:45
10704,2:4:5:6:7:17:44:45
10705,2:4:5:6:7:17:45:46
10706,2:4:5:6:7:17:45:47
10707,2:4:5:6:7:17:45:48
10708,2:4:5:6:7:17:45:49
10709,2:4:5:6:7:17:45:50
10710,2:4:5:6:7:17:45:51
10711,2:4:5:6:7:17:45:52
10712,2:4:5:6:7:17:45:53
10713,2:4:5:6:7:17:45:54
10714,2:4:5:6:7:17:45:55
10715,2:4:5:6:7:17:45:56
10716,2:4:5:6:7:17:45:57
10717,2:4:5:6:7:17:45:58
10718,2:4:5:6:7:17:45:59
10719,2:4:5:6:7:17:45:60
10720,2:4:5:6:7:17:45:61
10721,2:4:5:6:7:17:45:62
10722,2:4:5:6:7:17:45:63
10723,2:4:5:6:7:18:19:46
10724,2:4:5:6:7:18:19:47
10725,2:4:5:6:7:18:20:46
10726,2:4:5:6:7:18:20:48
10727,2:4:5:6:7:18:21:46
10728,2:4:5:6:7:18:21:49
10729,2:4:5:6:7:18:22:46
10730,2:4:5:6:7:18:22:50
10731,2:4:5:6:7:18:23:46
10732,2:4:5:6:7:18:23:51
10733,2:4:5:6:7:18:24:46
10734,2:4:5:6:7:18:24:52
10735,2:4:5:6:7:18:25:46
10736,2:4:5:6:7:18:25:53
10737,2:4:5:6:7:18:26:46
10738,2:4:5:6:7:18:26:54
10739,2:4:5:6:7:18:27:46
10740,2:4:5:6:7:18:27:55
10741,2:4:5:6:7:18:28:46
10742,2:4:5:6:7:18:28:56
10743,2:4:5:6:7:18:29:46
10744,2:4:5:6:7:18:29:57
10745,2:4:5:6:7:18:30:46
10746,2:4:5:6:7:18:30:58
10747,2:4:5:6:7:18:31:46
10748,2:4:5:6:7:18:31:59
10749,2:4:5:6:7:18:32:46
10750,2:4:5:6:7:18:32:60
10751,2:4:5:6:7:18:33:46
10752,2:4:5:6:7:18:33:61
10753,2:4:5:6:7:18:34:46
10754,2:4:5:6:7:18:34:62
10755,2:4:5:6:7:18:35:46
10756,2:4:5:6:7:18:35:63
10757,2:4:5:6:7:18:36:46
10758,2:4:5:6:7:18:37:46
10759,2:4:5:6:7:18:38:46
10760,2:4:5:6:7:18:39:46
10761,2:4:5:6:7:18:40:46
10762,2:4:5:6:7:18:41:46
10763,2:4:5:6:7:18:42:46
10764,2:4:5:6:7:18:43:46
10765,2:4:5:6:7:18:44:46
10766,2:4:5:6:7:18:45:46
10767,2:4:5:6:7:18:46:47
10768,2:4:5:6:7:18:46:48
10769,2:4:5:6:7:18:46:49
10770,2:4:5:6:7:18:46:50
10771,2:4:5:6:7:18:46:51
10772,2:4:5:6:7:18:46:52
10773,2:4:5:6:7:18:46:53
10774,2:4:5:6:7:18:46:54
10775,2:4:5:6:7:18:46:55
10776,2:4:5:6:7:18:46:56
10777,2:4:5:6:7:18:46:57
10778,2:4:5:6:7:18:46:58
10779,2:4:5:6:7:18:46:59
10780,2:4:5:6:7:18:46:60
10781,2:4:5:6:7:18:46:61
10782,2:4:5:6:7:18:46:62
10783,2:4:5:6:7:18:46:63
10784,2:4:5:6:7:19:20:47
10785,2:4:5:6:7:19:20:48
10786,2:4:5:6:7:19:21:47
10787,2:4:5:6:7:19:21:49
10788,2:4:5:6:7:19:22:47
10789,2:4:5:6:7:19:22:50
10790,2:4:5:6:7:19:23:47
10791,2:4:5:6:7:19:23:51
10792,2:4:5:6:7:19:24:47
10793,2:4:5:6:7:19:24:52
10794,2:4:5:6:7:19:25:47
10795,2:4:5:6:7:19:25:53
10796,2:4:5:6:7:19:26:47
10797,2:4:5:6:7:19:26:54
10798,2:4:5:6:7:19:27:47
10799,2:4:5:6:7:19:27:55
10800,2:4:5:6:7:19:28:47
10801,2:4:5:6:7:19:28:56
10802,2:4:5:6:7:19:29:47
10803,2:4:5:6:7:19:29:57
10804,2:4:5:6:7:19:30:47
10805,2:4:5:6:7:19:30:58
10806,2:4:5:6:7:19:31:47
10807,2:4:5:6:7:19:31:59
10808,2:4:5:6:7:19:32:47
10809,2:4:5:6:7:19:32:60
10810,2:4:5:6:7:19:33:47
10811,2:4:5:6:7:19:33:61
10812,2:4:5:6:7:19:34:47
10813,2:4:5:6:7:19:34:62
10814,2:4:5:6:7:19:35:47
10815,2:4:5:6:7:19:35:63
10816,2:4:5:6:7:19:36:47
10817,2:4:5:6:7:19:37:47
10818,2:4:5:6:7:19:38:47
10819,2:4:5:6:7:19:39:47
10820,2:4:5:6:7:19:40:47
10821,2:4:5:6:7:19:41:47
10822,2:4:5:6:7:19:42:47
10823,2:4:5:6:7:19:43:47
10824,2:4:5:6:7:19:44:47
10825,2:4:5:6:7:19:45:47
10826,2:4:5:6:7:19:46:47
10827,2:4:5:6:7:19:47:48
10828,2:4:5:6:7:19:47:49
10829,2:4:5:6:7:19:47:50
10830,2:4:5:6:7:19:47:51
10831,2:4:5:6:7:19:47:52
10832,2:4:5:6:7:19:47:53
10833,2:4:5:6:7:19:47:54
10834,2:4:5:6:7:19:47:55
10835,2:4:5:6:7:19:47:56
10836,2:4:5:6:7:19:47:57
10837,2:4:5:6:7:19:47:58
10838,2:4:5:6:7:19:47:59
10839,2:4:5:6:7:19:47:60
10840,2:4:5:6:7:19:47:61
10841,2:4:5:6:7:19:47:62
10842,2:4:5:6:7:19:47:63
10843,2:4:5:6:7:20:21:48
10844,2:4:5:6:7:20:21:49
10845,2:4:5:6:7:20:22:48
10846,2:4:5:6:7:20:22:50
10847,2:4:5:6:7:20:23:48
10848,2:4:5:6:7:20:23:51
10849,2:4:5:6:7:20:24:48
10850,2:4:5:6:7:20:24:52
10851,2:4:5:6:7:20:25:48
10852,2:4:5:6:7:20:25:53
10853,2:4:5:6:7:20:26:48
10854,2:4:5:6:7:20:26:54
10855,2:4:5:6:7:20:27:48
10856,2:4:5:6:7:20:27:55
10857,2:4:5:6:7:20:28:48
10858,2:4:5:6:7:20:28:56
10859,2:4:5:6:7:20:29:48
10860,2:4:5:6:7:20:29:57
10861,2:4:5:6:7:20:30:48
10862,2:4:5:6:7:20:30:58
10863,2:4:5:6:7:20:31:48
10864,2:4:5:6:7:20:31:59
10865,2:4:5:6:7:20:32:48
10866,2:4:5:6:7:20:32:60
10867,2:4:5:6:7:20:33:48
10868,2:4:5:6:7:20:33:61
10869,2:4:5:6:7:20:34:48
10870,2:4:5:6:7:20:34:62
10871,2:4:5:6:7:20:35:48
10872,2:4:5:6:7:20:35:63
10873,2:4:5:6:7:20:36:48
10874,2:4:5:6:7:20:37:48
10875,2:4:5:6:7:20:38:48
10876,2:4:5:6:7:20:39:48
10877,2:4:5:6:7:20:40:48
10878,2:4:5:6:7:20:41:48
10879,2:4:5:6:7:20:42:48
10880,2:4:5:6:7:20:43:48
10881,2:4:5:6:7:20:44:48
10882,2:4:5:6:7:20:45:48
10883,2:4:5:6:7:20:46:48
10884,2:4:5:6:7:20:47:48
10885,2:4:5:6:7:20:48:49
10886,2:4:5:6:7:20:48:50
10887,2:4:5:6:7:20:48:51
10888,2:4:5:6:7:20:48:52
10889,2:4:5:6:7:20:48:53
10890,2:4:5:6:7:20:48:54
10891,2:4:5:6:7:20:48:55
10892,2:4:5:6:7:20:48:56
10893,2:4:5:6:7:20:48:57
10894,2:4:5:6:7:20:48:58
10895,2:4:5:6:7:20:48:59
10896,2:4:5:6:7:20:48:60
10897,2:4:5:6:7:20:48:61
10898,2:4:5:6:7:20:48:62
10899,2:4:5:6:7:20:48:63
10900,2:4:5:6:7:21:22:49
10901,2:4:5:6:7:21:22:50
10902,2:4:5:6:7:21:23:49
10903,2:4:5:6:7:21:23:51
10904,2:4:5:6:7:21:24:49
10905,2:4:5:6:7:21:24:52
10906,2:4:5:6:7:21:25:49
10907,2:4:5:6:7:21:25:53
10908,2:4:5:6:7:21:26:49
10909,2:4:5:6:7:21:26:54
10910,2:4:5:6:7:21:27:49
10911,2:4:5:6:7:21:27:55
10912,2:4:5:6:7:21:28:49
10913,2:4:5:6:7:21:28:56
10914,2:4:5:6:7:21:29:49
10915,2:4:5:6:7:21:29:57
10916,2:4:5:6:7:21:30:49
10917,2:4:5:6:7:21:30:58
10918,2:4:5:6:7:21:31:49
10919,2:4:5:6:7:21:31:59
10920,2:4:5:6:7:21:32:49
10921,2:4:5:6:7:21:32:60
10922,2:4:5:6:7:21:33:49
10923,2:4:5:6:7:21:33:61
10924,2:4:5:6:7:21:34:49
10925,2:4:5:6:7:21:34:62
10926,2:4:5:6:7:21:35:49
10927,2:4:5:6:7:21:35:63
10928,2:4:5:6:7:21:36:49
10929,2:4:5:6:7:21:37:49
10930,2:4:5:6:7:21:38:49
10931,2:4:5:6:7:21:39:49
10932,2:4:5:6:7:21:40:49
10933,2:4:5:6:7:21:41:49
10934,2:4:5:6:7:21:42:49
10935,2:4:5:6:7:21:43:49
10936,2:4:5:6:7:21:44:49
10937,2:4:5:6:7:21:45:49
10938,2:4:5:6:7:21:46:49
10939,2:4:5:6:7:21:47:49
10940,2:4:5:6:7:21:48:49
10941,2:4:5:6:7:21:49:50
10942,2:4:5:6:7:21:49:51
10943,2:4:5:6:7:21:49:52
10944,2:4:5:6:7:21:49:53
10945,2:4:5:6:7:21:49:54
10946,2:4:5:6:7:21:49:55
10947,2:4:5:6:7:21:49:56
10948,2:4:5:6:7:21:49:57
10949,2:4:5:6:7:21:49:58
10950,2:4:5:6:7:21:49:59
10951,2:4:5:6:7:21:49:60
10952,2:4:5:6:7:21:49:61
10953,2:4:5:6:7:21:49:62
10954,2:4:5:6:7:21:49:63
10955,2:4:5:6:7:22:23:50
10956,2:4:5:6:7:22:23:51
10957,2:4:5:6:7:22:24:50
10958,2:4:5:6:7:22:24:52
10959,2:4:5:6:7:22:25:50
10960,2:4:5:6:7:22:25:53
10961,2:4:5:6:7:22:26:50
10962,2:4:5:6:7:22:26:54
10963,2:4:5:6:7:22:27:50
10964,2:4:5:6:7:22:27:55
10965,2:4:5:6:7:22:28:50
10966,2:4:5:6:7:22:28:56
10967,2:4:5:6:7:22:29:50
10968,2:4:5:6:7:22:29:57
10969,2:4:5:6:7:22:30:50
10970,2:4:5:6:7:22:30:58
10971,2:4:5:6:7:22:31:50
10972,2:4:5:6:7:22:31:59
10973,2:4:5:6:7:22:32:50
10974,2:4:5:6:7:22:32:60
10975,2:4:5:6:7:22:33:50
10976,2:4:5:6:7:22:33:61
10977,2:4:5:6:7:22:34:50
10978,2:4:5:6:7:22:34:62
10979,2:4:5:6:7:22:35:50
10980,2:4:5:6:7:22:35:63
10981,2:4:5:6:7:22:36:50
10982,2:4:5:6:7:22:37:50
10983,2:4:5:6:7:22:38:50
10984,2:4:5:6:7:22:39:50
10985,2:4:5:6:7:22:40:50
10986,2:4:5:6:7:22:41:50
10987,2:4:5:6:7:22:42:50
10988,2:4:5:6:7:22:43:50
10989,2:4:5:6:7:22:44:50
10990,2:4:5:6:7:22:45:50
10991,2:4:5:6:7:22:46:50
10992,2:4:5:6:7:22:47:50
10993,2:4:5:6:7:22:48:50
10994,2:4:5:6:7:22:49:50
10995,2:4:5:6:7:22:50:51
10996,2:4:5:6:7:22:50:52
10997,2:4:5:6:7:22:50:53
10998,2:4:5:6:7:22:50:54
10999,2:4:5:6:7:22:50:55
11000,2:4:5:6:7:22:50:56
11001,2:4:5:6:7:22:50:57
11002,2:4:5:6:7:22:50:58
11003,2:4:5:6:7:22:50:59
11004,2:4:5:6:7:22:50:60
11005,2:4:5:6:7:22:50:61
11006,2:4:5:6:7:22:50:62
11007,2:4:5:6:7:22:50:63
11008,2:4:5:6:7:23:24:51
11009,2:4:5:6:7:23:24:52
11010,2:4:5:6:7:23:25:51
11011,2:4:5:6:7:23:25:53
11012,2:4:5:6:7:23:26:51
11013,2:4:5:6:7:23:26:54
11014,2:4:5:6:7:23:27:51
11015,2:4:5:6:7:23:27:55
11016,2:4:5:6:7:23:28:51
11017,2:4:5:6:7:23:28:56
11018,2:4:5:6:7:23:29:51
11019,2:4:5:6:7:23:29:57
11020,2:4:5:6:7:23:30:51
11021,2:4:5:6:7:23:30:58
11022,2:4:5:6:7:23:31:51
11023,2:4:5:6:7:23:31:59
11024,2:4:5:6:7:23:32:51
11025,2:4:5:6:7:23:32:60
11026,2:4:5:6:7:23:33:51
11027,2:4:5:6:7:23:33:61
11028,2:4:5:6:7:23:34:51
11029,2:4:5:6:7:23:34:62
11030,2:4:5:6:7:23:35:51
11031,2:4:5:6:7:23:35:63
11032,2:4:5:6:7:23:36:51
11033,2:4:5:6:7:23:37:51
11034,2:4:5:6:7:23:38:51
11035,2:4:5:6:7:23:39:51
11036,2:4:5:6:7:23:40:51
11037,2:4:5:6:7:23:41:51
11038,2:4:5:6:7:23:42:51
11039,2:4:5:6:7:23:43:51
11040,2:4:5:6:7:23:44:51
11041,2:4:5:6:7:23:45:51
11042,2:4:5:6:7:23:46:51
11043,2:4:5:6:7:23:47:51
11044,2:4:5:6:7:23:48:51
11045,2:4:5:6:7:23:49:51
11046,2:4:5:6:7:23:50:51
11047,2:4:5:6:7:23:51:52
11048,2:4:5:6:7:23:51:53
11049,2:4:5:6:7:23:51:54
11050,2:4:5:6:7:23:51:55
11051,2:4:5:6:7:23:51:56
11052,2:4:5:6:7:23:51:57
11053,2:4:5:6:7:23:51:58
11054,2:4:5:6:7:23:51:59
11055,2:4:5:6:7:23:51:60
11056,2:4:5:6:7:23:51:61
11057,2:4:5:6:7:23:51:62
11058,2:4:5:6:7:23:51:63
11059,2:4:5:6:7:24:25:52
11060,2:4:5:6:7:24:25:53
11061,2:4:5:6:7:24:26:52
11062,2:4:5:6:7:24:26:54
11063,2:4:5:6:7:24:27:52
11064,2:4:5:6:7:24:27:55
11065,2:4:5:6:7:24:28:52
11066,2:4:5:6:7:24:28:56
11067,2:4:5:6:7:24:29:52
11068,2:4:5:6:7:24:29:57
11069,2:4:5:6:7:24:30:52
11070,2:4:5:6:7:24:30:58
11071,2:4:5:6:7:24:31:52
11072,2:4:5:6:7:24:31:59
11073,2:4:5:6:7:24:32:52
11074,2:4:5:6:7:24:32:60
11075,2:4:5:6:7:24:33:52
11076,2:4:5:6:7:24:33:61
11077,2:4:5:6:7:24:34:52
11078,2:4:5:6:7:24:34:62
11079,2:4:5:6:7:24:35:52
11080,2:4:5:6:7:24:35:63
11081,2:4:5:6:7:24:36:52
11082,2:4:5:6:7:24:37:52
11083,2:4:5:6:7:24:38:52
11084,2:4:5:6:7:24:39:52
11085,2:4:5:6:7:24:40:52
11086,2:4:5:6:7:24:41:52
11087,2:4:5:6:7:24:42:52
11088,2:4:5:6:7:24:43:52
11089,2:4:5:6:7:24:44:52
11090,2:4:5:6:7:24:45:52
11091,2:4:5:6:7:24:46:52
11092,2:4:5:6:7:24:47:52
11093,2:4:5:6:7:24:48:52
11094,2:4:5:6:7:24:49:52
11095,2:4:5:6:7:24:50:52
11096,2:4:5:6:7:24:51:52
11097,2:4:5:6:7:24:52:53
11098,2:4:5:6:7:24:52:54
11099,2:4:5:6:7:24:52:55
11100,2:4:5:6:7:24:52:56
11101,2:4:5:6:7:24:52:57
11102,2:4:5:6:7:24:52:58
11103,2:4:5:6:7:24:52:59
11104,2:4:5:6:7:24:52:60
11105,2:4:5:6:7:24:52:61
11106,2:4:5:6:7:24:52:62
11107,2:4:5:6:7:24:52:63
11108,2:4:5:6:7:25:26:53
11109,2:4:5:6:7:25:26:54
11110,2:4:5:6:7:25:27:53
11111,2:4:5:6:7:25:27:55
11112,2:4:5:6:7:25:28:53
11113,2:4:5:6:7:25:28:56
11114,2:4:5:6:7:25:29:53
11115,2:4:5:6:7:25:29:57
11116,2:4:5:6:7:25:30:53
11117,2:4:5:6:7:25:30:58
11118,2:4:5:6:7:25:31:53
11119,2:4:5:6:7:25:31:59
11120,2:4:5:6:7:25:32:53
11121,2:4:5:6:7:25:32:60
11122,2:4:5:6:7:25:33:53
11123,2:4:5:6:7:25:33:61
11124,2:4:5:6:7:25:34:53
11125,2:4:5:6:7:25:34:62
11126,2:4:5:6:7:25:35:53
11127,2:4:5:6:7:25:35:63
11128,2:4:5:6:7:25:36:53
11129,2:4:5:6:7:25:37:53
11130,2:4:5:6:7:25:38:53
11131,2:4:5:6:7:25:39:53
11132,2:4:5:6:7:25:40:53
11133,2:4:5:6:7:25:41:53
11134,2:4:5:6:7:25:42:53
11135,2:4:5:6:7:25:43:53
11136,2:4:5:6:7:25:44:53
11137,2:4:5:6:7:25:45:53
11138,2:4:5:6:7:25:46:53
11139,2:4:5:6:7:25:47:53
11140,2:4:5:6:7:25:48:53
11141,2:4:5:6:7:25:49:53
11142,2:4:5:6:7:25:50:53
11143,2:4:5:6:7:25:51:53
11144,2:4:5:6:7:25:52:53
11145,2:4:5:6:7:25:53:54
11146,2:4:5:6:7:25:53:55
11147,2:4:5:6:7:25:53:56
11148,2:4:5:6:7:25:53:57
11149,2:4:5:6:7:25:53:58
11150,2:4:5:6:7:25:53:59
11151,2:4:5:6:7:25:53:60
11152,2:4:5:6:7:25:53:61
11153,2:4:5:6:7:25:53:62
11154,2:4:5:6:7:25:53:63
11155,2:4:5:6:7:26:27:54
11156,2:4:5:6:7:26:27:55
11157,2:4:5:6:7:26:28:54
11158,2:4:5:6:7:26:28:56
11159,2:4:5:6:7:26:29:54
11160,2:4:5:6:7:26:29:57
11161,2:4:5:6:7:26:30:54
11162,2:4:5:6:7:26:30:58
11163,2:4:5:6:7:26:31:54
11164,2:4:5:6:7:26:31:59
11165,2:4:5:6:7:26:32:54
11166,2:4:5:6:7:26:32:60
11167,2:4:5:6:7:26:33:54
11168,2:4:5:6:7:26:33:61
11169,2:4:5:6:7:26:34:54
11170,2:4:5:6:7:26:34:62
11171,2:4:5:6:7:26:35:54
11172,2:4:5:6:7:26:35:63
11173,2:4:5:6:7:26:36:54
11174,2:4:5:6:7:26:37:54
11175,2:4:5:6:7:26:38:54
11176,2:4:5:6:7:26:39:54
11177,2:4:5:6:7:26:40:54
11178,2:4:5:6:7:26:41:54
11179,2:4:5:6:7:26:42:54
11180,2:4:5:6:7:26:43:54
11181,2:4:5:6:7:26:44:54
11182,2:4:5:6:7:26:45:54
11183,2:4:5:6:7:26:46:54
11184,2:4:5:6:7:26:47:54
11185,2:4:5:6:7:26:48:54
11186,2:4:5:6:7:26:49:54
11187,2:4:5:6:7:26:50:54
11188,2:4:5:6:7:26:51:54
11189,2:4:5:6:7:26:52:54
11190,2:4:5:6:7:26:53:54
11191,2:4:5:6:7:26:54:55
11192,2:4:5:6:7:26:54:56
11193,2:4:5:6:7:26:54:57
11194,2:4:5:6:7:26:54:58
11195,2:4:5:6:7:26:54:59
11196,2:4:5:6:7:26:54:60
11197,2:4:5:6:7:26:54:61
11198,2:4:5:6:7:26:54:62
11199,2:4:5:6:7:26:54:63
11200,2:4:5:6:7:27:28:55
11201,2:4:5:6:7:27:28:56
11202,2:4:5:6:7:27:29:55
11203,2:4:5:6:7:27:29:57
11204,2:4:5:6:7:27:30:55
11205,2:4:5:6:7:27:30:58
11206,2:4:5:6:7:27:31:55
11207,2:4:5:6:7:27:31:59
11208,2:4:5:6:7:27:32:55
11209,2:4:5:6:7:27:32:60
11210,2:4:5:6:7:27:33:55
11211,2:4:5:6:7:27:33:61
11212,2:4:5:6:7:27:34:55
11213,2:4:5:6:7:27:34:62
11214,2:4:5:6:7:27:35:55
11215,2:4:5:6:7:27:35:63
11216,2:4:5:6:7:27:36:55
11217,2:4:5:6:7:27:37:55
11218,2:4:5:6:7:27:38:55
11219,2:4:5:6:7:27:39:55
11220,2:4:5:6:7:27:40:55
11221,2:4:5:6:7:27:41:55
11222,2:4:5:6:7:27:42:55
11223,2:4:5:6:7:27:43:55
11224,2:4:5:6:7:27:44:55
11225,2:4:5:6:7:27:45:55
11226,2:4:5:6:7:27:46:55
11227,2:4:5:6:7:27:47:55
11228,2:4:5:6:7:27:48:55
11229,2:4:5:6:7:27:49:55
11230,2:4:5:6:7:27:50:55
11231,2:4:5:6:7:27:51:55
11232,2:4:5:6:7:27:52:55
11233,2:4:5:6:7:27:53:55
11234,2:4:5:6:7:27:54:55
11235,2:4:5:6:7:27:55:56
11236,2:4:5:6:7:27:55:57
11237,2:4:5:6:7:27:55:58
11238,2:4:5:6:7:27:55:59
11239,2:4:5:6:7:27:55:60
11240,2:4:5:6:7:27:55:61
11241,2:4:5:6:7:27:55:62
11242,2:4:5:6:7:27:55:63
11243,2:4:5:6:7:28:29:56
11244,2:4:5:6:7:28:29:57
11245,2:4:5:6:7:28:30:56
11246,2:4:5:6:7:28:30:58
11247,2:4:5:6:7:28:31:56
11248,2:4:5:6:7:28:31:59
11249,2:4:5:6:7:28:32:56
11250,2:4:5:6:7:28:32:60
11251,2:4:5:6:7:28:33:56
11252,2:4:5:6:7:28:33:61
11253,2:4:5:6:7:28:34:56
11254,2:4:5:6:7:28:34:62
11255,2:4:5:6:7:28:35:56
11256,2:4:5:6:7:28:35:63
11257,2:4:5:6:7:28:36:56
11258,2:4:5:6:7:28:37:56
11259,2:4:5:6:7:28:38:56
11260,2:4:5:6:7:28:39:56
11261,2:4:5:6:7:28:40:56
11262,2:4:5:6:7:28:41:56
11263,2:4:5:6:7:28:42:56
11264,2:4:5:6:7:28:43:56
11265,2:4:5:6:7:28:44:56
11266,2:4:5:6:7:28:45:56
11267,2:4:5:6:7:28:46:56
11268,2:4:5:6:7:28:47:56
11269,2:4:5:6:7:28:48:56
11270,2:4:5:6:7:28:49:56
11271,2:4:5:6:7:28:50:56
11272,2:4:5:6:7:28:51:56
11273,2:4:5:6:7:28:52:56
11274,2:4:5:6:7:28:53:56
11275,2:4:5:6:7:28:54:56
11276,2:4:5:6:7:28:55:56
11277,2:4:5:6:7:28:56:57
11278,2:4:5:6:7:28:56:58
11279,2:4:5:6:7:28:56:59
11280,2:4:5:6:7:28:56:60
11281,2:4:5:6:7:28:56:61
11282,2:4:5:6:7:28:56:62
11283,2:4:5:6:7:28:56:63
11284,2:4:5:6:7:29:30:57
11285,2:4:5:6:7:29:30:58
11286,2:4:5:6:7:29:31:57
11287,2:4:5:6:7:29:31:59
11288,2:4:5:6:7:29:32:57
11289,2:4:5:6:7:29:32:60
11290,2:4:5:6:7:29:33:57
11291,2:4:5:6:7:29:33:61
11292,2:4:5:6:7:29:34:57
11293,2:4:5:6:7:29:34:62
11294,2:4:5:6:7:29:35:57
11295,2:4:5:6:7:29:35:63
11296,2:4:5:6:7:29:36:57
11297,2:4:5:6:7:29:37:57
11298,2:4:5:6:7:29:38:57
11299,2:4:5:6:7:29:39:57
11300,2:4:5:6:7:29:40:57
11301,2:4:5:6:7:29:41:57
11302,2:4:5:6:7:29:42:57
11303,2:4:5:6:7:29:43:57
11304,2:4:5:6:7:29:44:57
11305,2:4:5:6:7:29:45:57
11306,2:4:5:6:7:29:46:57
11307,2:4:5:6:7:29:47:57
11308,2:4:5:6:7:29:48:57
11309,2:4:5:6:7:29:49:57
11310,2:4:5:6:7:29:50:57
11311,2:4:5:6:7:29:51:57
11312,2:4:5:6:7:29:52:57
11313,2:4:5:6:7:29:53:57
11314,2:4:5:6:7:29:54:57
11315,2:4:5:6:7:29:55:57
11316,2:4:5:6:7:29:56:57
11317,2:4:5:6:7:29:57:58
11318,2:4:5:6:7:29:57:59
11319,2:4:5:6:7:29:57:60
11320,2:4:5:6:7:29:57:61
11321,2:4:5:6:7:29:57:62
11322,2:4:5:6:7:29:57:63
11323,2:4:5:6:7:30:31:58
11324,2:4:5:6:7:30:31:59
11325,2:4:5:6:7:30:32:58
11326,2:4:5:6:7:30:32:60
11327,2:4:5:6:7:30:33:58
11328,2:4:5:6:7:30:33:61
11329,2:4:5:6:7:30:34:58
11330,2:4:5:6:7:30:34:62
11331,2:4:5:6:7:30:35:58
11332,2:4:5:6:7:30:35:63
11333,2:4:5:6:7:30:36:58
11334,2:4:5:6:7:30:37:58
11335,2:4:5:6:7:30:38:58
11336,2:4:5:6:7:30:39:58
11337,2:4:5:6:7:30:40:58
11338,2:4:5:6:7:30:41:58
11339,2:4:5:6:7:30:42:58
11340,2:4:5:6:7:30:43:58
11341,2:4:5:6:7:30:44:58
11342,2:4:5:6:7:30:45:58
11343,2:4:5:6:7:30:46:58
11344,2:4:5:6:7:30:47:58
11345,2:4:5:6:7:30:48:58
11346,2:4:5:6:7:30:49:58
11347,2:4:5:6:7:30:50:58
11348,2:4:5:6:7:30:51:58
11349,2:4:5:6:7:30:52:58
11350,2:4:5:6:7:30:53:58
11351,2:4:5:6:7:30:54:58
11352,2:4:5:6:7:30:55:58
11353,2:4:5:6:7:30:56:58
11354,2:4:5:6:7:30:57:58
11355,2:4:5:6:7:30:58:59
11356,2:4:5:6:7:30:58:60
11357,2:4:5:6:7:30:58:61
11358,2:4:5:6:7:30:58:62
11359,2:4:5:6:7:30:58:63
11360,2:4:5:6:7:31:32:59
11361,2:4:5:6:7:31:32:60
11362,2:4:5:6:7:31:33:59
11363,2:4:5:6:7:31:33:61
11364,2:4:5:6:7:31:34:59
11365,2:4:5:6:7:31:34:62
11366,2:4:5:6:7:31:35:59
11367,2:4:5:6:7:31:35:63
11368,2:4:5:6:7:31:36:59
11369,2:4:5:6:7:31:37:59
11370,2:4:5:6:7:31:38:59
11371,2:4:5:6:7:31:39:59
11372,2:4:5:6:7:31:40:59
11373,2:4:5:6:7:31:41:59
11374,2:4:5:6:7:31:42:59
11375,2:4:5:6:7:31:43:59
11376,2:4:5:6:7:31:44:59
11377,2:4:5:6:7:31:45:59
11378,2:4:5:6:7:31:46:59
11379,2:4:5:6:7:31:47:59
11380,2:4:5:6:7:31:48:59
11381,2:4:5:6:7:31:49:59
11382,2:4:5:6:7:31:50:59
11383,2:4:5:6:7:31:51:59
11384,2:4:5:6:7:31:52:59
11385,2:4:5:6:7:31:53:59
11386,2:4:5:6:7:31:54:59
11387,2:4:5:6:7:31:55:59
11388,2:4:5:6:7:31:56:59
11389,2:4:5:6:7:31:57:59
11390,2:4:5:6:7:31:58:59
11391,2:4:5:6:7:31:59:60
11392,2:4:5:6:7:31:59:61
11393,2:4:5:6:7:31:59:62
11394,2:4:5:6:7:31:59:63
11395,2:4:5:6:7:32:33:60
11396,2:4:5:6:7:32:33:61
11397,2:4:5:6:7:32:34:60
11398,2:4:5:6:7:32:34:62
11399,2:4:5:6:7:32:35:60
11400,2:4:5:6:7:32:35:63
11401,2:4:5:6:7:32:36:60
11402,2:4:5:6:7:32:37:60
11403,2:4:5:6:7:32:38:60
11404,2:4:5:6:7:32:39:60
11405,2:4:5:6:7:32:40:60
11406,2:4:5:6:7:32:41:60
11407,2:4:5:6:7:32:42:60
11408,2:4:5:6:7:32:43:60
11409,2:4:5:6:7:32:44:60
11410,2:4:5:6:7:32:45:60
11411,2:4:5:6:7:32:46:60
11412,2:4:5:6:7:32:47:60
11413,2:4:5:6:7:32:48:60
11414,2:4:5:6:7:32:49:60
11415,2:4:5:6:7:32:50:60
11416,2:4:5:6:7:32:51:60
11417,2:4:5:6:7:32:52:60
11418,2:4:5:6:7:32:53:60
11419,2:4:5:6:7:32:54:60
11420,2:4:5:6:7:32:55:60
11421,2:4:5:6:7:32:56:60
11422,2:4:5:6:7:32:57:60
11423,2:4:5:6:7:32:58:60
11424,2:4:5:6:7:32:59:60
11425,2:4:5:6:7:32:60:61
11426,2:4:5:6:7:32:60:62
11427,2:4:5:6:7:32:60:63
11428,2:4:5:6:7:33:34:61
11429,2:4:5:6:7:33:34:62
11430,2:4:5:6:7:33:35:61
11431,2:4:5:6:7:33:35:63
11432,2:4:5:6:7:33:36:61
11433,2:4:5:6:7:33:37:61
11434,2:4:5:6:7:33:38:61
11435,2:4:5:6:7:33:39:61
11436,2:4:5:6:7:33:40:61
11437,2:4:5:6:7:33:41:61
11438,2:4:5:6:7:33:42:61
11439,2:4:5:6:7:33:43:61
11440,2:4:5:6:7:33:44:61
11441,2:4:5:6:7:33:45:61
11442,2:4:5:6:7:33:46:61
11443,2:4:5:6:7:33:47:61
11444,2:4:5:6:7:33:48:61
11445,2:4:5:6:7:33:49:61
11446,2:4:5:6:7:33:50:61
11447,2:4:5:6:7:33:51:61
11448,2:4:5:6:7:33:52:61
11449,2:4:5:6:7:33:53:61
11450,2:4:5:6:7:33:54:61
11451,2:4:5:6:7:33:55:61
11452,2:4:5:6:7:33:56:61
11453,2:4:5:6:7:33:57:61
11454,2:4:5:6:7:33:58:61
11455,2:4:5:6:7:33:59:61
11456,2:4:5:6:7:33:60:61
11457,2:4:5:6:7:33:61:62
11458,2:4:5:6:7:33:61:63
11459,2:4:5:6:7:34:35:62
11460,2:4:5:6:7:34:35:63
11461,2:4:5:6:7:34:36:62
11462,2:4:5:6:7:34:37:62
11463,2:4:5:6:7:34:38:62
11464,2:4:5:6:7:34:39:62
11465,2:4:5:6:7:34:40:62
11466,2:4:5:6:7:34:41:62
11467,2:4:5:6:7:34:42:62
11468,2:4:5:6:7:34:43:62
11469,2:4:5:6:7:34:44:62
11470,2:4:5:6:7:34:45:62
11471,2:4:5:6:7:34:46:62
11472,2:4:5:6:7:34:47:62
11473,2:4:5:6:7:34:48:62
11474,2:4:5:6:7:34:49:62
11475,2:4:5:6:7:34:50:62
11476,2:4:5:6:7:34:51:62
11477,2:4:5:6:7:34:52:62
11478,2:4:5:6:7:34:53:62
11479,2:4:5:6:7:34:54:62
11480,2:4:5:6:7:34:55:62
11481,2:4:5:6:7:34:56:62
11482,2:4:5:6:7:34:57:62
11483,2:4:5:6:7:34:58:62
11484,2:4:5:6:7:34:59:62
11485,2:4:5:6:7:34:60:62
11486,2:4:5:6:7:34:61:62
11487,2:4:5:6:7:34:62:63
11488,2:4:5:6:7:35:36:63
11489,2:4:5:6:7:35:37:63
11490,2:4:5:6:7:35:38:63
11491,2:4:5:6:7:35:39:63
11492,2:4:5:6:7:35:40:63
11493,2:4:5:6:7:35:41:63
11494,2:4:5:6:7:35:42:63
11495,2:4:5:6:7:35:43:63
11496,2:4:5:6:7:35:44:63
11497,2:4:5:6:7:35:45:63
11498,2:4:5:6:7:35:46:63
11499,2:4:5:6:7:35:47:63
11500,2:4:5:6:7:35:48:63
11501,2:4:5:6:7:35:49:63
11502,2:4:5:6:7:35:50:63
11503,2:4:5:6:7:35:51:63
11504,2:4:5:6:7:35:52:63
11505,2:4:5:6:7:35:53:63
11506,2:4:5:6:7:35:54:63
11507,2:4:5:6:7:35:55:63
11508,2:4:5:6:7:35:56:63
11509,2:4:5:6:7:35:57:63
11510,2:4:5:6:7:35:58:63
11511,2:4:5:6:7:35:59:63
11512,2:4:5:6:7:35:60:63
11513,2:4:5:6:7:35:61:63
11514,2:4:5:6:7:35:62:63
11515,3:4:5:6:7:8:9:36
11516,3:4:5:6:7:8:9:37
11517,3:4:5:6:7:8:10:36
11518,3:4:5:6:7:8:10:38
11519,3:4:5:6:7:8:11:36
11520,3:4:5:6:7:8:11:39
11521,3:4:5:6:7:8:12:36
11522,3:4:5:6:7:8:12:40
11523,3:4:5:6:7:8:13:36
11524,3:4:5:6:7:8:13:41
11525,3:4:5:6:7:8:14:36
11526,3:4:5:6:7:8:14:42
11527,3:4:5:6:7:8:15:36
11528,3:4:5:6:7:8:15:43
11529,3:4:5:6:7:8:16:36
11530,3:4:5:6:7:8:16:44
11531,3:4:5:6:7:8:17:36
11532,3:4:5:6:7:8:17:45
11533,3:4:5:6:7:8:18:36
11534,3:4:5:6:7:8:18:46
11535,3:4:5:6:7:8:19:36
11536,3:4:5:6:7:8:19:47
11537,3:4:5:6:7:8:20:36
11538,3:4:5:6:7:8:20:48
11539,3:4:5:6:7:8:21:36
11540,3:4:5:6:7:8:21:49
11541,3:4:5:6:7:8:22:36
11542,3:4:5:6:7:8:22:50
11543,3:4:5:6:7:8:23:36
11544,3:4:5:6:7:8:23:51
11545,3:4:5:6:7:8:24:36
11546,3:4:5:6:7:8:24:52
11547,3:4:5:6:7:8:25:36
11548,3:4:5:6:7:8:25:53
11549,3:4:5:6:7:8:26:36
11550,3:4:5:6:7:8:26:54
11551,3:4:5:6:7:8:27:36
11552,3:4:5:6:7:8:27:55
11553,3:4:5:6:7:8:28:36
11554,3:4:5:6:7:8:28:56
11555,3:4:5:6:7:8:29:36
11556,3:4:5:6:7:8:29:57
11557,3:4:5:6:7:8:30:36
11558,3:4:5:6:7:8:30:58
11559,3:4:5:6:7:8:31:36
11560,3:4:5:6:7:8:31:59
11561,3:4:5:6:7:8:32:36
11562,3:4:5:6:7:8:32:60
11563,3:4:5:6:7:8:33:36
11564,3:4:5:6:7:8:33:61
11565,3:4:5:6:7:8:34:36
11566,3:4:5:6:7:8:34:62
11567,3:4:5:6:7:8:35:36
11568,3:4:5:6:7:8:35:63
11569,3:4:5:6:7:8:36:37
11570,3:4:5:6:7:8:36:38
11571,3:4:5:6:7:8:36:39
11572,3:4:5:6:7:8:36:40
11573,3:4:5:6:7:8:36:41
11574,3:4:5:6:7:8:36:42
11575,3:4:5:6:7:8:36:43
11576,3:4:5:6:7:8:36:44
11577,3:4:5:6:7:8:36:45
11578,3:4:5:6:7:8:36:46
11579,3:4:5:6:7:8:36:47
11580,3:4:5:6:7:8:36:48
11581,3:4:5:6:7:8:36:49
11582,3:4:5:6:7:8:36:50
11583,3:4:5:6:7:8:36:51
11584,3:4:5:6:7:8:36:52
11585,3:4:5:6:7:8:36:53
11586,3:4:5:6:7:8:36:54
11587,3:4:5:6:7:8:36:55
11588,3:4:5:6:7:8:36:56
11589,3:4:5:6:7:8:36:57
11590,3:4:5:6:7:8:36:58
11591,3:4:5:6:7:8:36:59
11592,3:4:5:6:7:8:36:60
11593,3:4:5:6:7:8:36:61
11594,3:4:5:6:7:8:36:62
11595,3:4:5:6:7:8:36:63
11596,3:4:5:6:7:9:10:37
11597,3:4:5:6:7:9:10:38
11598,3:4:5:6:7:9:11:37
11599,3:4:5:6:7:9:11:39
11600,3:4:5:6:7:9:12:37
11601,3:4:5:6:7:9:12:40
11602,3:4:5:6:7:9:13:37
11603,3:4:5:6:7:9:13:41
11604,3:4:5:6:7:9:14:37
11605,3:4:5:6:7:9:14:42
11606,3:4:5:6:7:9:15:37
11607,3:4:5:6:7:9:15:43
11608,3:4:5:6:7:9:16:37
11609,3:4:5:6:7:9:16:44
11610,3:4:5:6:7:9:17:37
11611,3:4:5:6:7:9:17:45
11612,3:4:5:6:7:9:18:37
11613,3:4:5:6:7:9:18:46
11614,3:4:5:6:7:9:19:37
11615,3:4:5:6:7:9:19:47
11616,3:4:5:6:7:9:20:37
11617,3:4:5:6:7:9:20:48
11618,3:4:5:6:7:9:21:37
11619,3:4:5:6:7:9:21:49
11620,3:4:5:6:7:9:22:37
11621,3:4:5:6:7:9:22:50
11622,3:4:5:6:7:9:23:37
11623,3:4:5:6:7:9:23:51
11624,3:4:5:6:7:9:24:37
11625,3:4:5:6:7:9:24:52
11626,3:4:5:6:7:9:25:37
11627,3:4:5:6:7:9:25:53
11628,3:4:5:6:7:9:26:37
11629,3:4:5:6:7:9:26:54
11630,3:4:5:6:7:9:27:37
11631,3:4:5:6:7:9:27:55
11632,3:4:5:6:7:9:28:37
11633,3:4:5:6:7:9:28:56
11634,3:4:5:6:7:9:29:37
11635,3:4:5:6:7:9:29:57
11636,3:4:5:6:7:9:30:37
11637,3:4:5:6:7:9:30:58
11638,3:4:5:6:7:9:31:37
11639,3:4:5:6:7:9:31:59
11640,3:4:5:6:7:9:32:37
11641,3:4:5:6:7:9:32:60
11642,3:4:5:6:7:9:33:37
11643,3:4:5:6:7:9:33:61
11644,3:4:5:6:7:9:34:37
11645,3:4:5:6:7:9:34:62
11646,3:4:5:6:7:9:35:37
11647,3:4:5:6:7:9:35:63
11648,3:4:5:6:7:9:36:37
11649,3:4:5:6:7:9:37:38
11650,3:4:5:6:7:9:37:39
11651,3:4:5:6:7:9:37:40
11652,3:4:5:6:7:9:37:41
11653,3:4:5:6:7:9:37:42
11654,3:4:5:6:7:9:37:43
11655,3:4:5:6:7:9:37:44
11656,3:4:5:6:7:9:37:45
11657,3:4:5:6:7:9:37:46
11658,3:4:5:6:7:9:37:47
11659,3:4:5:6:7:9:37:48
11660,3:4:5:6:7:9:37:49
11661,3:4:5:6:7:9:37:50
11662,3:4:5:6:7:9:37:51
11663,3:4:5:6:7:9:37:52
11664,3:4:5:6:7:9:37:53
11665,3:4:5:6:7:9:37:54
11666,3:4:5:6:7:9:37:55
11667,3:4:5:6:7:9:37:56
11668,3:4:5:6:7:9:37:57
11669,3:4:5:6:7:9:37:58
11670,3:4:5:6:7:9:37:59
11671,3:4:5:6:7:9:37:60
11672,3:4:5:6:7:9:37:61
11673,3:4:5:6:7:9:37:62
11674,3:4:5:6:7:9:37:63
11675,3:4:5:6:7:10:11:38
11676,3:4:5:6:7:10:11:39
11677,3:4:5:6:7:10:12:38
11678,3:4:5:6:7:10:12:40
11679,3:4:5:6:7:10:13:38
11680,3:4:5:6:7:10:13:41
11681,3:4:5:6:7:10:14:38
11682,3:4:5:6:7:10:14:42
11683,3:4:5:6:7:10:15:38
11684,3:4:5:6:7:10:15:43
11685,3:4:5:6:7:10:16:38
11686,3:4:5:6:7:10:16:44
11687,3:4:5:6:7:10:17:38
11688,3:4:5:6:7:10:17:45
11689,3:4:5:6:7:10:18:38
11690,3:4:5:6:7:10:18:46
11691,3:4:5:6:7:10:19:38
11692,3:4:5:6:7:10:19:47
11693,3:4:5:6:7:10:20:38
11694,3:4:5:6:7:10:20:48
11695,3:4:5:6:7:10:21:38
11696,3:4:5:6:7:10:21:49
11697,3:4:5:6:7:10:22:38
11698,3:4:5:6:7:10:22:50
11699,3:4:5:6:7:10:23:38
11700,3:4:5:6:7:10:23:51
11701,3:4:5:6:7:10:24:38
11702,3:4:5:6:7:10:24:52
11703,3:4:5:6:7:10:25:38
11704,3:4:5:6:7:10:25:53
11705,3:4:5:6:7:10:26:38
11706,3:4:5:6:7:10:26:54
11707,3:4:5:6:7:10:27:38
11708,3:4:5:6:7:10:27:55
11709,3:4:5:6:7:10:28:38
11710,3:4:5:6:7:10:28:56
11711,3:4:5:6:7:10:29:38
11712,3:4:5:6:7:10:29:57
11713,3:4:5:6:7:10:30:38
11714,3:4:5:6:7:10:30:58
11715,3:4:5:6:7:10:31:38
11716,3:4:5:6:7:10:31:59
11717,3:4:5:6:7:10:32:38
11718,3:4:5:6:7:10:32:60
11719,3:4:5:6:7:10:33:38
11720,3:4:5:6:7:10:33:61
11721,3:4:5:6:7:10:34:38
11722,3:4:5:6:7:10:34:62
11723,3:4:5:6:7:10:35:38
11724,3:4:5:6:7:10:35:63
11725,3:4:5:6:7:10:36:38
11726,3:4:5:6:7:10:37:38
11727,3:4:5:6:7:10:38:39
11728,3:4:5:6:7:10:38:40
11729,3:4:5:6:7:10:38:41
11730,3:4:5:6:7:10:38:42
11731,3:4:5:6:7:10:38:43
11732,3:4:5:6:7:10:38:44
11733,3:4:5:6:7:10:38:45
11734,3:4:5:6:7:10:38:46
11735,3:4:5:6:7:10:38:47
11736,3:4:5:6:7:10:38:48
11737,3:4:5:6:7:10:38:49
11738,3:4:5:6:7:10:38:50
11739,3:4:5:6:7:10:38:51
11740,3:4:5:6:7:10:38:52
11741,3:4:5:6:7:10:38:53
11742,3:4:5:6:7:10:38:54
11743,3:4:5:6:7:10:38:55
11744,3:4:5:6:7:10:38:56
11745,3:4:5:6:7:10:38:57
11746,3:4:5:6:7:10:38:58
11747,3:4:5:6:7:10:38:59
11748,3:4:5:6:7:10:38:60
11749,3:4:5:6:7:10:38:61
11750,3:4:5:6:7:10:38:62
11751,3:4:5:6:7:10:38:63
11752,3:4:5:6:7:11:12:39
11753,3:4:5:6:7:11:12:40
11754,3:4:5:6:7:11:13:39
11755,3:4:5:6:7:11:13:41
11756,3:4:5:6:7:11:14:39
11757,3:4:5:6:7:11:14:42
11758,3:4:5:6:7:11:15:39
11759,3:4:5:6:7:11:15:43
11760,3:4:5:6:7:11:16:39
11761,3:4:5:6:7:11:16:44
11762,3:4:5:6:7:11:17:39
11763,3:4:5:6:7:11:17:45
11764,3:4:5:6:7:11:18:39
11765,3:4:5:6:7:11:18:46
11766,3:4:5:6:7:11:19:39
11767,3:4:5:6:7:11:19:47
11768,3:4:5:6:7:11:20:39
11769,3:4:5:6:7:11:20:48
11770,3:4:5:6:7:11:21:39
11771,3:4:5:6:7:11:21:49
11772,3:4:5:6:7:11:22:39
11773,3:4:5:6:7:11:22:50
11774,3:4:5:6:7:11:23:39
11775,3:4:5:6:7:11:23:51
11776,3:4:5:6:7:11:24:39
11777,3:4:5:6:7:11:24:52
11778,3:4:5:6:7:11:25:39
11779,3:4:5:6:7:11:25:53
11780,3:4:5:6:7:11:26:39
11781,3:4:5:6:7:11:26:54
11782,3:4:5:6:7:11:27:39
11783,3:4:5:6:7:11:27:55
11784,3:4:5:6:7:11:28:39
11785,3:4:5:6:7:11:28:56
11786,3:4:5:6:7:11:29:39
11787,3:4:5:6:7:11:29:57
11788,3:4:5:6:7:11:30:39
11789,3:4:5:6:7:11:30:58
11790,3:4:5:6:7:11:31:39
11791,3:4:5:6:7:11:31:59
11792,3:4:5:6:7:11:32:39
11793,3:4:5:6:7:11:32:60
11794,3:4:5:6:7:11:33:39
11795,3:4:5:6:7:11:33:61
11796,3:4:5:6:7:11:34:39
11797,3:4:5:6:7:11:34:62
11798,3:4:5:6:7:11:35:39
11799,3:4:5:6:7:11:35:63
11800,3:4:5:6:7:11:36:39
11801,3:4:5:6:7:11:37:39
11802,3:4:5:6:7:11:38:39
11803,3:4:5:6:7:11:39:40
11804,3:4:5:6:7:11:39:41
11805,3:4:5:6:7:11:39:42
11806,3:4:5:6:7:11:39:43
11807,3:4:5:6:7:11:39:44
11808,3:4:5:6:7:11:39:45
11809,3:4:5:6:7:11:39:46
11810,3:4:5:6:7:11:39:47
11811,3:4:5:6:7:11:39:48
11812,3:4:5:6:7:11:39:49
11813,3:4:5:6:7:11:39:50
11814,3:4:5:6:7:11:39:51
11815,3:4:5:6:7:11:39:52
11816,3:4:5:6:7:11:39:53
11817,3:4:5:6:7:11:39:54
11818,3:4:5:6:7:11:39:55
11819,3:4:5:6:7:11:39:56
11820,3:4:5:6:7:11:39:57
11821,3:4:5:6:7:11:39:58
11822,3:4:5:6:7:11:39:59
11823,3:4:5:6:7:11:39:60
11824,3:4:5:6:7:11:39:61
11825,3:4:5:6:7:11:39:62
11826,3:4:5:6:7:11:39:63
11827,3:4:5:6:7:12:13:40
11828,3:4:5:6:7:12:13:41
11829,3:4:5:6:7:12:14:40
11830,3:4:5:6:7:12:14:42
11831,3:4:5:6:7:12:15:40
11832,3:4:5:6:7:12:15:43
11833,3:4:5:6:7:12:16:40
11834,3:4:5:6:7:12:16:44
11835,3:4:5:6:7:12:17:40
11836,3:4:5:6:7:12:17:45
11837,3:4:5:6:7:12:18:40
11838,3:4:5:6:7:12:18:46
11839,3:4:5:6:7:12:19:40
11840,3:4:5:6:7:12:19:47
11841,3:4:5:6:7:12:20:40
11842,3:4:5:6:7:12:20:48
11843,3:4:5:6:7:12:21:40
11844,3:4:5:6:7:12:21:49
11845,3:4:5:6:7:12:22:40
11846,3:4:5:6:7:12:22:50
11847,3:4:5:6:7:12:23:40
11848,3:4:5:6:7:12:23:51
11849,3:4:5:6:7:12:24:40
11850,3:4:5:6:7:12:24:52
11851,3:4:5:6:7:12:25:40
11852,3:4:5:6:7:12:25:53
11853,3:4:5:6:7:12:26:40
11854,3:4:5:6:7:12:26:54
11855,3:4:5:6:7:12:27:40
11856,3:4:5:6:7:12:27:55
11857,3:4:5:6:7:12:28:40
11858,3:4:5:6:7:12:28:56
11859,3:4:5:6:7:12:29:40
11860,3:4:5:6:7:12:29:57
11861,3:4:5:6:7:12:30:40
11862,3:4:5:6:7:12:30:58
11863,3:4:5:6:7:12:31:40
11864,3:4:5:6:7:12:31:59
11865,3:4:5:6:7:12:32:40
11866,3:4:5:6:7:12:32:60
11867,3:4:5:6:7:12:33:40
11868,3:4:5:6:7:12:33:61
11869,3:4:5:6:7:12:34:40
11870,3:4:5:6:7:12:34:62
11871,3:4:5:6:7:12:35:40
11872,3:4:5:6:7:12:35:63
11873,3:4:5:6:7:12:36:40
11874,3:4:5:6:7:12:37:40
11875,3:4:5:6:7:12:38:40
11876,3:4:5:6:7:12:39:40
11877,3:4:5:6:7:12:40:41
11878,3:4:5:6:7:12:40:42
11879,3:4:5:6:7:12:40:43
11880,3:4:5:6:7:12:40:44
11881,3:4:5:6:7:12:40:45
11882,3:4:5:6:7:12:40:46
11883,3:4:5:6:7:12:40:47
11884,3:4:5:6:7:12:40:48
11885,3:4:5:6:7:12:40:49
11886,3:4:5:6:7:12:40:50
11887,3:4:5:6:7:12:40:51
11888,3:4:5:6:7:12:40:52
11889,3:4:5:6:7:12:40:53
11890,3:4:5:6:7:12:40:54
11891,3:4:5:6:7:12:40:55
11892,3:4:5:6:7:12:40:56
11893,3:4:5:6:7:12:40:57
11894,3:4:5:6:7:12:40:58
11895,3:4:5:6:7:12:40:59
11896,3:4:5:6:7:12:40:60
11897,3:4:5:6:7:12:40:61
11898,3:4:5:6:7:12:40:62
11899,3:4:5:6:7:12:40:63
11900,3:4:5:6:7:13:14:41
11901,3:4:5:6:7:13:14:42
11902,3:4:5:6:7:13:15:41
11903,3:4:5:6:7:13:15:43
11904,3:4:5:6:7:13:16:41
11905,3:4:5:6:7:13:16:44
11906,3:4:5:6:7:13:17:41
11907,3:4:5:6:7:13:17:45
11908,3:4:5:6:7:13:18:41
11909,3:4:5:6:7:13:18:46
11910,3:4:5:6:7:13:19:41
11911,3:4:5:6:7:13:19:47
11912,3:4:5:6:7:13:20:41
11913,3:4:5:6:7:13:20:48
11914,3:4:5:6:7:13:21:41
11915,3:4:5:6:7:13:21:49
11916,3:4:5:6:7:13:22:41
11917,3:4:5:6:7:13:22:50
11918,3:4:5:6:7:13:23:41
11919,3:4:5:6:7:13:23:51
11920,3:4:5:6:7:13:24:41
11921,3:4:5:6:7:13:24:52
11922,3:4:5:6:7:13:25:41
11923,3:4:5:6:7:13:25:53
11924,3:4:5:6:7:13:26:41
11925,3:4:5:6:7:13:26:54
11926,3:4:5:6:7:13:27:41
11927,3:4:5:6:7:13:27:55
11928,3:4:5:6:7:13:28:41
11929,3:4:5:6:7:13:28:56
11930,3:4:5:6:7:13:29:41
11931,3:4:5:6:7:13:29:57
11932,3:4:5:6:7:13:30:41
11933,3:4:5:6:7:13:30:58
11934,3:4:5:6:7:13:31:41
11935,3:4:5:6:7:13:31:59
11936,3:4:5:6:7:13:32:41
11937,3:4:5:6:7:13:32:60
11938,3:4:5:6:7:13:33:41
11939,3:4:5:6:7:13:33:61
11940,3:4:5:6:7:13:34:41
11941,3:4:5:6:7:13:34:62
11942,3:4:5:6:7:13:35:41
11943,3:4:5:6:7:13:35:63
11944,3:4:5:6:7:13:36:41
11945,3:4:5:6:7:13:37:41
11946,3:4:5:6:7:13:38:41
11947,3:4:5:6:7:13:39:41
11948,3:4:5:6:7:13:40:41
11949,3:4:5:6:7:13:41:42
11950,3:4:5:6:7:13:41:43
11951,3:4:5:6:7:13:41:44
11952,3:4:5:6:7:13:41:45
11953,3:4:5:6:7:13:41:46
11954,3:4:5:6:7:13:41:47
11955,3:4:5:6:7:13:41:48
11956,3:4:5:6:7:13:41:49
11957,3:4:5:6:7:13:41:50
11958,3:4:5:6:7:13:41:51
11959,3:4:5:6:7:13:41:52
11960,3:4:5:6:7:13:41:53
11961,3:4:5:6:7:13:41:54
11962,3:4:5:6:7:13:41:55
11963,3:4:5:6:7:13:41:56
11964,3:4:5:6:7:13:41:57
11965,3:4:5:6:7:13:41:58
11966,3:4:5:6:7:13:41:59
11967,3:4:5:6:7:13:41:60
11968,3:4:5:6:7:13:41:61
11969,3:4:5:6:7:13:41:62
11970,3:4:5:6:7:13:41:63
11971,3:4:5:6:7:14:15:42
11972,3:4:5:6:7:14:15:43
11973,3:4:5:6:7:14:16:42
11974,3:4:5:6:7:14:16:44
11975,3:4:5:6:7:14:17:42
11976,3:4:5:6:7:14:17:45
11977,3:4:5:6:7:14:18:42
11978,3:4:5:6:7:14:18:46
11979,3:4:5:6:7:14:19:42
11980,3:4:5:6:7:14:19:47
11981,3:4:5:6:7:14:20:42
11982,3:4:5:6:7:14:20:48
11983,3:4:5:6:7:14:21:42
11984,3:4:5:6:7:14:21:49
11985,3:4:5:6:7:14:22:42
11986,3:4:5:6:7:14:22:50
11987,3:4:5:6:7:14:23:42
11988,3:4:5:6:7:14:23:51
11989,3:4:5:6:7:14:24:42
11990,3:4:5:6:7:14:24:52
11991,3:4:5:6:7:14:25:42
11992,3:4:5:6:7:14:25:53
11993,3:4:5:6:7:14:26:42
11994,3:4:5:6:7:14:26:54
11995,3:4:5:6:7:14:27:42
11996,3:4:5:6:7:14:27:55
11997,3:4:5:6:7:14:28:42
11998,3:4:5:6:7:14:28:56
11999,3:4:5:6:7:14:29:42
12000,3:4:5:6:7:14:29:57
12001,3:4:5:6:7:14:30:42
12002,3:4:5:6:7:14:30:58
12003,3:4:5:6:7:14:31:42
12004,3:4:5:6:7:14:31:59
12005,3:4:5:6:7:14:32:42
12006,3:4:5:6:7:14:32:60
12007,3:4:5:6:7:14:33:42
12008,3:4:5:6:7:14:33:61
12009,3:4:5:6:7:14:34:42
12010,3:4:5:6:7:14:34:62
12011,3:4:5:6:7:14:35:42
12012,3:4:5:6:7:14:35:63
12013,3:4:5:6:7:14:36:42
12014,3:4:5:6:7:14:37:42
12015,3:4:5:6:7:14:38:42
12016,3:4:5:6:7:14:39:42
12017,3:4:5:6:7:14:40:42
12018,3:4:5:6:7:14:41:42
12019,3:4:5:6:7:14:42:43
12020,3:4:5:6:7:14:42:44
12021,3:4:5:6:7:14:42:45
12022,3:4:5:6:7:14:42:46
12023,3:4:5:6:7:14:42:47
12024,3:4:5:6:7:14:42:48
12025,3:4:5:6:7:14:42:49
12026,3:4:5:6:7:14:42:50
12027,3:4:5:6:7:14:42:51
12028,3:4:5:6:7:14:42:52
12029,3:4:5:6:7:14:42:53
12030,3:4:5:6:7:14:42:54
12031,3:4:5:6:7:14:42:55
12032,3:4:5:6:7:14:42:56
12033,3:4:5:6:7:14:42:57
12034,3:4:5:6:7:14:42:58
12035,3:4:5:6:7:14:42:59
12036,3:4:5:6:7:14:42:60
12037,3:4:5:6:7:14:42:61
12038,3:4:5:6:7:14:42:62
12039,3:4:5:6:7:14:42:63
12040,3:4:5:6:7:15:16:43
12041,3:4:5:6:7:15:16:44
12042,3:4:5:6:7:15:17:43
12043,3:4:5:6:7:15:17:45
12044,3:4:5:6:7:15:18:43
12045,3:4:5:6:7:15:18:46
12046,3:4:5:6:7:15:19:43
12047,3:4:5:6:7:15:19:47
12048,3:4:5:6:7:15:20:43
12049,3:4:5:6:7:15:20:48
12050,3:4:5:6:7:15:21:43
12051,3:4:5:6:7:15:21:49
12052,3:4:5:6:7:15:22:43
12053,3:4:5:6:7:15:22:50
12054,3:4:5:6:7:15:23:43
12055,3:4:5:6:7:15:23:51
12056,3:4:5:6:7:15:24:43
12057,3:4:5:6:7:15:24:52
12058,3:4:5:6:7:15:25:43
12059,3:4:5:6:7:15:25:53
12060,3:4:5:6:7:15:26:43
12061,3:4:5:6:7:15:26:54
12062,3:4:5:6:7:15:27:43
12063,3:4:5:6:7:15:27:55
12064,3:4:5:6:7:15:28:43
12065,3:4:5:6:7:15:28:56
12066,3:4:5:6:7:15:29:43
12067,3:4:5:6:7:15:29:57
12068,3:4:5:6:7:15:30:43
12069,3:4:5:6:7:15:30:58
12070,3:4:5:6:7:15:31:43
12071,3:4:5:6:7:15:31:59
12072,3:4:5:6:7:15:32:43
12073,3:4:5:6:7:15:32:60
12074,3:4:5:6:7:15:33:43
12075,3:4:5:6:7:15:33:61
12076,3:4:5:6:7:15:34:43
12077,3:4:5:6:7:15:34:62
12078,3:4:5:6:7:15:35:43
12079,3:4:5:6:7:15:35:63
12080,3:4:5:6:7:15:36:43
12081,3:4:5:6:7:15:37:43
12082,3:4:5:6:7:15:38:43
12083,3:4:5:6:7:15:39:43
12084,3:4:5:6:7:15:40:43
12085,3:4:5:6:7:15:41:43
12086,3:4:5:6:7:15:42:43
12087,3:4:5:6:7:15:43:44
12088,3:4:5:6:7:15:43:45
12089,3:4:5:6:7:15:43:46
12090,3:4:5:6:7:15:43:47
12091,3:4:5:6:7:15:43:48
12092,3:4:5:6:7:15:43:49
12093,3:4:5:6:7:15:43:50
12094,3:4:5:6:7:15:43:51
12095,3:4:5:6:7:15:43:52
12096,3:4:5:6:7:15:43:53
12097,3:4:5:6:7:15:43:54
12098,3:4:5:6:7:15:43:55
12099,3:4:5:6:7:15:43:56
12100,3:4:5:6:7:15:43:57
12101,3:4:5:6:7:15:43:58
12102,3:4:5:6:7:15:43:59
12103,3:4:5:6:7:15:43:60
12104,3:4:5:6:7:15:43:61
12105,3:4:5:6:7:15:43:62
12106,3:4:5:6:7:15:43:63
12107,3:4:5:6:7:16:17:44
12108,3:4:5:6:7:16:17:45
12109,3:4:5:6:7:16:18:44
12110,3:4:5:6:7:16:18:46
12111,3:4:5:6:7:16:19:44
12112,3:4:5:6:7:16:19:47
12113,3:4:5:6:7:16:20:44
12114,3:4:5:6:7:16:20:48
12115,3:4:5:6:7:16:21:44
12116,3:4:5:6:7:16:21:49
12117,3:4:5:6:7:16:22:44
12118,3:4:5:6:7:16:22:50
12119,3:4:5:6:7:16:23:44
12120,3:4:5:6:7:16:23:51
12121,3:4:5:6:7:16:24:44
12122,3:4:5:6:7:16:24:52
12123,3:4:5:6:7:16:25:44
12124,3:4:5:6:7:16:25:53
12125,3:4:5:6:7:16:26:44
12126,3:4:5:6:7:16:26:54
12127,3:4:5:6:7:16:27:44
12128,3:4:5:6:7:16:27:55
12129,3:4:5:6:7:16:28:44
12130,3:4:5:6:7:16:28:56
12131,3:4:5:6:7:16:29:44
12132,3:4:5:6:7:16:29:57
12133,3:4:5:6:7:16:30:44
12134,3:4:5:6:7:16:30:58
12135,3:4:5:6:7:16:31:44
12136,3:4:5:6:7:16:31:59
12137,3:4:5:6:7:16:32:44
12138,3:4:5:6:7:16:32:60
12139,3:4:5:6:7:16:33:44
12140,3:4:5:6:7:16:33:61
12141,3:4:5:6:7:16:34:44
12142,3:4:5:6:7:16:34:62
12143,3:4:5:6:7:16:35:44
12144,3:4:5:6:7:16:35:63
12145,3:4:5:6:7:16:36:44
12146,3:4:5:6:7:16:37:44
12147,3:4:5:6:7:16:38:44
12148,3:4:5:6:7:16:39:44
12149,3:4:5:6:7:16:40:44
12150,3:4:5:6:7:16:41:44
12151,3:4:5:6:7:16:42:44
12152,3:4:5:6:7:16:43:44
12153,3:4:5:6:7:16:44:45
12154,3:4:5:6:7:16:44:46
12155,3:4:5:6:7:16:44:47
12156,3:4:5:6:7:16:44:48
12157,3:4:5:6:7:16:44:49
12158,3:4:5:6:7:16:44:50
12159,3:4:5:6:7:16:44:51
12160,3:4:5:6:7:16:44:52
12161,3:4:5:6:7:16:44:53
12162,3:4:5:6:7:16:44:54
12163,3:4:5:6:7:16:44:55
12164,3:4:5:6:7:16:44:56
12165,3:4:5:6:7:16:44:57
12166,3:4:5:6:7:16:44:58
12167,3:4:5:6:7:16:44:59
12168,3:4:5:6:7:16:44:60
12169,3:4:5:6:7:16:44:61
12170,3:4:5:6:7:16:44:62
12171,3:4:5:6:7:16:44:63
12172,3:4:5:6:7:17:18:45
12173,3:4:5:6:7:17:18:46
12174,3:4:5:6:7:17:19:45
12175,3:4:5:6:7:17:19:47
12176,3:4:5:6:7:17:20:45
12177,3:4:5:6:7:17:20:48
12178,3:4:5:6:7:17:21:45
12179,3:4:5:6:7:17:21:49
12180,3:4:5:6:7:17:22:45
12181,3:4:5:6:7:17:22:50
12182,3:4:5:6:7:17:23:45
12183,3:4:5:6:7:17:23:51
12184,3:4:5:6:7:17:24:45
12185,3:4:5:6:7:17:24:52
12186,3:4:5:6:7:17:25:45
12187,3:4:5:6:7:17:25:53
12188,3:4:5:6:7:17:26:45
12189,3:4:5:6:7:17:26:54
12190,3:4:5:6:7:17:27:45
12191,3:4:5:6:7:17:27:55
12192,3:4:5:6:7:17:28:45
12193,3:4:5:6:7:17:28:56
12194,3:4:5:6:7:17:29:45
12195,3:4:5:6:7:17:29:57
12196,3:4:5:6:7:17:30:45
12197,3:4:5:6:7:17:30:58
12198,3:4:5:6:7:17:31:45
12199,3:4:5:6:7:17:31:59
12200,3:4:5:6:7:17:32:45
12201,3:4:5:6:7:17:32:60
12202,3:4:5:6:7:17:33:45
12203,3:4:5:6:7:17:33:61
12204,3:4:5:6:7:17:34:45
12205,3:4:5:6:7:17:34:62
12206,3:4:5:6:7:17:35:45
12207,3:4:5:6:7:17:35:63
12208,3:4:5:6:7:17:36:45
12209,3:4:5:6:7:17:37:45
12210,3:4:5:6:7:17:38:45
12211,3:4:5:6:7:17:39:45
12212,3:4:5:6:7:17:40:45
12213,3:4:5:6:7:17:41:45
12214,3:4:5:6:7:17:42:45
12215,3:4:5:6:7:17:43:45
12216,3:4:5:6:7:17:44:45
12217,3:4:5:6:7:17:45:46
12218,3:4:5:6:7:17:45:47
12219,3:4:5:6:7:17:45:48
12220,3:4:5:6:7:17:45:49
12221,3:4:5:6:7:17:45:50
12222,3:4:5:6:7:17:45:51
12223,3:4:5:6:7:17:45:52
12224,3:4:5:6:7:17:45:53
12225,3:4:5:6:7:17:45:54
12226,3:4:5:6:7:17:45:55
12227,3:4:5:6:7:17:45:56
12228,3:4:5:6:7:17:45:57
12229,3:4:5:6:7:17:45:58
12230,3:4:5:6:7:17:45:59
12231,3:4:5:6:7:17:45:60
12232,3:4:5:6:7:17:45:61
12233,3:4:5:6:7:17:45:62
12234,3:4:5:6:7:17:45:63
12235,3:4:5:6:7:18:19:46
12236,3:4:5:6:7:18:19:47
12237,3:4:5:6:7:18:20:46
12238,3:4:5:6:7:18:20:48
12239,3:4:5:6:7:18:21:46
12240,3:4:5:6:7:18:21:49
12241,3:4:5:6:7:18:22:46
12242,3:4:5:6:7:18:22:50
12243,3:4:5:6:7:18:23:46
12244,3:4:5:6:7:18:23:51
12245,3:4:5:6:7:18:24:46
12246,3:4:5:6:7:18:24:52
12247,3:4:5:6:7:18:25:46
12248,3:4:5:6:7:18:25:53
12249,3:4:5:6:7:18:26:46
12250,3:4:5:6:7:18:26:54
12251,3:4:5:6:7:18:27:46
12252,3:4:5:6:7:18:27:55
12253,3:4:5:6:7:18:28:46
12254,3:4:5:6:7:18:28:56
12255,3:4:5:6:7:18:29:46
12256,3:4:5:6:7:18:29:57
12257,3:4:5:6:7:18:30:46
12258,3:4:5:6:7:18:30:58
12259,3:4:5:6:7:18:31:46
12260,3:4:5:6:7:18:31:59
12261,3:4:5:6:7:18:32:46
12262,3:4:5:6:7:18:32:60
12263,3:4:5:6:7:18:33:46
12264,3:4:5:6:7:18:33:61
12265,3:4:5:6:7:18:34:46
12266,3:4:5:6:7:18:34:62
12267,3:4:5:6:7:18:35:46
12268,3:4:5:6:7:18:35:63
12269,3:4:5:6:7:18:36:46
12270,3:4:5:6:7:18:37:46
12271,3:4:5:6:7:18:38:46
12272,3:4:5:6:7:18:39:46
12273,3:4:5:6:7:18:40:46
12274,3:4:5:6:7:18:41:46
12275,3:4:5:6:7:18:42:46
12276,3:4:5:6:7:18:43:46
12277,3:4:5:6:7:18:44:46
12278,3:4:5:6:7:18:45:46
12279,3:4:5:6:7:18:46:47
12280,3:4:5:6:7:18:46:48
12281,3:4:5:6:7:18:46:49
12282,3:4:5:6:7:18:46:50
12283,3:4:5:6:7:18:46:51
12284,3:4:5:6:7:18:46:52
12285,3:4:5:6:7:18:46:53
12286,3:4:5:6:7:18:46:54
12287,3:4:5:6:7:18:46:55
12288,3:4:5:6:7:18:46:56
12289,3:4:5:6:7:18:46:57
12290,3:4:5:6:7:18:46:58
12291,3:4:5:6:7:18:46:59
12292,3:4:5:6:7:18:46:60
12293,3:4:5:6:7:18:46:61
12294,3:4:5:6:7:18:46:62
12295,3:4:5:6:7:18:46:63
12296,3:4:5:6:7:19:20:47
12297,3:4:5:6:7:19:20:48
12298,3:4:5:6:7:19:21:47
12299,3:4:5:6:7:19:21:49
12300,3:4:5:6:7:19:22:47
12301,3:4:5:6:7:19:22:50
12302,3:4:5:6:7:19:23:47
12303,3:4:5:6:7:19:23:51
12304,3:4:5:6:7:19:24:47
12305,3:4:5:6:7:19:24:52
12306,3:4:5:6:7:19:25:47
12307,3:4:5:6:7:19:25:53
12308,3:4:5:6:7:19:26:47
12309,3:4:5:6:7:19:26:54
12310,3:4:5:6:7:19:27:47
12311,3:4:5:6:7:19:27:55
12312,3:4:5:6:7:19:28:47
12313,3:4:5:6:7:19:28:56
12314,3:4:5:6:7:19:29:47
12315,3:4:5:6:7:19:29:57
12316,3:4:5:6:7:19:30:47
12317,3:4:5:6:7:19:30:58
12318,3:4:5:6:7:19:31:47
12319,3:4:5:6:7:19:31:59
12320,3:4:5:6:7:19:32:47
12321,3:4:5:6:7:19:32:60
12322,3:4:5:6:7:19:33:47
12323,3:4:5:6:7:19:33:61
12324,3:4:5:6:7:19:34:47
12325,3:4:5:6:7:19:34:62
12326,3:4:5:6:7:19:35:47
12327,3:4:5:6:7:19:35:63
12328,3:4:5:6:7:19:36:47
12329,3:4:5:6:7:19:37:47
12330,3:4:5:6:7:19:38:47
12331,3:4:5:6:7:19:39:47
12332,3:4:5:6:7:19:40:47
12333,3:4:5:6:7:19:41:47
12334,3:4:5:6:7:19:42:47
12335,3:4:5:6:7:19:43:47
12336,3:4:5:6:7:19:44:47
12337,3:4:5:6:7:19:45:47
12338,3:4:5:6:7:19:46:47
12339,3:4:5:6:7:19:47:48
12340,3:4:5:6:7:19:47:49
12341,3:4:5:6:7:19:47:50
12342,3:4:5:6:7:19:47:51
12343,3:4:5:6:7:19:47:52
12344,3:4:5:6:7:19:47:53
12345,3:4:5:6:7:19:47:54
12346,3:4:5:6:7:19:47:55
12347,3:4:5:6:7:19:47:56
12348,3:4:5:6:7:19:47:57
12349,3:4:5:6:7:19:47:58
12350,3:4:5:6:7:19:47:59
12351,3:4:5:6:7:19:47:60
12352,3:4:5:6:7:19:47:61
12353,3:4:5:6:7:19:47:62
12354,3:4:5:6:7:19:47:63
12355,3:4:5:6:7:20:21:48
12356,3:4:5:6:7:20:21:49
12357,3:4:5:6:7:20:22:48
12358,3:4:5:6:7:20:22:50
12359,3:4:5:6:7:20:23:48
12360,3:4:5:6:7:20:23:51
12361,3:4:5:6:7:20:24:48
12362,3:4:5:6:7:20:24:52
12363,3:4:5:6:7:20:25:48
12364,3:4:5:6:7:20:25:53
12365,3:4:5:6:7:20:26:48
12366,3:4:5:6:7:20:26:54
12367,3:4:5:6:7:20:27:48
12368,3:4:5:6:7:20:27:55
12369,3:4:5:6:7:20:28:48
12370,3:4:5:6:7:20:28:56
12371,3:4:5:6:7:20:29:48
12372,3:4:5:6:7:20:29:57
12373,3:4:5:6:7:20:30:48
12374,3:4:5:6:7:20:30:58
12375,3:4:5:6:7:20:31:48
12376,3:4:5:6:7:20:31:59
12377,3:4:5:6:7:20:32:48
12378,3:4:5:6:7:20:32:60
12379,3:4:5:6:7:20:33:48
12380,3:4:5:6:7:20:33:61
12381,3:4:5:6:7:20:34:48
12382,3:4:5:6:7:20:34:62
12383,3:4:5:6:7:20:35:48
12384,3:4:5:6:7:20:35:63
12385,3:4:5:6:7:20:36:48
12386,3:4:5:6:7:20:37:48
12387,3:4:5:6:7:20:38:48
12388,3:4:5:6:7:20:39:48
12389,3:4:5:6:7:20:40:48
12390,3:4:5:6:7:20:41:48
12391,3:4:5:6:7:20:42:48
12392,3:4:5:6:7:20:43:48
12393,3:4:5:6:7:20:44:48
12394,3:4:5:6:7:20:45:48
12395,3:4:5:6:7:20:46:48
12396,3:4:5:6:7:20:47:48
12397,3:4:5:6:7:20:48:49
12398,3:4:5:6:7:20:48:50
12399,3:4:5:6:7:20:48:51
12400,3:4:5:6:7:20:48:52
12401,3:4:5:6:7:20:48:53
12402,3:4:5:6:7:20:48:54
12403,3:4:5:6:7:20:48:55
12404,3:4:5:6:7:20:48:56
12405,3:4:5:6:7:20:48:57
12406,3:4:5:6:7:20:48:58
12407,3:4:5:6:7:20:48:59
12408,3:4:5:6:7:20:48:60
12409,3:4:5:6:7:20:48:61
12410,3:4:5:6:7:20:48:62
12411,3:4:5:6:7:20:48:63
12412,3:4:5:6:7:21:22:49
12413,3:4:5:6:7:21:22:50
12414,3:4:5:6:7:21:23:49
12415,3:4:5:6:7:21:23:51
12416,3:4:5:6:7:21:24:49
12417,3:4:5:6:7:21:24:52
12418,3:4:5:6:7:21:25:49
12419,3:4:5:6:7:21:25:53
12420,3:4:5:6:7:21:26:49
12421,3:4:5:6:7:21:26:54
12422,3:4:5:6:7:21:27:49
12423,3:4:5:6:7:21:27:55
12424,3:4:5:6:7:21:28:49
12425,3:4:5:6:7:21:28:56
12426,3:4:5:6:7:21:29:49
12427,3:4:5:6:7:21:29:57
12428,3:4:5:6:7:21:30:49
12429,3:4:5:6:7:21:30:58
12430,3:4:5:6:7:21:31:49
12431,3:4:5:6:7:21:31:59
12432,3:4:5:6:7:21:32:49
12433,3:4:5:6:7:21:32:60
12434,3:4:5:6:7:21:33:49
12435,3:4:5:6:7:21:33:61
12436,3:4:5:6:7:21:34:49
12437,3:4:5:6:7:21:34:62
12438,3:4:5:6:7:21:35:49
12439,3:4:5:6:7:21:35:63
12440,3:4:5:6:7:21:36:49
12441,3:4:5:6:7:21:37:49
12442,3:4:5:6:7:21:38:49
12443,3:4:5:6:7:21:39:49
12444,3:4:5:6:7:21:40:49
12445,3:4:5:6:7:21:41:49
12446,3:4:5:6:7:21:42:49
12447,3:4:5:6:7:21:43:49
12448,3:4:5:6:7:21:44:49
12449,3:4:5:6:7:21:45:49
12450,3:4:5:6:7:21:46:49
12451,3:4:5:6:7:21:47:49
12452,3:4:5:6:7:21:48:49
12453,3:4:5:6:7:21:49:50
12454,3:4:5:6:7:21:49:51
12455,3:4:5:6:7:21:49:52
12456,3:4:5:6:7:21:49:53
12457,3:4:5:6:7:21:49:54
12458,3:4:5:6:7:21:49:55
12459,3:4:5:6:7:21:49:56
12460,3:4:5:6:7:21:49:57
12461,3:4:5:6:7:21:49:58
12462,3:4:5:6:7:21:49:59
12463,3:4:5:6:7:21:49:60
12464,3:4:5:6:7:21:49:61
12465,3:4:5:6:7:21:49:62
12466,3:4:5:6:7:21:49:63
12467,3:4:5:6:7:22:23:50
12468,3:4:5:6:7:22:23:51
12469,3:4:5:6:7:22:24:50
12470,3:4:5:6:7:22:24:52
12471,3:4:5:6:7:22:25:50
12472,3:4:5:6:7:22:25:53
12473,3:4:5:6:7:22:26:50
12474,3:4:5:6:7:22:26:54
12475,3:4:5:6:7:22:27:50
12476,3:4:5:6:7:22:27:55
12477,3:4:5:6:7:22:28:50
12478,3:4:5:6:7:22:28:56
12479,3:4:5:6:7:22:29:50
12480,3:4:5:6:7:22:29:57
12481,3:4:5:6:7:22:30:50
12482,3:4:5:6:7:22:30:58
12483,3:4:5:6:7:22:31:50
12484,3:4:5:6:7:22:31:59
12485,3:4:5:6:7:22:32:50
12486,3:4:5:6:7:22:32:60
12487,3:4:5:6:7:22:33:50
12488,3:4:5:6:7:22:33:61
12489,3:4:5:6:7:22:34:50
12490,3:4:5:6:7:22:34:62
12491,3:4:5:6:7:22:35:50
12492,3:4:5:6:7:22:35:63
12493,3:4:5:6:7:22:36:50
12494,3:4:5:6:7:22:37:50
12495,3:4:5:6:7:22:38:50
12496,3:4:5:6:7:22:39:50
12497,3:4:5:6:7:22:40:50
12498,3:4:5:6:7:22:41:50
12499,3:4:5:6:7:22:42:50
12500,3:4:5:6:7:22:43:50
12501,3:4:5:6:7:22:44:50
12502,3:4:5:6:7:22:45:50
12503,3:4:5:6:7:22:46:50
12504,3:4:5:6:7:22:47:50
12505,3:4:5:6:7:22:48:50
12506,3:4:5:6:7:22:49:50
12507,3:4:5:6:7:22:50:51
12508,3:4:5:6:7:22:50:52
12509,3:4:5:6:7:22:50:53
12510,3:4:5:6:7:22:50:54
12511,3:4:5:6:7:22:50:55
12512,3:4:5:6:7:22:50:56
12513,3:4:5:6:7:22:50:57
12514,3:4:5:6:7:22:50:58
12515,3:4:5:6:7:22:50:59
12516,3:4:5:6:7:22:50:60
12517,3:4:5:6:7:22:50:61
12518,3:4:5:6:7:22:50:62
12519,3:4:5:6:7:22:50:63
12520,3:4:5:6:7:23:24:51
12521,3:4:5:6:7:23:24:52
12522,3:4:5:6:7:23:25:51
12523,3:4:5:6:7:23:25:53
12524,3:4:5:6:7:23:26:51
12525,3:4:5:6:7:23:26:54
12526,3:4:5:6:7:23:27:51
12527,3:4:5:6:7:23:27:55
12528,3:4:5:6:7:23:28:51
12529,3:4:5:6:7:23:28:56
12530,3:4:5:6:7:23:29:51
12531,3:4:5:6:7:23:29:57
12532,3:4:5:6:7:23:30:51
12533,3:4:5:6:7:23:30:58
12534,3:4:5:6:7:23:31:51
12535,3:4:5:6:7:23:31:59
12536,3:4:5:6:7:23:32:51
12537,3:4:5:6:7:23:32:60
12538,3:4:5:6:7:23:33:51
12539,3:4:5:6:7:23:33:61
12540,3:4:5:6:7:23:34:51
12541,3:4:5:6:7:23:34:62
12542,3:4:5:6:7:23:35:51
12543,3:4:5:6:7:23:35:63
12544,3:4:5:6:7:23:36:51
12545,3:4:5:6:7:23:37:51
12546,3:4:5:6:7:23:38:51
12547,3:4:5:6:7:23:39:51
12548,3:4:5:6:7:23:40:51
12549,3:4:5:6:7:23:41:51
12550,3:4:5:6:7:23:42:51
12551,3:4:5:6:7:23:43:51
12552,3:4:5:6:7:23:44:51
12553,3:4:5:6:7:23:45:51
12554,3:4:5:6:7:23:46:51
12555,3:4:5:6:7:23:47:51
12556,3:4:5:6:7:23:48:51
12557,3:4:5:6:7:23:49:51
12558,3:4:5:6:7:23:50:51
12559,3:4:5:6:7:23:51:52
12560,3:4:5:6:7:23:51:53
12561,3:4:5:6:7:23:51:54
12562,3:4:5:6:7:23:51:55
12563,3:4:5:6:7:23:51:56
12564,3:4:5:6:7:23:51:57
12565,3:4:5:6:7:23:51:58
12566,3:4:5:6:7:23:51:59
12567,3:4:5:6:7:23:51:60
12568,3:4:5:6:7:23:51:61
12569,3:4:5:6:7:23:51:62
12570,3:4:5:6:7:23:51:63
12571,3:4:5:6:7:24:25:52
12572,3:4:5:6:7:24:25:53
12573,3:4:5:6:7:24:26:52
12574,3:4:5:6:7:24:26:54
12575,3:4:5:6:7:24:27:52
12576,3:4:5:6:7:24:27:55
12577,3:4:5:6:7:24:28:52
12578,3:4:5:6:7:24:28:56
12579,3:4:5:6:7:24:29:52
12580,3:4:5:6:7:24:29:57
12581,3:4:5:6:7:24:30:52
12582,3:4:5:6:7:24:30:58
12583,3:4:5:6:7:24:31:52
12584,3:4:5:6:7:24:31:59
12585,3:4:5:6:7:24:32:52
12586,3:4:5:6:7:24:32:60
12587,3:4:5:6:7:24:33:52
12588,3:4:5:6:7:24:33:61
12589,3:4:5:6:7:24:34:52
12590,3:4:5:6:7:24:34:62
12591,3:4:5:6:7:24:35:52
12592,3:4:5:6:7:24:35:63
12593,3:4:5:6:7:24:36:52
12594,3:4:5:6:7:24:37:52
12595,3:4:5:6:7:24:38:52
12596,3:4:5:6:7:24:39:52
12597,3:4:5:6:7:24:40:52
12598,3:4:5:6:7:24:41:52
12599,3:4:5:6:7:24:42:52
12600,3:4:5:6:7:24:43:52
12601,3:4:5:6:7:24:44:52
12602,3:4:5:6:7:24:45:52
12603,3:4:5:6:7:24:46:52
12604,3:4:5:6:7:24:47:52
12605,3:4:5:6:7:24:48:52
12606,3:4:5:6:7:24:49:52
12607,3:4:5:6:7:24:50:52
12608,3:4:5:6:7:24:51:52
12609,3:4:5:6:7:24:52:53
12610,3:4:5:6:7:24:52:54
12611,3:4:5:6:7:24:52:55
12612,3:4:5:6:7:24:52:56
12613,3:4:5:6:7:24:52:57
12614,3:4:5:6:7:24:52:58
12615,3:4:5:6:7:24:52:59
12616,3:4:5:6:7:24:52:60
12617,3:4:5:6:7:24:52:61
12618,3:4:5:6:7:24:52:62
12619,3:4:5:6:7:24:52:63
12620,3:4:5:6:7:25:26:53
12621,3:4:5:6:7:25:26:54
12622,3:4:5:6:7:25:27:53
12623,3:4:5:6:7:25:27:55
12624,3:4:5:6:7:25:28:53
12625,3:4:5:6:7:25:28:56
12626,3:4:5:6:7:25:29:53
12627,3:4:5:6:7:25:29:57
12628,3:4:5:6:7:25:30:53
12629,3:4:5:6:7:25:30:58
12630,3:4:5:6:7:25:31:53
12631,3:4:5:6:7:25:31:59
12632,3:4:5:6:7:25:32:53
12633,3:4:5:6:7:25:32:60
12634,3:4:5:6:7:25:33:53
12635,3:4:5:6:7:25:33:61
12636,3:4:5:6:7:25:34:53
12637,3:4:5:6:7:25:34:62
12638,3:4:5:6:7:25:35:53
12639,3:4:5:6:7:25:35:63
12640,3:4:5:6:7:25:36:53
12641,3:4:5:6:7:25:37:53
12642,3:4:5:6:7:25:38:53
12643,3:4:5:6:7:25:39:53
12644,3:4:5:6:7:25:40:53
12645,3:4:5:6:7:25:41:53
12646,3:4:5:6:7:25:42:53
12647,3:4:5:6:7:25:43:53
12648,3:4:5:6:7:25:44:53
12649,3:4:5:6:7:25:45:53
12650,3:4:5:6:7:25:46:53
12651,3:4:5:6:7:25:47:53
12652,3:4:5:6:7:25:48:53
12653,3:4:5:6:7:25:49:53
12654,3:4:5:6:7:25:50:53
12655,3:4:5:6:7:25:51:53
12656,3:4:5:6:7:25:52:53
12657,3:4:5:6:7:25:53:54
12658,3:4:5:6:7:25:53:55
12659,3:4:5:6:7:25:53:56
12660,3:4:5:6:7:25:53:57
12661,3:4:5:6:7:25:53:58
12662,3:4:5:6:7:25:53:59
12663,3:4:5:6:7:25:53:60
12664,3:4:5:6:7:25:53:61
12665,3:4:5:6:7:25:53:62
12666,3:4:5:6:7:25:53:63
12667,3:4:5:6:7:26:27:54
12668,3:4:5:6:7:26:27:55
12669,3:4:5:6:7:26:28:54
12670,3:4:5:6:7:26:28:56
12671,3:4:5:6:7:26:29:54
12672,3:4:5:6:7:26:29:57
12673,3:4:5:6:7:26:30:54
12674,3:4:5:6:7:26:30:58
12675,3:4:5:6:7:26:31:54
12676,3:4:5:6:7:26:31:59
12677,3:4:5:6:7:26:32:54
12678,3:4:5:6:7:26:32:60
12679,3:4:5:6:7:26:33:54
12680,3:4:5:6:7:26:33:61
12681,3:4:5:6:7:26:34:54
12682,3:4:5:6:7:26:34:62
12683,3:4:5:6:7:26:35:54
12684,3:4:5:6:7:26:35:63
12685,3:4:5:6:7:26:36:54
12686,3:4:5:6:7:26:37:54
12687,3:4:5:6:7:26:38:54
12688,3:4:5:6:7:26:39:54
12689,3:4:5:6:7:26:40:54
12690,3:4:5:6:7:26:41:54
12691,3:4:5:6:7:26:42:54
12692,3:4:5:6:7:26:43:54
12693,3:4:5:6:7:26:44:54
12694,3:4:5:6:7:26:45:54
12695,3:4:5:6:7:26:46:54
12696,3:4:5:6:7:26:47:54
12697,3:4:5:6:7:26:48:54
12698,3:4:5:6:7:26:49:54
12699,3:4:5:6:7:26:50:54
12700,3:4:5:6:7:26:51:54
12701,3:4:5:6:7:26:52:54
12702,3:4:5:6:7:26:53:54
12703,3:4:5:6:7:26:54:55
12704,3:4:5:6:7:26:54:56
12705,3:4:5:6:7:26:54:57
12706,3:4:5:6:7:26:54:58
12707,3:4:5:6:7:26:54:59
12708,3:4:5:6:7:26:54:60
12709,3:4:5:6:7:26:54:61
12710,3:4:5:6:7:26:54:62
12711,3:4:5:6:7:26:54:63
12712,3:4:5:6:7:27:28:55
12713,3:4:5:6:7:27:28:56
12714,3:4:5:6:7:27:29:55
12715,3:4:5:6:7:27:29:57
12716,3:4:5:6:7:27:30:55
12717,3:4:5:6:7:27:30:58
12718,3:4:5:6:7:27:31:55
12719,3:4:5:6:7:27:31:59
12720,3:4:5:6:7:27:32:55
12721,3:4:5:6:7:27:32:60
12722,3:4:5:6:7:27:33:55
12723,3:4:5:6:7:27:33:61
12724,3:4:5:6:7:27:34:55
12725,3:4:5:6:7:27:34:62
12726,3:4:5:6:7:27:35:55
12727,3:4:5:6:7:27:35:63
12728,3:4:5:6:7:27:36:55
12729,3:4:5:6:7:27:37:55
12730,3:4:5:6:7:27:38:55
12731,3:4:5:6:7:27:39:55
12732,3:4:5:6:7:27:40:55
12733,3:4:5:6:7:27:41:55
12734,3:4:5:6:7:27:42:55
12735,3:4:5:6:7:27:43:55
12736,3:4:5:6:7:27:44:55
12737,3:4:5:6:7:27:45:55
12738,3:4:5:6:7:27:46:55
12739,3:4:5:6:7:27:47:55
12740,3:4:5:6:7:27:48:55
12741,3:4:5:6:7:27:49:55
12742,3:4:5:6:7:27:50:55
12743,3:4:5:6:7:27:51:55
12744,3:4:5:6:7:27:52:55
12745,3:4:5:6:7:27:53:55
12746,3:4:5:6:7:27:54:55
12747,3:4:5:6:7:27:55:56
12748,3:4:5:6:7:27:55:57
12749,3:4:5:6:7:27:55:58
12750,3:4:5:6:7:27:55:59
12751,3:4:5:6:7:27:55:60
12752,3:4:5:6:7:27:55:61
12753,3:4:5:6:7:27:55:62
12754,3:4:5:6:7:27:55:63
12755,3:4:5:6:7:28:29:56
12756,3:4:5:6:7:28:29:57
12757,3:4:5:6:7:28:30:56
12758,3:4:5:6:7:28:30:58
12759,3:4:5:6:7:28:31:56
12760,3:4:5:6:7:28:31:59
12761,3:4:5:6:7:28:32:56
12762,3:4:5:6:7:28:32:60
12763,3:4:5:6:7:28:33:56
12764,3:4:5:6:7:28:33:61
12765,3:4:5:6:7:28:34:56
12766,3:4:5:6:7:28:34:62
12767,3:4:5:6:7:28:35:56
12768,3:4:5:6:7:28:35:63
12769,3:4:5:6:7:28:36:56
12770,3:4:5:6:7:28:37:56
12771,3:4:5:6:7:28:38:56
12772,3:4:5:6:7:28:39:56
12773,3:4:5:6:7:28:40:56
12774,3:4:5:6:7:28:41:56
12775,3:4:5:6:7:28:42:56
12776,3:4:5:6:7:28:43:56
12777,3:4:5:6:7:28:44:56
12778,3:4:5:6:7:28:45:56
12779,3:4:5:6:7:28:46:56
12780,3:4:5:6:7:28:47:56
12781,3:4:5:6:7:28:48:56
12782,3:4:5:6:7:28:49:56
12783,3:4:5:6:7:28:50:56
12784,3:4:5:6:7:28:51:56
12785,3:4:5:6:7:28:52:56
12786,3:4:5:6:7:28:53:56
12787,3:4:5:6:7:28:54:56
12788,3:4:5:6:7:28:55:56
12789,3:4:5:6:7:28:56:57
12790,3:4:5:6:7:28:56:58
12791,3:4:5:6:7:28:56:59
12792,3:4:5:6:7:28:56:60
12793,3:4:5:6:7:28:56:61
12794,3:4:5:6:7:28:56:62
12795,3:4:5:6:7:28:56:63
12796,3:4:5:6:7:29:30:57
12797,3:4:5:6:7:29:30:58
12798,3:4:5:6:7:29:31:57
12799,3:4:5:6:7:29:31:59
12800,3:4:5:6:7:29:32:57
12801,3:4:5:6:7:29:32:60
12802,3:4:5:6:7:29:33:57
12803,3:4:5:6:7:29:33:61
12804,3:4:5:6:7:29:34:57
12805,3:4:5:6:7:29:34:62
12806,3:4:5:6:7:29:35:57
12807,3:4:5:6:7:29:35:63
12808,3:4:5:6:7:29:36:57
12809,3:4:5:6:7:29:37:57
12810,3:4:5:6:7:29:38:57
12811,3:4:5:6:7:29:39:57
12812,3:4:5:6:7:29:40:57
12813,3:4:5:6:7:29:41:57
12814,3:4:5:6:7:29:42:57
12815,3:4:5:6:7:29:43:57
12816,3:4:5:6:7:29:44:57
12817,3:4:5:6:7:29:45:57
12818,3:4:5:6:7:29:46:57
12819,3:4:5:6:7:29:47:57
12820,3:4:5:6:7:29:48:57
12821,3:4:5:6:7:29:49:57
12822,3:4:5:6:7:29:50:57
12823,3:4:5:6:7:29:51:57
12824,3:4:5:6:7:29:52:57
12825,3:4:5:6:7:29:53:57
12826,3:4:5:6:7:29:54:57
12827,3:4:5:6:7:29:55:57
12828,3:4:5:6:7:29:56:57
12829,3:4:5:6:7:29:57:58
12830,3:4:5:6:7:29:57:59
12831,3:4:5:6:7:29:57:60
12832,3:4:5:6:7:29:57:61
12833,3:4:5:6:7:29:57:62
12834,3:4:5:6:7:29:57:63
12835,3:4:5:6:7:30:31:58
12836,3:4:5:6:7:30:31:59
12837,3:4:5:6:7:30:32:58
12838,3:4:5:6:7:30:32:60
12839,3:4:5:6:7:30:33:58
12840,3:4:5:6:7:30:33:61
12841,3:4:5:6:7:30:34:58
12842,3:4:5:6:7:30:34:62
12843,3:4:5:6:7:30:35:58
12844,3:4:5:6:7:30:35:63
12845,3:4:5:6:7:30:36:58
12846,3:4:5:6:7:30:37:58
12847,3:4:5:6:7:30:38:58
12848,3:4:5:6:7:30:39:58
12849,3:4:5:6:7:30:40:58
12850,3:4:5:6:7:30:41:58
12851,3:4:5:6:7:30:42:58
12852,3:4:5:6:7:30:43:58
12853,3:4:5:6:7:30:44:58
12854,3:4:5:6:7:30:45:58
12855,3:4:5:6:7:30:46:58
12856,3:4:5:6:7:30:47:58
12857,3:4:5:6:7:30:48:58
12858,3:4:5:6:7:30:49:58
12859,3:4:5:6:7:30:50:58
12860,3:4:5:6:7:30:51:58
12861,3:4:5:6:7:30:52:58
12862,3:4:5:6:7:30:53:58
12863,3:4:5:6:7:30:54:58
12864,3:4:5:6:7:30:55:58
12865,3:4:5:6:7:30:56:58
12866,3:4:5:6:7:30:57:58
12867,3:4:5:6:7:30:58:59
12868,3:4:5:6:7:30:58:60
12869,3:4:5:6:7:30:58:61
12870,3:4:5:6:7:30:58:62
12871,3:4:5:6:7:30:58:63
12872,3:4:5:6:7:31:32:59
12873,3:4:5:6:7:31:32:60
12874,3:4:5:6:7:31:33:59
12875,3:4:5:6:7:31:33:61
12876,3:4:5:6:7:31:34:59
12877,3:4:5:6:7:31:34:62
12878,3:4:5:6:7:31:35:59
12879,3:4:5:6:7:31:35:63
12880,3:4:5:6:7:31:36:59
12881,3:4:5:6:7:31:37:59
12882,3:4:5:6:7:31:38:59
12883,3:4:5:6:7:31:39:59
12884,3:4:5:6:7:31:40:59
12885,3:4:5:6:7:31:41:59
12886,3:4:5:6:7:31:42:59
12887,3:4:5:6:7:31:43:59
12888,3:4:5:6:7:31:44:59
12889,3:4:5:6:7:31:45:59
12890,3:4:5:6:7:31:46:59
12891,3:4:5:6:7:31:47:59
12892,3:4:5:6:7:31:48:59
12893,3:4:5:6:7:31:49:59
12894,3:4:5:6:7:31:50:59
12895,3:4:5:6:7:31:51:59
12896,3:4:5:6:7:31:52:59
12897,3:4:5:6:7:31:53:59
12898,3:4:5:6:7:31:54:59
12899,3:4:5:6:7:31:55:59
12900,3:4:5:6:7:31:56:59
12901,3:4:5:6:7:31:57:59
12902,3:4:5:6:7:31:58:59
12903,3:4:5:6:7:31:59:60
12904,3:4:5:6:7:31:59:61
12905,3:4:5:6:7:31:59:62
12906,3:4:5:6:7:31:59:63
12907,3:4:5:6:7:32:33:60
12908,3:4:5:6:7:32:33:61
12909,3:4:5:6:7:32:34:60
12910,3:4:5:6:7:32:34:62
12911,3:4:5:6:7:32:35:60
12912,3:4:5:6:7:32:35:63
12913,3:4:5:6:7:32:36:60
12914,3:4:5:6:7:32:37:60
12915,3:4:5:6:7:32:38:60
12916,3:4:5:6:7:32:39:60
12917,3:4:5:6:7:32:40:60
12918,3:4:5:6:7:32:41:60
12919,3:4:5:6:7:32:42:60
12920,3:4:5:6:7:32:43:60
12921,3:4:5:6:7:32:44:60
12922,3:4:5:6:7:32:45:60
12923,3:4:5:6:7:32:46:60
12924,3:4:5:6:7:32:47:60
12925,3:4:5:6:7:32:48:60
12926,3:4:5:6:7:32:49:60
12927,3:4:5:6:7:32:50:60
12928,3:4:5:6:7:32:51:60
12929,3:4:5:6:7:32:52:60
12930,3:4:5:6:7:32:53:60
12931,3:4:5:6:7:32:54:60
12932,3:4:5:6:7:32:55:60
12933,3:4:5:6:7:32:56:60
12934,3:4:5:6:7:32:57:60
12935,3:4:5:6:7:32:58:60
12936,3:4:5:6:7:32:59:60
12937,3:4:5:6:7:32:60:61
12938,3:4:5:6:7:32:60:62
12939,3:4:5:6:7:32:60:63
12940,3:4:5:6:7:33:34:61
12941,3:4:5:6:7:33:34:62
12942,3:4:5:6:7:33:35:61
12943,3:4:5:6:7:33:35:63
12944,3:4:5:6:7:33:36:61
12945,3:4:5:6:7:33:37:61
12946,3:4:5:6:7:33:38:61
12947,3:4:5:6:7:33:39:61
12948,3:4:5:6:7:33:40:61
12949,3:4:5:6:7:33:41:61
12950,3:4:5:6:7:33:42:61
12951,3:4:5:6:7:33:43:61
12952,3:4:5:6:7:33:44:61
12953,3:4:5:6:7:33:45:61
12954,3:4:5:6:7:33:46:61
12955,3:4:5:6:7:33:47:61
12956,3:4:5:6:7:33:48:61
12957,3:4:5:6:7:33:49:61
12958,3:4:5:6:7:33:50:61
12959,3:4:5:6:7:33:51:61
12960,3:4:5:6:7:33:52:61
12961,3:4:5:6:7:33:53:61
12962,3:4:5:6:7:33:54:61
12963,3:4:5:6:7:33:55:61
12964,3:4:5:6:7:33:56:61
12965,3:4:5:6:7:33:57:61
12966,3:4:5:6:7:33:58:61
12967,3:4:5:6:7:33:59:61
12968,3:4:5:6:7:33:60:61
12969,3:4:5:6:7:33:61:62
12970,3:4:5:6:7:33:61:63
12971,3:4:5:6:7:34:35:62
12972,3:4:5:6:7:34:35:63
12973,3:4:5:6:7:34:36:62
12974,3:4:5:6:7:34:37:62
12975,3:4:5:6:7:34:38:62
12976,3:4:5:6:7:34:39:62
12977,3:4:5:6:7:34:40:62
12978,3:4:5:6:7:34:41:62
12979,3:4:5:6:7:34:42:62
12980,3:4:5:6:7:34:43:62
12981,3:4:5:6:7:34:44:62
12982,3:4:5:6:7:34:45:62
12983,3:4:5:6:7:34:46:62
12984,3:4:5:6:7:34:47:62
12985,3:4:5:6:7:34:48:62
12986,3:4:5:6:7:34:49:62
12987,3:4:5:6:7:34:50:62
12988,3:4:5:6:7:34:51:62
12989,3:4:5:6:7:34:52:62
12990,3:4:5:6:7:34:53:62
12991,3:4:5:6:7:34:54:62
12992,3:4:5:6:7:34:55:62
12993,3:4:5:6:7:34:56:62
12994,3:4:5:6:7:34:57:62
12995,3:4:5:6:7:34:58:62
12996,3:4:5:6:7:34:59:62
12997,3:4:5:6:7:34:60:62
12998,3:4:5:6:7:34:61:62
12999,3:4:5:6:7:34:62:63
13000,3:4:5:6:7:35:36:63
13001,3:4:5:6:7:35:37:63
13002,3:4:5:6:7:35:38:63
13003,3:4:5:6:7:35:39:63
13004,3:4:5:6:7:35:40:63
13005,3:4:5:6:7:35:41:63
13006,3:4:5:6:7:35:42:63
13007,3:4:5:6:7:35:43:63
13008,3:4:5:6:7:35:44:63
13009,3:4:5:6:7:35:45:63
13010,3:4:5:6:7:35:46:63
13011,3:4:5:6:7:35:47:63
13012,3:4:5:6:7:35:48:63
13013,3:4:5:6:7:35:49:63
13014,3:4:5:6:7:35:50:63
13015,3:4:5:6:7:35:51:63
13016,3:4:5:6:7:35:52:63
13017,3:4:5:6:7:35:53:63
13018,3:4:5:6:7:35:54:63
13019,3:4:5:6:7:35:55:63
13020,3:4:5:6:7:35:56:63
13021,3:4:5:6:7:35:57:63
13022,3:4:5:6:7:35:58:63
13023,3:4:5:6:7:35:59:63
13024,3:4:5:6:7:35:60:63
13025,3:4:5:6:7:35:61:63
13026,3:4:5:6:7:35:62:63
