depth,k,live_bits,m,block_start,residue,holes,extra_defect,hole_positions,extra_positions,dim_final,dim_relaxed,raw_tree_cancellation_zeros,active_tree_cancellation_zeros,active_cancelled_positions,imposed_rank,projective_excess,required_rank,gap
5,32,1,2,0,0,0,0,,,1,1,0,0,,0,0,0,0
5,32,1,2,0,0,0,1,,1,1,1,0,0,,0,0,0,0
5,32,1,2,0,0,0,1,,3,1,1,0,0,,0,0,0,0
5,32,1,2,0,0,0,1,,5,1,1,0,0,,0,0,0,0
5,32,1,2,0,0,0,1,,7,1,1,0,0,,0,0,0,0
5,32,1,2,0,0,0,1,,9,1,1,0,0,,0,0,0,0
5,32,1,2,0,0,0,1,,11,1,1,0,0,,0,0,0,0
5,32,1,2,0,0,0,1,,13,1,1,0,0,,0,0,0,0
5,32,1,2,0,0,0,1,,15,1,1,0,0,,0,0,0,0
5,32,1,2,0,0,0,1,,17,1,1,0,0,,0,0,0,0
5,32,1,2,0,0,0,1,,19,1,1,0,0,,0,0,0,0
5,32,1,2,0,0,0,1,,21,1,1,0,0,,0,0,0,0
5,32,1,2,0,0,0,1,,23,1,1,0,0,,0,0,0,0
5,32,1,2,0,0,0,1,,25,1,1,0,0,,0,0,0,0
5,32,1,2,0,0,0,1,,27,1,1,0,0,,0,0,0,0
5,32,1,2,0,0,0,1,,29,1,1,0,0,,0,0,0,0
5,32,1,2,0,0,0,1,,31,1,1,0,0,,0,0,0,0
5,32,1,2,0,1,0,0,,,1,1,0,0,,0,0,0,0
5,32,1,2,0,1,0,1,,0,1,1,0,0,,0,0,0,0
5,32,1,2,0,1,0,1,,2,1,1,0,0,,0,0,0,0
5,32,1,2,0,1,0,1,,4,1,1,0,0,,0,0,0,0
5,32,1,2,0,1,0,1,,6,1,1,0,0,,0,0,0,0
5,32,1,2,0,1,0,1,,8,1,1,0,0,,0,0,0,0
5,32,1,2,0,1,0,1,,10,1,1,0,0,,0,0,0,0
5,32,1,2,0,1,0,1,,12,1,1,0,0,,0,0,0,0
5,32,1,2,0,1,0,1,,14,1,1,0,0,,0,0,0,0
5,32,1,2,0,1,0,1,,16,1,1,0,0,,0,0,0,0
5,32,1,2,0,1,0,1,,18,1,1,0,0,,0,0,0,0
5,32,1,2,0,1,0,1,,20,1,1,0,0,,0,0,0,0
5,32,1,2,0,1,0,1,,22,1,1,0,0,,0,0,0,0
5,32,1,2,0,1,0,1,,24,1,1,0,0,,0,0,0,0
5,32,1,2,0,1,0,1,,26,1,1,0,0,,0,0,0,0
5,32,1,2,0,1,0,1,,28,1,1,0,0,,0,0,0,0
5,32,1,2,0,1,0,1,,30,1,1,0,0,,0,0,0,0
5,32,1,2,2,0,0,0,,,1,1,0,0,,0,0,0,0
5,32,1,2,2,0,0,1,,1,1,1,0,0,,0,0,0,0
5,32,1,2,2,0,0,1,,3,1,1,0,0,,0,0,0,0
5,32,1,2,2,0,0,1,,5,1,1,0,0,,0,0,0,0
5,32,1,2,2,0,0,1,,7,1,1,0,0,,0,0,0,0
5,32,1,2,2,0,0,1,,9,1,1,0,0,,0,0,0,0
5,32,1,2,2,0,0,1,,11,1,1,0,0,,0,0,0,0
5,32,1,2,2,0,0,1,,13,1,1,0,0,,0,0,0,0
5,32,1,2,2,0,0,1,,15,1,1,0,0,,0,0,0,0
5,32,1,2,2,0,0,1,,17,1,1,0,0,,0,0,0,0
5,32,1,2,2,0,0,1,,19,1,1,0,0,,0,0,0,0
5,32,1,2,2,0,0,1,,21,1,1,0,0,,0,0,0,0
5,32,1,2,2,0,0,1,,23,1,1,0,0,,0,0,0,0
5,32,1,2,2,0,0,1,,25,1,1,0,0,,0,0,0,0
5,32,1,2,2,0,0,1,,27,1,1,0,0,,0,0,0,0
5,32,1,2,2,0,0,1,,29,1,1,0,0,,0,0,0,0
5,32,1,2,2,0,0,1,,31,1,1,0,0,,0,0,0,0
5,32,1,2,2,1,0,0,,,1,1,0,0,,0,0,0,0
5,32,1,2,2,1,0,1,,0,1,1,0,0,,0,0,0,0
5,32,1,2,2,1,0,1,,2,1,1,0,0,,0,0,0,0
5,32,1,2,2,1,0,1,,4,1,1,0,0,,0,0,0,0
5,32,1,2,2,1,0,1,,6,1,1,0,0,,0,0,0,0
5,32,1,2,2,1,0,1,,8,1,1,0,0,,0,0,0,0
5,32,1,2,2,1,0,1,,10,1,1,0,0,,0,0,0,0
5,32,1,2,2,1,0,1,,12,1,1,0,0,,0,0,0,0
5,32,1,2,2,1,0,1,,14,1,1,0,0,,0,0,0,0
5,32,1,2,2,1,0,1,,16,1,1,0,0,,0,0,0,0
5,32,1,2,2,1,0,1,,18,1,1,0,0,,0,0,0,0
5,32,1,2,2,1,0,1,,20,1,1,0,0,,0,0,0,0
5,32,1,2,2,1,0,1,,22,1,1,0,0,,0,0,0,0
5,32,1,2,2,1,0,1,,24,1,1,0,0,,0,0,0,0
5,32,1,2,2,1,0,1,,26,1,1,0,0,,0,0,0,0
5,32,1,2,2,1,0,1,,28,1,1,0,0,,0,0,0,0
5,32,1,2,2,1,0,1,,30,1,1,0,0,,0,0,0,0
5,32,1,2,4,0,0,0,,,1,1,0,0,,0,0,0,0
5,32,1,2,4,0,0,1,,1,1,1,0,0,,0,0,0,0
5,32,1,2,4,0,0,1,,3,1,1,0,0,,0,0,0,0
5,32,1,2,4,0,0,1,,5,1,1,0,0,,0,0,0,0
5,32,1,2,4,0,0,1,,7,1,1,0,0,,0,0,0,0
5,32,1,2,4,0,0,1,,9,1,1,0,0,,0,0,0,0
5,32,1,2,4,0,0,1,,11,1,1,0,0,,0,0,0,0
5,32,1,2,4,0,0,1,,13,1,1,0,0,,0,0,0,0
5,32,1,2,4,0,0,1,,15,1,1,0,0,,0,0,0,0
5,32,1,2,4,0,0,1,,17,1,1,0,0,,0,0,0,0
5,32,1,2,4,0,0,1,,19,1,1,0,0,,0,0,0,0
5,32,1,2,4,0,0,1,,21,1,1,0,0,,0,0,0,0
5,32,1,2,4,0,0,1,,23,1,1,0,0,,0,0,0,0
5,32,1,2,4,0,0,1,,25,1,1,0,0,,0,0,0,0
5,32,1,2,4,0,0,1,,27,1,1,0,0,,0,0,0,0
5,32,1,2,4,0,0,1,,29,1,1,0,0,,0,0,0,0
5,32,1,2,4,0,0,1,,31,1,1,0,0,,0,0,0,0
5,32,1,2,4,1,0,0,,,1,1,0,0,,0,0,0,0
5,32,1,2,4,1,0,1,,0,1,1,0,0,,0,0,0,0
5,32,1,2,4,1,0,1,,2,1,1,0,0,,0,0,0,0
5,32,1,2,4,1,0,1,,4,1,1,0,0,,0,0,0,0
5,32,1,2,4,1,0,1,,6,1,1,0,0,,0,0,0,0
5,32,1,2,4,1,0,1,,8,1,1,0,0,,0,0,0,0
5,32,1,2,4,1,0,1,,10,1,1,0,0,,0,0,0,0
5,32,1,2,4,1,0,1,,12,1,1,0,0,,0,0,0,0
5,32,1,2,4,1,0,1,,14,1,1,0,0,,0,0,0,0
5,32,1,2,4,1,0,1,,16,1,1,0,0,,0,0,0,0
5,32,1,2,4,1,0,1,,18,1,1,0,0,,0,0,0,0
5,32,1,2,4,1,0,1,,20,1,1,0,0,,0,0,0,0
5,32,1,2,4,1,0,1,,22,1,1,0,0,,0,0,0,0
5,32,1,2,4,1,0,1,,24,1,1,0,0,,0,0,0,0
5,32,1,2,4,1,0,1,,26,1,1,0,0,,0,0,0,0
5,32,1,2,4,1,0,1,,28,1,1,0,0,,0,0,0,0
5,32,1,2,4,1,0,1,,30,1,1,0,0,,0,0,0,0
5,32,1,2,6,0,0,0,,,1,1,0,0,,0,0,0,0
5,32,1,2,6,0,0,1,,1,1,1,0,0,,0,0,0,0
5,32,1,2,6,0,0,1,,3,1,1,0,0,,0,0,0,0
5,32,1,2,6,0,0,1,,5,1,1,0,0,,0,0,0,0
5,32,1,2,6,0,0,1,,7,1,1,0,0,,0,0,0,0
5,32,1,2,6,0,0,1,,9,1,1,0,0,,0,0,0,0
5,32,1,2,6,0,0,1,,11,1,1,0,0,,0,0,0,0
5,32,1,2,6,0,0,1,,13,1,1,0,0,,0,0,0,0
5,32,1,2,6,0,0,1,,15,1,1,0,0,,0,0,0,0
5,32,1,2,6,0,0,1,,17,1,1,0,0,,0,0,0,0
5,32,1,2,6,0,0,1,,19,1,1,0,0,,0,0,0,0
5,32,1,2,6,0,0,1,,21,1,1,0,0,,0,0,0,0
5,32,1,2,6,0,0,1,,23,1,1,0,0,,0,0,0,0
5,32,1,2,6,0,0,1,,25,1,1,0,0,,0,0,0,0
5,32,1,2,6,0,0,1,,27,1,1,0,0,,0,0,0,0
5,32,1,2,6,0,0,1,,29,1,1,0,0,,0,0,0,0
5,32,1,2,6,0,0,1,,31,1,1,0,0,,0,0,0,0
5,32,1,2,6,1,0,0,,,1,1,0,0,,0,0,0,0
5,32,1,2,6,1,0,1,,0,1,1,0,0,,0,0,0,0
5,32,1,2,6,1,0,1,,2,1,1,0,0,,0,0,0,0
5,32,1,2,6,1,0,1,,4,1,1,0,0,,0,0,0,0
5,32,1,2,6,1,0,1,,6,1,1,0,0,,0,0,0,0
5,32,1,2,6,1,0,1,,8,1,1,0,0,,0,0,0,0
5,32,1,2,6,1,0,1,,10,1,1,0,0,,0,0,0,0
5,32,1,2,6,1,0,1,,12,1,1,0,0,,0,0,0,0
5,32,1,2,6,1,0,1,,14,1,1,0,0,,0,0,0,0
5,32,1,2,6,1,0,1,,16,1,1,0,0,,0,0,0,0
5,32,1,2,6,1,0,1,,18,1,1,0,0,,0,0,0,0
5,32,1,2,6,1,0,1,,20,1,1,0,0,,0,0,0,0
5,32,1,2,6,1,0,1,,22,1,1,0,0,,0,0,0,0
5,32,1,2,6,1,0,1,,24,1,1,0,0,,0,0,0,0
5,32,1,2,6,1,0,1,,26,1,1,0,0,,0,0,0,0
5,32,1,2,6,1,0,1,,28,1,1,0,0,,0,0,0,0
5,32,1,2,6,1,0,1,,30,1,1,0,0,,0,0,0,0
5,32,1,2,8,0,0,0,,,1,1,0,0,,0,0,0,0
5,32,1,2,8,0,0,1,,1,1,1,0,0,,0,0,0,0
5,32,1,2,8,0,0,1,,3,1,1,0,0,,0,0,0,0
5,32,1,2,8,0,0,1,,5,1,1,0,0,,0,0,0,0
5,32,1,2,8,0,0,1,,7,1,1,0,0,,0,0,0,0
5,32,1,2,8,0,0,1,,9,1,1,0,0,,0,0,0,0
5,32,1,2,8,0,0,1,,11,1,1,0,0,,0,0,0,0
5,32,1,2,8,0,0,1,,13,1,1,0,0,,0,0,0,0
5,32,1,2,8,0,0,1,,15,1,1,0,0,,0,0,0,0
5,32,1,2,8,0,0,1,,17,1,1,0,0,,0,0,0,0
5,32,1,2,8,0,0,1,,19,1,1,0,0,,0,0,0,0
5,32,1,2,8,0,0,1,,21,1,1,0,0,,0,0,0,0
5,32,1,2,8,0,0,1,,23,1,1,0,0,,0,0,0,0
5,32,1,2,8,0,0,1,,25,1,1,0,0,,0,0,0,0
5,32,1,2,8,0,0,1,,27,1,1,0,0,,0,0,0,0
5,32,1,2,8,0,0,1,,29,1,1,0,0,,0,0,0,0
5,32,1,2,8,0,0,1,,31,1,1,0,0,,0,0,0,0
5,32,1,2,8,1,0,0,,,1,1,0,0,,0,0,0,0
5,32,1,2,8,1,0,1,,0,1,1,0,0,,0,0,0,0
5,32,1,2,8,1,0,1,,2,1,1,0,0,,0,0,0,0
5,32,1,2,8,1,0,1,,4,1,1,0,0,,0,0,0,0
5,32,1,2,8,1,0,1,,6,1,1,0,0,,0,0,0,0
5,32,1,2,8,1,0,1,,8,1,1,0,0,,0,0,0,0
5,32,1,2,8,1,0,1,,10,1,1,0,0,,0,0,0,0
5,32,1,2,8,1,0,1,,12,1,1,0,0,,0,0,0,0
5,32,1,2,8,1,0,1,,14,1,1,0,0,,0,0,0,0
5,32,1,2,8,1,0,1,,16,1,1,0,0,,0,0,0,0
5,32,1,2,8,1,0,1,,18,1,1,0,0,,0,0,0,0
5,32,1,2,8,1,0,1,,20,1,1,0,0,,0,0,0,0
5,32,1,2,8,1,0,1,,22,1,1,0,0,,0,0,0,0
5,32,1,2,8,1,0,1,,24,1,1,0,0,,0,0,0,0
5,32,1,2,8,1,0,1,,26,1,1,0,0,,0,0,0,0
5,32,1,2,8,1,0,1,,28,1,1,0,0,,0,0,0,0
5,32,1,2,8,1,0,1,,30,1,1,0,0,,0,0,0,0
5,32,1,2,10,0,0,0,,,1,1,0,0,,0,0,0,0
5,32,1,2,10,0,0,1,,1,1,1,0,0,,0,0,0,0
5,32,1,2,10,0,0,1,,3,1,1,0,0,,0,0,0,0
5,32,1,2,10,0,0,1,,5,1,1,0,0,,0,0,0,0
5,32,1,2,10,0,0,1,,7,1,1,0,0,,0,0,0,0
5,32,1,2,10,0,0,1,,9,1,1,0,0,,0,0,0,0
5,32,1,2,10,0,0,1,,11,1,1,0,0,,0,0,0,0
5,32,1,2,10,0,0,1,,13,1,1,0,0,,0,0,0,0
5,32,1,2,10,0,0,1,,15,1,1,0,0,,0,0,0,0
5,32,1,2,10,0,0,1,,17,1,1,0,0,,0,0,0,0
5,32,1,2,10,0,0,1,,19,1,1,0,0,,0,0,0,0
5,32,1,2,10,0,0,1,,21,1,1,0,0,,0,0,0,0
5,32,1,2,10,0,0,1,,23,1,1,0,0,,0,0,0,0
5,32,1,2,10,0,0,1,,25,1,1,0,0,,0,0,0,0
5,32,1,2,10,0,0,1,,27,1,1,0,0,,0,0,0,0
5,32,1,2,10,0,0,1,,29,1,1,0,0,,0,0,0,0
5,32,1,2,10,0,0,1,,31,1,1,0,0,,0,0,0,0
5,32,1,2,10,1,0,0,,,1,1,0,0,,0,0,0,0
5,32,1,2,10,1,0,1,,0,1,1,0,0,,0,0,0,0
5,32,1,2,10,1,0,1,,2,1,1,0,0,,0,0,0,0
5,32,1,2,10,1,0,1,,4,1,1,0,0,,0,0,0,0
5,32,1,2,10,1,0,1,,6,1,1,0,0,,0,0,0,0
5,32,1,2,10,1,0,1,,8,1,1,0,0,,0,0,0,0
5,32,1,2,10,1,0,1,,10,1,1,0,0,,0,0,0,0
5,32,1,2,10,1,0,1,,12,1,1,0,0,,0,0,0,0
5,32,1,2,10,1,0,1,,14,1,1,0,0,,0,0,0,0
5,32,1,2,10,1,0,1,,16,1,1,0,0,,0,0,0,0
5,32,1,2,10,1,0,1,,18,1,1,0,0,,0,0,0,0
5,32,1,2,10,1,0,1,,20,1,1,0,0,,0,0,0,0
5,32,1,2,10,1,0,1,,22,1,1,0,0,,0,0,0,0
5,32,1,2,10,1,0,1,,24,1,1,0,0,,0,0,0,0
5,32,1,2,10,1,0,1,,26,1,1,0,0,,0,0,0,0
5,32,1,2,10,1,0,1,,28,1,1,0,0,,0,0,0,0
5,32,1,2,10,1,0,1,,30,1,1,0,0,,0,0,0,0
5,32,1,2,12,0,0,0,,,1,1,0,0,,0,0,0,0
5,32,1,2,12,0,0,1,,1,1,1,0,0,,0,0,0,0
5,32,1,2,12,0,0,1,,3,1,1,0,0,,0,0,0,0
5,32,1,2,12,0,0,1,,5,1,1,0,0,,0,0,0,0
5,32,1,2,12,0,0,1,,7,1,1,0,0,,0,0,0,0
5,32,1,2,12,0,0,1,,9,1,1,0,0,,0,0,0,0
5,32,1,2,12,0,0,1,,11,1,1,0,0,,0,0,0,0
5,32,1,2,12,0,0,1,,13,1,1,0,0,,0,0,0,0
5,32,1,2,12,0,0,1,,15,1,1,0,0,,0,0,0,0
5,32,1,2,12,0,0,1,,17,1,1,0,0,,0,0,0,0
5,32,1,2,12,0,0,1,,19,1,1,0,0,,0,0,0,0
5,32,1,2,12,0,0,1,,21,1,1,0,0,,0,0,0,0
5,32,1,2,12,0,0,1,,23,1,1,0,0,,0,0,0,0
5,32,1,2,12,0,0,1,,25,1,1,0,0,,0,0,0,0
5,32,1,2,12,0,0,1,,27,1,1,0,0,,0,0,0,0
5,32,1,2,12,0,0,1,,29,1,1,0,0,,0,0,0,0
5,32,1,2,12,0,0,1,,31,1,1,0,0,,0,0,0,0
5,32,1,2,12,1,0,0,,,1,1,0,0,,0,0,0,0
5,32,1,2,12,1,0,1,,0,1,1,0,0,,0,0,0,0
5,32,1,2,12,1,0,1,,2,1,1,0,0,,0,0,0,0
5,32,1,2,12,1,0,1,,4,1,1,0,0,,0,0,0,0
5,32,1,2,12,1,0,1,,6,1,1,0,0,,0,0,0,0
5,32,1,2,12,1,0,1,,8,1,1,0,0,,0,0,0,0
5,32,1,2,12,1,0,1,,10,1,1,0,0,,0,0,0,0
5,32,1,2,12,1,0,1,,12,1,1,0,0,,0,0,0,0
5,32,1,2,12,1,0,1,,14,1,1,0,0,,0,0,0,0
5,32,1,2,12,1,0,1,,16,1,1,0,0,,0,0,0,0
5,32,1,2,12,1,0,1,,18,1,1,0,0,,0,0,0,0
5,32,1,2,12,1,0,1,,20,1,1,0,0,,0,0,0,0
5,32,1,2,12,1,0,1,,22,1,1,0,0,,0,0,0,0
5,32,1,2,12,1,0,1,,24,1,1,0,0,,0,0,0,0
5,32,1,2,12,1,0,1,,26,1,1,0,0,,0,0,0,0
5,32,1,2,12,1,0,1,,28,1,1,0,0,,0,0,0,0
5,32,1,2,12,1,0,1,,30,1,1,0,0,,0,0,0,0
5,32,1,2,14,0,0,0,,,1,1,0,0,,0,0,0,0
5,32,1,2,14,0,0,1,,1,1,1,0,0,,0,0,0,0
5,32,1,2,14,0,0,1,,3,1,1,0,0,,0,0,0,0
5,32,1,2,14,0,0,1,,5,1,1,0,0,,0,0,0,0
5,32,1,2,14,0,0,1,,7,1,1,0,0,,0,0,0,0
5,32,1,2,14,0,0,1,,9,1,1,0,0,,0,0,0,0
5,32,1,2,14,0,0,1,,11,1,1,0,0,,0,0,0,0
5,32,1,2,14,0,0,1,,13,1,1,0,0,,0,0,0,0
5,32,1,2,14,0,0,1,,15,1,1,0,0,,0,0,0,0
5,32,1,2,14,0,0,1,,17,1,1,0,0,,0,0,0,0
5,32,1,2,14,0,0,1,,19,1,1,0,0,,0,0,0,0
5,32,1,2,14,0,0,1,,21,1,1,0,0,,0,0,0,0
5,32,1,2,14,0,0,1,,23,1,1,0,0,,0,0,0,0
5,32,1,2,14,0,0,1,,25,1,1,0,0,,0,0,0,0
5,32,1,2,14,0,0,1,,27,1,1,0,0,,0,0,0,0
5,32,1,2,14,0,0,1,,29,1,1,0,0,,0,0,0,0
5,32,1,2,14,0,0,1,,31,1,1,0,0,,0,0,0,0
5,32,1,2,14,1,0,0,,,1,1,0,0,,0,0,0,0
5,32,1,2,14,1,0,1,,0,1,1,0,0,,0,0,0,0
5,32,1,2,14,1,0,1,,2,1,1,0,0,,0,0,0,0
5,32,1,2,14,1,0,1,,4,1,1,0,0,,0,0,0,0
5,32,1,2,14,1,0,1,,6,1,1,0,0,,0,0,0,0
5,32,1,2,14,1,0,1,,8,1,1,0,0,,0,0,0,0
5,32,1,2,14,1,0,1,,10,1,1,0,0,,0,0,0,0
5,32,1,2,14,1,0,1,,12,1,1,0,0,,0,0,0,0
5,32,1,2,14,1,0,1,,14,1,1,0,0,,0,0,0,0
5,32,1,2,14,1,0,1,,16,1,1,0,0,,0,0,0,0
5,32,1,2,14,1,0,1,,18,1,1,0,0,,0,0,0,0
5,32,1,2,14,1,0,1,,20,1,1,0,0,,0,0,0,0
5,32,1,2,14,1,0,1,,22,1,1,0,0,,0,0,0,0
5,32,1,2,14,1,0,1,,24,1,1,0,0,,0,0,0,0
5,32,1,2,14,1,0,1,,26,1,1,0,0,,0,0,0,0
5,32,1,2,14,1,0,1,,28,1,1,0,0,,0,0,0,0
5,32,1,2,14,1,0,1,,30,1,1,0,0,,0,0,0,0
5,32,1,2,16,0,0,0,,,1,1,0,0,,0,0,0,0
5,32,1,2,16,0,0,1,,1,1,1,0,0,,0,0,0,0
5,32,1,2,16,0,0,1,,3,1,1,0,0,,0,0,0,0
5,32,1,2,16,0,0,1,,5,1,1,0,0,,0,0,0,0
5,32,1,2,16,0,0,1,,7,1,1,0,0,,0,0,0,0
5,32,1,2,16,0,0,1,,9,1,1,0,0,,0,0,0,0
5,32,1,2,16,0,0,1,,11,1,1,0,0,,0,0,0,0
5,32,1,2,16,0,0,1,,13,1,1,0,0,,0,0,0,0
5,32,1,2,16,0,0,1,,15,1,1,0,0,,0,0,0,0
5,32,1,2,16,0,0,1,,17,1,1,0,0,,0,0,0,0
5,32,1,2,16,0,0,1,,19,1,1,0,0,,0,0,0,0
5,32,1,2,16,0,0,1,,21,1,1,0,0,,0,0,0,0
5,32,1,2,16,0,0,1,,23,1,1,0,0,,0,0,0,0
5,32,1,2,16,0,0,1,,25,1,1,0,0,,0,0,0,0
5,32,1,2,16,0,0,1,,27,1,1,0,0,,0,0,0,0
5,32,1,2,16,0,0,1,,29,1,1,0,0,,0,0,0,0
5,32,1,2,16,0,0,1,,31,1,1,0,0,,0,0,0,0
5,32,1,2,16,1,0,0,,,1,1,0,0,,0,0,0,0
5,32,1,2,16,1,0,1,,0,1,1,0,0,,0,0,0,0
5,32,1,2,16,1,0,1,,2,1,1,0,0,,0,0,0,0
5,32,1,2,16,1,0,1,,4,1,1,0,0,,0,0,0,0
5,32,1,2,16,1,0,1,,6,1,1,0,0,,0,0,0,0
5,32,1,2,16,1,0,1,,8,1,1,0,0,,0,0,0,0
5,32,1,2,16,1,0,1,,10,1,1,0,0,,0,0,0,0
5,32,1,2,16,1,0,1,,12,1,1,0,0,,0,0,0,0
5,32,1,2,16,1,0,1,,14,1,1,0,0,,0,0,0,0
5,32,1,2,16,1,0,1,,16,1,1,0,0,,0,0,0,0
5,32,1,2,16,1,0,1,,18,1,1,0,0,,0,0,0,0
5,32,1,2,16,1,0,1,,20,1,1,0,0,,0,0,0,0
5,32,1,2,16,1,0,1,,22,1,1,0,0,,0,0,0,0
5,32,1,2,16,1,0,1,,24,1,1,0,0,,0,0,0,0
5,32,1,2,16,1,0,1,,26,1,1,0,0,,0,0,0,0
5,32,1,2,16,1,0,1,,28,1,1,0,0,,0,0,0,0
5,32,1,2,16,1,0,1,,30,1,1,0,0,,0,0,0,0
5,32,1,2,18,0,0,0,,,1,1,0,0,,0,0,0,0
5,32,1,2,18,0,0,1,,1,1,1,0,0,,0,0,0,0
5,32,1,2,18,0,0,1,,3,1,1,0,0,,0,0,0,0
5,32,1,2,18,0,0,1,,5,1,1,0,0,,0,0,0,0
5,32,1,2,18,0,0,1,,7,1,1,0,0,,0,0,0,0
5,32,1,2,18,0,0,1,,9,1,1,0,0,,0,0,0,0
5,32,1,2,18,0,0,1,,11,1,1,0,0,,0,0,0,0
5,32,1,2,18,0,0,1,,13,1,1,0,0,,0,0,0,0
5,32,1,2,18,0,0,1,,15,1,1,0,0,,0,0,0,0
5,32,1,2,18,0,0,1,,17,1,1,0,0,,0,0,0,0
5,32,1,2,18,0,0,1,,19,1,1,0,0,,0,0,0,0
5,32,1,2,18,0,0,1,,21,1,1,0,0,,0,0,0,0
5,32,1,2,18,0,0,1,,23,1,1,0,0,,0,0,0,0
5,32,1,2,18,0,0,1,,25,1,1,0,0,,0,0,0,0
5,32,1,2,18,0,0,1,,27,1,1,0,0,,0,0,0,0
5,32,1,2,18,0,0,1,,29,1,1,0,0,,0,0,0,0
5,32,1,2,18,0,0,1,,31,1,1,0,0,,0,0,0,0
5,32,1,2,18,1,0,0,,,1,1,0,0,,0,0,0,0
5,32,1,2,18,1,0,1,,0,1,1,0,0,,0,0,0,0
5,32,1,2,18,1,0,1,,2,1,1,0,0,,0,0,0,0
5,32,1,2,18,1,0,1,,4,1,1,0,0,,0,0,0,0
5,32,1,2,18,1,0,1,,6,1,1,0,0,,0,0,0,0
5,32,1,2,18,1,0,1,,8,1,1,0,0,,0,0,0,0
5,32,1,2,18,1,0,1,,10,1,1,0,0,,0,0,0,0
5,32,1,2,18,1,0,1,,12,1,1,0,0,,0,0,0,0
5,32,1,2,18,1,0,1,,14,1,1,0,0,,0,0,0,0
5,32,1,2,18,1,0,1,,16,1,1,0,0,,0,0,0,0
5,32,1,2,18,1,0,1,,18,1,1,0,0,,0,0,0,0
5,32,1,2,18,1,0,1,,20,1,1,0,0,,0,0,0,0
5,32,1,2,18,1,0,1,,22,1,1,0,0,,0,0,0,0
5,32,1,2,18,1,0,1,,24,1,1,0,0,,0,0,0,0
5,32,1,2,18,1,0,1,,26,1,1,0,0,,0,0,0,0
5,32,1,2,18,1,0,1,,28,1,1,0,0,,0,0,0,0
5,32,1,2,18,1,0,1,,30,1,1,0,0,,0,0,0,0
5,32,1,2,20,0,0,0,,,1,1,0,0,,0,0,0,0
5,32,1,2,20,0,0,1,,1,1,1,0,0,,0,0,0,0
5,32,1,2,20,0,0,1,,3,1,1,0,0,,0,0,0,0
5,32,1,2,20,0,0,1,,5,1,1,0,0,,0,0,0,0
5,32,1,2,20,0,0,1,,7,1,1,0,0,,0,0,0,0
5,32,1,2,20,0,0,1,,9,1,1,0,0,,0,0,0,0
5,32,1,2,20,0,0,1,,11,1,1,0,0,,0,0,0,0
5,32,1,2,20,0,0,1,,13,1,1,0,0,,0,0,0,0
5,32,1,2,20,0,0,1,,15,1,1,0,0,,0,0,0,0
5,32,1,2,20,0,0,1,,17,1,1,0,0,,0,0,0,0
5,32,1,2,20,0,0,1,,19,1,1,0,0,,0,0,0,0
5,32,1,2,20,0,0,1,,21,1,1,0,0,,0,0,0,0
5,32,1,2,20,0,0,1,,23,1,1,0,0,,0,0,0,0
5,32,1,2,20,0,0,1,,25,1,1,0,0,,0,0,0,0
5,32,1,2,20,0,0,1,,27,1,1,0,0,,0,0,0,0
5,32,1,2,20,0,0,1,,29,1,1,0,0,,0,0,0,0
5,32,1,2,20,0,0,1,,31,1,1,0,0,,0,0,0,0
5,32,1,2,20,1,0,0,,,1,1,0,0,,0,0,0,0
5,32,1,2,20,1,0,1,,0,1,1,0,0,,0,0,0,0
5,32,1,2,20,1,0,1,,2,1,1,0,0,,0,0,0,0
5,32,1,2,20,1,0,1,,4,1,1,0,0,,0,0,0,0
5,32,1,2,20,1,0,1,,6,1,1,0,0,,0,0,0,0
5,32,1,2,20,1,0,1,,8,1,1,0,0,,0,0,0,0
5,32,1,2,20,1,0,1,,10,1,1,0,0,,0,0,0,0
5,32,1,2,20,1,0,1,,12,1,1,0,0,,0,0,0,0
5,32,1,2,20,1,0,1,,14,1,1,0,0,,0,0,0,0
5,32,1,2,20,1,0,1,,16,1,1,0,0,,0,0,0,0
5,32,1,2,20,1,0,1,,18,1,1,0,0,,0,0,0,0
5,32,1,2,20,1,0,1,,20,1,1,0,0,,0,0,0,0
5,32,1,2,20,1,0,1,,22,1,1,0,0,,0,0,0,0
5,32,1,2,20,1,0,1,,24,1,1,0,0,,0,0,0,0
5,32,1,2,20,1,0,1,,26,1,1,0,0,,0,0,0,0
5,32,1,2,20,1,0,1,,28,1,1,0,0,,0,0,0,0
5,32,1,2,20,1,0,1,,30,1,1,0,0,,0,0,0,0
5,32,1,2,22,0,0,0,,,1,1,0,0,,0,0,0,0
5,32,1,2,22,0,0,1,,1,1,1,0,0,,0,0,0,0
5,32,1,2,22,0,0,1,,3,1,1,0,0,,0,0,0,0
5,32,1,2,22,0,0,1,,5,1,1,0,0,,0,0,0,0
5,32,1,2,22,0,0,1,,7,1,1,0,0,,0,0,0,0
5,32,1,2,22,0,0,1,,9,1,1,0,0,,0,0,0,0
5,32,1,2,22,0,0,1,,11,1,1,0,0,,0,0,0,0
5,32,1,2,22,0,0,1,,13,1,1,0,0,,0,0,0,0
5,32,1,2,22,0,0,1,,15,1,1,0,0,,0,0,0,0
5,32,1,2,22,0,0,1,,17,1,1,0,0,,0,0,0,0
5,32,1,2,22,0,0,1,,19,1,1,0,0,,0,0,0,0
5,32,1,2,22,0,0,1,,21,1,1,0,0,,0,0,0,0
5,32,1,2,22,0,0,1,,23,1,1,0,0,,0,0,0,0
5,32,1,2,22,0,0,1,,25,1,1,0,0,,0,0,0,0
5,32,1,2,22,0,0,1,,27,1,1,0,0,,0,0,0,0
5,32,1,2,22,0,0,1,,29,1,1,0,0,,0,0,0,0
5,32,1,2,22,0,0,1,,31,1,1,0,0,,0,0,0,0
5,32,1,2,22,1,0,0,,,1,1,0,0,,0,0,0,0
5,32,1,2,22,1,0,1,,0,1,1,0,0,,0,0,0,0
5,32,1,2,22,1,0,1,,2,1,1,0,0,,0,0,0,0
5,32,1,2,22,1,0,1,,4,1,1,0,0,,0,0,0,0
5,32,1,2,22,1,0,1,,6,1,1,0,0,,0,0,0,0
5,32,1,2,22,1,0,1,,8,1,1,0,0,,0,0,0,0
5,32,1,2,22,1,0,1,,10,1,1,0,0,,0,0,0,0
5,32,1,2,22,1,0,1,,12,1,1,0,0,,0,0,0,0
5,32,1,2,22,1,0,1,,14,1,1,0,0,,0,0,0,0
5,32,1,2,22,1,0,1,,16,1,1,0,0,,0,0,0,0
5,32,1,2,22,1,0,1,,18,1,1,0,0,,0,0,0,0
5,32,1,2,22,1,0,1,,20,1,1,0,0,,0,0,0,0
5,32,1,2,22,1,0,1,,22,1,1,0,0,,0,0,0,0
5,32,1,2,22,1,0,1,,24,1,1,0,0,,0,0,0,0
5,32,1,2,22,1,0,1,,26,1,1,0,0,,0,0,0,0
5,32,1,2,22,1,0,1,,28,1,1,0,0,,0,0,0,0
5,32,1,2,22,1,0,1,,30,1,1,0,0,,0,0,0,0
5,32,1,2,24,0,0,0,,,1,1,0,0,,0,0,0,0
5,32,1,2,24,0,0,1,,1,1,1,0,0,,0,0,0,0
5,32,1,2,24,0,0,1,,3,1,1,0,0,,0,0,0,0
5,32,1,2,24,0,0,1,,5,1,1,0,0,,0,0,0,0
5,32,1,2,24,0,0,1,,7,1,1,0,0,,0,0,0,0
5,32,1,2,24,0,0,1,,9,1,1,0,0,,0,0,0,0
5,32,1,2,24,0,0,1,,11,1,1,0,0,,0,0,0,0
5,32,1,2,24,0,0,1,,13,1,1,0,0,,0,0,0,0
5,32,1,2,24,0,0,1,,15,1,1,0,0,,0,0,0,0
5,32,1,2,24,0,0,1,,17,1,1,0,0,,0,0,0,0
5,32,1,2,24,0,0,1,,19,1,1,0,0,,0,0,0,0
5,32,1,2,24,0,0,1,,21,1,1,0,0,,0,0,0,0
5,32,1,2,24,0,0,1,,23,1,1,0,0,,0,0,0,0
5,32,1,2,24,0,0,1,,25,1,1,0,0,,0,0,0,0
5,32,1,2,24,0,0,1,,27,1,1,0,0,,0,0,0,0
5,32,1,2,24,0,0,1,,29,1,1,0,0,,0,0,0,0
5,32,1,2,24,0,0,1,,31,1,1,0,0,,0,0,0,0
5,32,1,2,24,1,0,0,,,1,1,0,0,,0,0,0,0
5,32,1,2,24,1,0,1,,0,1,1,0,0,,0,0,0,0
5,32,1,2,24,1,0,1,,2,1,1,0,0,,0,0,0,0
5,32,1,2,24,1,0,1,,4,1,1,0,0,,0,0,0,0
5,32,1,2,24,1,0,1,,6,1,1,0,0,,0,0,0,0
5,32,1,2,24,1,0,1,,8,1,1,0,0,,0,0,0,0
5,32,1,2,24,1,0,1,,10,1,1,0,0,,0,0,0,0
5,32,1,2,24,1,0,1,,12,1,1,0,0,,0,0,0,0
5,32,1,2,24,1,0,1,,14,1,1,0,0,,0,0,0,0
5,32,1,2,24,1,0,1,,16,1,1,0,0,,0,0,0,0
5,32,1,2,24,1,0,1,,18,1,1,0,0,,0,0,0,0
5,32,1,2,24,1,0,1,,20,1,1,0,0,,0,0,0,0
5,32,1,2,24,1,0,1,,22,1,1,0,0,,0,0,0,0
5,32,1,2,24,1,0,1,,24,1,1,0,0,,0,0,0,0
5,32,1,2,24,1,0,1,,26,1,1,0,0,,0,0,0,0
5,32,1,2,24,1,0,1,,28,1,1,0,0,,0,0,0,0
5,32,1,2,24,1,0,1,,30,1,1,0,0,,0,0,0,0
5,32,1,2,26,0,0,0,,,1,1,0,0,,0,0,0,0
5,32,1,2,26,0,0,1,,1,1,1,0,0,,0,0,0,0
5,32,1,2,26,0,0,1,,3,1,1,0,0,,0,0,0,0
5,32,1,2,26,0,0,1,,5,1,1,0,0,,0,0,0,0
5,32,1,2,26,0,0,1,,7,1,1,0,0,,0,0,0,0
5,32,1,2,26,0,0,1,,9,1,1,0,0,,0,0,0,0
5,32,1,2,26,0,0,1,,11,1,1,0,0,,0,0,0,0
5,32,1,2,26,0,0,1,,13,1,1,0,0,,0,0,0,0
5,32,1,2,26,0,0,1,,15,1,1,0,0,,0,0,0,0
5,32,1,2,26,0,0,1,,17,1,1,0,0,,0,0,0,0
5,32,1,2,26,0,0,1,,19,1,1,0,0,,0,0,0,0
5,32,1,2,26,0,0,1,,21,1,1,0,0,,0,0,0,0
5,32,1,2,26,0,0,1,,23,1,1,0,0,,0,0,0,0
5,32,1,2,26,0,0,1,,25,1,1,0,0,,0,0,0,0
5,32,1,2,26,0,0,1,,27,1,1,0,0,,0,0,0,0
5,32,1,2,26,0,0,1,,29,1,1,0,0,,0,0,0,0
5,32,1,2,26,0,0,1,,31,1,1,0,0,,0,0,0,0
5,32,1,2,26,1,0,0,,,1,1,0,0,,0,0,0,0
5,32,1,2,26,1,0,1,,0,1,1,0,0,,0,0,0,0
5,32,1,2,26,1,0,1,,2,1,1,0,0,,0,0,0,0
5,32,1,2,26,1,0,1,,4,1,1,0,0,,0,0,0,0
5,32,1,2,26,1,0,1,,6,1,1,0,0,,0,0,0,0
5,32,1,2,26,1,0,1,,8,1,1,0,0,,0,0,0,0
5,32,1,2,26,1,0,1,,10,1,1,0,0,,0,0,0,0
5,32,1,2,26,1,0,1,,12,1,1,0,0,,0,0,0,0
5,32,1,2,26,1,0,1,,14,1,1,0,0,,0,0,0,0
5,32,1,2,26,1,0,1,,16,1,1,0,0,,0,0,0,0
5,32,1,2,26,1,0,1,,18,1,1,0,0,,0,0,0,0
5,32,1,2,26,1,0,1,,20,1,1,0,0,,0,0,0,0
5,32,1,2,26,1,0,1,,22,1,1,0,0,,0,0,0,0
5,32,1,2,26,1,0,1,,24,1,1,0,0,,0,0,0,0
5,32,1,2,26,1,0,1,,26,1,1,0,0,,0,0,0,0
5,32,1,2,26,1,0,1,,28,1,1,0,0,,0,0,0,0
5,32,1,2,26,1,0,1,,30,1,1,0,0,,0,0,0,0
5,32,1,2,28,0,0,0,,,1,1,0,0,,0,0,0,0
5,32,1,2,28,0,0,1,,1,1,1,0,0,,0,0,0,0
5,32,1,2,28,0,0,1,,3,1,1,0,0,,0,0,0,0
5,32,1,2,28,0,0,1,,5,1,1,0,0,,0,0,0,0
5,32,1,2,28,0,0,1,,7,1,1,0,0,,0,0,0,0
5,32,1,2,28,0,0,1,,9,1,1,0,0,,0,0,0,0
5,32,1,2,28,0,0,1,,11,1,1,0,0,,0,0,0,0
5,32,1,2,28,0,0,1,,13,1,1,0,0,,0,0,0,0
5,32,1,2,28,0,0,1,,15,1,1,0,0,,0,0,0,0
5,32,1,2,28,0,0,1,,17,1,1,0,0,,0,0,0,0
5,32,1,2,28,0,0,1,,19,1,1,0,0,,0,0,0,0
5,32,1,2,28,0,0,1,,21,1,1,0,0,,0,0,0,0
5,32,1,2,28,0,0,1,,23,1,1,0,0,,0,0,0,0
5,32,1,2,28,0,0,1,,25,1,1,0,0,,0,0,0,0
5,32,1,2,28,0,0,1,,27,1,1,0,0,,0,0,0,0
5,32,1,2,28,0,0,1,,29,1,1,0,0,,0,0,0,0
5,32,1,2,28,0,0,1,,31,1,1,0,0,,0,0,0,0
5,32,1,2,28,1,0,0,,,1,1,0,0,,0,0,0,0
5,32,1,2,28,1,0,1,,0,1,1,0,0,,0,0,0,0
5,32,1,2,28,1,0,1,,2,1,1,0,0,,0,0,0,0
5,32,1,2,28,1,0,1,,4,1,1,0,0,,0,0,0,0
5,32,1,2,28,1,0,1,,6,1,1,0,0,,0,0,0,0
5,32,1,2,28,1,0,1,,8,1,1,0,0,,0,0,0,0
5,32,1,2,28,1,0,1,,10,1,1,0,0,,0,0,0,0
5,32,1,2,28,1,0,1,,12,1,1,0,0,,0,0,0,0
5,32,1,2,28,1,0,1,,14,1,1,0,0,,0,0,0,0
5,32,1,2,28,1,0,1,,16,1,1,0,0,,0,0,0,0
5,32,1,2,28,1,0,1,,18,1,1,0,0,,0,0,0,0
5,32,1,2,28,1,0,1,,20,1,1,0,0,,0,0,0,0
5,32,1,2,28,1,0,1,,22,1,1,0,0,,0,0,0,0
5,32,1,2,28,1,0,1,,24,1,1,0,0,,0,0,0,0
5,32,1,2,28,1,0,1,,26,1,1,0,0,,0,0,0,0
5,32,1,2,28,1,0,1,,28,1,1,0,0,,0,0,0,0
5,32,1,2,28,1,0,1,,30,1,1,0,0,,0,0,0,0
5,32,1,2,30,0,0,0,,,1,1,0,0,,0,0,0,0
5,32,1,2,30,0,0,1,,1,1,1,0,0,,0,0,0,0
5,32,1,2,30,0,0,1,,3,1,1,0,0,,0,0,0,0
5,32,1,2,30,0,0,1,,5,1,1,0,0,,0,0,0,0
5,32,1,2,30,0,0,1,,7,1,1,0,0,,0,0,0,0
5,32,1,2,30,0,0,1,,9,1,1,0,0,,0,0,0,0
5,32,1,2,30,0,0,1,,11,1,1,0,0,,0,0,0,0
5,32,1,2,30,0,0,1,,13,1,1,0,0,,0,0,0,0
5,32,1,2,30,0,0,1,,15,1,1,0,0,,0,0,0,0
5,32,1,2,30,0,0,1,,17,1,1,0,0,,0,0,0,0
5,32,1,2,30,0,0,1,,19,1,1,0,0,,0,0,0,0
5,32,1,2,30,0,0,1,,21,1,1,0,0,,0,0,0,0
5,32,1,2,30,0,0,1,,23,1,1,0,0,,0,0,0,0
5,32,1,2,30,0,0,1,,25,1,1,0,0,,0,0,0,0
5,32,1,2,30,0,0,1,,27,1,1,0,0,,0,0,0,0
5,32,1,2,30,0,0,1,,29,1,1,0,0,,0,0,0,0
5,32,1,2,30,0,0,1,,31,1,1,0,0,,0,0,0,0
5,32,1,2,30,1,0,0,,,1,1,0,0,,0,0,0,0
5,32,1,2,30,1,0,1,,0,1,1,0,0,,0,0,0,0
5,32,1,2,30,1,0,1,,2,1,1,0,0,,0,0,0,0
5,32,1,2,30,1,0,1,,4,1,1,0,0,,0,0,0,0
5,32,1,2,30,1,0,1,,6,1,1,0,0,,0,0,0,0
5,32,1,2,30,1,0,1,,8,1,1,0,0,,0,0,0,0
5,32,1,2,30,1,0,1,,10,1,1,0,0,,0,0,0,0
5,32,1,2,30,1,0,1,,12,1,1,0,0,,0,0,0,0
5,32,1,2,30,1,0,1,,14,1,1,0,0,,0,0,0,0
5,32,1,2,30,1,0,1,,16,1,1,0,0,,0,0,0,0
5,32,1,2,30,1,0,1,,18,1,1,0,0,,0,0,0,0
5,32,1,2,30,1,0,1,,20,1,1,0,0,,0,0,0,0
5,32,1,2,30,1,0,1,,22,1,1,0,0,,0,0,0,0
5,32,1,2,30,1,0,1,,24,1,1,0,0,,0,0,0,0
5,32,1,2,30,1,0,1,,26,1,1,0,0,,0,0,0,0
5,32,1,2,30,1,0,1,,28,1,1,0,0,,0,0,0,0
5,32,1,2,30,1,0,1,,30,1,1,0,0,,0,0,0,0
5,32,2,4,0,0,0,0,,,1,1,0,0,,0,0,0,0
5,32,2,4,0,0,0,1,,1,1,1,1,0,,0,0,0,0
5,32,2,4,0,0,0,1,,2,1,1,1,0,,0,0,0,0
5,32,2,4,0,0,0,1,,3,1,1,3,0,,0,0,0,0
5,32,2,4,0,0,0,1,,5,1,1,1,0,,0,0,0,0
5,32,2,4,0,0,0,1,,6,1,1,1,0,,0,0,0,0
5,32,2,4,0,0,0,1,,7,1,1,3,0,,0,0,0,0
5,32,2,4,0,0,0,1,,9,1,1,1,0,,0,0,0,0
5,32,2,4,0,0,0,1,,10,1,1,1,0,,0,0,0,0
5,32,2,4,0,0,0,1,,11,1,1,3,0,,0,0,0,0
5,32,2,4,0,0,0,1,,13,1,1,1,0,,0,0,0,0
5,32,2,4,0,0,0,1,,14,1,1,1,0,,0,0,0,0
5,32,2,4,0,0,0,1,,15,1,1,3,0,,0,0,0,0
5,32,2,4,0,0,0,1,,17,1,1,1,0,,0,0,0,0
5,32,2,4,0,0,0,1,,18,1,1,1,0,,0,0,0,0
5,32,2,4,0,0,0,1,,19,1,1,3,0,,0,0,0,0
5,32,2,4,0,0,0,1,,21,1,1,1,0,,0,0,0,0
5,32,2,4,0,0,0,1,,22,1,1,1,0,,0,0,0,0
5,32,2,4,0,0,0,1,,23,1,1,3,0,,0,0,0,0
5,32,2,4,0,0,0,1,,25,1,1,1,0,,0,0,0,0
5,32,2,4,0,0,0,1,,26,1,1,1,0,,0,0,0,0
5,32,2,4,0,0,0,1,,27,1,1,3,0,,0,0,0,0
5,32,2,4,0,0,0,1,,29,1,1,1,0,,0,0,0,0
5,32,2,4,0,0,0,1,,30,1,1,1,0,,0,0,0,0
5,32,2,4,0,0,0,1,,31,1,1,3,0,,0,0,0,0
5,32,2,4,0,1,0,0,,,1,1,0,0,,0,0,0,0
5,32,2,4,0,1,0,1,,0,1,1,1,0,,0,0,0,0
5,32,2,4,0,1,0,1,,2,1,1,3,0,,0,0,0,0
5,32,2,4,0,1,0,1,,3,1,1,1,0,,0,0,0,0
5,32,2,4,0,1,0,1,,4,1,1,1,0,,0,0,0,0
5,32,2,4,0,1,0,1,,6,1,1,3,0,,0,0,0,0
5,32,2,4,0,1,0,1,,7,1,1,1,0,,0,0,0,0
5,32,2,4,0,1,0,1,,8,1,1,1,0,,0,0,0,0
5,32,2,4,0,1,0,1,,10,1,1,3,0,,0,0,0,0
5,32,2,4,0,1,0,1,,11,1,1,1,0,,0,0,0,0
5,32,2,4,0,1,0,1,,12,1,1,1,0,,0,0,0,0
5,32,2,4,0,1,0,1,,14,1,1,3,0,,0,0,0,0
5,32,2,4,0,1,0,1,,15,1,1,1,0,,0,0,0,0
5,32,2,4,0,1,0,1,,16,1,1,1,0,,0,0,0,0
5,32,2,4,0,1,0,1,,18,1,1,3,0,,0,0,0,0
5,32,2,4,0,1,0,1,,19,1,1,1,0,,0,0,0,0
5,32,2,4,0,1,0,1,,20,1,1,1,0,,0,0,0,0
5,32,2,4,0,1,0,1,,22,1,1,3,0,,0,0,0,0
5,32,2,4,0,1,0,1,,23,1,1,1,0,,0,0,0,0
5,32,2,4,0,1,0,1,,24,1,1,1,0,,0,0,0,0
5,32,2,4,0,1,0,1,,26,1,1,3,0,,0,0,0,0
5,32,2,4,0,1,0,1,,27,1,1,1,0,,0,0,0,0
5,32,2,4,0,1,0,1,,28,1,1,1,0,,0,0,0,0
5,32,2,4,0,1,0,1,,30,1,1,3,0,,0,0,0,0
5,32,2,4,0,1,0,1,,31,1,1,1,0,,0,0,0,0
5,32,2,4,0,2,0,0,,,1,1,0,0,,0,0,0,0
5,32,2,4,0,2,0,1,,0,1,1,1,0,,0,0,0,0
5,32,2,4,0,2,0,1,,1,1,1,3,0,,0,0,0,0
5,32,2,4,0,2,0,1,,3,1,1,1,0,,0,0,0,0
5,32,2,4,0,2,0,1,,4,1,1,1,0,,0,0,0,0
5,32,2,4,0,2,0,1,,5,1,1,3,0,,0,0,0,0
5,32,2,4,0,2,0,1,,7,1,1,1,0,,0,0,0,0
5,32,2,4,0,2,0,1,,8,1,1,1,0,,0,0,0,0
5,32,2,4,0,2,0,1,,9,1,1,3,0,,0,0,0,0
5,32,2,4,0,2,0,1,,11,1,1,1,0,,0,0,0,0
5,32,2,4,0,2,0,1,,12,1,1,1,0,,0,0,0,0
5,32,2,4,0,2,0,1,,13,1,1,3,0,,0,0,0,0
5,32,2,4,0,2,0,1,,15,1,1,1,0,,0,0,0,0
5,32,2,4,0,2,0,1,,16,1,1,1,0,,0,0,0,0
5,32,2,4,0,2,0,1,,17,1,1,3,0,,0,0,0,0
5,32,2,4,0,2,0,1,,19,1,1,1,0,,0,0,0,0
5,32,2,4,0,2,0,1,,20,1,1,1,0,,0,0,0,0
5,32,2,4,0,2,0,1,,21,1,1,3,0,,0,0,0,0
5,32,2,4,0,2,0,1,,23,1,1,1,0,,0,0,0,0
5,32,2,4,0,2,0,1,,24,1,1,1,0,,0,0,0,0
5,32,2,4,0,2,0,1,,25,1,1,3,0,,0,0,0,0
5,32,2,4,0,2,0,1,,27,1,1,1,0,,0,0,0,0
5,32,2,4,0,2,0,1,,28,1,1,1,0,,0,0,0,0
5,32,2,4,0,2,0,1,,29,1,1,3,0,,0,0,0,0
5,32,2,4,0,2,0,1,,31,1,1,1,0,,0,0,0,0
5,32,2,4,0,3,0,0,,,1,1,0,0,,0,0,0,0
5,32,2,4,0,3,0,1,,0,1,1,3,0,,0,0,0,0
5,32,2,4,0,3,0,1,,1,1,1,1,0,,0,0,0,0
5,32,2,4,0,3,0,1,,2,1,1,1,0,,0,0,0,0
5,32,2,4,0,3,0,1,,4,1,1,3,0,,0,0,0,0
5,32,2,4,0,3,0,1,,5,1,1,1,0,,0,0,0,0
5,32,2,4,0,3,0,1,,6,1,1,1,0,,0,0,0,0
5,32,2,4,0,3,0,1,,8,1,1,3,0,,0,0,0,0
5,32,2,4,0,3,0,1,,9,1,1,1,0,,0,0,0,0
5,32,2,4,0,3,0,1,,10,1,1,1,0,,0,0,0,0
5,32,2,4,0,3,0,1,,12,1,1,3,0,,0,0,0,0
5,32,2,4,0,3,0,1,,13,1,1,1,0,,0,0,0,0
5,32,2,4,0,3,0,1,,14,1,1,1,0,,0,0,0,0
5,32,2,4,0,3,0,1,,16,1,1,3,0,,0,0,0,0
5,32,2,4,0,3,0,1,,17,1,1,1,0,,0,0,0,0
5,32,2,4,0,3,0,1,,18,1,1,1,0,,0,0,0,0
5,32,2,4,0,3,0,1,,20,1,1,3,0,,0,0,0,0
5,32,2,4,0,3,0,1,,21,1,1,1,0,,0,0,0,0
5,32,2,4,0,3,0,1,,22,1,1,1,0,,0,0,0,0
5,32,2,4,0,3,0,1,,24,1,1,3,0,,0,0,0,0
5,32,2,4,0,3,0,1,,25,1,1,1,0,,0,0,0,0
5,32,2,4,0,3,0,1,,26,1,1,1,0,,0,0,0,0
5,32,2,4,0,3,0,1,,28,1,1,3,0,,0,0,0,0
5,32,2,4,0,3,0,1,,29,1,1,1,0,,0,0,0,0
5,32,2,4,0,3,0,1,,30,1,1,1,0,,0,0,0,0
5,32,2,4,4,0,0,0,,,1,1,0,0,,0,0,0,0
5,32,2,4,4,0,0,1,,1,1,1,1,0,,0,0,0,0
5,32,2,4,4,0,0,1,,2,1,1,1,0,,0,0,0,0
5,32,2,4,4,0,0,1,,3,1,1,3,0,,0,0,0,0
5,32,2,4,4,0,0,1,,5,1,1,1,0,,0,0,0,0
5,32,2,4,4,0,0,1,,6,1,1,1,0,,0,0,0,0
5,32,2,4,4,0,0,1,,7,1,1,3,0,,0,0,0,0
5,32,2,4,4,0,0,1,,9,1,1,1,0,,0,0,0,0
5,32,2,4,4,0,0,1,,10,1,1,1,0,,0,0,0,0
5,32,2,4,4,0,0,1,,11,1,1,3,0,,0,0,0,0
5,32,2,4,4,0,0,1,,13,1,1,1,0,,0,0,0,0
5,32,2,4,4,0,0,1,,14,1,1,1,0,,0,0,0,0
5,32,2,4,4,0,0,1,,15,1,1,3,0,,0,0,0,0
5,32,2,4,4,0,0,1,,17,1,1,1,0,,0,0,0,0
5,32,2,4,4,0,0,1,,18,1,1,1,0,,0,0,0,0
5,32,2,4,4,0,0,1,,19,1,1,3,0,,0,0,0,0
5,32,2,4,4,0,0,1,,21,1,1,1,0,,0,0,0,0
5,32,2,4,4,0,0,1,,22,1,1,1,0,,0,0,0,0
5,32,2,4,4,0,0,1,,23,1,1,3,0,,0,0,0,0
5,32,2,4,4,0,0,1,,25,1,1,1,0,,0,0,0,0
5,32,2,4,4,0,0,1,,26,1,1,1,0,,0,0,0,0
5,32,2,4,4,0,0,1,,27,1,1,3,0,,0,0,0,0
5,32,2,4,4,0,0,1,,29,1,1,1,0,,0,0,0,0
5,32,2,4,4,0,0,1,,30,1,1,1,0,,0,0,0,0
5,32,2,4,4,0,0,1,,31,1,1,3,0,,0,0,0,0
5,32,2,4,4,1,0,0,,,1,1,0,0,,0,0,0,0
5,32,2,4,4,1,0,1,,0,1,1,1,0,,0,0,0,0
5,32,2,4,4,1,0,1,,2,1,1,3,0,,0,0,0,0
5,32,2,4,4,1,0,1,,3,1,1,1,0,,0,0,0,0
5,32,2,4,4,1,0,1,,4,1,1,1,0,,0,0,0,0
5,32,2,4,4,1,0,1,,6,1,1,3,0,,0,0,0,0
5,32,2,4,4,1,0,1,,7,1,1,1,0,,0,0,0,0
5,32,2,4,4,1,0,1,,8,1,1,1,0,,0,0,0,0
5,32,2,4,4,1,0,1,,10,1,1,3,0,,0,0,0,0
5,32,2,4,4,1,0,1,,11,1,1,1,0,,0,0,0,0
5,32,2,4,4,1,0,1,,12,1,1,1,0,,0,0,0,0
5,32,2,4,4,1,0,1,,14,1,1,3,0,,0,0,0,0
5,32,2,4,4,1,0,1,,15,1,1,1,0,,0,0,0,0
5,32,2,4,4,1,0,1,,16,1,1,1,0,,0,0,0,0
5,32,2,4,4,1,0,1,,18,1,1,3,0,,0,0,0,0
5,32,2,4,4,1,0,1,,19,1,1,1,0,,0,0,0,0
5,32,2,4,4,1,0,1,,20,1,1,1,0,,0,0,0,0
5,32,2,4,4,1,0,1,,22,1,1,3,0,,0,0,0,0
5,32,2,4,4,1,0,1,,23,1,1,1,0,,0,0,0,0
5,32,2,4,4,1,0,1,,24,1,1,1,0,,0,0,0,0
5,32,2,4,4,1,0,1,,26,1,1,3,0,,0,0,0,0
5,32,2,4,4,1,0,1,,27,1,1,1,0,,0,0,0,0
5,32,2,4,4,1,0,1,,28,1,1,1,0,,0,0,0,0
5,32,2,4,4,1,0,1,,30,1,1,3,0,,0,0,0,0
5,32,2,4,4,1,0,1,,31,1,1,1,0,,0,0,0,0
5,32,2,4,4,2,0,0,,,1,1,0,0,,0,0,0,0
5,32,2,4,4,2,0,1,,0,1,1,1,0,,0,0,0,0
5,32,2,4,4,2,0,1,,1,1,1,3,0,,0,0,0,0
5,32,2,4,4,2,0,1,,3,1,1,1,0,,0,0,0,0
5,32,2,4,4,2,0,1,,4,1,1,1,0,,0,0,0,0
5,32,2,4,4,2,0,1,,5,1,1,3,0,,0,0,0,0
5,32,2,4,4,2,0,1,,7,1,1,1,0,,0,0,0,0
5,32,2,4,4,2,0,1,,8,1,1,1,0,,0,0,0,0
5,32,2,4,4,2,0,1,,9,1,1,3,0,,0,0,0,0
5,32,2,4,4,2,0,1,,11,1,1,1,0,,0,0,0,0
5,32,2,4,4,2,0,1,,12,1,1,1,0,,0,0,0,0
5,32,2,4,4,2,0,1,,13,1,1,3,0,,0,0,0,0
5,32,2,4,4,2,0,1,,15,1,1,1,0,,0,0,0,0
5,32,2,4,4,2,0,1,,16,1,1,1,0,,0,0,0,0
5,32,2,4,4,2,0,1,,17,1,1,3,0,,0,0,0,0
5,32,2,4,4,2,0,1,,19,1,1,1,0,,0,0,0,0
5,32,2,4,4,2,0,1,,20,1,1,1,0,,0,0,0,0
5,32,2,4,4,2,0,1,,21,1,1,3,0,,0,0,0,0
5,32,2,4,4,2,0,1,,23,1,1,1,0,,0,0,0,0
5,32,2,4,4,2,0,1,,24,1,1,1,0,,0,0,0,0
5,32,2,4,4,2,0,1,,25,1,1,3,0,,0,0,0,0
5,32,2,4,4,2,0,1,,27,1,1,1,0,,0,0,0,0
5,32,2,4,4,2,0,1,,28,1,1,1,0,,0,0,0,0
5,32,2,4,4,2,0,1,,29,1,1,3,0,,0,0,0,0
5,32,2,4,4,2,0,1,,31,1,1,1,0,,0,0,0,0
5,32,2,4,4,3,0,0,,,1,1,0,0,,0,0,0,0
5,32,2,4,4,3,0,1,,0,1,1,3,0,,0,0,0,0
5,32,2,4,4,3,0,1,,1,1,1,1,0,,0,0,0,0
5,32,2,4,4,3,0,1,,2,1,1,1,0,,0,0,0,0
5,32,2,4,4,3,0,1,,4,1,1,3,0,,0,0,0,0
5,32,2,4,4,3,0,1,,5,1,1,1,0,,0,0,0,0
5,32,2,4,4,3,0,1,,6,1,1,1,0,,0,0,0,0
5,32,2,4,4,3,0,1,,8,1,1,3,0,,0,0,0,0
5,32,2,4,4,3,0,1,,9,1,1,1,0,,0,0,0,0
5,32,2,4,4,3,0,1,,10,1,1,1,0,,0,0,0,0
5,32,2,4,4,3,0,1,,12,1,1,3,0,,0,0,0,0
5,32,2,4,4,3,0,1,,13,1,1,1,0,,0,0,0,0
5,32,2,4,4,3,0,1,,14,1,1,1,0,,0,0,0,0
5,32,2,4,4,3,0,1,,16,1,1,3,0,,0,0,0,0
5,32,2,4,4,3,0,1,,17,1,1,1,0,,0,0,0,0
5,32,2,4,4,3,0,1,,18,1,1,1,0,,0,0,0,0
5,32,2,4,4,3,0,1,,20,1,1,3,0,,0,0,0,0
5,32,2,4,4,3,0,1,,21,1,1,1,0,,0,0,0,0
5,32,2,4,4,3,0,1,,22,1,1,1,0,,0,0,0,0
5,32,2,4,4,3,0,1,,24,1,1,3,0,,0,0,0,0
5,32,2,4,4,3,0,1,,25,1,1,1,0,,0,0,0,0
5,32,2,4,4,3,0,1,,26,1,1,1,0,,0,0,0,0
5,32,2,4,4,3,0,1,,28,1,1,3,0,,0,0,0,0
5,32,2,4,4,3,0,1,,29,1,1,1,0,,0,0,0,0
5,32,2,4,4,3,0,1,,30,1,1,1,0,,0,0,0,0
5,32,2,4,8,0,0,0,,,1,1,0,0,,0,0,0,0
5,32,2,4,8,0,0,1,,1,1,1,1,0,,0,0,0,0
5,32,2,4,8,0,0,1,,2,1,1,1,0,,0,0,0,0
5,32,2,4,8,0,0,1,,3,1,1,3,0,,0,0,0,0
5,32,2,4,8,0,0,1,,5,1,1,1,0,,0,0,0,0
5,32,2,4,8,0,0,1,,6,1,1,1,0,,0,0,0,0
5,32,2,4,8,0,0,1,,7,1,1,3,0,,0,0,0,0
5,32,2,4,8,0,0,1,,9,1,1,1,0,,0,0,0,0
5,32,2,4,8,0,0,1,,10,1,1,1,0,,0,0,0,0
5,32,2,4,8,0,0,1,,11,1,1,3,0,,0,0,0,0
5,32,2,4,8,0,0,1,,13,1,1,1,0,,0,0,0,0
5,32,2,4,8,0,0,1,,14,1,1,1,0,,0,0,0,0
5,32,2,4,8,0,0,1,,15,1,1,3,0,,0,0,0,0
5,32,2,4,8,0,0,1,,17,1,1,1,0,,0,0,0,0
5,32,2,4,8,0,0,1,,18,1,1,1,0,,0,0,0,0
5,32,2,4,8,0,0,1,,19,1,1,3,0,,0,0,0,0
5,32,2,4,8,0,0,1,,21,1,1,1,0,,0,0,0,0
5,32,2,4,8,0,0,1,,22,1,1,1,0,,0,0,0,0
5,32,2,4,8,0,0,1,,23,1,1,3,0,,0,0,0,0
5,32,2,4,8,0,0,1,,25,1,1,1,0,,0,0,0,0
5,32,2,4,8,0,0,1,,26,1,1,1,0,,0,0,0,0
5,32,2,4,8,0,0,1,,27,1,1,3,0,,0,0,0,0
5,32,2,4,8,0,0,1,,29,1,1,1,0,,0,0,0,0
5,32,2,4,8,0,0,1,,30,1,1,1,0,,0,0,0,0
5,32,2,4,8,0,0,1,,31,1,1,3,0,,0,0,0,0
5,32,2,4,8,1,0,0,,,1,1,0,0,,0,0,0,0
5,32,2,4,8,1,0,1,,0,1,1,1,0,,0,0,0,0
5,32,2,4,8,1,0,1,,2,1,1,3,0,,0,0,0,0
5,32,2,4,8,1,0,1,,3,1,1,1,0,,0,0,0,0
5,32,2,4,8,1,0,1,,4,1,1,1,0,,0,0,0,0
5,32,2,4,8,1,0,1,,6,1,1,3,0,,0,0,0,0
5,32,2,4,8,1,0,1,,7,1,1,1,0,,0,0,0,0
5,32,2,4,8,1,0,1,,8,1,1,1,0,,0,0,0,0
5,32,2,4,8,1,0,1,,10,1,1,3,0,,0,0,0,0
5,32,2,4,8,1,0,1,,11,1,1,1,0,,0,0,0,0
5,32,2,4,8,1,0,1,,12,1,1,1,0,,0,0,0,0
5,32,2,4,8,1,0,1,,14,1,1,3,0,,0,0,0,0
5,32,2,4,8,1,0,1,,15,1,1,1,0,,0,0,0,0
5,32,2,4,8,1,0,1,,16,1,1,1,0,,0,0,0,0
5,32,2,4,8,1,0,1,,18,1,1,3,0,,0,0,0,0
5,32,2,4,8,1,0,1,,19,1,1,1,0,,0,0,0,0
5,32,2,4,8,1,0,1,,20,1,1,1,0,,0,0,0,0
5,32,2,4,8,1,0,1,,22,1,1,3,0,,0,0,0,0
5,32,2,4,8,1,0,1,,23,1,1,1,0,,0,0,0,0
5,32,2,4,8,1,0,1,,24,1,1,1,0,,0,0,0,0
5,32,2,4,8,1,0,1,,26,1,1,3,0,,0,0,0,0
5,32,2,4,8,1,0,1,,27,1,1,1,0,,0,0,0,0
5,32,2,4,8,1,0,1,,28,1,1,1,0,,0,0,0,0
5,32,2,4,8,1,0,1,,30,1,1,3,0,,0,0,0,0
5,32,2,4,8,1,0,1,,31,1,1,1,0,,0,0,0,0
5,32,2,4,8,2,0,0,,,1,1,0,0,,0,0,0,0
5,32,2,4,8,2,0,1,,0,1,1,1,0,,0,0,0,0
5,32,2,4,8,2,0,1,,1,1,1,3,0,,0,0,0,0
5,32,2,4,8,2,0,1,,3,1,1,1,0,,0,0,0,0
5,32,2,4,8,2,0,1,,4,1,1,1,0,,0,0,0,0
5,32,2,4,8,2,0,1,,5,1,1,3,0,,0,0,0,0
5,32,2,4,8,2,0,1,,7,1,1,1,0,,0,0,0,0
5,32,2,4,8,2,0,1,,8,1,1,1,0,,0,0,0,0
5,32,2,4,8,2,0,1,,9,1,1,3,0,,0,0,0,0
5,32,2,4,8,2,0,1,,11,1,1,1,0,,0,0,0,0
5,32,2,4,8,2,0,1,,12,1,1,1,0,,0,0,0,0
5,32,2,4,8,2,0,1,,13,1,1,3,0,,0,0,0,0
5,32,2,4,8,2,0,1,,15,1,1,1,0,,0,0,0,0
5,32,2,4,8,2,0,1,,16,1,1,1,0,,0,0,0,0
5,32,2,4,8,2,0,1,,17,1,1,3,0,,0,0,0,0
5,32,2,4,8,2,0,1,,19,1,1,1,0,,0,0,0,0
5,32,2,4,8,2,0,1,,20,1,1,1,0,,0,0,0,0
5,32,2,4,8,2,0,1,,21,1,1,3,0,,0,0,0,0
5,32,2,4,8,2,0,1,,23,1,1,1,0,,0,0,0,0
5,32,2,4,8,2,0,1,,24,1,1,1,0,,0,0,0,0
5,32,2,4,8,2,0,1,,25,1,1,3,0,,0,0,0,0
5,32,2,4,8,2,0,1,,27,1,1,1,0,,0,0,0,0
5,32,2,4,8,2,0,1,,28,1,1,1,0,,0,0,0,0
5,32,2,4,8,2,0,1,,29,1,1,3,0,,0,0,0,0
5,32,2,4,8,2,0,1,,31,1,1,1,0,,0,0,0,0
5,32,2,4,8,3,0,0,,,1,1,0,0,,0,0,0,0
5,32,2,4,8,3,0,1,,0,1,1,3,0,,0,0,0,0
5,32,2,4,8,3,0,1,,1,1,1,1,0,,0,0,0,0
5,32,2,4,8,3,0,1,,2,1,1,1,0,,0,0,0,0
5,32,2,4,8,3,0,1,,4,1,1,3,0,,0,0,0,0
5,32,2,4,8,3,0,1,,5,1,1,1,0,,0,0,0,0
5,32,2,4,8,3,0,1,,6,1,1,1,0,,0,0,0,0
5,32,2,4,8,3,0,1,,8,1,1,3,0,,0,0,0,0
5,32,2,4,8,3,0,1,,9,1,1,1,0,,0,0,0,0
5,32,2,4,8,3,0,1,,10,1,1,1,0,,0,0,0,0
5,32,2,4,8,3,0,1,,12,1,1,3,0,,0,0,0,0
5,32,2,4,8,3,0,1,,13,1,1,1,0,,0,0,0,0
5,32,2,4,8,3,0,1,,14,1,1,1,0,,0,0,0,0
5,32,2,4,8,3,0,1,,16,1,1,3,0,,0,0,0,0
5,32,2,4,8,3,0,1,,17,1,1,1,0,,0,0,0,0
5,32,2,4,8,3,0,1,,18,1,1,1,0,,0,0,0,0
5,32,2,4,8,3,0,1,,20,1,1,3,0,,0,0,0,0
5,32,2,4,8,3,0,1,,21,1,1,1,0,,0,0,0,0
5,32,2,4,8,3,0,1,,22,1,1,1,0,,0,0,0,0
5,32,2,4,8,3,0,1,,24,1,1,3,0,,0,0,0,0
5,32,2,4,8,3,0,1,,25,1,1,1,0,,0,0,0,0
5,32,2,4,8,3,0,1,,26,1,1,1,0,,0,0,0,0
5,32,2,4,8,3,0,1,,28,1,1,3,0,,0,0,0,0
5,32,2,4,8,3,0,1,,29,1,1,1,0,,0,0,0,0
5,32,2,4,8,3,0,1,,30,1,1,1,0,,0,0,0,0
5,32,2,4,12,0,0,0,,,1,1,0,0,,0,0,0,0
5,32,2,4,12,0,0,1,,1,1,1,1,0,,0,0,0,0
5,32,2,4,12,0,0,1,,2,1,1,1,0,,0,0,0,0
5,32,2,4,12,0,0,1,,3,1,1,3,0,,0,0,0,0
5,32,2,4,12,0,0,1,,5,1,1,1,0,,0,0,0,0
5,32,2,4,12,0,0,1,,6,1,1,1,0,,0,0,0,0
5,32,2,4,12,0,0,1,,7,1,1,3,0,,0,0,0,0
5,32,2,4,12,0,0,1,,9,1,1,1,0,,0,0,0,0
5,32,2,4,12,0,0,1,,10,1,1,1,0,,0,0,0,0
5,32,2,4,12,0,0,1,,11,1,1,3,0,,0,0,0,0
5,32,2,4,12,0,0,1,,13,1,1,1,0,,0,0,0,0
5,32,2,4,12,0,0,1,,14,1,1,1,0,,0,0,0,0
5,32,2,4,12,0,0,1,,15,1,1,3,0,,0,0,0,0
5,32,2,4,12,0,0,1,,17,1,1,1,0,,0,0,0,0
5,32,2,4,12,0,0,1,,18,1,1,1,0,,0,0,0,0
5,32,2,4,12,0,0,1,,19,1,1,3,0,,0,0,0,0
5,32,2,4,12,0,0,1,,21,1,1,1,0,,0,0,0,0
5,32,2,4,12,0,0,1,,22,1,1,1,0,,0,0,0,0
5,32,2,4,12,0,0,1,,23,1,1,3,0,,0,0,0,0
5,32,2,4,12,0,0,1,,25,1,1,1,0,,0,0,0,0
5,32,2,4,12,0,0,1,,26,1,1,1,0,,0,0,0,0
5,32,2,4,12,0,0,1,,27,1,1,3,0,,0,0,0,0
5,32,2,4,12,0,0,1,,29,1,1,1,0,,0,0,0,0
5,32,2,4,12,0,0,1,,30,1,1,1,0,,0,0,0,0
5,32,2,4,12,0,0,1,,31,1,1,3,0,,0,0,0,0
5,32,2,4,12,1,0,0,,,1,1,0,0,,0,0,0,0
5,32,2,4,12,1,0,1,,0,1,1,1,0,,0,0,0,0
5,32,2,4,12,1,0,1,,2,1,1,3,0,,0,0,0,0
5,32,2,4,12,1,0,1,,3,1,1,1,0,,0,0,0,0
5,32,2,4,12,1,0,1,,4,1,1,1,0,,0,0,0,0
5,32,2,4,12,1,0,1,,6,1,1,3,0,,0,0,0,0
5,32,2,4,12,1,0,1,,7,1,1,1,0,,0,0,0,0
5,32,2,4,12,1,0,1,,8,1,1,1,0,,0,0,0,0
5,32,2,4,12,1,0,1,,10,1,1,3,0,,0,0,0,0
5,32,2,4,12,1,0,1,,11,1,1,1,0,,0,0,0,0
5,32,2,4,12,1,0,1,,12,1,1,1,0,,0,0,0,0
5,32,2,4,12,1,0,1,,14,1,1,3,0,,0,0,0,0
5,32,2,4,12,1,0,1,,15,1,1,1,0,,0,0,0,0
5,32,2,4,12,1,0,1,,16,1,1,1,0,,0,0,0,0
5,32,2,4,12,1,0,1,,18,1,1,3,0,,0,0,0,0
5,32,2,4,12,1,0,1,,19,1,1,1,0,,0,0,0,0
5,32,2,4,12,1,0,1,,20,1,1,1,0,,0,0,0,0
5,32,2,4,12,1,0,1,,22,1,1,3,0,,0,0,0,0
5,32,2,4,12,1,0,1,,23,1,1,1,0,,0,0,0,0
5,32,2,4,12,1,0,1,,24,1,1,1,0,,0,0,0,0
5,32,2,4,12,1,0,1,,26,1,1,3,0,,0,0,0,0
5,32,2,4,12,1,0,1,,27,1,1,1,0,,0,0,0,0
5,32,2,4,12,1,0,1,,28,1,1,1,0,,0,0,0,0
5,32,2,4,12,1,0,1,,30,1,1,3,0,,0,0,0,0
5,32,2,4,12,1,0,1,,31,1,1,1,0,,0,0,0,0
5,32,2,4,12,2,0,0,,,1,1,0,0,,0,0,0,0
5,32,2,4,12,2,0,1,,0,1,1,1,0,,0,0,0,0
5,32,2,4,12,2,0,1,,1,1,1,3,0,,0,0,0,0
5,32,2,4,12,2,0,1,,3,1,1,1,0,,0,0,0,0
5,32,2,4,12,2,0,1,,4,1,1,1,0,,0,0,0,0
5,32,2,4,12,2,0,1,,5,1,1,3,0,,0,0,0,0
5,32,2,4,12,2,0,1,,7,1,1,1,0,,0,0,0,0
5,32,2,4,12,2,0,1,,8,1,1,1,0,,0,0,0,0
5,32,2,4,12,2,0,1,,9,1,1,3,0,,0,0,0,0
5,32,2,4,12,2,0,1,,11,1,1,1,0,,0,0,0,0
5,32,2,4,12,2,0,1,,12,1,1,1,0,,0,0,0,0
5,32,2,4,12,2,0,1,,13,1,1,3,0,,0,0,0,0
5,32,2,4,12,2,0,1,,15,1,1,1,0,,0,0,0,0
5,32,2,4,12,2,0,1,,16,1,1,1,0,,0,0,0,0
5,32,2,4,12,2,0,1,,17,1,1,3,0,,0,0,0,0
5,32,2,4,12,2,0,1,,19,1,1,1,0,,0,0,0,0
5,32,2,4,12,2,0,1,,20,1,1,1,0,,0,0,0,0
5,32,2,4,12,2,0,1,,21,1,1,3,0,,0,0,0,0
5,32,2,4,12,2,0,1,,23,1,1,1,0,,0,0,0,0
5,32,2,4,12,2,0,1,,24,1,1,1,0,,0,0,0,0
5,32,2,4,12,2,0,1,,25,1,1,3,0,,0,0,0,0
5,32,2,4,12,2,0,1,,27,1,1,1,0,,0,0,0,0
5,32,2,4,12,2,0,1,,28,1,1,1,0,,0,0,0,0
5,32,2,4,12,2,0,1,,29,1,1,3,0,,0,0,0,0
5,32,2,4,12,2,0,1,,31,1,1,1,0,,0,0,0,0
5,32,2,4,12,3,0,0,,,1,1,0,0,,0,0,0,0
5,32,2,4,12,3,0,1,,0,1,1,3,0,,0,0,0,0
5,32,2,4,12,3,0,1,,1,1,1,1,0,,0,0,0,0
5,32,2,4,12,3,0,1,,2,1,1,1,0,,0,0,0,0
5,32,2,4,12,3,0,1,,4,1,1,3,0,,0,0,0,0
5,32,2,4,12,3,0,1,,5,1,1,1,0,,0,0,0,0
5,32,2,4,12,3,0,1,,6,1,1,1,0,,0,0,0,0
5,32,2,4,12,3,0,1,,8,1,1,3,0,,0,0,0,0
5,32,2,4,12,3,0,1,,9,1,1,1,0,,0,0,0,0
5,32,2,4,12,3,0,1,,10,1,1,1,0,,0,0,0,0
5,32,2,4,12,3,0,1,,12,1,1,3,0,,0,0,0,0
5,32,2,4,12,3,0,1,,13,1,1,1,0,,0,0,0,0
5,32,2,4,12,3,0,1,,14,1,1,1,0,,0,0,0,0
5,32,2,4,12,3,0,1,,16,1,1,3,0,,0,0,0,0
5,32,2,4,12,3,0,1,,17,1,1,1,0,,0,0,0,0
5,32,2,4,12,3,0,1,,18,1,1,1,0,,0,0,0,0
5,32,2,4,12,3,0,1,,20,1,1,3,0,,0,0,0,0
5,32,2,4,12,3,0,1,,21,1,1,1,0,,0,0,0,0
5,32,2,4,12,3,0,1,,22,1,1,1,0,,0,0,0,0
5,32,2,4,12,3,0,1,,24,1,1,3,0,,0,0,0,0
5,32,2,4,12,3,0,1,,25,1,1,1,0,,0,0,0,0
5,32,2,4,12,3,0,1,,26,1,1,1,0,,0,0,0,0
5,32,2,4,12,3,0,1,,28,1,1,3,0,,0,0,0,0
5,32,2,4,12,3,0,1,,29,1,1,1,0,,0,0,0,0
5,32,2,4,12,3,0,1,,30,1,1,1,0,,0,0,0,0
5,32,2,4,16,0,0,0,,,1,1,0,0,,0,0,0,0
5,32,2,4,16,0,0,1,,1,1,1,1,0,,0,0,0,0
5,32,2,4,16,0,0,1,,2,1,1,1,0,,0,0,0,0
5,32,2,4,16,0,0,1,,3,1,1,3,0,,0,0,0,0
5,32,2,4,16,0,0,1,,5,1,1,1,0,,0,0,0,0
5,32,2,4,16,0,0,1,,6,1,1,1,0,,0,0,0,0
5,32,2,4,16,0,0,1,,7,1,1,3,0,,0,0,0,0
5,32,2,4,16,0,0,1,,9,1,1,1,0,,0,0,0,0
5,32,2,4,16,0,0,1,,10,1,1,1,0,,0,0,0,0
5,32,2,4,16,0,0,1,,11,1,1,3,0,,0,0,0,0
5,32,2,4,16,0,0,1,,13,1,1,1,0,,0,0,0,0
5,32,2,4,16,0,0,1,,14,1,1,1,0,,0,0,0,0
5,32,2,4,16,0,0,1,,15,1,1,3,0,,0,0,0,0
5,32,2,4,16,0,0,1,,17,1,1,1,0,,0,0,0,0
5,32,2,4,16,0,0,1,,18,1,1,1,0,,0,0,0,0
5,32,2,4,16,0,0,1,,19,1,1,3,0,,0,0,0,0
5,32,2,4,16,0,0,1,,21,1,1,1,0,,0,0,0,0
5,32,2,4,16,0,0,1,,22,1,1,1,0,,0,0,0,0
5,32,2,4,16,0,0,1,,23,1,1,3,0,,0,0,0,0
5,32,2,4,16,0,0,1,,25,1,1,1,0,,0,0,0,0
5,32,2,4,16,0,0,1,,26,1,1,1,0,,0,0,0,0
5,32,2,4,16,0,0,1,,27,1,1,3,0,,0,0,0,0
5,32,2,4,16,0,0,1,,29,1,1,1,0,,0,0,0,0
5,32,2,4,16,0,0,1,,30,1,1,1,0,,0,0,0,0
5,32,2,4,16,0,0,1,,31,1,1,3,0,,0,0,0,0
5,32,2,4,16,1,0,0,,,1,1,0,0,,0,0,0,0
5,32,2,4,16,1,0,1,,0,1,1,1,0,,0,0,0,0
5,32,2,4,16,1,0,1,,2,1,1,3,0,,0,0,0,0
5,32,2,4,16,1,0,1,,3,1,1,1,0,,0,0,0,0
5,32,2,4,16,1,0,1,,4,1,1,1,0,,0,0,0,0
5,32,2,4,16,1,0,1,,6,1,1,3,0,,0,0,0,0
5,32,2,4,16,1,0,1,,7,1,1,1,0,,0,0,0,0
5,32,2,4,16,1,0,1,,8,1,1,1,0,,0,0,0,0
5,32,2,4,16,1,0,1,,10,1,1,3,0,,0,0,0,0
5,32,2,4,16,1,0,1,,11,1,1,1,0,,0,0,0,0
5,32,2,4,16,1,0,1,,12,1,1,1,0,,0,0,0,0
5,32,2,4,16,1,0,1,,14,1,1,3,0,,0,0,0,0
5,32,2,4,16,1,0,1,,15,1,1,1,0,,0,0,0,0
5,32,2,4,16,1,0,1,,16,1,1,1,0,,0,0,0,0
5,32,2,4,16,1,0,1,,18,1,1,3,0,,0,0,0,0
5,32,2,4,16,1,0,1,,19,1,1,1,0,,0,0,0,0
5,32,2,4,16,1,0,1,,20,1,1,1,0,,0,0,0,0
5,32,2,4,16,1,0,1,,22,1,1,3,0,,0,0,0,0
5,32,2,4,16,1,0,1,,23,1,1,1,0,,0,0,0,0
5,32,2,4,16,1,0,1,,24,1,1,1,0,,0,0,0,0
5,32,2,4,16,1,0,1,,26,1,1,3,0,,0,0,0,0
5,32,2,4,16,1,0,1,,27,1,1,1,0,,0,0,0,0
5,32,2,4,16,1,0,1,,28,1,1,1,0,,0,0,0,0
5,32,2,4,16,1,0,1,,30,1,1,3,0,,0,0,0,0
5,32,2,4,16,1,0,1,,31,1,1,1,0,,0,0,0,0
5,32,2,4,16,2,0,0,,,1,1,0,0,,0,0,0,0
5,32,2,4,16,2,0,1,,0,1,1,1,0,,0,0,0,0
5,32,2,4,16,2,0,1,,1,1,1,3,0,,0,0,0,0
5,32,2,4,16,2,0,1,,3,1,1,1,0,,0,0,0,0
5,32,2,4,16,2,0,1,,4,1,1,1,0,,0,0,0,0
5,32,2,4,16,2,0,1,,5,1,1,3,0,,0,0,0,0
5,32,2,4,16,2,0,1,,7,1,1,1,0,,0,0,0,0
5,32,2,4,16,2,0,1,,8,1,1,1,0,,0,0,0,0
5,32,2,4,16,2,0,1,,9,1,1,3,0,,0,0,0,0
5,32,2,4,16,2,0,1,,11,1,1,1,0,,0,0,0,0
5,32,2,4,16,2,0,1,,12,1,1,1,0,,0,0,0,0
5,32,2,4,16,2,0,1,,13,1,1,3,0,,0,0,0,0
5,32,2,4,16,2,0,1,,15,1,1,1,0,,0,0,0,0
5,32,2,4,16,2,0,1,,16,1,1,1,0,,0,0,0,0
5,32,2,4,16,2,0,1,,17,1,1,3,0,,0,0,0,0
5,32,2,4,16,2,0,1,,19,1,1,1,0,,0,0,0,0
5,32,2,4,16,2,0,1,,20,1,1,1,0,,0,0,0,0
5,32,2,4,16,2,0,1,,21,1,1,3,0,,0,0,0,0
5,32,2,4,16,2,0,1,,23,1,1,1,0,,0,0,0,0
5,32,2,4,16,2,0,1,,24,1,1,1,0,,0,0,0,0
5,32,2,4,16,2,0,1,,25,1,1,3,0,,0,0,0,0
5,32,2,4,16,2,0,1,,27,1,1,1,0,,0,0,0,0
5,32,2,4,16,2,0,1,,28,1,1,1,0,,0,0,0,0
5,32,2,4,16,2,0,1,,29,1,1,3,0,,0,0,0,0
5,32,2,4,16,2,0,1,,31,1,1,1,0,,0,0,0,0
5,32,2,4,16,3,0,0,,,1,1,0,0,,0,0,0,0
5,32,2,4,16,3,0,1,,0,1,1,3,0,,0,0,0,0
5,32,2,4,16,3,0,1,,1,1,1,1,0,,0,0,0,0
5,32,2,4,16,3,0,1,,2,1,1,1,0,,0,0,0,0
5,32,2,4,16,3,0,1,,4,1,1,3,0,,0,0,0,0
5,32,2,4,16,3,0,1,,5,1,1,1,0,,0,0,0,0
5,32,2,4,16,3,0,1,,6,1,1,1,0,,0,0,0,0
5,32,2,4,16,3,0,1,,8,1,1,3,0,,0,0,0,0
5,32,2,4,16,3,0,1,,9,1,1,1,0,,0,0,0,0
5,32,2,4,16,3,0,1,,10,1,1,1,0,,0,0,0,0
5,32,2,4,16,3,0,1,,12,1,1,3,0,,0,0,0,0
5,32,2,4,16,3,0,1,,13,1,1,1,0,,0,0,0,0
5,32,2,4,16,3,0,1,,14,1,1,1,0,,0,0,0,0
5,32,2,4,16,3,0,1,,16,1,1,3,0,,0,0,0,0
5,32,2,4,16,3,0,1,,17,1,1,1,0,,0,0,0,0
5,32,2,4,16,3,0,1,,18,1,1,1,0,,0,0,0,0
5,32,2,4,16,3,0,1,,20,1,1,3,0,,0,0,0,0
5,32,2,4,16,3,0,1,,21,1,1,1,0,,0,0,0,0
5,32,2,4,16,3,0,1,,22,1,1,1,0,,0,0,0,0
5,32,2,4,16,3,0,1,,24,1,1,3,0,,0,0,0,0
5,32,2,4,16,3,0,1,,25,1,1,1,0,,0,0,0,0
5,32,2,4,16,3,0,1,,26,1,1,1,0,,0,0,0,0
5,32,2,4,16,3,0,1,,28,1,1,3,0,,0,0,0,0
5,32,2,4,16,3,0,1,,29,1,1,1,0,,0,0,0,0
5,32,2,4,16,3,0,1,,30,1,1,1,0,,0,0,0,0
5,32,2,4,20,0,0,0,,,1,1,0,0,,0,0,0,0
5,32,2,4,20,0,0,1,,1,1,1,1,0,,0,0,0,0
5,32,2,4,20,0,0,1,,2,1,1,1,0,,0,0,0,0
5,32,2,4,20,0,0,1,,3,1,1,3,0,,0,0,0,0
5,32,2,4,20,0,0,1,,5,1,1,1,0,,0,0,0,0
5,32,2,4,20,0,0,1,,6,1,1,1,0,,0,0,0,0
5,32,2,4,20,0,0,1,,7,1,1,3,0,,0,0,0,0
5,32,2,4,20,0,0,1,,9,1,1,1,0,,0,0,0,0
5,32,2,4,20,0,0,1,,10,1,1,1,0,,0,0,0,0
5,32,2,4,20,0,0,1,,11,1,1,3,0,,0,0,0,0
5,32,2,4,20,0,0,1,,13,1,1,1,0,,0,0,0,0
5,32,2,4,20,0,0,1,,14,1,1,1,0,,0,0,0,0
5,32,2,4,20,0,0,1,,15,1,1,3,0,,0,0,0,0
5,32,2,4,20,0,0,1,,17,1,1,1,0,,0,0,0,0
5,32,2,4,20,0,0,1,,18,1,1,1,0,,0,0,0,0
5,32,2,4,20,0,0,1,,19,1,1,3,0,,0,0,0,0
5,32,2,4,20,0,0,1,,21,1,1,1,0,,0,0,0,0
5,32,2,4,20,0,0,1,,22,1,1,1,0,,0,0,0,0
5,32,2,4,20,0,0,1,,23,1,1,3,0,,0,0,0,0
5,32,2,4,20,0,0,1,,25,1,1,1,0,,0,0,0,0
5,32,2,4,20,0,0,1,,26,1,1,1,0,,0,0,0,0
5,32,2,4,20,0,0,1,,27,1,1,3,0,,0,0,0,0
5,32,2,4,20,0,0,1,,29,1,1,1,0,,0,0,0,0
5,32,2,4,20,0,0,1,,30,1,1,1,0,,0,0,0,0
5,32,2,4,20,0,0,1,,31,1,1,3,0,,0,0,0,0
5,32,2,4,20,1,0,0,,,1,1,0,0,,0,0,0,0
5,32,2,4,20,1,0,1,,0,1,1,1,0,,0,0,0,0
5,32,2,4,20,1,0,1,,2,1,1,3,0,,0,0,0,0
5,32,2,4,20,1,0,1,,3,1,1,1,0,,0,0,0,0
5,32,2,4,20,1,0,1,,4,1,1,1,0,,0,0,0,0
5,32,2,4,20,1,0,1,,6,1,1,3,0,,0,0,0,0
5,32,2,4,20,1,0,1,,7,1,1,1,0,,0,0,0,0
5,32,2,4,20,1,0,1,,8,1,1,1,0,,0,0,0,0
5,32,2,4,20,1,0,1,,10,1,1,3,0,,0,0,0,0
5,32,2,4,20,1,0,1,,11,1,1,1,0,,0,0,0,0
5,32,2,4,20,1,0,1,,12,1,1,1,0,,0,0,0,0
5,32,2,4,20,1,0,1,,14,1,1,3,0,,0,0,0,0
5,32,2,4,20,1,0,1,,15,1,1,1,0,,0,0,0,0
5,32,2,4,20,1,0,1,,16,1,1,1,0,,0,0,0,0
5,32,2,4,20,1,0,1,,18,1,1,3,0,,0,0,0,0
5,32,2,4,20,1,0,1,,19,1,1,1,0,,0,0,0,0
5,32,2,4,20,1,0,1,,20,1,1,1,0,,0,0,0,0
5,32,2,4,20,1,0,1,,22,1,1,3,0,,0,0,0,0
5,32,2,4,20,1,0,1,,23,1,1,1,0,,0,0,0,0
5,32,2,4,20,1,0,1,,24,1,1,1,0,,0,0,0,0
5,32,2,4,20,1,0,1,,26,1,1,3,0,,0,0,0,0
5,32,2,4,20,1,0,1,,27,1,1,1,0,,0,0,0,0
5,32,2,4,20,1,0,1,,28,1,1,1,0,,0,0,0,0
5,32,2,4,20,1,0,1,,30,1,1,3,0,,0,0,0,0
5,32,2,4,20,1,0,1,,31,1,1,1,0,,0,0,0,0
5,32,2,4,20,2,0,0,,,1,1,0,0,,0,0,0,0
5,32,2,4,20,2,0,1,,0,1,1,1,0,,0,0,0,0
5,32,2,4,20,2,0,1,,1,1,1,3,0,,0,0,0,0
5,32,2,4,20,2,0,1,,3,1,1,1,0,,0,0,0,0
5,32,2,4,20,2,0,1,,4,1,1,1,0,,0,0,0,0
5,32,2,4,20,2,0,1,,5,1,1,3,0,,0,0,0,0
5,32,2,4,20,2,0,1,,7,1,1,1,0,,0,0,0,0
5,32,2,4,20,2,0,1,,8,1,1,1,0,,0,0,0,0
5,32,2,4,20,2,0,1,,9,1,1,3,0,,0,0,0,0
5,32,2,4,20,2,0,1,,11,1,1,1,0,,0,0,0,0
5,32,2,4,20,2,0,1,,12,1,1,1,0,,0,0,0,0
5,32,2,4,20,2,0,1,,13,1,1,3,0,,0,0,0,0
5,32,2,4,20,2,0,1,,15,1,1,1,0,,0,0,0,0
5,32,2,4,20,2,0,1,,16,1,1,1,0,,0,0,0,0
5,32,2,4,20,2,0,1,,17,1,1,3,0,,0,0,0,0
5,32,2,4,20,2,0,1,,19,1,1,1,0,,0,0,0,0
5,32,2,4,20,2,0,1,,20,1,1,1,0,,0,0,0,0
5,32,2,4,20,2,0,1,,21,1,1,3,0,,0,0,0,0
5,32,2,4,20,2,0,1,,23,1,1,1,0,,0,0,0,0
5,32,2,4,20,2,0,1,,24,1,1,1,0,,0,0,0,0
5,32,2,4,20,2,0,1,,25,1,1,3,0,,0,0,0,0
5,32,2,4,20,2,0,1,,27,1,1,1,0,,0,0,0,0
5,32,2,4,20,2,0,1,,28,1,1,1,0,,0,0,0,0
5,32,2,4,20,2,0,1,,29,1,1,3,0,,0,0,0,0
5,32,2,4,20,2,0,1,,31,1,1,1,0,,0,0,0,0
5,32,2,4,20,3,0,0,,,1,1,0,0,,0,0,0,0
5,32,2,4,20,3,0,1,,0,1,1,3,0,,0,0,0,0
5,32,2,4,20,3,0,1,,1,1,1,1,0,,0,0,0,0
5,32,2,4,20,3,0,1,,2,1,1,1,0,,0,0,0,0
5,32,2,4,20,3,0,1,,4,1,1,3,0,,0,0,0,0
5,32,2,4,20,3,0,1,,5,1,1,1,0,,0,0,0,0
5,32,2,4,20,3,0,1,,6,1,1,1,0,,0,0,0,0
5,32,2,4,20,3,0,1,,8,1,1,3,0,,0,0,0,0
5,32,2,4,20,3,0,1,,9,1,1,1,0,,0,0,0,0
5,32,2,4,20,3,0,1,,10,1,1,1,0,,0,0,0,0
5,32,2,4,20,3,0,1,,12,1,1,3,0,,0,0,0,0
5,32,2,4,20,3,0,1,,13,1,1,1,0,,0,0,0,0
5,32,2,4,20,3,0,1,,14,1,1,1,0,,0,0,0,0
5,32,2,4,20,3,0,1,,16,1,1,3,0,,0,0,0,0
5,32,2,4,20,3,0,1,,17,1,1,1,0,,0,0,0,0
5,32,2,4,20,3,0,1,,18,1,1,1,0,,0,0,0,0
5,32,2,4,20,3,0,1,,20,1,1,3,0,,0,0,0,0
5,32,2,4,20,3,0,1,,21,1,1,1,0,,0,0,0,0
5,32,2,4,20,3,0,1,,22,1,1,1,0,,0,0,0,0
5,32,2,4,20,3,0,1,,24,1,1,3,0,,0,0,0,0
5,32,2,4,20,3,0,1,,25,1,1,1,0,,0,0,0,0
5,32,2,4,20,3,0,1,,26,1,1,1,0,,0,0,0,0
5,32,2,4,20,3,0,1,,28,1,1,3,0,,0,0,0,0
5,32,2,4,20,3,0,1,,29,1,1,1,0,,0,0,0,0
5,32,2,4,20,3,0,1,,30,1,1,1,0,,0,0,0,0
5,32,2,4,24,0,0,0,,,1,1,0,0,,0,0,0,0
5,32,2,4,24,0,0,1,,1,1,1,1,0,,0,0,0,0
5,32,2,4,24,0,0,1,,2,1,1,1,0,,0,0,0,0
5,32,2,4,24,0,0,1,,3,1,1,3,0,,0,0,0,0
5,32,2,4,24,0,0,1,,5,1,1,1,0,,0,0,0,0
5,32,2,4,24,0,0,1,,6,1,1,1,0,,0,0,0,0
5,32,2,4,24,0,0,1,,7,1,1,3,0,,0,0,0,0
5,32,2,4,24,0,0,1,,9,1,1,1,0,,0,0,0,0
5,32,2,4,24,0,0,1,,10,1,1,1,0,,0,0,0,0
5,32,2,4,24,0,0,1,,11,1,1,3,0,,0,0,0,0
5,32,2,4,24,0,0,1,,13,1,1,1,0,,0,0,0,0
5,32,2,4,24,0,0,1,,14,1,1,1,0,,0,0,0,0
5,32,2,4,24,0,0,1,,15,1,1,3,0,,0,0,0,0
5,32,2,4,24,0,0,1,,17,1,1,1,0,,0,0,0,0
5,32,2,4,24,0,0,1,,18,1,1,1,0,,0,0,0,0
5,32,2,4,24,0,0,1,,19,1,1,3,0,,0,0,0,0
5,32,2,4,24,0,0,1,,21,1,1,1,0,,0,0,0,0
5,32,2,4,24,0,0,1,,22,1,1,1,0,,0,0,0,0
5,32,2,4,24,0,0,1,,23,1,1,3,0,,0,0,0,0
5,32,2,4,24,0,0,1,,25,1,1,1,0,,0,0,0,0
5,32,2,4,24,0,0,1,,26,1,1,1,0,,0,0,0,0
5,32,2,4,24,0,0,1,,27,1,1,3,0,,0,0,0,0
5,32,2,4,24,0,0,1,,29,1,1,1,0,,0,0,0,0
5,32,2,4,24,0,0,1,,30,1,1,1,0,,0,0,0,0
5,32,2,4,24,0,0,1,,31,1,1,3,0,,0,0,0,0
5,32,2,4,24,1,0,0,,,1,1,0,0,,0,0,0,0
5,32,2,4,24,1,0,1,,0,1,1,1,0,,0,0,0,0
5,32,2,4,24,1,0,1,,2,1,1,3,0,,0,0,0,0
5,32,2,4,24,1,0,1,,3,1,1,1,0,,0,0,0,0
5,32,2,4,24,1,0,1,,4,1,1,1,0,,0,0,0,0
5,32,2,4,24,1,0,1,,6,1,1,3,0,,0,0,0,0
5,32,2,4,24,1,0,1,,7,1,1,1,0,,0,0,0,0
5,32,2,4,24,1,0,1,,8,1,1,1,0,,0,0,0,0
5,32,2,4,24,1,0,1,,10,1,1,3,0,,0,0,0,0
5,32,2,4,24,1,0,1,,11,1,1,1,0,,0,0,0,0
5,32,2,4,24,1,0,1,,12,1,1,1,0,,0,0,0,0
5,32,2,4,24,1,0,1,,14,1,1,3,0,,0,0,0,0
5,32,2,4,24,1,0,1,,15,1,1,1,0,,0,0,0,0
5,32,2,4,24,1,0,1,,16,1,1,1,0,,0,0,0,0
5,32,2,4,24,1,0,1,,18,1,1,3,0,,0,0,0,0
5,32,2,4,24,1,0,1,,19,1,1,1,0,,0,0,0,0
5,32,2,4,24,1,0,1,,20,1,1,1,0,,0,0,0,0
5,32,2,4,24,1,0,1,,22,1,1,3,0,,0,0,0,0
5,32,2,4,24,1,0,1,,23,1,1,1,0,,0,0,0,0
5,32,2,4,24,1,0,1,,24,1,1,1,0,,0,0,0,0
5,32,2,4,24,1,0,1,,26,1,1,3,0,,0,0,0,0
5,32,2,4,24,1,0,1,,27,1,1,1,0,,0,0,0,0
5,32,2,4,24,1,0,1,,28,1,1,1,0,,0,0,0,0
5,32,2,4,24,1,0,1,,30,1,1,3,0,,0,0,0,0
5,32,2,4,24,1,0,1,,31,1,1,1,0,,0,0,0,0
5,32,2,4,24,2,0,0,,,1,1,0,0,,0,0,0,0
5,32,2,4,24,2,0,1,,0,1,1,1,0,,0,0,0,0
5,32,2,4,24,2,0,1,,1,1,1,3,0,,0,0,0,0
5,32,2,4,24,2,0,1,,3,1,1,1,0,,0,0,0,0
5,32,2,4,24,2,0,1,,4,1,1,1,0,,0,0,0,0
5,32,2,4,24,2,0,1,,5,1,1,3,0,,0,0,0,0
5,32,2,4,24,2,0,1,,7,1,1,1,0,,0,0,0,0
5,32,2,4,24,2,0,1,,8,1,1,1,0,,0,0,0,0
5,32,2,4,24,2,0,1,,9,1,1,3,0,,0,0,0,0
5,32,2,4,24,2,0,1,,11,1,1,1,0,,0,0,0,0
5,32,2,4,24,2,0,1,,12,1,1,1,0,,0,0,0,0
5,32,2,4,24,2,0,1,,13,1,1,3,0,,0,0,0,0
5,32,2,4,24,2,0,1,,15,1,1,1,0,,0,0,0,0
5,32,2,4,24,2,0,1,,16,1,1,1,0,,0,0,0,0
5,32,2,4,24,2,0,1,,17,1,1,3,0,,0,0,0,0
5,32,2,4,24,2,0,1,,19,1,1,1,0,,0,0,0,0
5,32,2,4,24,2,0,1,,20,1,1,1,0,,0,0,0,0
5,32,2,4,24,2,0,1,,21,1,1,3,0,,0,0,0,0
5,32,2,4,24,2,0,1,,23,1,1,1,0,,0,0,0,0
5,32,2,4,24,2,0,1,,24,1,1,1,0,,0,0,0,0
5,32,2,4,24,2,0,1,,25,1,1,3,0,,0,0,0,0
5,32,2,4,24,2,0,1,,27,1,1,1,0,,0,0,0,0
5,32,2,4,24,2,0,1,,28,1,1,1,0,,0,0,0,0
5,32,2,4,24,2,0,1,,29,1,1,3,0,,0,0,0,0
5,32,2,4,24,2,0,1,,31,1,1,1,0,,0,0,0,0
5,32,2,4,24,3,0,0,,,1,1,0,0,,0,0,0,0
5,32,2,4,24,3,0,1,,0,1,1,3,0,,0,0,0,0
5,32,2,4,24,3,0,1,,1,1,1,1,0,,0,0,0,0
5,32,2,4,24,3,0,1,,2,1,1,1,0,,0,0,0,0
5,32,2,4,24,3,0,1,,4,1,1,3,0,,0,0,0,0
5,32,2,4,24,3,0,1,,5,1,1,1,0,,0,0,0,0
5,32,2,4,24,3,0,1,,6,1,1,1,0,,0,0,0,0
5,32,2,4,24,3,0,1,,8,1,1,3,0,,0,0,0,0
5,32,2,4,24,3,0,1,,9,1,1,1,0,,0,0,0,0
5,32,2,4,24,3,0,1,,10,1,1,1,0,,0,0,0,0
5,32,2,4,24,3,0,1,,12,1,1,3,0,,0,0,0,0
5,32,2,4,24,3,0,1,,13,1,1,1,0,,0,0,0,0
5,32,2,4,24,3,0,1,,14,1,1,1,0,,0,0,0,0
5,32,2,4,24,3,0,1,,16,1,1,3,0,,0,0,0,0
5,32,2,4,24,3,0,1,,17,1,1,1,0,,0,0,0,0
5,32,2,4,24,3,0,1,,18,1,1,1,0,,0,0,0,0
5,32,2,4,24,3,0,1,,20,1,1,3,0,,0,0,0,0
5,32,2,4,24,3,0,1,,21,1,1,1,0,,0,0,0,0
5,32,2,4,24,3,0,1,,22,1,1,1,0,,0,0,0,0
5,32,2,4,24,3,0,1,,24,1,1,3,0,,0,0,0,0
5,32,2,4,24,3,0,1,,25,1,1,1,0,,0,0,0,0
5,32,2,4,24,3,0,1,,26,1,1,1,0,,0,0,0,0
5,32,2,4,24,3,0,1,,28,1,1,3,0,,0,0,0,0
5,32,2,4,24,3,0,1,,29,1,1,1,0,,0,0,0,0
5,32,2,4,24,3,0,1,,30,1,1,1,0,,0,0,0,0
5,32,2,4,28,0,0,0,,,1,1,0,0,,0,0,0,0
5,32,2,4,28,0,0,1,,1,1,1,1,0,,0,0,0,0
5,32,2,4,28,0,0,1,,2,1,1,1,0,,0,0,0,0
5,32,2,4,28,0,0,1,,3,1,1,3,0,,0,0,0,0
5,32,2,4,28,0,0,1,,5,1,1,1,0,,0,0,0,0
5,32,2,4,28,0,0,1,,6,1,1,1,0,,0,0,0,0
5,32,2,4,28,0,0,1,,7,1,1,3,0,,0,0,0,0
5,32,2,4,28,0,0,1,,9,1,1,1,0,,0,0,0,0
5,32,2,4,28,0,0,1,,10,1,1,1,0,,0,0,0,0
5,32,2,4,28,0,0,1,,11,1,1,3,0,,0,0,0,0
5,32,2,4,28,0,0,1,,13,1,1,1,0,,0,0,0,0
5,32,2,4,28,0,0,1,,14,1,1,1,0,,0,0,0,0
5,32,2,4,28,0,0,1,,15,1,1,3,0,,0,0,0,0
5,32,2,4,28,0,0,1,,17,1,1,1,0,,0,0,0,0
5,32,2,4,28,0,0,1,,18,1,1,1,0,,0,0,0,0
5,32,2,4,28,0,0,1,,19,1,1,3,0,,0,0,0,0
5,32,2,4,28,0,0,1,,21,1,1,1,0,,0,0,0,0
5,32,2,4,28,0,0,1,,22,1,1,1,0,,0,0,0,0
5,32,2,4,28,0,0,1,,23,1,1,3,0,,0,0,0,0
5,32,2,4,28,0,0,1,,25,1,1,1,0,,0,0,0,0
5,32,2,4,28,0,0,1,,26,1,1,1,0,,0,0,0,0
5,32,2,4,28,0,0,1,,27,1,1,3,0,,0,0,0,0
5,32,2,4,28,0,0,1,,29,1,1,1,0,,0,0,0,0
5,32,2,4,28,0,0,1,,30,1,1,1,0,,0,0,0,0
5,32,2,4,28,0,0,1,,31,1,1,3,0,,0,0,0,0
5,32,2,4,28,1,0,0,,,1,1,0,0,,0,0,0,0
5,32,2,4,28,1,0,1,,0,1,1,1,0,,0,0,0,0
5,32,2,4,28,1,0,1,,2,1,1,3,0,,0,0,0,0
5,32,2,4,28,1,0,1,,3,1,1,1,0,,0,0,0,0
5,32,2,4,28,1,0,1,,4,1,1,1,0,,0,0,0,0
5,32,2,4,28,1,0,1,,6,1,1,3,0,,0,0,0,0
5,32,2,4,28,1,0,1,,7,1,1,1,0,,0,0,0,0
5,32,2,4,28,1,0,1,,8,1,1,1,0,,0,0,0,0
5,32,2,4,28,1,0,1,,10,1,1,3,0,,0,0,0,0
5,32,2,4,28,1,0,1,,11,1,1,1,0,,0,0,0,0
5,32,2,4,28,1,0,1,,12,1,1,1,0,,0,0,0,0
5,32,2,4,28,1,0,1,,14,1,1,3,0,,0,0,0,0
5,32,2,4,28,1,0,1,,15,1,1,1,0,,0,0,0,0
5,32,2,4,28,1,0,1,,16,1,1,1,0,,0,0,0,0
5,32,2,4,28,1,0,1,,18,1,1,3,0,,0,0,0,0
5,32,2,4,28,1,0,1,,19,1,1,1,0,,0,0,0,0
5,32,2,4,28,1,0,1,,20,1,1,1,0,,0,0,0,0
5,32,2,4,28,1,0,1,,22,1,1,3,0,,0,0,0,0
5,32,2,4,28,1,0,1,,23,1,1,1,0,,0,0,0,0
5,32,2,4,28,1,0,1,,24,1,1,1,0,,0,0,0,0
5,32,2,4,28,1,0,1,,26,1,1,3,0,,0,0,0,0
5,32,2,4,28,1,0,1,,27,1,1,1,0,,0,0,0,0
5,32,2,4,28,1,0,1,,28,1,1,1,0,,0,0,0,0
5,32,2,4,28,1,0,1,,30,1,1,3,0,,0,0,0,0
5,32,2,4,28,1,0,1,,31,1,1,1,0,,0,0,0,0
5,32,2,4,28,2,0,0,,,1,1,0,0,,0,0,0,0
5,32,2,4,28,2,0,1,,0,1,1,1,0,,0,0,0,0
5,32,2,4,28,2,0,1,,1,1,1,3,0,,0,0,0,0
5,32,2,4,28,2,0,1,,3,1,1,1,0,,0,0,0,0
5,32,2,4,28,2,0,1,,4,1,1,1,0,,0,0,0,0
5,32,2,4,28,2,0,1,,5,1,1,3,0,,0,0,0,0
5,32,2,4,28,2,0,1,,7,1,1,1,0,,0,0,0,0
5,32,2,4,28,2,0,1,,8,1,1,1,0,,0,0,0,0
5,32,2,4,28,2,0,1,,9,1,1,3,0,,0,0,0,0
5,32,2,4,28,2,0,1,,11,1,1,1,0,,0,0,0,0
5,32,2,4,28,2,0,1,,12,1,1,1,0,,0,0,0,0
5,32,2,4,28,2,0,1,,13,1,1,3,0,,0,0,0,0
5,32,2,4,28,2,0,1,,15,1,1,1,0,,0,0,0,0
5,32,2,4,28,2,0,1,,16,1,1,1,0,,0,0,0,0
5,32,2,4,28,2,0,1,,17,1,1,3,0,,0,0,0,0
5,32,2,4,28,2,0,1,,19,1,1,1,0,,0,0,0,0
5,32,2,4,28,2,0,1,,20,1,1,1,0,,0,0,0,0
5,32,2,4,28,2,0,1,,21,1,1,3,0,,0,0,0,0
5,32,2,4,28,2,0,1,,23,1,1,1,0,,0,0,0,0
5,32,2,4,28,2,0,1,,24,1,1,1,0,,0,0,0,0
5,32,2,4,28,2,0,1,,25,1,1,3,0,,0,0,0,0
5,32,2,4,28,2,0,1,,27,1,1,1,0,,0,0,0,0
5,32,2,4,28,2,0,1,,28,1,1,1,0,,0,0,0,0
5,32,2,4,28,2,0,1,,29,1,1,3,0,,0,0,0,0
5,32,2,4,28,2,0,1,,31,1,1,1,0,,0,0,0,0
5,32,2,4,28,3,0,0,,,1,1,0,0,,0,0,0,0
5,32,2,4,28,3,0,1,,0,1,1,3,0,,0,0,0,0
5,32,2,4,28,3,0,1,,1,1,1,1,0,,0,0,0,0
5,32,2,4,28,3,0,1,,2,1,1,1,0,,0,0,0,0
5,32,2,4,28,3,0,1,,4,1,1,3,0,,0,0,0,0
5,32,2,4,28,3,0,1,,5,1,1,1,0,,0,0,0,0
5,32,2,4,28,3,0,1,,6,1,1,1,0,,0,0,0,0
5,32,2,4,28,3,0,1,,8,1,1,3,0,,0,0,0,0
5,32,2,4,28,3,0,1,,9,1,1,1,0,,0,0,0,0
5,32,2,4,28,3,0,1,,10,1,1,1,0,,0,0,0,0
5,32,2,4,28,3,0,1,,12,1,1,3,0,,0,0,0,0
5,32,2,4,28,3,0,1,,13,1,1,1,0,,0,0,0,0
5,32,2,4,28,3,0,1,,14,1,1,1,0,,0,0,0,0
5,32,2,4,28,3,0,1,,16,1,1,3,0,,0,0,0,0
5,32,2,4,28,3,0,1,,17,1,1,1,0,,0,0,0,0
5,32,2,4,28,3,0,1,,18,1,1,1,0,,0,0,0,0
5,32,2,4,28,3,0,1,,20,1,1,3,0,,0,0,0,0
5,32,2,4,28,3,0,1,,21,1,1,1,0,,0,0,0,0
5,32,2,4,28,3,0,1,,22,1,1,1,0,,0,0,0,0
5,32,2,4,28,3,0,1,,24,1,1,3,0,,0,0,0,0
5,32,2,4,28,3,0,1,,25,1,1,1,0,,0,0,0,0
5,32,2,4,28,3,0,1,,26,1,1,1,0,,0,0,0,0
5,32,2,4,28,3,0,1,,28,1,1,3,0,,0,0,0,0
5,32,2,4,28,3,0,1,,29,1,1,1,0,,0,0,0,0
5,32,2,4,28,3,0,1,,30,1,1,1,0,,0,0,0,0
5,32,3,8,0,0,0,0,,,1,1,0,0,,0,0,0,0
5,32,3,8,0,0,0,1,,1,1,1,2,0,,0,0,0,0
5,32,3,8,0,0,0,1,,2,1,1,2,0,,0,0,0,0
5,32,3,8,0,0,0,1,,3,1,1,3,0,,0,0,0,0
5,32,3,8,0,0,0,1,,4,1,1,2,0,,0,0,0,0
5,32,3,8,0,0,0,1,,5,1,1,3,0,,0,0,0,0
5,32,3,8,0,0,0,1,,6,1,1,3,0,,0,0,0,0
5,32,3,8,0,0,0,1,,7,1,1,5,0,,0,0,0,0
5,32,3,8,0,0,0,1,,9,1,1,2,0,,0,0,0,0
5,32,3,8,0,0,0,1,,10,1,1,2,0,,0,0,0,0
5,32,3,8,0,0,0,1,,11,1,1,3,0,,0,0,0,0
5,32,3,8,0,0,0,1,,12,1,1,2,0,,0,0,0,0
5,32,3,8,0,0,0,1,,13,1,1,3,0,,0,0,0,0
5,32,3,8,0,0,0,1,,14,1,1,3,0,,0,0,0,0
5,32,3,8,0,0,0,1,,15,1,1,5,0,,0,0,0,0
5,32,3,8,0,0,0,1,,17,1,1,2,0,,0,0,0,0
5,32,3,8,0,0,0,1,,18,1,1,2,0,,0,0,0,0
5,32,3,8,0,0,0,1,,19,1,1,3,0,,0,0,0,0
5,32,3,8,0,0,0,1,,20,1,1,2,0,,0,0,0,0
5,32,3,8,0,0,0,1,,21,1,1,3,0,,0,0,0,0
5,32,3,8,0,0,0,1,,22,1,1,3,0,,0,0,0,0
5,32,3,8,0,0,0,1,,23,1,1,5,0,,0,0,0,0
5,32,3,8,0,0,0,1,,25,1,1,2,0,,0,0,0,0
5,32,3,8,0,0,0,1,,26,1,1,2,0,,0,0,0,0
5,32,3,8,0,0,0,1,,27,1,1,3,0,,0,0,0,0
5,32,3,8,0,0,0,1,,28,1,1,2,0,,0,0,0,0
5,32,3,8,0,0,0,1,,29,1,1,3,0,,0,0,0,0
5,32,3,8,0,0,0,1,,30,1,1,3,0,,0,0,0,0
5,32,3,8,0,0,0,1,,31,1,1,5,0,,0,0,0,0
5,32,3,8,0,1,0,0,,,1,1,0,0,,0,0,0,0
5,32,3,8,0,1,0,1,,0,1,1,2,0,,0,0,0,0
5,32,3,8,0,1,0,1,,2,1,1,3,0,,0,0,0,0
5,32,3,8,0,1,0,1,,3,1,1,2,0,,0,0,0,0
5,32,3,8,0,1,0,1,,4,1,1,3,0,,0,0,0,0
5,32,3,8,0,1,0,1,,5,1,1,2,0,,0,0,0,0
5,32,3,8,0,1,0,1,,6,1,1,5,0,,0,0,0,0
5,32,3,8,0,1,0,1,,7,1,1,3,0,,0,0,0,0
5,32,3,8,0,1,0,1,,8,1,1,2,0,,0,0,0,0
5,32,3,8,0,1,0,1,,10,1,1,3,0,,0,0,0,0
5,32,3,8,0,1,0,1,,11,1,1,2,0,,0,0,0,0
5,32,3,8,0,1,0,1,,12,1,1,3,0,,0,0,0,0
5,32,3,8,0,1,0,1,,13,1,1,2,0,,0,0,0,0
5,32,3,8,0,1,0,1,,14,1,1,5,0,,0,0,0,0
5,32,3,8,0,1,0,1,,15,1,1,3,0,,0,0,0,0
5,32,3,8,0,1,0,1,,16,1,1,2,0,,0,0,0,0
5,32,3,8,0,1,0,1,,18,1,1,3,0,,0,0,0,0
5,32,3,8,0,1,0,1,,19,1,1,2,0,,0,0,0,0
5,32,3,8,0,1,0,1,,20,1,1,3,0,,0,0,0,0
5,32,3,8,0,1,0,1,,21,1,1,2,0,,0,0,0,0
5,32,3,8,0,1,0,1,,22,1,1,5,0,,0,0,0,0
5,32,3,8,0,1,0,1,,23,1,1,3,0,,0,0,0,0
5,32,3,8,0,1,0,1,,24,1,1,2,0,,0,0,0,0
5,32,3,8,0,1,0,1,,26,1,1,3,0,,0,0,0,0
5,32,3,8,0,1,0,1,,27,1,1,2,0,,0,0,0,0
5,32,3,8,0,1,0,1,,28,1,1,3,0,,0,0,0,0
5,32,3,8,0,1,0,1,,29,1,1,2,0,,0,0,0,0
5,32,3,8,0,1,0,1,,30,1,1,5,0,,0,0,0,0
5,32,3,8,0,1,0,1,,31,1,1,3,0,,0,0,0,0
5,32,3,8,0,2,0,0,,,1,1,0,0,,0,0,0,0
5,32,3,8,0,2,0,1,,0,1,1,2,0,,0,0,0,0
5,32,3,8,0,2,0,1,,1,1,1,3,0,,0,0,0,0
5,32,3,8,0,2,0,1,,3,1,1,2,0,,0,0,0,0
5,32,3,8,0,2,0,1,,4,1,1,3,0,,0,0,0,0
5,32,3,8,0,2,0,1,,5,1,1,5,0,,0,0,0,0
5,32,3,8,0,2,0,1,,6,1,1,2,0,,0,0,0,0
5,32,3,8,0,2,0,1,,7,1,1,3,0,,0,0,0,0
5,32,3,8,0,2,0,1,,8,1,1,2,0,,0,0,0,0
5,32,3,8,0,2,0,1,,9,1,1,3,0,,0,0,0,0
5,32,3,8,0,2,0,1,,11,1,1,2,0,,0,0,0,0
5,32,3,8,0,2,0,1,,12,1,1,3,0,,0,0,0,0
5,32,3,8,0,2,0,1,,13,1,1,5,0,,0,0,0,0
5,32,3,8,0,2,0,1,,14,1,1,2,0,,0,0,0,0
5,32,3,8,0,2,0,1,,15,1,1,3,0,,0,0,0,0
5,32,3,8,0,2,0,1,,16,1,1,2,0,,0,0,0,0
5,32,3,8,0,2,0,1,,17,1,1,3,0,,0,0,0,0
5,32,3,8,0,2,0,1,,19,1,1,2,0,,0,0,0,0
5,32,3,8,0,2,0,1,,20,1,1,3,0,,0,0,0,0
5,32,3,8,0,2,0,1,,21,1,1,5,0,,0,0,0,0
5,32,3,8,0,2,0,1,,22,1,1,2,0,,0,0,0,0
5,32,3,8,0,2,0,1,,23,1,1,3,0,,0,0,0,0
5,32,3,8,0,2,0,1,,24,1,1,2,0,,0,0,0,0
5,32,3,8,0,2,0,1,,25,1,1,3,0,,0,0,0,0
5,32,3,8,0,2,0,1,,27,1,1,2,0,,0,0,0,0
5,32,3,8,0,2,0,1,,28,1,1,3,0,,0,0,0,0
5,32,3,8,0,2,0,1,,29,1,1,5,0,,0,0,0,0
5,32,3,8,0,2,0,1,,30,1,1,2,0,,0,0,0,0
5,32,3,8,0,2,0,1,,31,1,1,3,0,,0,0,0,0
5,32,3,8,0,3,0,0,,,1,1,0,0,,0,0,0,0
5,32,3,8,0,3,0,1,,0,1,1,3,0,,0,0,0,0
5,32,3,8,0,3,0,1,,1,1,1,2,0,,0,0,0,0
5,32,3,8,0,3,0,1,,2,1,1,2,0,,0,0,0,0
5,32,3,8,0,3,0,1,,4,1,1,5,0,,0,0,0,0
5,32,3,8,0,3,0,1,,5,1,1,3,0,,0,0,0,0
5,32,3,8,0,3,0,1,,6,1,1,3,0,,0,0,0,0
5,32,3,8,0,3,0,1,,7,1,1,2,0,,0,0,0,0
5,32,3,8,0,3,0,1,,8,1,1,3,0,,0,0,0,0
5,32,3,8,0,3,0,1,,9,1,1,2,0,,0,0,0,0
5,32,3,8,0,3,0,1,,10,1,1,2,0,,0,0,0,0
5,32,3,8,0,3,0,1,,12,1,1,5,0,,0,0,0,0
5,32,3,8,0,3,0,1,,13,1,1,3,0,,0,0,0,0
5,32,3,8,0,3,0,1,,14,1,1,3,0,,0,0,0,0
5,32,3,8,0,3,0,1,,15,1,1,2,0,,0,0,0,0
5,32,3,8,0,3,0,1,,16,1,1,3,0,,0,0,0,0
5,32,3,8,0,3,0,1,,17,1,1,2,0,,0,0,0,0
5,32,3,8,0,3,0,1,,18,1,1,2,0,,0,0,0,0
5,32,3,8,0,3,0,1,,20,1,1,5,0,,0,0,0,0
5,32,3,8,0,3,0,1,,21,1,1,3,0,,0,0,0,0
5,32,3,8,0,3,0,1,,22,1,1,3,0,,0,0,0,0
5,32,3,8,0,3,0,1,,23,1,1,2,0,,0,0,0,0
5,32,3,8,0,3,0,1,,24,1,1,3,0,,0,0,0,0
5,32,3,8,0,3,0,1,,25,1,1,2,0,,0,0,0,0
5,32,3,8,0,3,0,1,,26,1,1,2,0,,0,0,0,0
5,32,3,8,0,3,0,1,,28,1,1,5,0,,0,0,0,0
5,32,3,8,0,3,0,1,,29,1,1,3,0,,0,0,0,0
5,32,3,8,0,3,0,1,,30,1,1,3,0,,0,0,0,0
5,32,3,8,0,3,0,1,,31,1,1,2,0,,0,0,0,0
5,32,3,8,0,4,0,0,,,1,1,0,0,,0,0,0,0
5,32,3,8,0,4,0,1,,0,1,1,2,0,,0,0,0,0
5,32,3,8,0,4,0,1,,1,1,1,3,0,,0,0,0,0
5,32,3,8,0,4,0,1,,2,1,1,3,0,,0,0,0,0
5,32,3,8,0,4,0,1,,3,1,1,5,0,,0,0,0,0
5,32,3,8,0,4,0,1,,5,1,1,2,0,,0,0,0,0
5,32,3,8,0,4,0,1,,6,1,1,2,0,,0,0,0,0
5,32,3,8,0,4,0,1,,7,1,1,3,0,,0,0,0,0
5,32,3,8,0,4,0,1,,8,1,1,2,0,,0,0,0,0
5,32,3,8,0,4,0,1,,9,1,1,3,0,,0,0,0,0
5,32,3,8,0,4,0,1,,10,1,1,3,0,,0,0,0,0
5,32,3,8,0,4,0,1,,11,1,1,5,0,,0,0,0,0
5,32,3,8,0,4,0,1,,13,1,1,2,0,,0,0,0,0
5,32,3,8,0,4,0,1,,14,1,1,2,0,,0,0,0,0
5,32,3,8,0,4,0,1,,15,1,1,3,0,,0,0,0,0
5,32,3,8,0,4,0,1,,16,1,1,2,0,,0,0,0,0
5,32,3,8,0,4,0,1,,17,1,1,3,0,,0,0,0,0
5,32,3,8,0,4,0,1,,18,1,1,3,0,,0,0,0,0
5,32,3,8,0,4,0,1,,19,1,1,5,0,,0,0,0,0
5,32,3,8,0,4,0,1,,21,1,1,2,0,,0,0,0,0
5,32,3,8,0,4,0,1,,22,1,1,2,0,,0,0,0,0
5,32,3,8,0,4,0,1,,23,1,1,3,0,,0,0,0,0
5,32,3,8,0,4,0,1,,24,1,1,2,0,,0,0,0,0
5,32,3,8,0,4,0,1,,25,1,1,3,0,,0,0,0,0
5,32,3,8,0,4,0,1,,26,1,1,3,0,,0,0,0,0
5,32,3,8,0,4,0,1,,27,1,1,5,0,,0,0,0,0
5,32,3,8,0,4,0,1,,29,1,1,2,0,,0,0,0,0
5,32,3,8,0,4,0,1,,30,1,1,2,0,,0,0,0,0
5,32,3,8,0,4,0,1,,31,1,1,3,0,,0,0,0,0
5,32,3,8,0,5,0,0,,,1,1,0,0,,0,0,0,0
5,32,3,8,0,5,0,1,,0,1,1,3,0,,0,0,0,0
5,32,3,8,0,5,0,1,,1,1,1,2,0,,0,0,0,0
5,32,3,8,0,5,0,1,,2,1,1,5,0,,0,0,0,0
5,32,3,8,0,5,0,1,,3,1,1,3,0,,0,0,0,0
5,32,3,8,0,5,0,1,,4,1,1,2,0,,0,0,0,0
5,32,3,8,0,5,0,1,,6,1,1,3,0,,0,0,0,0
5,32,3,8,0,5,0,1,,7,1,1,2,0,,0,0,0,0
5,32,3,8,0,5,0,1,,8,1,1,3,0,,0,0,0,0
5,32,3,8,0,5,0,1,,9,1,1,2,0,,0,0,0,0
5,32,3,8,0,5,0,1,,10,1,1,5,0,,0,0,0,0
5,32,3,8,0,5,0,1,,11,1,1,3,0,,0,0,0,0
5,32,3,8,0,5,0,1,,12,1,1,2,0,,0,0,0,0
5,32,3,8,0,5,0,1,,14,1,1,3,0,,0,0,0,0
5,32,3,8,0,5,0,1,,15,1,1,2,0,,0,0,0,0
5,32,3,8,0,5,0,1,,16,1,1,3,0,,0,0,0,0
5,32,3,8,0,5,0,1,,17,1,1,2,0,,0,0,0,0
5,32,3,8,0,5,0,1,,18,1,1,5,0,,0,0,0,0
5,32,3,8,0,5,0,1,,19,1,1,3,0,,0,0,0,0
5,32,3,8,0,5,0,1,,20,1,1,2,0,,0,0,0,0
5,32,3,8,0,5,0,1,,22,1,1,3,0,,0,0,0,0
5,32,3,8,0,5,0,1,,23,1,1,2,0,,0,0,0,0
5,32,3,8,0,5,0,1,,24,1,1,3,0,,0,0,0,0
5,32,3,8,0,5,0,1,,25,1,1,2,0,,0,0,0,0
5,32,3,8,0,5,0,1,,26,1,1,5,0,,0,0,0,0
5,32,3,8,0,5,0,1,,27,1,1,3,0,,0,0,0,0
5,32,3,8,0,5,0,1,,28,1,1,2,0,,0,0,0,0
5,32,3,8,0,5,0,1,,30,1,1,3,0,,0,0,0,0
5,32,3,8,0,5,0,1,,31,1,1,2,0,,0,0,0,0
5,32,3,8,0,6,0,0,,,1,1,0,0,,0,0,0,0
5,32,3,8,0,6,0,1,,0,1,1,3,0,,0,0,0,0
5,32,3,8,0,6,0,1,,1,1,1,5,0,,0,0,0,0
5,32,3,8,0,6,0,1,,2,1,1,2,0,,0,0,0,0
5,32,3,8,0,6,0,1,,3,1,1,3,0,,0,0,0,0
5,32,3,8,0,6,0,1,,4,1,1,2,0,,0,0,0,0
5,32,3,8,0,6,0,1,,5,1,1,3,0,,0,0,0,0
5,32,3,8,0,6,0,1,,7,1,1,2,0,,0,0,0,0
5,32,3,8,0,6,0,1,,8,1,1,3,0,,0,0,0,0
5,32,3,8,0,6,0,1,,9,1,1,5,0,,0,0,0,0
5,32,3,8,0,6,0,1,,10,1,1,2,0,,0,0,0,0
5,32,3,8,0,6,0,1,,11,1,1,3,0,,0,0,0,0
5,32,3,8,0,6,0,1,,12,1,1,2,0,,0,0,0,0
5,32,3,8,0,6,0,1,,13,1,1,3,0,,0,0,0,0
5,32,3,8,0,6,0,1,,15,1,1,2,0,,0,0,0,0
5,32,3,8,0,6,0,1,,16,1,1,3,0,,0,0,0,0
5,32,3,8,0,6,0,1,,17,1,1,5,0,,0,0,0,0
5,32,3,8,0,6,0,1,,18,1,1,2,0,,0,0,0,0
5,32,3,8,0,6,0,1,,19,1,1,3,0,,0,0,0,0
5,32,3,8,0,6,0,1,,20,1,1,2,0,,0,0,0,0
5,32,3,8,0,6,0,1,,21,1,1,3,0,,0,0,0,0
5,32,3,8,0,6,0,1,,23,1,1,2,0,,0,0,0,0
5,32,3,8,0,6,0,1,,24,1,1,3,0,,0,0,0,0
5,32,3,8,0,6,0,1,,25,1,1,5,0,,0,0,0,0
5,32,3,8,0,6,0,1,,26,1,1,2,0,,0,0,0,0
5,32,3,8,0,6,0,1,,27,1,1,3,0,,0,0,0,0
5,32,3,8,0,6,0,1,,28,1,1,2,0,,0,0,0,0
5,32,3,8,0,6,0,1,,29,1,1,3,0,,0,0,0,0
5,32,3,8,0,6,0,1,,31,1,1,2,0,,0,0,0,0
5,32,3,8,0,7,0,0,,,1,1,0,0,,0,0,0,0
5,32,3,8,0,7,0,1,,0,1,1,5,0,,0,0,0,0
5,32,3,8,0,7,0,1,,1,1,1,3,0,,0,0,0,0
5,32,3,8,0,7,0,1,,2,1,1,3,0,,0,0,0,0
5,32,3,8,0,7,0,1,,3,1,1,2,0,,0,0,0,0
5,32,3,8,0,7,0,1,,4,1,1,3,0,,0,0,0,0
5,32,3,8,0,7,0,1,,5,1,1,2,0,,0,0,0,0
5,32,3,8,0,7,0,1,,6,1,1,2,0,,0,0,0,0
5,32,3,8,0,7,0,1,,8,1,1,5,0,,0,0,0,0
5,32,3,8,0,7,0,1,,9,1,1,3,0,,0,0,0,0
5,32,3,8,0,7,0,1,,10,1,1,3,0,,0,0,0,0
5,32,3,8,0,7,0,1,,11,1,1,2,0,,0,0,0,0
5,32,3,8,0,7,0,1,,12,1,1,3,0,,0,0,0,0
5,32,3,8,0,7,0,1,,13,1,1,2,0,,0,0,0,0
5,32,3,8,0,7,0,1,,14,1,1,2,0,,0,0,0,0
5,32,3,8,0,7,0,1,,16,1,1,5,0,,0,0,0,0
5,32,3,8,0,7,0,1,,17,1,1,3,0,,0,0,0,0
5,32,3,8,0,7,0,1,,18,1,1,3,0,,0,0,0,0
5,32,3,8,0,7,0,1,,19,1,1,2,0,,0,0,0,0
5,32,3,8,0,7,0,1,,20,1,1,3,0,,0,0,0,0
5,32,3,8,0,7,0,1,,21,1,1,2,0,,0,0,0,0
5,32,3,8,0,7,0,1,,22,1,1,2,0,,0,0,0,0
5,32,3,8,0,7,0,1,,24,1,1,5,0,,0,0,0,0
5,32,3,8,0,7,0,1,,25,1,1,3,0,,0,0,0,0
5,32,3,8,0,7,0,1,,26,1,1,3,0,,0,0,0,0
5,32,3,8,0,7,0,1,,27,1,1,2,0,,0,0,0,0
5,32,3,8,0,7,0,1,,28,1,1,3,0,,0,0,0,0
5,32,3,8,0,7,0,1,,29,1,1,2,0,,0,0,0,0
5,32,3,8,0,7,0,1,,30,1,1,2,0,,0,0,0,0
5,32,3,8,8,0,0,0,,,1,1,0,0,,0,0,0,0
5,32,3,8,8,0,0,1,,1,1,1,2,0,,0,0,0,0
5,32,3,8,8,0,0,1,,2,1,1,2,0,,0,0,0,0
5,32,3,8,8,0,0,1,,3,1,1,3,0,,0,0,0,0
5,32,3,8,8,0,0,1,,4,1,1,2,0,,0,0,0,0
5,32,3,8,8,0,0,1,,5,1,1,3,0,,0,0,0,0
5,32,3,8,8,0,0,1,,6,1,1,3,0,,0,0,0,0
5,32,3,8,8,0,0,1,,7,1,1,5,0,,0,0,0,0
5,32,3,8,8,0,0,1,,9,1,1,2,0,,0,0,0,0
5,32,3,8,8,0,0,1,,10,1,1,2,0,,0,0,0,0
5,32,3,8,8,0,0,1,,11,1,1,3,0,,0,0,0,0
5,32,3,8,8,0,0,1,,12,1,1,2,0,,0,0,0,0
5,32,3,8,8,0,0,1,,13,1,1,3,0,,0,0,0,0
5,32,3,8,8,0,0,1,,14,1,1,3,0,,0,0,0,0
5,32,3,8,8,0,0,1,,15,1,1,5,0,,0,0,0,0
5,32,3,8,8,0,0,1,,17,1,1,2,0,,0,0,0,0
5,32,3,8,8,0,0,1,,18,1,1,2,0,,0,0,0,0
5,32,3,8,8,0,0,1,,19,1,1,3,0,,0,0,0,0
5,32,3,8,8,0,0,1,,20,1,1,2,0,,0,0,0,0
5,32,3,8,8,0,0,1,,21,1,1,3,0,,0,0,0,0
5,32,3,8,8,0,0,1,,22,1,1,3,0,,0,0,0,0
5,32,3,8,8,0,0,1,,23,1,1,5,0,,0,0,0,0
5,32,3,8,8,0,0,1,,25,1,1,2,0,,0,0,0,0
5,32,3,8,8,0,0,1,,26,1,1,2,0,,0,0,0,0
5,32,3,8,8,0,0,1,,27,1,1,3,0,,0,0,0,0
5,32,3,8,8,0,0,1,,28,1,1,2,0,,0,0,0,0
5,32,3,8,8,0,0,1,,29,1,1,3,0,,0,0,0,0
5,32,3,8,8,0,0,1,,30,1,1,3,0,,0,0,0,0
5,32,3,8,8,0,0,1,,31,1,1,5,0,,0,0,0,0
5,32,3,8,8,1,0,0,,,1,1,0,0,,0,0,0,0
5,32,3,8,8,1,0,1,,0,1,1,2,0,,0,0,0,0
5,32,3,8,8,1,0,1,,2,1,1,3,0,,0,0,0,0
5,32,3,8,8,1,0,1,,3,1,1,2,0,,0,0,0,0
5,32,3,8,8,1,0,1,,4,1,1,3,0,,0,0,0,0
5,32,3,8,8,1,0,1,,5,1,1,2,0,,0,0,0,0
5,32,3,8,8,1,0,1,,6,1,1,5,0,,0,0,0,0
5,32,3,8,8,1,0,1,,7,1,1,3,0,,0,0,0,0
5,32,3,8,8,1,0,1,,8,1,1,2,0,,0,0,0,0
5,32,3,8,8,1,0,1,,10,1,1,3,0,,0,0,0,0
5,32,3,8,8,1,0,1,,11,1,1,2,0,,0,0,0,0
5,32,3,8,8,1,0,1,,12,1,1,3,0,,0,0,0,0
5,32,3,8,8,1,0,1,,13,1,1,2,0,,0,0,0,0
5,32,3,8,8,1,0,1,,14,1,1,5,0,,0,0,0,0
5,32,3,8,8,1,0,1,,15,1,1,3,0,,0,0,0,0
5,32,3,8,8,1,0,1,,16,1,1,2,0,,0,0,0,0
5,32,3,8,8,1,0,1,,18,1,1,3,0,,0,0,0,0
5,32,3,8,8,1,0,1,,19,1,1,2,0,,0,0,0,0
5,32,3,8,8,1,0,1,,20,1,1,3,0,,0,0,0,0
5,32,3,8,8,1,0,1,,21,1,1,2,0,,0,0,0,0
5,32,3,8,8,1,0,1,,22,1,1,5,0,,0,0,0,0
5,32,3,8,8,1,0,1,,23,1,1,3,0,,0,0,0,0
5,32,3,8,8,1,0,1,,24,1,1,2,0,,0,0,0,0
5,32,3,8,8,1,0,1,,26,1,1,3,0,,0,0,0,0
5,32,3,8,8,1,0,1,,27,1,1,2,0,,0,0,0,0
5,32,3,8,8,1,0,1,,28,1,1,3,0,,0,0,0,0
5,32,3,8,8,1,0,1,,29,1,1,2,0,,0,0,0,0
5,32,3,8,8,1,0,1,,30,1,1,5,0,,0,0,0,0
5,32,3,8,8,1,0,1,,31,1,1,3,0,,0,0,0,0
5,32,3,8,8,2,0,0,,,1,1,0,0,,0,0,0,0
5,32,3,8,8,2,0,1,,0,1,1,2,0,,0,0,0,0
5,32,3,8,8,2,0,1,,1,1,1,3,0,,0,0,0,0
5,32,3,8,8,2,0,1,,3,1,1,2,0,,0,0,0,0
5,32,3,8,8,2,0,1,,4,1,1,3,0,,0,0,0,0
5,32,3,8,8,2,0,1,,5,1,1,5,0,,0,0,0,0
5,32,3,8,8,2,0,1,,6,1,1,2,0,,0,0,0,0
5,32,3,8,8,2,0,1,,7,1,1,3,0,,0,0,0,0
5,32,3,8,8,2,0,1,,8,1,1,2,0,,0,0,0,0
5,32,3,8,8,2,0,1,,9,1,1,3,0,,0,0,0,0
5,32,3,8,8,2,0,1,,11,1,1,2,0,,0,0,0,0
5,32,3,8,8,2,0,1,,12,1,1,3,0,,0,0,0,0
5,32,3,8,8,2,0,1,,13,1,1,5,0,,0,0,0,0
5,32,3,8,8,2,0,1,,14,1,1,2,0,,0,0,0,0
5,32,3,8,8,2,0,1,,15,1,1,3,0,,0,0,0,0
5,32,3,8,8,2,0,1,,16,1,1,2,0,,0,0,0,0
5,32,3,8,8,2,0,1,,17,1,1,3,0,,0,0,0,0
5,32,3,8,8,2,0,1,,19,1,1,2,0,,0,0,0,0
5,32,3,8,8,2,0,1,,20,1,1,3,0,,0,0,0,0
5,32,3,8,8,2,0,1,,21,1,1,5,0,,0,0,0,0
5,32,3,8,8,2,0,1,,22,1,1,2,0,,0,0,0,0
5,32,3,8,8,2,0,1,,23,1,1,3,0,,0,0,0,0
5,32,3,8,8,2,0,1,,24,1,1,2,0,,0,0,0,0
5,32,3,8,8,2,0,1,,25,1,1,3,0,,0,0,0,0
5,32,3,8,8,2,0,1,,27,1,1,2,0,,0,0,0,0
5,32,3,8,8,2,0,1,,28,1,1,3,0,,0,0,0,0
5,32,3,8,8,2,0,1,,29,1,1,5,0,,0,0,0,0
5,32,3,8,8,2,0,1,,30,1,1,2,0,,0,0,0,0
5,32,3,8,8,2,0,1,,31,1,1,3,0,,0,0,0,0
5,32,3,8,8,3,0,0,,,1,1,0,0,,0,0,0,0
5,32,3,8,8,3,0,1,,0,1,1,3,0,,0,0,0,0
5,32,3,8,8,3,0,1,,1,1,1,2,0,,0,0,0,0
5,32,3,8,8,3,0,1,,2,1,1,2,0,,0,0,0,0
5,32,3,8,8,3,0,1,,4,1,1,5,0,,0,0,0,0
5,32,3,8,8,3,0,1,,5,1,1,3,0,,0,0,0,0
5,32,3,8,8,3,0,1,,6,1,1,3,0,,0,0,0,0
5,32,3,8,8,3,0,1,,7,1,1,2,0,,0,0,0,0
5,32,3,8,8,3,0,1,,8,1,1,3,0,,0,0,0,0
5,32,3,8,8,3,0,1,,9,1,1,2,0,,0,0,0,0
5,32,3,8,8,3,0,1,,10,1,1,2,0,,0,0,0,0
5,32,3,8,8,3,0,1,,12,1,1,5,0,,0,0,0,0
5,32,3,8,8,3,0,1,,13,1,1,3,0,,0,0,0,0
5,32,3,8,8,3,0,1,,14,1,1,3,0,,0,0,0,0
5,32,3,8,8,3,0,1,,15,1,1,2,0,,0,0,0,0
5,32,3,8,8,3,0,1,,16,1,1,3,0,,0,0,0,0
5,32,3,8,8,3,0,1,,17,1,1,2,0,,0,0,0,0
5,32,3,8,8,3,0,1,,18,1,1,2,0,,0,0,0,0
5,32,3,8,8,3,0,1,,20,1,1,5,0,,0,0,0,0
5,32,3,8,8,3,0,1,,21,1,1,3,0,,0,0,0,0
5,32,3,8,8,3,0,1,,22,1,1,3,0,,0,0,0,0
5,32,3,8,8,3,0,1,,23,1,1,2,0,,0,0,0,0
5,32,3,8,8,3,0,1,,24,1,1,3,0,,0,0,0,0
5,32,3,8,8,3,0,1,,25,1,1,2,0,,0,0,0,0
5,32,3,8,8,3,0,1,,26,1,1,2,0,,0,0,0,0
5,32,3,8,8,3,0,1,,28,1,1,5,0,,0,0,0,0
5,32,3,8,8,3,0,1,,29,1,1,3,0,,0,0,0,0
5,32,3,8,8,3,0,1,,30,1,1,3,0,,0,0,0,0
5,32,3,8,8,3,0,1,,31,1,1,2,0,,0,0,0,0
5,32,3,8,8,4,0,0,,,1,1,0,0,,0,0,0,0
5,32,3,8,8,4,0,1,,0,1,1,2,0,,0,0,0,0
5,32,3,8,8,4,0,1,,1,1,1,3,0,,0,0,0,0
5,32,3,8,8,4,0,1,,2,1,1,3,0,,0,0,0,0
5,32,3,8,8,4,0,1,,3,1,1,5,0,,0,0,0,0
5,32,3,8,8,4,0,1,,5,1,1,2,0,,0,0,0,0
5,32,3,8,8,4,0,1,,6,1,1,2,0,,0,0,0,0
5,32,3,8,8,4,0,1,,7,1,1,3,0,,0,0,0,0
5,32,3,8,8,4,0,1,,8,1,1,2,0,,0,0,0,0
5,32,3,8,8,4,0,1,,9,1,1,3,0,,0,0,0,0
5,32,3,8,8,4,0,1,,10,1,1,3,0,,0,0,0,0
5,32,3,8,8,4,0,1,,11,1,1,5,0,,0,0,0,0
5,32,3,8,8,4,0,1,,13,1,1,2,0,,0,0,0,0
5,32,3,8,8,4,0,1,,14,1,1,2,0,,0,0,0,0
5,32,3,8,8,4,0,1,,15,1,1,3,0,,0,0,0,0
5,32,3,8,8,4,0,1,,16,1,1,2,0,,0,0,0,0
5,32,3,8,8,4,0,1,,17,1,1,3,0,,0,0,0,0
5,32,3,8,8,4,0,1,,18,1,1,3,0,,0,0,0,0
5,32,3,8,8,4,0,1,,19,1,1,5,0,,0,0,0,0
5,32,3,8,8,4,0,1,,21,1,1,2,0,,0,0,0,0
5,32,3,8,8,4,0,1,,22,1,1,2,0,,0,0,0,0
5,32,3,8,8,4,0,1,,23,1,1,3,0,,0,0,0,0
5,32,3,8,8,4,0,1,,24,1,1,2,0,,0,0,0,0
5,32,3,8,8,4,0,1,,25,1,1,3,0,,0,0,0,0
5,32,3,8,8,4,0,1,,26,1,1,3,0,,0,0,0,0
5,32,3,8,8,4,0,1,,27,1,1,5,0,,0,0,0,0
5,32,3,8,8,4,0,1,,29,1,1,2,0,,0,0,0,0
5,32,3,8,8,4,0,1,,30,1,1,2,0,,0,0,0,0
5,32,3,8,8,4,0,1,,31,1,1,3,0,,0,0,0,0
5,32,3,8,8,5,0,0,,,1,1,0,0,,0,0,0,0
5,32,3,8,8,5,0,1,,0,1,1,3,0,,0,0,0,0
5,32,3,8,8,5,0,1,,1,1,1,2,0,,0,0,0,0
5,32,3,8,8,5,0,1,,2,1,1,5,0,,0,0,0,0
5,32,3,8,8,5,0,1,,3,1,1,3,0,,0,0,0,0
5,32,3,8,8,5,0,1,,4,1,1,2,0,,0,0,0,0
5,32,3,8,8,5,0,1,,6,1,1,3,0,,0,0,0,0
5,32,3,8,8,5,0,1,,7,1,1,2,0,,0,0,0,0
5,32,3,8,8,5,0,1,,8,1,1,3,0,,0,0,0,0
5,32,3,8,8,5,0,1,,9,1,1,2,0,,0,0,0,0
5,32,3,8,8,5,0,1,,10,1,1,5,0,,0,0,0,0
5,32,3,8,8,5,0,1,,11,1,1,3,0,,0,0,0,0
5,32,3,8,8,5,0,1,,12,1,1,2,0,,0,0,0,0
5,32,3,8,8,5,0,1,,14,1,1,3,0,,0,0,0,0
5,32,3,8,8,5,0,1,,15,1,1,2,0,,0,0,0,0
5,32,3,8,8,5,0,1,,16,1,1,3,0,,0,0,0,0
5,32,3,8,8,5,0,1,,17,1,1,2,0,,0,0,0,0
5,32,3,8,8,5,0,1,,18,1,1,5,0,,0,0,0,0
5,32,3,8,8,5,0,1,,19,1,1,3,0,,0,0,0,0
5,32,3,8,8,5,0,1,,20,1,1,2,0,,0,0,0,0
5,32,3,8,8,5,0,1,,22,1,1,3,0,,0,0,0,0
5,32,3,8,8,5,0,1,,23,1,1,2,0,,0,0,0,0
5,32,3,8,8,5,0,1,,24,1,1,3,0,,0,0,0,0
5,32,3,8,8,5,0,1,,25,1,1,2,0,,0,0,0,0
5,32,3,8,8,5,0,1,,26,1,1,5,0,,0,0,0,0
5,32,3,8,8,5,0,1,,27,1,1,3,0,,0,0,0,0
5,32,3,8,8,5,0,1,,28,1,1,2,0,,0,0,0,0
5,32,3,8,8,5,0,1,,30,1,1,3,0,,0,0,0,0
5,32,3,8,8,5,0,1,,31,1,1,2,0,,0,0,0,0
5,32,3,8,8,6,0,0,,,1,1,0,0,,0,0,0,0
5,32,3,8,8,6,0,1,,0,1,1,3,0,,0,0,0,0
5,32,3,8,8,6,0,1,,1,1,1,5,0,,0,0,0,0
5,32,3,8,8,6,0,1,,2,1,1,2,0,,0,0,0,0
5,32,3,8,8,6,0,1,,3,1,1,3,0,,0,0,0,0
5,32,3,8,8,6,0,1,,4,1,1,2,0,,0,0,0,0
5,32,3,8,8,6,0,1,,5,1,1,3,0,,0,0,0,0
5,32,3,8,8,6,0,1,,7,1,1,2,0,,0,0,0,0
5,32,3,8,8,6,0,1,,8,1,1,3,0,,0,0,0,0
5,32,3,8,8,6,0,1,,9,1,1,5,0,,0,0,0,0
5,32,3,8,8,6,0,1,,10,1,1,2,0,,0,0,0,0
5,32,3,8,8,6,0,1,,11,1,1,3,0,,0,0,0,0
5,32,3,8,8,6,0,1,,12,1,1,2,0,,0,0,0,0
5,32,3,8,8,6,0,1,,13,1,1,3,0,,0,0,0,0
5,32,3,8,8,6,0,1,,15,1,1,2,0,,0,0,0,0
5,32,3,8,8,6,0,1,,16,1,1,3,0,,0,0,0,0
5,32,3,8,8,6,0,1,,17,1,1,5,0,,0,0,0,0
5,32,3,8,8,6,0,1,,18,1,1,2,0,,0,0,0,0
5,32,3,8,8,6,0,1,,19,1,1,3,0,,0,0,0,0
5,32,3,8,8,6,0,1,,20,1,1,2,0,,0,0,0,0
5,32,3,8,8,6,0,1,,21,1,1,3,0,,0,0,0,0
5,32,3,8,8,6,0,1,,23,1,1,2,0,,0,0,0,0
5,32,3,8,8,6,0,1,,24,1,1,3,0,,0,0,0,0
5,32,3,8,8,6,0,1,,25,1,1,5,0,,0,0,0,0
5,32,3,8,8,6,0,1,,26,1,1,2,0,,0,0,0,0
5,32,3,8,8,6,0,1,,27,1,1,3,0,,0,0,0,0
5,32,3,8,8,6,0,1,,28,1,1,2,0,,0,0,0,0
5,32,3,8,8,6,0,1,,29,1,1,3,0,,0,0,0,0
5,32,3,8,8,6,0,1,,31,1,1,2,0,,0,0,0,0
5,32,3,8,8,7,0,0,,,1,1,0,0,,0,0,0,0
5,32,3,8,8,7,0,1,,0,1,1,5,0,,0,0,0,0
5,32,3,8,8,7,0,1,,1,1,1,3,0,,0,0,0,0
5,32,3,8,8,7,0,1,,2,1,1,3,0,,0,0,0,0
5,32,3,8,8,7,0,1,,3,1,1,2,0,,0,0,0,0
5,32,3,8,8,7,0,1,,4,1,1,3,0,,0,0,0,0
5,32,3,8,8,7,0,1,,5,1,1,2,0,,0,0,0,0
5,32,3,8,8,7,0,1,,6,1,1,2,0,,0,0,0,0
5,32,3,8,8,7,0,1,,8,1,1,5,0,,0,0,0,0
5,32,3,8,8,7,0,1,,9,1,1,3,0,,0,0,0,0
5,32,3,8,8,7,0,1,,10,1,1,3,0,,0,0,0,0
5,32,3,8,8,7,0,1,,11,1,1,2,0,,0,0,0,0
5,32,3,8,8,7,0,1,,12,1,1,3,0,,0,0,0,0
5,32,3,8,8,7,0,1,,13,1,1,2,0,,0,0,0,0
5,32,3,8,8,7,0,1,,14,1,1,2,0,,0,0,0,0
5,32,3,8,8,7,0,1,,16,1,1,5,0,,0,0,0,0
5,32,3,8,8,7,0,1,,17,1,1,3,0,,0,0,0,0
5,32,3,8,8,7,0,1,,18,1,1,3,0,,0,0,0,0
5,32,3,8,8,7,0,1,,19,1,1,2,0,,0,0,0,0
5,32,3,8,8,7,0,1,,20,1,1,3,0,,0,0,0,0
5,32,3,8,8,7,0,1,,21,1,1,2,0,,0,0,0,0
5,32,3,8,8,7,0,1,,22,1,1,2,0,,0,0,0,0
5,32,3,8,8,7,0,1,,24,1,1,5,0,,0,0,0,0
5,32,3,8,8,7,0,1,,25,1,1,3,0,,0,0,0,0
5,32,3,8,8,7,0,1,,26,1,1,3,0,,0,0,0,0
5,32,3,8,8,7,0,1,,27,1,1,2,0,,0,0,0,0
5,32,3,8,8,7,0,1,,28,1,1,3,0,,0,0,0,0
5,32,3,8,8,7,0,1,,29,1,1,2,0,,0,0,0,0
5,32,3,8,8,7,0,1,,30,1,1,2,0,,0,0,0,0
5,32,3,8,16,0,0,0,,,1,1,0,0,,0,0,0,0
5,32,3,8,16,0,0,1,,1,1,1,2,0,,0,0,0,0
5,32,3,8,16,0,0,1,,2,1,1,2,0,,0,0,0,0
5,32,3,8,16,0,0,1,,3,1,1,3,0,,0,0,0,0
5,32,3,8,16,0,0,1,,4,1,1,2,0,,0,0,0,0
5,32,3,8,16,0,0,1,,5,1,1,3,0,,0,0,0,0
5,32,3,8,16,0,0,1,,6,1,1,3,0,,0,0,0,0
5,32,3,8,16,0,0,1,,7,1,1,5,0,,0,0,0,0
5,32,3,8,16,0,0,1,,9,1,1,2,0,,0,0,0,0
5,32,3,8,16,0,0,1,,10,1,1,2,0,,0,0,0,0
5,32,3,8,16,0,0,1,,11,1,1,3,0,,0,0,0,0
5,32,3,8,16,0,0,1,,12,1,1,2,0,,0,0,0,0
5,32,3,8,16,0,0,1,,13,1,1,3,0,,0,0,0,0
5,32,3,8,16,0,0,1,,14,1,1,3,0,,0,0,0,0
5,32,3,8,16,0,0,1,,15,1,1,5,0,,0,0,0,0
5,32,3,8,16,0,0,1,,17,1,1,2,0,,0,0,0,0
5,32,3,8,16,0,0,1,,18,1,1,2,0,,0,0,0,0
5,32,3,8,16,0,0,1,,19,1,1,3,0,,0,0,0,0
5,32,3,8,16,0,0,1,,20,1,1,2,0,,0,0,0,0
5,32,3,8,16,0,0,1,,21,1,1,3,0,,0,0,0,0
5,32,3,8,16,0,0,1,,22,1,1,3,0,,0,0,0,0
5,32,3,8,16,0,0,1,,23,1,1,5,0,,0,0,0,0
5,32,3,8,16,0,0,1,,25,1,1,2,0,,0,0,0,0
5,32,3,8,16,0,0,1,,26,1,1,2,0,,0,0,0,0
5,32,3,8,16,0,0,1,,27,1,1,3,0,,0,0,0,0
5,32,3,8,16,0,0,1,,28,1,1,2,0,,0,0,0,0
5,32,3,8,16,0,0,1,,29,1,1,3,0,,0,0,0,0
5,32,3,8,16,0,0,1,,30,1,1,3,0,,0,0,0,0
5,32,3,8,16,0,0,1,,31,1,1,5,0,,0,0,0,0
5,32,3,8,16,1,0,0,,,1,1,0,0,,0,0,0,0
5,32,3,8,16,1,0,1,,0,1,1,2,0,,0,0,0,0
5,32,3,8,16,1,0,1,,2,1,1,3,0,,0,0,0,0
5,32,3,8,16,1,0,1,,3,1,1,2,0,,0,0,0,0
5,32,3,8,16,1,0,1,,4,1,1,3,0,,0,0,0,0
5,32,3,8,16,1,0,1,,5,1,1,2,0,,0,0,0,0
5,32,3,8,16,1,0,1,,6,1,1,5,0,,0,0,0,0
5,32,3,8,16,1,0,1,,7,1,1,3,0,,0,0,0,0
5,32,3,8,16,1,0,1,,8,1,1,2,0,,0,0,0,0
5,32,3,8,16,1,0,1,,10,1,1,3,0,,0,0,0,0
5,32,3,8,16,1,0,1,,11,1,1,2,0,,0,0,0,0
5,32,3,8,16,1,0,1,,12,1,1,3,0,,0,0,0,0
5,32,3,8,16,1,0,1,,13,1,1,2,0,,0,0,0,0
5,32,3,8,16,1,0,1,,14,1,1,5,0,,0,0,0,0
5,32,3,8,16,1,0,1,,15,1,1,3,0,,0,0,0,0
5,32,3,8,16,1,0,1,,16,1,1,2,0,,0,0,0,0
5,32,3,8,16,1,0,1,,18,1,1,3,0,,0,0,0,0
5,32,3,8,16,1,0,1,,19,1,1,2,0,,0,0,0,0
5,32,3,8,16,1,0,1,,20,1,1,3,0,,0,0,0,0
5,32,3,8,16,1,0,1,,21,1,1,2,0,,0,0,0,0
5,32,3,8,16,1,0,1,,22,1,1,5,0,,0,0,0,0
5,32,3,8,16,1,0,1,,23,1,1,3,0,,0,0,0,0
5,32,3,8,16,1,0,1,,24,1,1,2,0,,0,0,0,0
5,32,3,8,16,1,0,1,,26,1,1,3,0,,0,0,0,0
5,32,3,8,16,1,0,1,,27,1,1,2,0,,0,0,0,0
5,32,3,8,16,1,0,1,,28,1,1,3,0,,0,0,0,0
5,32,3,8,16,1,0,1,,29,1,1,2,0,,0,0,0,0
5,32,3,8,16,1,0,1,,30,1,1,5,0,,0,0,0,0
5,32,3,8,16,1,0,1,,31,1,1,3,0,,0,0,0,0
5,32,3,8,16,2,0,0,,,1,1,0,0,,0,0,0,0
5,32,3,8,16,2,0,1,,0,1,1,2,0,,0,0,0,0
5,32,3,8,16,2,0,1,,1,1,1,3,0,,0,0,0,0
5,32,3,8,16,2,0,1,,3,1,1,2,0,,0,0,0,0
5,32,3,8,16,2,0,1,,4,1,1,3,0,,0,0,0,0
5,32,3,8,16,2,0,1,,5,1,1,5,0,,0,0,0,0
5,32,3,8,16,2,0,1,,6,1,1,2,0,,0,0,0,0
5,32,3,8,16,2,0,1,,7,1,1,3,0,,0,0,0,0
5,32,3,8,16,2,0,1,,8,1,1,2,0,,0,0,0,0
5,32,3,8,16,2,0,1,,9,1,1,3,0,,0,0,0,0
5,32,3,8,16,2,0,1,,11,1,1,2,0,,0,0,0,0
5,32,3,8,16,2,0,1,,12,1,1,3,0,,0,0,0,0
5,32,3,8,16,2,0,1,,13,1,1,5,0,,0,0,0,0
5,32,3,8,16,2,0,1,,14,1,1,2,0,,0,0,0,0
5,32,3,8,16,2,0,1,,15,1,1,3,0,,0,0,0,0
5,32,3,8,16,2,0,1,,16,1,1,2,0,,0,0,0,0
5,32,3,8,16,2,0,1,,17,1,1,3,0,,0,0,0,0
5,32,3,8,16,2,0,1,,19,1,1,2,0,,0,0,0,0
5,32,3,8,16,2,0,1,,20,1,1,3,0,,0,0,0,0
5,32,3,8,16,2,0,1,,21,1,1,5,0,,0,0,0,0
5,32,3,8,16,2,0,1,,22,1,1,2,0,,0,0,0,0
5,32,3,8,16,2,0,1,,23,1,1,3,0,,0,0,0,0
5,32,3,8,16,2,0,1,,24,1,1,2,0,,0,0,0,0
5,32,3,8,16,2,0,1,,25,1,1,3,0,,0,0,0,0
5,32,3,8,16,2,0,1,,27,1,1,2,0,,0,0,0,0
5,32,3,8,16,2,0,1,,28,1,1,3,0,,0,0,0,0
5,32,3,8,16,2,0,1,,29,1,1,5,0,,0,0,0,0
5,32,3,8,16,2,0,1,,30,1,1,2,0,,0,0,0,0
5,32,3,8,16,2,0,1,,31,1,1,3,0,,0,0,0,0
5,32,3,8,16,3,0,0,,,1,1,0,0,,0,0,0,0
5,32,3,8,16,3,0,1,,0,1,1,3,0,,0,0,0,0
5,32,3,8,16,3,0,1,,1,1,1,2,0,,0,0,0,0
5,32,3,8,16,3,0,1,,2,1,1,2,0,,0,0,0,0
5,32,3,8,16,3,0,1,,4,1,1,5,0,,0,0,0,0
5,32,3,8,16,3,0,1,,5,1,1,3,0,,0,0,0,0
5,32,3,8,16,3,0,1,,6,1,1,3,0,,0,0,0,0
5,32,3,8,16,3,0,1,,7,1,1,2,0,,0,0,0,0
5,32,3,8,16,3,0,1,,8,1,1,3,0,,0,0,0,0
5,32,3,8,16,3,0,1,,9,1,1,2,0,,0,0,0,0
5,32,3,8,16,3,0,1,,10,1,1,2,0,,0,0,0,0
5,32,3,8,16,3,0,1,,12,1,1,5,0,,0,0,0,0
5,32,3,8,16,3,0,1,,13,1,1,3,0,,0,0,0,0
5,32,3,8,16,3,0,1,,14,1,1,3,0,,0,0,0,0
5,32,3,8,16,3,0,1,,15,1,1,2,0,,0,0,0,0
5,32,3,8,16,3,0,1,,16,1,1,3,0,,0,0,0,0
5,32,3,8,16,3,0,1,,17,1,1,2,0,,0,0,0,0
5,32,3,8,16,3,0,1,,18,1,1,2,0,,0,0,0,0
5,32,3,8,16,3,0,1,,20,1,1,5,0,,0,0,0,0
5,32,3,8,16,3,0,1,,21,1,1,3,0,,0,0,0,0
5,32,3,8,16,3,0,1,,22,1,1,3,0,,0,0,0,0
5,32,3,8,16,3,0,1,,23,1,1,2,0,,0,0,0,0
5,32,3,8,16,3,0,1,,24,1,1,3,0,,0,0,0,0
5,32,3,8,16,3,0,1,,25,1,1,2,0,,0,0,0,0
5,32,3,8,16,3,0,1,,26,1,1,2,0,,0,0,0,0
5,32,3,8,16,3,0,1,,28,1,1,5,0,,0,0,0,0
5,32,3,8,16,3,0,1,,29,1,1,3,0,,0,0,0,0
5,32,3,8,16,3,0,1,,30,1,1,3,0,,0,0,0,0
5,32,3,8,16,3,0,1,,31,1,1,2,0,,0,0,0,0
5,32,3,8,16,4,0,0,,,1,1,0,0,,0,0,0,0
5,32,3,8,16,4,0,1,,0,1,1,2,0,,0,0,0,0
5,32,3,8,16,4,0,1,,1,1,1,3,0,,0,0,0,0
5,32,3,8,16,4,0,1,,2,1,1,3,0,,0,0,0,0
5,32,3,8,16,4,0,1,,3,1,1,5,0,,0,0,0,0
5,32,3,8,16,4,0,1,,5,1,1,2,0,,0,0,0,0
5,32,3,8,16,4,0,1,,6,1,1,2,0,,0,0,0,0
5,32,3,8,16,4,0,1,,7,1,1,3,0,,0,0,0,0
5,32,3,8,16,4,0,1,,8,1,1,2,0,,0,0,0,0
5,32,3,8,16,4,0,1,,9,1,1,3,0,,0,0,0,0
5,32,3,8,16,4,0,1,,10,1,1,3,0,,0,0,0,0
5,32,3,8,16,4,0,1,,11,1,1,5,0,,0,0,0,0
5,32,3,8,16,4,0,1,,13,1,1,2,0,,0,0,0,0
5,32,3,8,16,4,0,1,,14,1,1,2,0,,0,0,0,0
5,32,3,8,16,4,0,1,,15,1,1,3,0,,0,0,0,0
5,32,3,8,16,4,0,1,,16,1,1,2,0,,0,0,0,0
5,32,3,8,16,4,0,1,,17,1,1,3,0,,0,0,0,0
5,32,3,8,16,4,0,1,,18,1,1,3,0,,0,0,0,0
5,32,3,8,16,4,0,1,,19,1,1,5,0,,0,0,0,0
5,32,3,8,16,4,0,1,,21,1,1,2,0,,0,0,0,0
5,32,3,8,16,4,0,1,,22,1,1,2,0,,0,0,0,0
5,32,3,8,16,4,0,1,,23,1,1,3,0,,0,0,0,0
5,32,3,8,16,4,0,1,,24,1,1,2,0,,0,0,0,0
5,32,3,8,16,4,0,1,,25,1,1,3,0,,0,0,0,0
5,32,3,8,16,4,0,1,,26,1,1,3,0,,0,0,0,0
5,32,3,8,16,4,0,1,,27,1,1,5,0,,0,0,0,0
5,32,3,8,16,4,0,1,,29,1,1,2,0,,0,0,0,0
5,32,3,8,16,4,0,1,,30,1,1,2,0,,0,0,0,0
5,32,3,8,16,4,0,1,,31,1,1,3,0,,0,0,0,0
5,32,3,8,16,5,0,0,,,1,1,0,0,,0,0,0,0
5,32,3,8,16,5,0,1,,0,1,1,3,0,,0,0,0,0
5,32,3,8,16,5,0,1,,1,1,1,2,0,,0,0,0,0
5,32,3,8,16,5,0,1,,2,1,1,5,0,,0,0,0,0
5,32,3,8,16,5,0,1,,3,1,1,3,0,,0,0,0,0
5,32,3,8,16,5,0,1,,4,1,1,2,0,,0,0,0,0
5,32,3,8,16,5,0,1,,6,1,1,3,0,,0,0,0,0
5,32,3,8,16,5,0,1,,7,1,1,2,0,,0,0,0,0
5,32,3,8,16,5,0,1,,8,1,1,3,0,,0,0,0,0
5,32,3,8,16,5,0,1,,9,1,1,2,0,,0,0,0,0
5,32,3,8,16,5,0,1,,10,1,1,5,0,,0,0,0,0
5,32,3,8,16,5,0,1,,11,1,1,3,0,,0,0,0,0
5,32,3,8,16,5,0,1,,12,1,1,2,0,,0,0,0,0
5,32,3,8,16,5,0,1,,14,1,1,3,0,,0,0,0,0
5,32,3,8,16,5,0,1,,15,1,1,2,0,,0,0,0,0
5,32,3,8,16,5,0,1,,16,1,1,3,0,,0,0,0,0
5,32,3,8,16,5,0,1,,17,1,1,2,0,,0,0,0,0
5,32,3,8,16,5,0,1,,18,1,1,5,0,,0,0,0,0
5,32,3,8,16,5,0,1,,19,1,1,3,0,,0,0,0,0
5,32,3,8,16,5,0,1,,20,1,1,2,0,,0,0,0,0
5,32,3,8,16,5,0,1,,22,1,1,3,0,,0,0,0,0
5,32,3,8,16,5,0,1,,23,1,1,2,0,,0,0,0,0
5,32,3,8,16,5,0,1,,24,1,1,3,0,,0,0,0,0
5,32,3,8,16,5,0,1,,25,1,1,2,0,,0,0,0,0
5,32,3,8,16,5,0,1,,26,1,1,5,0,,0,0,0,0
5,32,3,8,16,5,0,1,,27,1,1,3,0,,0,0,0,0
5,32,3,8,16,5,0,1,,28,1,1,2,0,,0,0,0,0
5,32,3,8,16,5,0,1,,30,1,1,3,0,,0,0,0,0
5,32,3,8,16,5,0,1,,31,1,1,2,0,,0,0,0,0
5,32,3,8,16,6,0,0,,,1,1,0,0,,0,0,0,0
5,32,3,8,16,6,0,1,,0,1,1,3,0,,0,0,0,0
5,32,3,8,16,6,0,1,,1,1,1,5,0,,0,0,0,0
5,32,3,8,16,6,0,1,,2,1,1,2,0,,0,0,0,0
5,32,3,8,16,6,0,1,,3,1,1,3,0,,0,0,0,0
5,32,3,8,16,6,0,1,,4,1,1,2,0,,0,0,0,0
5,32,3,8,16,6,0,1,,5,1,1,3,0,,0,0,0,0
5,32,3,8,16,6,0,1,,7,1,1,2,0,,0,0,0,0
5,32,3,8,16,6,0,1,,8,1,1,3,0,,0,0,0,0
5,32,3,8,16,6,0,1,,9,1,1,5,0,,0,0,0,0
5,32,3,8,16,6,0,1,,10,1,1,2,0,,0,0,0,0
5,32,3,8,16,6,0,1,,11,1,1,3,0,,0,0,0,0
5,32,3,8,16,6,0,1,,12,1,1,2,0,,0,0,0,0
5,32,3,8,16,6,0,1,,13,1,1,3,0,,0,0,0,0
5,32,3,8,16,6,0,1,,15,1,1,2,0,,0,0,0,0
5,32,3,8,16,6,0,1,,16,1,1,3,0,,0,0,0,0
5,32,3,8,16,6,0,1,,17,1,1,5,0,,0,0,0,0
5,32,3,8,16,6,0,1,,18,1,1,2,0,,0,0,0,0
5,32,3,8,16,6,0,1,,19,1,1,3,0,,0,0,0,0
5,32,3,8,16,6,0,1,,20,1,1,2,0,,0,0,0,0
5,32,3,8,16,6,0,1,,21,1,1,3,0,,0,0,0,0
5,32,3,8,16,6,0,1,,23,1,1,2,0,,0,0,0,0
5,32,3,8,16,6,0,1,,24,1,1,3,0,,0,0,0,0
5,32,3,8,16,6,0,1,,25,1,1,5,0,,0,0,0,0
5,32,3,8,16,6,0,1,,26,1,1,2,0,,0,0,0,0
5,32,3,8,16,6,0,1,,27,1,1,3,0,,0,0,0,0
5,32,3,8,16,6,0,1,,28,1,1,2,0,,0,0,0,0
5,32,3,8,16,6,0,1,,29,1,1,3,0,,0,0,0,0
5,32,3,8,16,6,0,1,,31,1,1,2,0,,0,0,0,0
5,32,3,8,16,7,0,0,,,1,1,0,0,,0,0,0,0
5,32,3,8,16,7,0,1,,0,1,1,5,0,,0,0,0,0
5,32,3,8,16,7,0,1,,1,1,1,3,0,,0,0,0,0
5,32,3,8,16,7,0,1,,2,1,1,3,0,,0,0,0,0
5,32,3,8,16,7,0,1,,3,1,1,2,0,,0,0,0,0
5,32,3,8,16,7,0,1,,4,1,1,3,0,,0,0,0,0
5,32,3,8,16,7,0,1,,5,1,1,2,0,,0,0,0,0
5,32,3,8,16,7,0,1,,6,1,1,2,0,,0,0,0,0
5,32,3,8,16,7,0,1,,8,1,1,5,0,,0,0,0,0
5,32,3,8,16,7,0,1,,9,1,1,3,0,,0,0,0,0
5,32,3,8,16,7,0,1,,10,1,1,3,0,,0,0,0,0
5,32,3,8,16,7,0,1,,11,1,1,2,0,,0,0,0,0
5,32,3,8,16,7,0,1,,12,1,1,3,0,,0,0,0,0
5,32,3,8,16,7,0,1,,13,1,1,2,0,,0,0,0,0
5,32,3,8,16,7,0,1,,14,1,1,2,0,,0,0,0,0
5,32,3,8,16,7,0,1,,16,1,1,5,0,,0,0,0,0
5,32,3,8,16,7,0,1,,17,1,1,3,0,,0,0,0,0
5,32,3,8,16,7,0,1,,18,1,1,3,0,,0,0,0,0
5,32,3,8,16,7,0,1,,19,1,1,2,0,,0,0,0,0
5,32,3,8,16,7,0,1,,20,1,1,3,0,,0,0,0,0
5,32,3,8,16,7,0,1,,21,1,1,2,0,,0,0,0,0
5,32,3,8,16,7,0,1,,22,1,1,2,0,,0,0,0,0
5,32,3,8,16,7,0,1,,24,1,1,5,0,,0,0,0,0
5,32,3,8,16,7,0,1,,25,1,1,3,0,,0,0,0,0
5,32,3,8,16,7,0,1,,26,1,1,3,0,,0,0,0,0
5,32,3,8,16,7,0,1,,27,1,1,2,0,,0,0,0,0
5,32,3,8,16,7,0,1,,28,1,1,3,0,,0,0,0,0
5,32,3,8,16,7,0,1,,29,1,1,2,0,,0,0,0,0
5,32,3,8,16,7,0,1,,30,1,1,2,0,,0,0,0,0
5,32,3,8,24,0,0,0,,,1,1,0,0,,0,0,0,0
5,32,3,8,24,0,0,1,,1,1,1,2,0,,0,0,0,0
5,32,3,8,24,0,0,1,,2,1,1,2,0,,0,0,0,0
5,32,3,8,24,0,0,1,,3,1,1,3,0,,0,0,0,0
5,32,3,8,24,0,0,1,,4,1,1,2,0,,0,0,0,0
5,32,3,8,24,0,0,1,,5,1,1,3,0,,0,0,0,0
5,32,3,8,24,0,0,1,,6,1,1,3,0,,0,0,0,0
5,32,3,8,24,0,0,1,,7,1,1,5,0,,0,0,0,0
5,32,3,8,24,0,0,1,,9,1,1,2,0,,0,0,0,0
5,32,3,8,24,0,0,1,,10,1,1,2,0,,0,0,0,0
5,32,3,8,24,0,0,1,,11,1,1,3,0,,0,0,0,0
5,32,3,8,24,0,0,1,,12,1,1,2,0,,0,0,0,0
5,32,3,8,24,0,0,1,,13,1,1,3,0,,0,0,0,0
5,32,3,8,24,0,0,1,,14,1,1,3,0,,0,0,0,0
5,32,3,8,24,0,0,1,,15,1,1,5,0,,0,0,0,0
5,32,3,8,24,0,0,1,,17,1,1,2,0,,0,0,0,0
5,32,3,8,24,0,0,1,,18,1,1,2,0,,0,0,0,0
5,32,3,8,24,0,0,1,,19,1,1,3,0,,0,0,0,0
5,32,3,8,24,0,0,1,,20,1,1,2,0,,0,0,0,0
5,32,3,8,24,0,0,1,,21,1,1,3,0,,0,0,0,0
5,32,3,8,24,0,0,1,,22,1,1,3,0,,0,0,0,0
5,32,3,8,24,0,0,1,,23,1,1,5,0,,0,0,0,0
5,32,3,8,24,0,0,1,,25,1,1,2,0,,0,0,0,0
5,32,3,8,24,0,0,1,,26,1,1,2,0,,0,0,0,0
5,32,3,8,24,0,0,1,,27,1,1,3,0,,0,0,0,0
5,32,3,8,24,0,0,1,,28,1,1,2,0,,0,0,0,0
5,32,3,8,24,0,0,1,,29,1,1,3,0,,0,0,0,0
5,32,3,8,24,0,0,1,,30,1,1,3,0,,0,0,0,0
5,32,3,8,24,0,0,1,,31,1,1,5,0,,0,0,0,0
5,32,3,8,24,1,0,0,,,1,1,0,0,,0,0,0,0
5,32,3,8,24,1,0,1,,0,1,1,2,0,,0,0,0,0
5,32,3,8,24,1,0,1,,2,1,1,3,0,,0,0,0,0
5,32,3,8,24,1,0,1,,3,1,1,2,0,,0,0,0,0
5,32,3,8,24,1,0,1,,4,1,1,3,0,,0,0,0,0
5,32,3,8,24,1,0,1,,5,1,1,2,0,,0,0,0,0
5,32,3,8,24,1,0,1,,6,1,1,5,0,,0,0,0,0
5,32,3,8,24,1,0,1,,7,1,1,3,0,,0,0,0,0
5,32,3,8,24,1,0,1,,8,1,1,2,0,,0,0,0,0
5,32,3,8,24,1,0,1,,10,1,1,3,0,,0,0,0,0
5,32,3,8,24,1,0,1,,11,1,1,2,0,,0,0,0,0
5,32,3,8,24,1,0,1,,12,1,1,3,0,,0,0,0,0
5,32,3,8,24,1,0,1,,13,1,1,2,0,,0,0,0,0
5,32,3,8,24,1,0,1,,14,1,1,5,0,,0,0,0,0
5,32,3,8,24,1,0,1,,15,1,1,3,0,,0,0,0,0
5,32,3,8,24,1,0,1,,16,1,1,2,0,,0,0,0,0
5,32,3,8,24,1,0,1,,18,1,1,3,0,,0,0,0,0
5,32,3,8,24,1,0,1,,19,1,1,2,0,,0,0,0,0
5,32,3,8,24,1,0,1,,20,1,1,3,0,,0,0,0,0
5,32,3,8,24,1,0,1,,21,1,1,2,0,,0,0,0,0
5,32,3,8,24,1,0,1,,22,1,1,5,0,,0,0,0,0
5,32,3,8,24,1,0,1,,23,1,1,3,0,,0,0,0,0
5,32,3,8,24,1,0,1,,24,1,1,2,0,,0,0,0,0
5,32,3,8,24,1,0,1,,26,1,1,3,0,,0,0,0,0
5,32,3,8,24,1,0,1,,27,1,1,2,0,,0,0,0,0
5,32,3,8,24,1,0,1,,28,1,1,3,0,,0,0,0,0
5,32,3,8,24,1,0,1,,29,1,1,2,0,,0,0,0,0
5,32,3,8,24,1,0,1,,30,1,1,5,0,,0,0,0,0
5,32,3,8,24,1,0,1,,31,1,1,3,0,,0,0,0,0
5,32,3,8,24,2,0,0,,,1,1,0,0,,0,0,0,0
5,32,3,8,24,2,0,1,,0,1,1,2,0,,0,0,0,0
5,32,3,8,24,2,0,1,,1,1,1,3,0,,0,0,0,0
5,32,3,8,24,2,0,1,,3,1,1,2,0,,0,0,0,0
5,32,3,8,24,2,0,1,,4,1,1,3,0,,0,0,0,0
5,32,3,8,24,2,0,1,,5,1,1,5,0,,0,0,0,0
5,32,3,8,24,2,0,1,,6,1,1,2,0,,0,0,0,0
5,32,3,8,24,2,0,1,,7,1,1,3,0,,0,0,0,0
5,32,3,8,24,2,0,1,,8,1,1,2,0,,0,0,0,0
5,32,3,8,24,2,0,1,,9,1,1,3,0,,0,0,0,0
5,32,3,8,24,2,0,1,,11,1,1,2,0,,0,0,0,0
5,32,3,8,24,2,0,1,,12,1,1,3,0,,0,0,0,0
5,32,3,8,24,2,0,1,,13,1,1,5,0,,0,0,0,0
5,32,3,8,24,2,0,1,,14,1,1,2,0,,0,0,0,0
5,32,3,8,24,2,0,1,,15,1,1,3,0,,0,0,0,0
5,32,3,8,24,2,0,1,,16,1,1,2,0,,0,0,0,0
5,32,3,8,24,2,0,1,,17,1,1,3,0,,0,0,0,0
5,32,3,8,24,2,0,1,,19,1,1,2,0,,0,0,0,0
5,32,3,8,24,2,0,1,,20,1,1,3,0,,0,0,0,0
5,32,3,8,24,2,0,1,,21,1,1,5,0,,0,0,0,0
5,32,3,8,24,2,0,1,,22,1,1,2,0,,0,0,0,0
5,32,3,8,24,2,0,1,,23,1,1,3,0,,0,0,0,0
5,32,3,8,24,2,0,1,,24,1,1,2,0,,0,0,0,0
5,32,3,8,24,2,0,1,,25,1,1,3,0,,0,0,0,0
5,32,3,8,24,2,0,1,,27,1,1,2,0,,0,0,0,0
5,32,3,8,24,2,0,1,,28,1,1,3,0,,0,0,0,0
5,32,3,8,24,2,0,1,,29,1,1,5,0,,0,0,0,0
5,32,3,8,24,2,0,1,,30,1,1,2,0,,0,0,0,0
5,32,3,8,24,2,0,1,,31,1,1,3,0,,0,0,0,0
5,32,3,8,24,3,0,0,,,1,1,0,0,,0,0,0,0
5,32,3,8,24,3,0,1,,0,1,1,3,0,,0,0,0,0
5,32,3,8,24,3,0,1,,1,1,1,2,0,,0,0,0,0
5,32,3,8,24,3,0,1,,2,1,1,2,0,,0,0,0,0
5,32,3,8,24,3,0,1,,4,1,1,5,0,,0,0,0,0
5,32,3,8,24,3,0,1,,5,1,1,3,0,,0,0,0,0
5,32,3,8,24,3,0,1,,6,1,1,3,0,,0,0,0,0
5,32,3,8,24,3,0,1,,7,1,1,2,0,,0,0,0,0
5,32,3,8,24,3,0,1,,8,1,1,3,0,,0,0,0,0
5,32,3,8,24,3,0,1,,9,1,1,2,0,,0,0,0,0
5,32,3,8,24,3,0,1,,10,1,1,2,0,,0,0,0,0
5,32,3,8,24,3,0,1,,12,1,1,5,0,,0,0,0,0
5,32,3,8,24,3,0,1,,13,1,1,3,0,,0,0,0,0
5,32,3,8,24,3,0,1,,14,1,1,3,0,,0,0,0,0
5,32,3,8,24,3,0,1,,15,1,1,2,0,,0,0,0,0
5,32,3,8,24,3,0,1,,16,1,1,3,0,,0,0,0,0
5,32,3,8,24,3,0,1,,17,1,1,2,0,,0,0,0,0
5,32,3,8,24,3,0,1,,18,1,1,2,0,,0,0,0,0
5,32,3,8,24,3,0,1,,20,1,1,5,0,,0,0,0,0
5,32,3,8,24,3,0,1,,21,1,1,3,0,,0,0,0,0
5,32,3,8,24,3,0,1,,22,1,1,3,0,,0,0,0,0
5,32,3,8,24,3,0,1,,23,1,1,2,0,,0,0,0,0
5,32,3,8,24,3,0,1,,24,1,1,3,0,,0,0,0,0
5,32,3,8,24,3,0,1,,25,1,1,2,0,,0,0,0,0
5,32,3,8,24,3,0,1,,26,1,1,2,0,,0,0,0,0
5,32,3,8,24,3,0,1,,28,1,1,5,0,,0,0,0,0
5,32,3,8,24,3,0,1,,29,1,1,3,0,,0,0,0,0
5,32,3,8,24,3,0,1,,30,1,1,3,0,,0,0,0,0
5,32,3,8,24,3,0,1,,31,1,1,2,0,,0,0,0,0
5,32,3,8,24,4,0,0,,,1,1,0,0,,0,0,0,0
5,32,3,8,24,4,0,1,,0,1,1,2,0,,0,0,0,0
5,32,3,8,24,4,0,1,,1,1,1,3,0,,0,0,0,0
5,32,3,8,24,4,0,1,,2,1,1,3,0,,0,0,0,0
5,32,3,8,24,4,0,1,,3,1,1,5,0,,0,0,0,0
5,32,3,8,24,4,0,1,,5,1,1,2,0,,0,0,0,0
5,32,3,8,24,4,0,1,,6,1,1,2,0,,0,0,0,0
5,32,3,8,24,4,0,1,,7,1,1,3,0,,0,0,0,0
5,32,3,8,24,4,0,1,,8,1,1,2,0,,0,0,0,0
5,32,3,8,24,4,0,1,,9,1,1,3,0,,0,0,0,0
5,32,3,8,24,4,0,1,,10,1,1,3,0,,0,0,0,0
5,32,3,8,24,4,0,1,,11,1,1,5,0,,0,0,0,0
5,32,3,8,24,4,0,1,,13,1,1,2,0,,0,0,0,0
5,32,3,8,24,4,0,1,,14,1,1,2,0,,0,0,0,0
5,32,3,8,24,4,0,1,,15,1,1,3,0,,0,0,0,0
5,32,3,8,24,4,0,1,,16,1,1,2,0,,0,0,0,0
5,32,3,8,24,4,0,1,,17,1,1,3,0,,0,0,0,0
5,32,3,8,24,4,0,1,,18,1,1,3,0,,0,0,0,0
5,32,3,8,24,4,0,1,,19,1,1,5,0,,0,0,0,0
5,32,3,8,24,4,0,1,,21,1,1,2,0,,0,0,0,0
5,32,3,8,24,4,0,1,,22,1,1,2,0,,0,0,0,0
5,32,3,8,24,4,0,1,,23,1,1,3,0,,0,0,0,0
5,32,3,8,24,4,0,1,,24,1,1,2,0,,0,0,0,0
5,32,3,8,24,4,0,1,,25,1,1,3,0,,0,0,0,0
5,32,3,8,24,4,0,1,,26,1,1,3,0,,0,0,0,0
5,32,3,8,24,4,0,1,,27,1,1,5,0,,0,0,0,0
5,32,3,8,24,4,0,1,,29,1,1,2,0,,0,0,0,0
5,32,3,8,24,4,0,1,,30,1,1,2,0,,0,0,0,0
5,32,3,8,24,4,0,1,,31,1,1,3,0,,0,0,0,0
5,32,3,8,24,5,0,0,,,1,1,0,0,,0,0,0,0
5,32,3,8,24,5,0,1,,0,1,1,3,0,,0,0,0,0
5,32,3,8,24,5,0,1,,1,1,1,2,0,,0,0,0,0
5,32,3,8,24,5,0,1,,2,1,1,5,0,,0,0,0,0
5,32,3,8,24,5,0,1,,3,1,1,3,0,,0,0,0,0
5,32,3,8,24,5,0,1,,4,1,1,2,0,,0,0,0,0
5,32,3,8,24,5,0,1,,6,1,1,3,0,,0,0,0,0
5,32,3,8,24,5,0,1,,7,1,1,2,0,,0,0,0,0
5,32,3,8,24,5,0,1,,8,1,1,3,0,,0,0,0,0
5,32,3,8,24,5,0,1,,9,1,1,2,0,,0,0,0,0
5,32,3,8,24,5,0,1,,10,1,1,5,0,,0,0,0,0
5,32,3,8,24,5,0,1,,11,1,1,3,0,,0,0,0,0
5,32,3,8,24,5,0,1,,12,1,1,2,0,,0,0,0,0
5,32,3,8,24,5,0,1,,14,1,1,3,0,,0,0,0,0
5,32,3,8,24,5,0,1,,15,1,1,2,0,,0,0,0,0
5,32,3,8,24,5,0,1,,16,1,1,3,0,,0,0,0,0
5,32,3,8,24,5,0,1,,17,1,1,2,0,,0,0,0,0
5,32,3,8,24,5,0,1,,18,1,1,5,0,,0,0,0,0
5,32,3,8,24,5,0,1,,19,1,1,3,0,,0,0,0,0
5,32,3,8,24,5,0,1,,20,1,1,2,0,,0,0,0,0
5,32,3,8,24,5,0,1,,22,1,1,3,0,,0,0,0,0
5,32,3,8,24,5,0,1,,23,1,1,2,0,,0,0,0,0
5,32,3,8,24,5,0,1,,24,1,1,3,0,,0,0,0,0
5,32,3,8,24,5,0,1,,25,1,1,2,0,,0,0,0,0
5,32,3,8,24,5,0,1,,26,1,1,5,0,,0,0,0,0
5,32,3,8,24,5,0,1,,27,1,1,3,0,,0,0,0,0
5,32,3,8,24,5,0,1,,28,1,1,2,0,,0,0,0,0
5,32,3,8,24,5,0,1,,30,1,1,3,0,,0,0,0,0
5,32,3,8,24,5,0,1,,31,1,1,2,0,,0,0,0,0
5,32,3,8,24,6,0,0,,,1,1,0,0,,0,0,0,0
5,32,3,8,24,6,0,1,,0,1,1,3,0,,0,0,0,0
5,32,3,8,24,6,0,1,,1,1,1,5,0,,0,0,0,0
5,32,3,8,24,6,0,1,,2,1,1,2,0,,0,0,0,0
5,32,3,8,24,6,0,1,,3,1,1,3,0,,0,0,0,0
5,32,3,8,24,6,0,1,,4,1,1,2,0,,0,0,0,0
5,32,3,8,24,6,0,1,,5,1,1,3,0,,0,0,0,0
5,32,3,8,24,6,0,1,,7,1,1,2,0,,0,0,0,0
5,32,3,8,24,6,0,1,,8,1,1,3,0,,0,0,0,0
5,32,3,8,24,6,0,1,,9,1,1,5,0,,0,0,0,0
5,32,3,8,24,6,0,1,,10,1,1,2,0,,0,0,0,0
5,32,3,8,24,6,0,1,,11,1,1,3,0,,0,0,0,0
5,32,3,8,24,6,0,1,,12,1,1,2,0,,0,0,0,0
5,32,3,8,24,6,0,1,,13,1,1,3,0,,0,0,0,0
5,32,3,8,24,6,0,1,,15,1,1,2,0,,0,0,0,0
5,32,3,8,24,6,0,1,,16,1,1,3,0,,0,0,0,0
5,32,3,8,24,6,0,1,,17,1,1,5,0,,0,0,0,0
5,32,3,8,24,6,0,1,,18,1,1,2,0,,0,0,0,0
5,32,3,8,24,6,0,1,,19,1,1,3,0,,0,0,0,0
5,32,3,8,24,6,0,1,,20,1,1,2,0,,0,0,0,0
5,32,3,8,24,6,0,1,,21,1,1,3,0,,0,0,0,0
5,32,3,8,24,6,0,1,,23,1,1,2,0,,0,0,0,0
5,32,3,8,24,6,0,1,,24,1,1,3,0,,0,0,0,0
5,32,3,8,24,6,0,1,,25,1,1,5,0,,0,0,0,0
5,32,3,8,24,6,0,1,,26,1,1,2,0,,0,0,0,0
5,32,3,8,24,6,0,1,,27,1,1,3,0,,0,0,0,0
5,32,3,8,24,6,0,1,,28,1,1,2,0,,0,0,0,0
5,32,3,8,24,6,0,1,,29,1,1,3,0,,0,0,0,0
5,32,3,8,24,6,0,1,,31,1,1,2,0,,0,0,0,0
5,32,3,8,24,7,0,0,,,1,1,0,0,,0,0,0,0
5,32,3,8,24,7,0,1,,0,1,1,5,0,,0,0,0,0
5,32,3,8,24,7,0,1,,1,1,1,3,0,,0,0,0,0
5,32,3,8,24,7,0,1,,2,1,1,3,0,,0,0,0,0
5,32,3,8,24,7,0,1,,3,1,1,2,0,,0,0,0,0
5,32,3,8,24,7,0,1,,4,1,1,3,0,,0,0,0,0
5,32,3,8,24,7,0,1,,5,1,1,2,0,,0,0,0,0
5,32,3,8,24,7,0,1,,6,1,1,2,0,,0,0,0,0
5,32,3,8,24,7,0,1,,8,1,1,5,0,,0,0,0,0
5,32,3,8,24,7,0,1,,9,1,1,3,0,,0,0,0,0
5,32,3,8,24,7,0,1,,10,1,1,3,0,,0,0,0,0
5,32,3,8,24,7,0,1,,11,1,1,2,0,,0,0,0,0
5,32,3,8,24,7,0,1,,12,1,1,3,0,,0,0,0,0
5,32,3,8,24,7,0,1,,13,1,1,2,0,,0,0,0,0
5,32,3,8,24,7,0,1,,14,1,1,2,0,,0,0,0,0
5,32,3,8,24,7,0,1,,16,1,1,5,0,,0,0,0,0
5,32,3,8,24,7,0,1,,17,1,1,3,0,,0,0,0,0
5,32,3,8,24,7,0,1,,18,1,1,3,0,,0,0,0,0
5,32,3,8,24,7,0,1,,19,1,1,2,0,,0,0,0,0
5,32,3,8,24,7,0,1,,20,1,1,3,0,,0,0,0,0
5,32,3,8,24,7,0,1,,21,1,1,2,0,,0,0,0,0
5,32,3,8,24,7,0,1,,22,1,1,2,0,,0,0,0,0
5,32,3,8,24,7,0,1,,24,1,1,5,0,,0,0,0,0
5,32,3,8,24,7,0,1,,25,1,1,3,0,,0,0,0,0
5,32,3,8,24,7,0,1,,26,1,1,3,0,,0,0,0,0
5,32,3,8,24,7,0,1,,27,1,1,2,0,,0,0,0,0
5,32,3,8,24,7,0,1,,28,1,1,3,0,,0,0,0,0
5,32,3,8,24,7,0,1,,29,1,1,2,0,,0,0,0,0
5,32,3,8,24,7,0,1,,30,1,1,2,0,,0,0,0,0
5,32,4,16,0,0,0,0,,,1,1,0,0,,0,0,0,0
5,32,4,16,0,0,0,1,,1,1,1,3,0,,0,0,0,0
5,32,4,16,0,0,0,1,,2,1,1,3,0,,0,0,0,0
5,32,4,16,0,0,0,1,,3,1,2,3,1,19,1,0,0,1
5,32,4,16,0,0,0,1,,4,1,1,3,0,,0,0,0,0
5,32,4,16,0,0,0,1,,5,1,2,3,1,21,1,0,0,1
5,32,4,16,0,0,0,1,,6,1,2,3,1,22,1,0,0,1
5,32,4,16,0,0,0,1,,7,1,2,5,1,23,1,0,0,1
5,32,4,16,0,0,0,1,,8,1,1,3,0,,0,0,0,0
5,32,4,16,0,0,0,1,,9,1,2,3,1,25,1,0,0,1
5,32,4,16,0,0,0,1,,10,1,2,3,1,26,1,0,0,1
5,32,4,16,0,0,0,1,,11,1,2,5,1,27,1,0,0,1
5,32,4,16,0,0,0,1,,12,1,2,3,1,28,1,0,0,1
5,32,4,16,0,0,0,1,,13,1,2,5,1,29,1,0,0,1
5,32,4,16,0,0,0,1,,14,1,2,5,1,30,1,0,0,1
5,32,4,16,0,0,0,1,,15,1,2,5,1,31,1,0,0,1
5,32,4,16,0,0,0,1,,17,1,1,3,0,,0,0,0,0
5,32,4,16,0,0,0,1,,18,1,1,3,0,,0,0,0,0
5,32,4,16,0,0,0,1,,19,1,2,3,1,3,1,0,0,1
5,32,4,16,0,0,0,1,,20,1,1,3,0,,0,0,0,0
5,32,4,16,0,0,0,1,,21,1,2,3,1,5,1,0,0,1
5,32,4,16,0,0,0,1,,22,1,2,3,1,6,1,0,0,1
5,32,4,16,0,0,0,1,,23,1,2,5,1,7,1,0,0,1
5,32,4,16,0,0,0,1,,24,1,1,3,0,,0,0,0,0
5,32,4,16,0,0,0,1,,25,1,2,3,1,9,1,0,0,1
5,32,4,16,0,0,0,1,,26,1,2,3,1,10,1,0,0,1
5,32,4,16,0,0,0,1,,27,1,2,5,1,11,1,0,0,1
5,32,4,16,0,0,0,1,,28,1,2,3,1,12,1,0,0,1
5,32,4,16,0,0,0,1,,29,1,2,5,1,13,1,0,0,1
5,32,4,16,0,0,0,1,,30,1,2,5,1,14,1,0,0,1
5,32,4,16,0,0,0,1,,31,1,2,5,1,15,1,0,0,1
5,32,4,16,0,0,1,1,0,1:17,1,1,6,0,,0,0,0,0
5,32,4,16,0,0,1,1,16,1:17,1,1,6,0,,0,0,0,0
5,32,4,16,0,1,0,0,,,1,1,0,0,,0,0,0,0
5,32,4,16,0,1,0,1,,0,1,1,3,0,,0,0,0,0
5,32,4,16,0,1,0,1,,2,1,2,3,1,18,1,0,0,1
5,32,4,16,0,1,0,1,,3,1,1,3,0,,0,0,0,0
5,32,4,16,0,1,0,1,,4,1,2,3,1,20,1,0,0,1
5,32,4,16,0,1,0,1,,5,1,1,3,0,,0,0,0,0
5,32,4,16,0,1,0,1,,6,1,2,5,1,22,1,0,0,1
5,32,4,16,0,1,0,1,,7,1,2,3,1,23,1,0,0,1
5,32,4,16,0,1,0,1,,8,1,2,3,1,24,1,0,0,1
5,32,4,16,0,1,0,1,,9,1,1,3,0,,0,0,0,0
5,32,4,16,0,1,0,1,,10,1,2,5,1,26,1,0,0,1
5,32,4,16,0,1,0,1,,11,1,2,3,1,27,1,0,0,1
5,32,4,16,0,1,0,1,,12,1,2,5,1,28,1,0,0,1
5,32,4,16,0,1,0,1,,13,1,2,3,1,29,1,0,0,1
5,32,4,16,0,1,0,1,,14,1,2,5,1,30,1,0,0,1
5,32,4,16,0,1,0,1,,15,1,2,5,1,31,1,0,0,1
5,32,4,16,0,1,0,1,,16,1,1,3,0,,0,0,0,0
5,32,4,16,0,1,0,1,,18,1,2,3,1,2,1,0,0,1
5,32,4,16,0,1,0,1,,19,1,1,3,0,,0,0,0,0
5,32,4,16,0,1,0,1,,20,1,2,3,1,4,1,0,0,1
5,32,4,16,0,1,0,1,,21,1,1,3,0,,0,0,0,0
5,32,4,16,0,1,0,1,,22,1,2,5,1,6,1,0,0,1
5,32,4,16,0,1,0,1,,23,1,2,3,1,7,1,0,0,1
5,32,4,16,0,1,0,1,,24,1,2,3,1,8,1,0,0,1
5,32,4,16,0,1,0,1,,25,1,1,3,0,,0,0,0,0
5,32,4,16,0,1,0,1,,26,1,2,5,1,10,1,0,0,1
5,32,4,16,0,1,0,1,,27,1,2,3,1,11,1,0,0,1
5,32,4,16,0,1,0,1,,28,1,2,5,1,12,1,0,0,1
5,32,4,16,0,1,0,1,,29,1,2,3,1,13,1,0,0,1
5,32,4,16,0,1,0,1,,30,1,2,5,1,14,1,0,0,1
5,32,4,16,0,1,0,1,,31,1,2,5,1,15,1,0,0,1
5,32,4,16,0,1,1,1,1,0:16,1,1,6,0,,0,0,0,0
5,32,4,16,0,1,1,1,17,0:16,1,1,6,0,,0,0,0,0
5,32,4,16,0,2,0,0,,,1,1,0,0,,0,0,0,0
5,32,4,16,0,2,0,1,,0,1,1,3,0,,0,0,0,0
5,32,4,16,0,2,0,1,,1,1,2,3,1,17,1,0,0,1
5,32,4,16,0,2,0,1,,3,1,1,3,0,,0,0,0,0
5,32,4,16,0,2,0,1,,4,1,2,3,1,20,1,0,0,1
5,32,4,16,0,2,0,1,,5,1,2,5,1,21,1,0,0,1
5,32,4,16,0,2,0,1,,6,1,1,3,0,,0,0,0,0
5,32,4,16,0,2,0,1,,7,1,2,3,1,23,1,0,0,1
5,32,4,16,0,2,0,1,,8,1,2,3,1,24,1,0,0,1
5,32,4,16,0,2,0,1,,9,1,2,5,1,25,1,0,0,1
5,32,4,16,0,2,0,1,,10,1,1,3,0,,0,0,0,0
5,32,4,16,0,2,0,1,,11,1,2,3,1,27,1,0,0,1
5,32,4,16,0,2,0,1,,12,1,2,5,1,28,1,0,0,1
5,32,4,16,0,2,0,1,,13,1,2,5,1,29,1,0,0,1
5,32,4,16,0,2,0,1,,14,1,2,3,1,30,1,0,0,1
5,32,4,16,0,2,0,1,,15,1,2,5,1,31,1,0,0,1
5,32,4,16,0,2,0,1,,16,1,1,3,0,,0,0,0,0
5,32,4,16,0,2,0,1,,17,1,2,3,1,1,1,0,0,1
5,32,4,16,0,2,0,1,,19,1,1,3,0,,0,0,0,0
5,32,4,16,0,2,0,1,,20,1,2,3,1,4,1,0,0,1
5,32,4,16,0,2,0,1,,21,1,2,5,1,5,1,0,0,1
5,32,4,16,0,2,0,1,,22,1,1,3,0,,0,0,0,0
5,32,4,16,0,2,0,1,,23,1,2,3,1,7,1,0,0,1
5,32,4,16,0,2,0,1,,24,1,2,3,1,8,1,0,0,1
5,32,4,16,0,2,0,1,,25,1,2,5,1,9,1,0,0,1
5,32,4,16,0,2,0,1,,26,1,1,3,0,,0,0,0,0
5,32,4,16,0,2,0,1,,27,1,2,3,1,11,1,0,0,1
5,32,4,16,0,2,0,1,,28,1,2,5,1,12,1,0,0,1
5,32,4,16,0,2,0,1,,29,1,2,5,1,13,1,0,0,1
5,32,4,16,0,2,0,1,,30,1,2,3,1,14,1,0,0,1
5,32,4,16,0,2,0,1,,31,1,2,5,1,15,1,0,0,1
5,32,4,16,0,2,1,1,2,0:16,1,1,6,0,,0,0,0,0
5,32,4,16,0,2,1,1,18,0:16,1,1,6,0,,0,0,0,0
5,32,4,16,0,3,0,0,,,1,1,0,0,,0,0,0,0
5,32,4,16,0,3,0,1,,0,1,2,3,1,16,1,0,0,1
5,32,4,16,0,3,0,1,,1,1,1,3,0,,0,0,0,0
5,32,4,16,0,3,0,1,,2,1,1,3,0,,0,0,0,0
5,32,4,16,0,3,0,1,,4,1,2,5,1,20,1,0,0,1
5,32,4,16,0,3,0,1,,5,1,2,3,1,21,1,0,0,1
5,32,4,16,0,3,0,1,,6,1,2,3,1,22,1,0,0,1
5,32,4,16,0,3,0,1,,7,1,1,3,0,,0,0,0,0
5,32,4,16,0,3,0,1,,8,1,2,5,1,24,1,0,0,1
5,32,4,16,0,3,0,1,,9,1,2,3,1,25,1,0,0,1
5,32,4,16,0,3,0,1,,10,1,2,3,1,26,1,0,0,1
5,32,4,16,0,3,0,1,,11,1,1,3,0,,0,0,0,0
5,32,4,16,0,3,0,1,,12,1,2,5,1,28,1,0,0,1
5,32,4,16,0,3,0,1,,13,1,2,5,1,29,1,0,0,1
5,32,4,16,0,3,0,1,,14,1,2,5,1,30,1,0,0,1
5,32,4,16,0,3,0,1,,15,1,2,3,1,31,1,0,0,1
5,32,4,16,0,3,0,1,,16,1,2,3,1,0,1,0,0,1
5,32,4,16,0,3,0,1,,17,1,1,3,0,,0,0,0,0
5,32,4,16,0,3,0,1,,18,1,1,3,0,,0,0,0,0
5,32,4,16,0,3,0,1,,20,1,2,5,1,4,1,0,0,1
5,32,4,16,0,3,0,1,,21,1,2,3,1,5,1,0,0,1
5,32,4,16,0,3,0,1,,22,1,2,3,1,6,1,0,0,1
5,32,4,16,0,3,0,1,,23,1,1,3,0,,0,0,0,0
5,32,4,16,0,3,0,1,,24,1,2,5,1,8,1,0,0,1
5,32,4,16,0,3,0,1,,25,1,2,3,1,9,1,0,0,1
5,32,4,16,0,3,0,1,,26,1,2,3,1,10,1,0,0,1
5,32,4,16,0,3,0,1,,27,1,1,3,0,,0,0,0,0
5,32,4,16,0,3,0,1,,28,1,2,5,1,12,1,0,0,1
5,32,4,16,0,3,0,1,,29,1,2,5,1,13,1,0,0,1
5,32,4,16,0,3,0,1,,30,1,2,5,1,14,1,0,0,1
5,32,4,16,0,3,0,1,,31,1,2,3,1,15,1,0,0,1
5,32,4,16,0,3,1,1,3,0:16,1,1,4,0,,0,0,0,0
5,32,4,16,0,3,1,1,19,0:16,1,1,4,0,,0,0,0,0
5,32,4,16,0,4,0,0,,,1,1,0,0,,0,0,0,0
5,32,4,16,0,4,0,1,,0,1,1,3,0,,0,0,0,0
5,32,4,16,0,4,0,1,,1,1,2,3,1,17,1,0,0,1
5,32,4,16,0,4,0,1,,2,1,2,3,1,18,1,0,0,1
5,32,4,16,0,4,0,1,,3,1,2,5,1,19,1,0,0,1
5,32,4,16,0,4,0,1,,5,1,1,3,0,,0,0,0,0
5,32,4,16,0,4,0,1,,6,1,1,3,0,,0,0,0,0
5,32,4,16,0,4,0,1,,7,1,2,3,1,23,1,0,0,1
5,32,4,16,0,4,0,1,,8,1,2,3,1,24,1,0,0,1
5,32,4,16,0,4,0,1,,9,1,2,5,1,25,1,0,0,1
5,32,4,16,0,4,0,1,,10,1,2,5,1,26,1,0,0,1
5,32,4,16,0,4,0,1,,11,1,2,5,1,27,1,0,0,1
5,32,4,16,0,4,0,1,,12,1,1,3,0,,0,0,0,0
5,32,4,16,0,4,0,1,,13,1,2,3,1,29,1,0,0,1
5,32,4,16,0,4,0,1,,14,1,2,3,1,30,1,0,0,1
5,32,4,16,0,4,0,1,,15,1,2,5,1,31,1,0,0,1
5,32,4,16,0,4,0,1,,16,1,1,3,0,,0,0,0,0
5,32,4,16,0,4,0,1,,17,1,2,3,1,1,1,0,0,1
5,32,4,16,0,4,0,1,,18,1,2,3,1,2,1,0,0,1
5,32,4,16,0,4,0,1,,19,1,2,5,1,3,1,0,0,1
5,32,4,16,0,4,0,1,,21,1,1,3,0,,0,0,0,0
5,32,4,16,0,4,0,1,,22,1,1,3,0,,0,0,0,0
5,32,4,16,0,4,0,1,,23,1,2,3,1,7,1,0,0,1
5,32,4,16,0,4,0,1,,24,1,2,3,1,8,1,0,0,1
5,32,4,16,0,4,0,1,,25,1,2,5,1,9,1,0,0,1
5,32,4,16,0,4,0,1,,26,1,2,5,1,10,1,0,0,1
5,32,4,16,0,4,0,1,,27,1,2,5,1,11,1,0,0,1
5,32,4,16,0,4,0,1,,28,1,1,3,0,,0,0,0,0
5,32,4,16,0,4,0,1,,29,1,2,3,1,13,1,0,0,1
5,32,4,16,0,4,0,1,,30,1,2,3,1,14,1,0,0,1
5,32,4,16,0,4,0,1,,31,1,2,5,1,15,1,0,0,1
5,32,4,16,0,4,1,1,4,0:16,1,1,6,0,,0,0,0,0
5,32,4,16,0,4,1,1,20,0:16,1,1,6,0,,0,0,0,0
5,32,4,16,0,5,0,0,,,1,1,0,0,,0,0,0,0
5,32,4,16,0,5,0,1,,0,1,2,3,1,16,1,0,0,1
5,32,4,16,0,5,0,1,,1,1,1,3,0,,0,0,0,0
5,32,4,16,0,5,0,1,,2,1,2,5,1,18,1,0,0,1
5,32,4,16,0,5,0,1,,3,1,2,3,1,19,1,0,0,1
5,32,4,16,0,5,0,1,,4,1,1,3,0,,0,0,0,0
5,32,4,16,0,5,0,1,,6,1,2,3,1,22,1,0,0,1
5,32,4,16,0,5,0,1,,7,1,1,3,0,,0,0,0,0
5,32,4,16,0,5,0,1,,8,1,2,5,1,24,1,0,0,1
5,32,4,16,0,5,0,1,,9,1,2,3,1,25,1,0,0,1
5,32,4,16,0,5,0,1,,10,1,2,5,1,26,1,0,0,1
5,32,4,16,0,5,0,1,,11,1,2,5,1,27,1,0,0,1
5,32,4,16,0,5,0,1,,12,1,2,3,1,28,1,0,0,1
5,32,4,16,0,5,0,1,,13,1,1,3,0,,0,0,0,0
5,32,4,16,0,5,0,1,,14,1,2,5,1,30,1,0,0,1
5,32,4,16,0,5,0,1,,15,1,2,3,1,31,1,0,0,1
5,32,4,16,0,5,0,1,,16,1,2,3,1,0,1,0,0,1
5,32,4,16,0,5,0,1,,17,1,1,3,0,,0,0,0,0
5,32,4,16,0,5,0,1,,18,1,2,5,1,2,1,0,0,1
5,32,4,16,0,5,0,1,,19,1,2,3,1,3,1,0,0,1
5,32,4,16,0,5,0,1,,20,1,1,3,0,,0,0,0,0
5,32,4,16,0,5,0,1,,22,1,2,3,1,6,1,0,0,1
5,32,4,16,0,5,0,1,,23,1,1,3,0,,0,0,0,0
5,32,4,16,0,5,0,1,,24,1,2,5,1,8,1,0,0,1
5,32,4,16,0,5,0,1,,25,1,2,3,1,9,1,0,0,1
5,32,4,16,0,5,0,1,,26,1,2,5,1,10,1,0,0,1
5,32,4,16,0,5,0,1,,27,1,2,5,1,11,1,0,0,1
5,32,4,16,0,5,0,1,,28,1,2,3,1,12,1,0,0,1
5,32,4,16,0,5,0,1,,29,1,1,3,0,,0,0,0,0
5,32,4,16,0,5,0,1,,30,1,2,5,1,14,1,0,0,1
5,32,4,16,0,5,0,1,,31,1,2,3,1,15,1,0,0,1
5,32,4,16,0,5,1,1,5,0:16,1,1,4,0,,0,0,0,0
5,32,4,16,0,5,1,1,21,0:16,1,1,4,0,,0,0,0,0
5,32,4,16,0,6,0,0,,,1,1,0,0,,0,0,0,0
5,32,4,16,0,6,0,1,,0,1,2,3,1,16,1,0,0,1
5,32,4,16,0,6,0,1,,1,1,2,5,1,17,1,0,0,1
5,32,4,16,0,6,0,1,,2,1,1,3,0,,0,0,0,0
5,32,4,16,0,6,0,1,,3,1,2,3,1,19,1,0,0,1
5,32,4,16,0,6,0,1,,4,1,1,3,0,,0,0,0,0
5,32,4,16,0,6,0,1,,5,1,2,3,1,21,1,0,0,1
5,32,4,16,0,6,0,1,,7,1,1,3,0,,0,0,0,0
5,32,4,16,0,6,0,1,,8,1,2,5,1,24,1,0,0,1
5,32,4,16,0,6,0,1,,9,1,2,5,1,25,1,0,0,1
5,32,4,16,0,6,0,1,,10,1,2,3,1,26,1,0,0,1
5,32,4,16,0,6,0,1,,11,1,2,5,1,27,1,0,0,1
5,32,4,16,0,6,0,1,,12,1,2,3,1,28,1,0,0,1
5,32,4,16,0,6,0,1,,13,1,2,5,1,29,1,0,0,1
5,32,4,16,0,6,0,1,,14,1,1,3,0,,0,0,0,0
5,32,4,16,0,6,0,1,,15,1,2,3,1,31,1,0,0,1
5,32,4,16,0,6,0,1,,16,1,2,3,1,0,1,0,0,1
5,32,4,16,0,6,0,1,,17,1,2,5,1,1,1,0,0,1
5,32,4,16,0,6,0,1,,18,1,1,3,0,,0,0,0,0
5,32,4,16,0,6,0,1,,19,1,2,3,1,3,1,0,0,1
5,32,4,16,0,6,0,1,,20,1,1,3,0,,0,0,0,0
5,32,4,16,0,6,0,1,,21,1,2,3,1,5,1,0,0,1
5,32,4,16,0,6,0,1,,23,1,1,3,0,,0,0,0,0
5,32,4,16,0,6,0,1,,24,1,2,5,1,8,1,0,0,1
5,32,4,16,0,6,0,1,,25,1,2,5,1,9,1,0,0,1
5,32,4,16,0,6,0,1,,26,1,2,3,1,10,1,0,0,1
5,32,4,16,0,6,0,1,,27,1,2,5,1,11,1,0,0,1
5,32,4,16,0,6,0,1,,28,1,2,3,1,12,1,0,0,1
5,32,4,16,0,6,0,1,,29,1,2,5,1,13,1,0,0,1
5,32,4,16,0,6,0,1,,30,1,1,3,0,,0,0,0,0
5,32,4,16,0,6,0,1,,31,1,2,3,1,15,1,0,0,1
5,32,4,16,0,6,1,1,6,0:16,1,1,4,0,,0,0,0,0
5,32,4,16,0,6,1,1,22,0:16,1,1,4,0,,0,0,0,0
5,32,4,16,0,7,0,0,,,1,1,0,0,,0,0,0,0
5,32,4,16,0,7,0,1,,0,1,2,5,1,16,1,0,0,1
5,32,4,16,0,7,0,1,,1,1,2,3,1,17,1,0,0,1
5,32,4,16,0,7,0,1,,2,1,2,3,1,18,1,0,0,1
5,32,4,16,0,7,0,1,,3,1,1,3,0,,0,0,0,0
5,32,4,16,0,7,0,1,,4,1,2,3,1,20,1,0,0,1
5,32,4,16,0,7,0,1,,5,1,1,3,0,,0,0,0,0
5,32,4,16,0,7,0,1,,6,1,1,3,0,,0,0,0,0
5,32,4,16,0,7,0,1,,8,1,2,5,1,24,1,0,0,1
5,32,4,16,0,7,0,1,,9,1,2,5,1,25,1,0,0,1
5,32,4,16,0,7,0,1,,10,1,2,5,1,26,1,0,0,1
5,32,4,16,0,7,0,1,,11,1,2,3,1,27,1,0,0,1
5,32,4,16,0,7,0,1,,12,1,2,5,1,28,1,0,0,1
5,32,4,16,0,7,0,1,,13,1,2,3,1,29,1,0,0,1
5,32,4,16,0,7,0,1,,14,1,2,3,1,30,1,0,0,1
5,32,4,16,0,7,0,1,,15,1,1,3,0,,0,0,0,0
5,32,4,16,0,7,0,1,,16,1,2,5,1,0,1,0,0,1
5,32,4,16,0,7,0,1,,17,1,2,3,1,1,1,0,0,1
5,32,4,16,0,7,0,1,,18,1,2,3,1,2,1,0,0,1
5,32,4,16,0,7,0,1,,19,1,1,3,0,,0,0,0,0
5,32,4,16,0,7,0,1,,20,1,2,3,1,4,1,0,0,1
5,32,4,16,0,7,0,1,,21,1,1,3,0,,0,0,0,0
5,32,4,16,0,7,0,1,,22,1,1,3,0,,0,0,0,0
5,32,4,16,0,7,0,1,,24,1,2,5,1,8,1,0,0,1
5,32,4,16,0,7,0,1,,25,1,2,5,1,9,1,0,0,1
5,32,4,16,0,7,0,1,,26,1,2,5,1,10,1,0,0,1
5,32,4,16,0,7,0,1,,27,1,2,3,1,11,1,0,0,1
5,32,4,16,0,7,0,1,,28,1,2,5,1,12,1,0,0,1
5,32,4,16,0,7,0,1,,29,1,2,3,1,13,1,0,0,1
5,32,4,16,0,7,0,1,,30,1,2,3,1,14,1,0,0,1
5,32,4,16,0,7,0,1,,31,1,1,3,0,,0,0,0,0
5,32,4,16,0,7,1,1,7,0:16,1,1,8,0,,0,0,0,0
5,32,4,16,0,7,1,1,23,0:16,1,1,8,0,,0,0,0,0
5,32,4,16,0,8,0,0,,,1,1,0,0,,0,0,0,0
5,32,4,16,0,8,0,1,,0,1,1,3,0,,0,0,0,0
5,32,4,16,0,8,0,1,,1,1,2,3,1,17,1,0,0,1
5,32,4,16,0,8,0,1,,2,1,2,3,1,18,1,0,0,1
5,32,4,16,0,8,0,1,,3,1,2,5,1,19,1,0,0,1
5,32,4,16,0,8,0,1,,4,1,2,3,1,20,1,0,0,1
5,32,4,16,0,8,0,1,,5,1,2,5,1,21,1,0,0,1
5,32,4,16,0,8,0,1,,6,1,2,5,1,22,1,0,0,1
5,32,4,16,0,8,0,1,,7,1,2,5,1,23,1,0,0,1
5,32,4,16,0,8,0,1,,9,1,1,3,0,,0,0,0,0
5,32,4,16,0,8,0,1,,10,1,1,3,0,,0,0,0,0
5,32,4,16,0,8,0,1,,11,1,2,3,1,27,1,0,0,1
5,32,4,16,0,8,0,1,,12,1,1,3,0,,0,0,0,0
5,32,4,16,0,8,0,1,,13,1,2,3,1,29,1,0,0,1
5,32,4,16,0,8,0,1,,14,1,2,3,1,30,1,0,0,1
5,32,4,16,0,8,0,1,,15,1,2,5,1,31,1,0,0,1
5,32,4,16,0,8,0,1,,16,1,1,3,0,,0,0,0,0
5,32,4,16,0,8,0,1,,17,1,2,3,1,1,1,0,0,1
5,32,4,16,0,8,0,1,,18,1,2,3,1,2,1,0,0,1
5,32,4,16,0,8,0,1,,19,1,2,5,1,3,1,0,0,1
5,32,4,16,0,8,0,1,,20,1,2,3,1,4,1,0,0,1
5,32,4,16,0,8,0,1,,21,1,2,5,1,5,1,0,0,1
5,32,4,16,0,8,0,1,,22,1,2,5,1,6,1,0,0,1
5,32,4,16,0,8,0,1,,23,1,2,5,1,7,1,0,0,1
5,32,4,16,0,8,0,1,,25,1,1,3,0,,0,0,0,0
5,32,4,16,0,8,0,1,,26,1,1,3,0,,0,0,0,0
5,32,4,16,0,8,0,1,,27,1,2,3,1,11,1,0,0,1
5,32,4,16,0,8,0,1,,28,1,1,3,0,,0,0,0,0
5,32,4,16,0,8,0,1,,29,1,2,3,1,13,1,0,0,1
5,32,4,16,0,8,0,1,,30,1,2,3,1,14,1,0,0,1
5,32,4,16,0,8,0,1,,31,1,2,5,1,15,1,0,0,1
5,32,4,16,0,8,1,1,8,0:16,1,1,6,0,,0,0,0,0
5,32,4,16,0,8,1,1,24,0:16,1,1,6,0,,0,0,0,0
5,32,4,16,0,9,0,0,,,1,1,0,0,,0,0,0,0
5,32,4,16,0,9,0,1,,0,1,2,3,1,16,1,0,0,1
5,32,4,16,0,9,0,1,,1,1,1,3,0,,0,0,0,0
5,32,4,16,0,9,0,1,,2,1,2,5,1,18,1,0,0,1
5,32,4,16,0,9,0,1,,3,1,2,3,1,19,1,0,0,1
5,32,4,16,0,9,0,1,,4,1,2,5,1,20,1,0,0,1
5,32,4,16,0,9,0,1,,5,1,2,3,1,21,1,0,0,1
5,32,4,16,0,9,0,1,,6,1,2,5,1,22,1,0,0,1
5,32,4,16,0,9,0,1,,7,1,2,5,1,23,1,0,0,1
5,32,4,16,0,9,0,1,,8,1,1,3,0,,0,0,0,0
5,32,4,16,0,9,0,1,,10,1,2,3,1,26,1,0,0,1
5,32,4,16,0,9,0,1,,11,1,1,3,0,,0,0,0,0
5,32,4,16,0,9,0,1,,12,1,2,3,1,28,1,0,0,1
5,32,4,16,0,9,0,1,,13,1,1,3,0,,0,0,0,0
5,32,4,16,0,9,0,1,,14,1,2,5,1,30,1,0,0,1
5,32,4,16,0,9,0,1,,15,1,2,3,1,31,1,0,0,1
5,32,4,16,0,9,0,1,,16,1,2,3,1,0,1,0,0,1
5,32,4,16,0,9,0,1,,17,1,1,3,0,,0,0,0,0
5,32,4,16,0,9,0,1,,18,1,2,5,1,2,1,0,0,1
5,32,4,16,0,9,0,1,,19,1,2,3,1,3,1,0,0,1
5,32,4,16,0,9,0,1,,20,1,2,5,1,4,1,0,0,1
5,32,4,16,0,9,0,1,,21,1,2,3,1,5,1,0,0,1
5,32,4,16,0,9,0,1,,22,1,2,5,1,6,1,0,0,1
5,32,4,16,0,9,0,1,,23,1,2,5,1,7,1,0,0,1
5,32,4,16,0,9,0,1,,24,1,1,3,0,,0,0,0,0
5,32,4,16,0,9,0,1,,26,1,2,3,1,10,1,0,0,1
5,32,4,16,0,9,0,1,,27,1,1,3,0,,0,0,0,0
5,32,4,16,0,9,0,1,,28,1,2,3,1,12,1,0,0,1
5,32,4,16,0,9,0,1,,29,1,1,3,0,,0,0,0,0
5,32,4,16,0,9,0,1,,30,1,2,5,1,14,1,0,0,1
5,32,4,16,0,9,0,1,,31,1,2,3,1,15,1,0,0,1
5,32,4,16,0,9,1,1,9,0:16,1,1,4,0,,0,0,0,0
5,32,4,16,0,9,1,1,25,0:16,1,1,4,0,,0,0,0,0
5,32,4,16,0,10,0,0,,,1,1,0,0,,0,0,0,0
5,32,4,16,0,10,0,1,,0,1,2,3,1,16,1,0,0,1
5,32,4,16,0,10,0,1,,1,1,2,5,1,17,1,0,0,1
5,32,4,16,0,10,0,1,,2,1,1,3,0,,0,0,0,0
5,32,4,16,0,10,0,1,,3,1,2,3,1,19,1,0,0,1
5,32,4,16,0,10,0,1,,4,1,2,5,1,20,1,0,0,1
5,32,4,16,0,10,0,1,,5,1,2,5,1,21,1,0,0,1
5,32,4,16,0,10,0,1,,6,1,2,3,1,22,1,0,0,1
5,32,4,16,0,10,0,1,,7,1,2,5,1,23,1,0,0,1
5,32,4,16,0,10,0,1,,8,1,1,3,0,,0,0,0,0
5,32,4,16,0,10,0,1,,9,1,2,3,1,25,1,0,0,1
5,32,4,16,0,10,0,1,,11,1,1,3,0,,0,0,0,0
5,32,4,16,0,10,0,1,,12,1,2,3,1,28,1,0,0,1
5,32,4,16,0,10,0,1,,13,1,2,5,1,29,1,0,0,1
5,32,4,16,0,10,0,1,,14,1,1,3,0,,0,0,0,0
5,32,4,16,0,10,0,1,,15,1,2,3,1,31,1,0,0,1
5,32,4,16,0,10,0,1,,16,1,2,3,1,0,1,0,0,1
5,32,4,16,0,10,0,1,,17,1,2,5,1,1,1,0,0,1
5,32,4,16,0,10,0,1,,18,1,1,3,0,,0,0,0,0
5,32,4,16,0,10,0,1,,19,1,2,3,1,3,1,0,0,1
5,32,4,16,0,10,0,1,,20,1,2,5,1,4,1,0,0,1
5,32,4,16,0,10,0,1,,21,1,2,5,1,5,1,0,0,1
5,32,4,16,0,10,0,1,,22,1,2,3,1,6,1,0,0,1
5,32,4,16,0,10,0,1,,23,1,2,5,1,7,1,0,0,1
5,32,4,16,0,10,0,1,,24,1,1,3,0,,0,0,0,0
5,32,4,16,0,10,0,1,,25,1,2,3,1,9,1,0,0,1
5,32,4,16,0,10,0,1,,27,1,1,3,0,,0,0,0,0
5,32,4,16,0,10,0,1,,28,1,2,3,1,12,1,0,0,1
5,32,4,16,0,10,0,1,,29,1,2,5,1,13,1,0,0,1
5,32,4,16,0,10,0,1,,30,1,1,3,0,,0,0,0,0
5,32,4,16,0,10,0,1,,31,1,2,3,1,15,1,0,0,1
5,32,4,16,0,10,1,1,10,0:16,1,1,4,0,,0,0,0,0
5,32,4,16,0,10,1,1,26,0:16,1,1,4,0,,0,0,0,0
5,32,4,16,0,11,0,0,,,1,1,0,0,,0,0,0,0
5,32,4,16,0,11,0,1,,0,1,2,5,1,16,1,0,0,1
5,32,4,16,0,11,0,1,,1,1,2,3,1,17,1,0,0,1
5,32,4,16,0,11,0,1,,2,1,2,3,1,18,1,0,0,1
5,32,4,16,0,11,0,1,,3,1,1,3,0,,0,0,0,0
5,32,4,16,0,11,0,1,,4,1,2,5,1,20,1,0,0,1
5,32,4,16,0,11,0,1,,5,1,2,5,1,21,1,0,0,1
5,32,4,16,0,11,0,1,,6,1,2,5,1,22,1,0,0,1
5,32,4,16,0,11,0,1,,7,1,2,3,1,23,1,0,0,1
5,32,4,16,0,11,0,1,,8,1,2,3,1,24,1,0,0,1
5,32,4,16,0,11,0,1,,9,1,1,3,0,,0,0,0,0
5,32,4,16,0,11,0,1,,10,1,1,3,0,,0,0,0,0
5,32,4,16,0,11,0,1,,12,1,2,5,1,28,1,0,0,1
5,32,4,16,0,11,0,1,,13,1,2,3,1,29,1,0,0,1
5,32,4,16,0,11,0,1,,14,1,2,3,1,30,1,0,0,1
5,32,4,16,0,11,0,1,,15,1,1,3,0,,0,0,0,0
5,32,4,16,0,11,0,1,,16,1,2,5,1,0,1,0,0,1
5,32,4,16,0,11,0,1,,17,1,2,3,1,1,1,0,0,1
5,32,4,16,0,11,0,1,,18,1,2,3,1,2,1,0,0,1
5,32,4,16,0,11,0,1,,19,1,1,3,0,,0,0,0,0
5,32,4,16,0,11,0,1,,20,1,2,5,1,4,1,0,0,1
5,32,4,16,0,11,0,1,,21,1,2,5,1,5,1,0,0,1
5,32,4,16,0,11,0,1,,22,1,2,5,1,6,1,0,0,1
5,32,4,16,0,11,0,1,,23,1,2,3,1,7,1,0,0,1
5,32,4,16,0,11,0,1,,24,1,2,3,1,8,1,0,0,1
5,32,4,16,0,11,0,1,,25,1,1,3,0,,0,0,0,0
5,32,4,16,0,11,0,1,,26,1,1,3,0,,0,0,0,0
5,32,4,16,0,11,0,1,,28,1,2,5,1,12,1,0,0,1
5,32,4,16,0,11,0,1,,29,1,2,3,1,13,1,0,0,1
5,32,4,16,0,11,0,1,,30,1,2,3,1,14,1,0,0,1
5,32,4,16,0,11,0,1,,31,1,1,3,0,,0,0,0,0
5,32,4,16,0,11,1,1,11,0:16,1,1,8,0,,0,0,0,0
5,32,4,16,0,11,1,1,27,0:16,1,1,8,0,,0,0,0,0
5,32,4,16,0,12,0,0,,,1,1,0,0,,0,0,0,0
5,32,4,16,0,12,0,1,,0,1,2,3,1,16,1,0,0,1
5,32,4,16,0,12,0,1,,1,1,2,5,1,17,1,0,0,1
5,32,4,16,0,12,0,1,,2,1,2,5,1,18,1,0,0,1
5,32,4,16,0,12,0,1,,3,1,2,5,1,19,1,0,0,1
5,32,4,16,0,12,0,1,,4,1,1,3,0,,0,0,0,0
5,32,4,16,0,12,0,1,,5,1,2,3,1,21,1,0,0,1
5,32,4,16,0,12,0,1,,6,1,2,3,1,22,1,0,0,1
5,32,4,16,0,12,0,1,,7,1,2,5,1,23,1,0,0,1
5,32,4,16,0,12,0,1,,8,1,1,3,0,,0,0,0,0
5,32,4,16,0,12,0,1,,9,1,2,3,1,25,1,0,0,1
5,32,4,16,0,12,0,1,,10,1,2,3,1,26,1,0,0,1
5,32,4,16,0,12,0,1,,11,1,2,5,1,27,1,0,0,1
5,32,4,16,0,12,0,1,,13,1,1,3,0,,0,0,0,0
5,32,4,16,0,12,0,1,,14,1,1,3,0,,0,0,0,0
5,32,4,16,0,12,0,1,,15,1,2,3,1,31,1,0,0,1
5,32,4,16,0,12,0,1,,16,1,2,3,1,0,1,0,0,1
5,32,4,16,0,12,0,1,,17,1,2,5,1,1,1,0,0,1
5,32,4,16,0,12,0,1,,18,1,2,5,1,2,1,0,0,1
5,32,4,16,0,12,0,1,,19,1,2,5,1,3,1,0,0,1
5,32,4,16,0,12,0,1,,20,1,1,3,0,,0,0,0,0
5,32,4,16,0,12,0,1,,21,1,2,3,1,5,1,0,0,1
5,32,4,16,0,12,0,1,,22,1,2,3,1,6,1,0,0,1
5,32,4,16,0,12,0,1,,23,1,2,5,1,7,1,0,0,1
5,32,4,16,0,12,0,1,,24,1,1,3,0,,0,0,0,0
5,32,4,16,0,12,0,1,,25,1,2,3,1,9,1,0,0,1
5,32,4,16,0,12,0,1,,26,1,2,3,1,10,1,0,0,1
5,32,4,16,0,12,0,1,,27,1,2,5,1,11,1,0,0,1
5,32,4,16,0,12,0,1,,29,1,1,3,0,,0,0,0,0
5,32,4,16,0,12,0,1,,30,1,1,3,0,,0,0,0,0
5,32,4,16,0,12,0,1,,31,1,2,3,1,15,1,0,0,1
5,32,4,16,0,12,1,1,12,0:16,1,1,4,0,,0,0,0,0
5,32,4,16,0,12,1,1,28,0:16,1,1,4,0,,0,0,0,0
5,32,4,16,0,13,0,0,,,1,1,0,0,,0,0,0,0
5,32,4,16,0,13,0,1,,0,1,2,5,1,16,1,0,0,1
5,32,4,16,0,13,0,1,,1,1,2,3,1,17,1,0,0,1
5,32,4,16,0,13,0,1,,2,1,2,5,1,18,1,0,0,1
5,32,4,16,0,13,0,1,,3,1,2,5,1,19,1,0,0,1
5,32,4,16,0,13,0,1,,4,1,2,3,1,20,1,0,0,1
5,32,4,16,0,13,0,1,,5,1,1,3,0,,0,0,0,0
5,32,4,16,0,13,0,1,,6,1,2,5,1,22,1,0,0,1
5,32,4,16,0,13,0,1,,7,1,2,3,1,23,1,0,0,1
5,32,4,16,0,13,0,1,,8,1,2,3,1,24,1,0,0,1
5,32,4,16,0,13,0,1,,9,1,1,3,0,,0,0,0,0
5,32,4,16,0,13,0,1,,10,1,2,5,1,26,1,0,0,1
5,32,4,16,0,13,0,1,,11,1,2,3,1,27,1,0,0,1
5,32,4,16,0,13,0,1,,12,1,1,3,0,,0,0,0,0
5,32,4,16,0,13,0,1,,14,1,2,3,1,30,1,0,0,1
5,32,4,16,0,13,0,1,,15,1,1,3,0,,0,0,0,0
5,32,4,16,0,13,0,1,,16,1,2,5,1,0,1,0,0,1
5,32,4,16,0,13,0,1,,17,1,2,3,1,1,1,0,0,1
5,32,4,16,0,13,0,1,,18,1,2,5,1,2,1,0,0,1
5,32,4,16,0,13,0,1,,19,1,2,5,1,3,1,0,0,1
5,32,4,16,0,13,0,1,,20,1,2,3,1,4,1,0,0,1
5,32,4,16,0,13,0,1,,21,1,1,3,0,,0,0,0,0
5,32,4,16,0,13,0,1,,22,1,2,5,1,6,1,0,0,1
5,32,4,16,0,13,0,1,,23,1,2,3,1,7,1,0,0,1
5,32,4,16,0,13,0,1,,24,1,2,3,1,8,1,0,0,1
5,32,4,16,0,13,0,1,,25,1,1,3,0,,0,0,0,0
5,32,4,16,0,13,0,1,,26,1,2,5,1,10,1,0,0,1
5,32,4,16,0,13,0,1,,27,1,2,3,1,11,1,0,0,1
5,32,4,16,0,13,0,1,,28,1,1,3,0,,0,0,0,0
5,32,4,16,0,13,0,1,,30,1,2,3,1,14,1,0,0,1
5,32,4,16,0,13,0,1,,31,1,1,3,0,,0,0,0,0
5,32,4,16,0,13,1,1,13,0:16,1,1,8,0,,0,0,0,0
5,32,4,16,0,13,1,1,29,0:16,1,1,8,0,,0,0,0,0
5,32,4,16,0,14,0,0,,,1,1,0,0,,0,0,0,0
5,32,4,16,0,14,0,1,,0,1,2,5,1,16,1,0,0,1
5,32,4,16,0,14,0,1,,1,1,2,5,1,17,1,0,0,1
5,32,4,16,0,14,0,1,,2,1,2,3,1,18,1,0,0,1
5,32,4,16,0,14,0,1,,3,1,2,5,1,19,1,0,0,1
5,32,4,16,0,14,0,1,,4,1,2,3,1,20,1,0,0,1
5,32,4,16,0,14,0,1,,5,1,2,5,1,21,1,0,0,1
5,32,4,16,0,14,0,1,,6,1,1,3,0,,0,0,0,0
5,32,4,16,0,14,0,1,,7,1,2,3,1,23,1,0,0,1
5,32,4,16,0,14,0,1,,8,1,2,3,1,24,1,0,0,1
5,32,4,16,0,14,0,1,,9,1,2,5,1,25,1,0,0,1
5,32,4,16,0,14,0,1,,10,1,1,3,0,,0,0,0,0
5,32,4,16,0,14,0,1,,11,1,2,3,1,27,1,0,0,1
5,32,4,16,0,14,0,1,,12,1,1,3,0,,0,0,0,0
5,32,4,16,0,14,0,1,,13,1,2,3,1,29,1,0,0,1
5,32,4,16,0,14,0,1,,15,1,1,3,0,,0,0,0,0
5,32,4,16,0,14,0,1,,16,1,2,5,1,0,1,0,0,1
5,32,4,16,0,14,0,1,,17,1,2,5,1,1,1,0,0,1
5,32,4,16,0,14,0,1,,18,1,2,3,1,2,1,0,0,1
5,32,4,16,0,14,0,1,,19,1,2,5,1,3,1,0,0,1
5,32,4,16,0,14,0,1,,20,1,2,3,1,4,1,0,0,1
5,32,4,16,0,14,0,1,,21,1,2,5,1,5,1,0,0,1
5,32,4,16,0,14,0,1,,22,1,1,3,0,,0,0,0,0
5,32,4,16,0,14,0,1,,23,1,2,3,1,7,1,0,0,1
5,32,4,16,0,14,0,1,,24,1,2,3,1,8,1,0,0,1
5,32,4,16,0,14,0,1,,25,1,2,5,1,9,1,0,0,1
5,32,4,16,0,14,0,1,,26,1,1,3,0,,0,0,0,0
5,32,4,16,0,14,0,1,,27,1,2,3,1,11,1,0,0,1
5,32,4,16,0,14,0,1,,28,1,1,3,0,,0,0,0,0
5,32,4,16,0,14,0,1,,29,1,2,3,1,13,1,0,0,1
5,32,4,16,0,14,0,1,,31,1,1,3,0,,0,0,0,0
5,32,4,16,0,14,1,1,14,0:16,1,1,8,0,,0,0,0,0
5,32,4,16,0,14,1,1,30,0:16,1,1,8,0,,0,0,0,0
5,32,4,16,0,15,0,0,,,1,1,0,0,,0,0,0,0
5,32,4,16,0,15,0,1,,0,1,2,5,1,16,1,0,0,1
5,32,4,16,0,15,0,1,,1,1,2,5,1,17,1,0,0,1
5,32,4,16,0,15,0,1,,2,1,2,5,1,18,1,0,0,1
5,32,4,16,0,15,0,1,,3,1,2,3,1,19,1,0,0,1
5,32,4,16,0,15,0,1,,4,1,2,5,1,20,1,0,0,1
5,32,4,16,0,15,0,1,,5,1,2,3,1,21,1,0,0,1
5,32,4,16,0,15,0,1,,6,1,2,3,1,22,1,0,0,1
5,32,4,16,0,15,0,1,,7,1,1,3,0,,0,0,0,0
5,32,4,16,0,15,0,1,,8,1,2,5,1,24,1,0,0,1
5,32,4,16,0,15,0,1,,9,1,2,3,1,25,1,0,0,1
5,32,4,16,0,15,0,1,,10,1,2,3,1,26,1,0,0,1
5,32,4,16,0,15,0,1,,11,1,1,3,0,,0,0,0,0
5,32,4,16,0,15,0,1,,12,1,2,3,1,28,1,0,0,1
5,32,4,16,0,15,0,1,,13,1,1,3,0,,0,0,0,0
5,32,4,16,0,15,0,1,,14,1,1,3,0,,0,0,0,0
5,32,4,16,0,15,0,1,,16,1,2,5,1,0,1,0,0,1
5,32,4,16,0,15,0,1,,17,1,2,5,1,1,1,0,0,1
5,32,4,16,0,15,0,1,,18,1,2,5,1,2,1,0,0,1
5,32,4,16,0,15,0,1,,19,1,2,3,1,3,1,0,0,1
5,32,4,16,0,15,0,1,,20,1,2,5,1,4,1,0,0,1
5,32,4,16,0,15,0,1,,21,1,2,3,1,5,1,0,0,1
5,32,4,16,0,15,0,1,,22,1,2,3,1,6,1,0,0,1
5,32,4,16,0,15,0,1,,23,1,1,3,0,,0,0,0,0
5,32,4,16,0,15,0,1,,24,1,2,5,1,8,1,0,0,1
5,32,4,16,0,15,0,1,,25,1,2,3,1,9,1,0,0,1
5,32,4,16,0,15,0,1,,26,1,2,3,1,10,1,0,0,1
5,32,4,16,0,15,0,1,,27,1,1,3,0,,0,0,0,0
5,32,4,16,0,15,0,1,,28,1,2,3,1,12,1,0,0,1
5,32,4,16,0,15,0,1,,29,1,1,3,0,,0,0,0,0
5,32,4,16,0,15,0,1,,30,1,1,3,0,,0,0,0,0
5,32,4,16,0,15,1,1,15,0:16,1,1,8,0,,0,0,0,0
5,32,4,16,0,15,1,1,31,0:16,1,1,8,0,,0,0,0,0
5,32,4,16,16,0,0,0,,,1,1,0,0,,0,0,0,0
5,32,4,16,16,0,0,1,,1,1,1,3,0,,0,0,0,0
5,32,4,16,16,0,0,1,,2,1,1,3,0,,0,0,0,0
5,32,4,16,16,0,0,1,,3,1,2,3,1,19,1,0,0,1
5,32,4,16,16,0,0,1,,4,1,1,3,0,,0,0,0,0
5,32,4,16,16,0,0,1,,5,1,2,3,1,21,1,0,0,1
5,32,4,16,16,0,0,1,,6,1,2,3,1,22,1,0,0,1
5,32,4,16,16,0,0,1,,7,1,2,5,1,23,1,0,0,1
5,32,4,16,16,0,0,1,,8,1,1,3,0,,0,0,0,0
5,32,4,16,16,0,0,1,,9,1,2,3,1,25,1,0,0,1
5,32,4,16,16,0,0,1,,10,1,2,3,1,26,1,0,0,1
5,32,4,16,16,0,0,1,,11,1,2,5,1,27,1,0,0,1
5,32,4,16,16,0,0,1,,12,1,2,3,1,28,1,0,0,1
5,32,4,16,16,0,0,1,,13,1,2,5,1,29,1,0,0,1
5,32,4,16,16,0,0,1,,14,1,2,5,1,30,1,0,0,1
5,32,4,16,16,0,0,1,,15,1,2,5,1,31,1,0,0,1
5,32,4,16,16,0,0,1,,17,1,1,3,0,,0,0,0,0
5,32,4,16,16,0,0,1,,18,1,1,3,0,,0,0,0,0
5,32,4,16,16,0,0,1,,19,1,2,3,1,3,1,0,0,1
5,32,4,16,16,0,0,1,,20,1,1,3,0,,0,0,0,0
5,32,4,16,16,0,0,1,,21,1,2,3,1,5,1,0,0,1
5,32,4,16,16,0,0,1,,22,1,2,3,1,6,1,0,0,1
5,32,4,16,16,0,0,1,,23,1,2,5,1,7,1,0,0,1
5,32,4,16,16,0,0,1,,24,1,1,3,0,,0,0,0,0
5,32,4,16,16,0,0,1,,25,1,2,3,1,9,1,0,0,1
5,32,4,16,16,0,0,1,,26,1,2,3,1,10,1,0,0,1
5,32,4,16,16,0,0,1,,27,1,2,5,1,11,1,0,0,1
5,32,4,16,16,0,0,1,,28,1,2,3,1,12,1,0,0,1
5,32,4,16,16,0,0,1,,29,1,2,5,1,13,1,0,0,1
5,32,4,16,16,0,0,1,,30,1,2,5,1,14,1,0,0,1
5,32,4,16,16,0,0,1,,31,1,2,5,1,15,1,0,0,1
5,32,4,16,16,0,1,1,0,1:17,1,1,6,0,,0,0,0,0
5,32,4,16,16,0,1,1,16,1:17,1,1,6,0,,0,0,0,0
5,32,4,16,16,1,0,0,,,1,1,0,0,,0,0,0,0
5,32,4,16,16,1,0,1,,0,1,1,3,0,,0,0,0,0
5,32,4,16,16,1,0,1,,2,1,2,3,1,18,1,0,0,1
5,32,4,16,16,1,0,1,,3,1,1,3,0,,0,0,0,0
5,32,4,16,16,1,0,1,,4,1,2,3,1,20,1,0,0,1
5,32,4,16,16,1,0,1,,5,1,1,3,0,,0,0,0,0
5,32,4,16,16,1,0,1,,6,1,2,5,1,22,1,0,0,1
5,32,4,16,16,1,0,1,,7,1,2,3,1,23,1,0,0,1
5,32,4,16,16,1,0,1,,8,1,2,3,1,24,1,0,0,1
5,32,4,16,16,1,0,1,,9,1,1,3,0,,0,0,0,0
5,32,4,16,16,1,0,1,,10,1,2,5,1,26,1,0,0,1
5,32,4,16,16,1,0,1,,11,1,2,3,1,27,1,0,0,1
5,32,4,16,16,1,0,1,,12,1,2,5,1,28,1,0,0,1
5,32,4,16,16,1,0,1,,13,1,2,3,1,29,1,0,0,1
5,32,4,16,16,1,0,1,,14,1,2,5,1,30,1,0,0,1
5,32,4,16,16,1,0,1,,15,1,2,5,1,31,1,0,0,1
5,32,4,16,16,1,0,1,,16,1,1,3,0,,0,0,0,0
5,32,4,16,16,1,0,1,,18,1,2,3,1,2,1,0,0,1
5,32,4,16,16,1,0,1,,19,1,1,3,0,,0,0,0,0
5,32,4,16,16,1,0,1,,20,1,2,3,1,4,1,0,0,1
5,32,4,16,16,1,0,1,,21,1,1,3,0,,0,0,0,0
5,32,4,16,16,1,0,1,,22,1,2,5,1,6,1,0,0,1
5,32,4,16,16,1,0,1,,23,1,2,3,1,7,1,0,0,1
5,32,4,16,16,1,0,1,,24,1,2,3,1,8,1,0,0,1
5,32,4,16,16,1,0,1,,25,1,1,3,0,,0,0,0,0
5,32,4,16,16,1,0,1,,26,1,2,5,1,10,1,0,0,1
5,32,4,16,16,1,0,1,,27,1,2,3,1,11,1,0,0,1
5,32,4,16,16,1,0,1,,28,1,2,5,1,12,1,0,0,1
5,32,4,16,16,1,0,1,,29,1,2,3,1,13,1,0,0,1
5,32,4,16,16,1,0,1,,30,1,2,5,1,14,1,0,0,1
5,32,4,16,16,1,0,1,,31,1,2,5,1,15,1,0,0,1
5,32,4,16,16,1,1,1,1,0:16,1,1,6,0,,0,0,0,0
5,32,4,16,16,1,1,1,17,0:16,1,1,6,0,,0,0,0,0
5,32,4,16,16,2,0,0,,,1,1,0,0,,0,0,0,0
5,32,4,16,16,2,0,1,,0,1,1,3,0,,0,0,0,0
5,32,4,16,16,2,0,1,,1,1,2,3,1,17,1,0,0,1
5,32,4,16,16,2,0,1,,3,1,1,3,0,,0,0,0,0
5,32,4,16,16,2,0,1,,4,1,2,3,1,20,1,0,0,1
5,32,4,16,16,2,0,1,,5,1,2,5,1,21,1,0,0,1
5,32,4,16,16,2,0,1,,6,1,1,3,0,,0,0,0,0
5,32,4,16,16,2,0,1,,7,1,2,3,1,23,1,0,0,1
5,32,4,16,16,2,0,1,,8,1,2,3,1,24,1,0,0,1
5,32,4,16,16,2,0,1,,9,1,2,5,1,25,1,0,0,1
5,32,4,16,16,2,0,1,,10,1,1,3,0,,0,0,0,0
5,32,4,16,16,2,0,1,,11,1,2,3,1,27,1,0,0,1
5,32,4,16,16,2,0,1,,12,1,2,5,1,28,1,0,0,1
5,32,4,16,16,2,0,1,,13,1,2,5,1,29,1,0,0,1
5,32,4,16,16,2,0,1,,14,1,2,3,1,30,1,0,0,1
5,32,4,16,16,2,0,1,,15,1,2,5,1,31,1,0,0,1
5,32,4,16,16,2,0,1,,16,1,1,3,0,,0,0,0,0
5,32,4,16,16,2,0,1,,17,1,2,3,1,1,1,0,0,1
5,32,4,16,16,2,0,1,,19,1,1,3,0,,0,0,0,0
5,32,4,16,16,2,0,1,,20,1,2,3,1,4,1,0,0,1
5,32,4,16,16,2,0,1,,21,1,2,5,1,5,1,0,0,1
5,32,4,16,16,2,0,1,,22,1,1,3,0,,0,0,0,0
5,32,4,16,16,2,0,1,,23,1,2,3,1,7,1,0,0,1
5,32,4,16,16,2,0,1,,24,1,2,3,1,8,1,0,0,1
5,32,4,16,16,2,0,1,,25,1,2,5,1,9,1,0,0,1
5,32,4,16,16,2,0,1,,26,1,1,3,0,,0,0,0,0
5,32,4,16,16,2,0,1,,27,1,2,3,1,11,1,0,0,1
5,32,4,16,16,2,0,1,,28,1,2,5,1,12,1,0,0,1
5,32,4,16,16,2,0,1,,29,1,2,5,1,13,1,0,0,1
5,32,4,16,16,2,0,1,,30,1,2,3,1,14,1,0,0,1
5,32,4,16,16,2,0,1,,31,1,2,5,1,15,1,0,0,1
5,32,4,16,16,2,1,1,2,0:16,1,1,6,0,,0,0,0,0
5,32,4,16,16,2,1,1,18,0:16,1,1,6,0,,0,0,0,0
5,32,4,16,16,3,0,0,,,1,1,0,0,,0,0,0,0
5,32,4,16,16,3,0,1,,0,1,2,3,1,16,1,0,0,1
5,32,4,16,16,3,0,1,,1,1,1,3,0,,0,0,0,0
5,32,4,16,16,3,0,1,,2,1,1,3,0,,0,0,0,0
5,32,4,16,16,3,0,1,,4,1,2,5,1,20,1,0,0,1
5,32,4,16,16,3,0,1,,5,1,2,3,1,21,1,0,0,1
5,32,4,16,16,3,0,1,,6,1,2,3,1,22,1,0,0,1
5,32,4,16,16,3,0,1,,7,1,1,3,0,,0,0,0,0
5,32,4,16,16,3,0,1,,8,1,2,5,1,24,1,0,0,1
5,32,4,16,16,3,0,1,,9,1,2,3,1,25,1,0,0,1
5,32,4,16,16,3,0,1,,10,1,2,3,1,26,1,0,0,1
5,32,4,16,16,3,0,1,,11,1,1,3,0,,0,0,0,0
5,32,4,16,16,3,0,1,,12,1,2,5,1,28,1,0,0,1
5,32,4,16,16,3,0,1,,13,1,2,5,1,29,1,0,0,1
5,32,4,16,16,3,0,1,,14,1,2,5,1,30,1,0,0,1
5,32,4,16,16,3,0,1,,15,1,2,3,1,31,1,0,0,1
5,32,4,16,16,3,0,1,,16,1,2,3,1,0,1,0,0,1
5,32,4,16,16,3,0,1,,17,1,1,3,0,,0,0,0,0
5,32,4,16,16,3,0,1,,18,1,1,3,0,,0,0,0,0
5,32,4,16,16,3,0,1,,20,1,2,5,1,4,1,0,0,1
5,32,4,16,16,3,0,1,,21,1,2,3,1,5,1,0,0,1
5,32,4,16,16,3,0,1,,22,1,2,3,1,6,1,0,0,1
5,32,4,16,16,3,0,1,,23,1,1,3,0,,0,0,0,0
5,32,4,16,16,3,0,1,,24,1,2,5,1,8,1,0,0,1
5,32,4,16,16,3,0,1,,25,1,2,3,1,9,1,0,0,1
5,32,4,16,16,3,0,1,,26,1,2,3,1,10,1,0,0,1
5,32,4,16,16,3,0,1,,27,1,1,3,0,,0,0,0,0
5,32,4,16,16,3,0,1,,28,1,2,5,1,12,1,0,0,1
5,32,4,16,16,3,0,1,,29,1,2,5,1,13,1,0,0,1
5,32,4,16,16,3,0,1,,30,1,2,5,1,14,1,0,0,1
5,32,4,16,16,3,0,1,,31,1,2,3,1,15,1,0,0,1
5,32,4,16,16,3,1,1,3,0:16,1,1,4,0,,0,0,0,0
5,32,4,16,16,3,1,1,19,0:16,1,1,4,0,,0,0,0,0
5,32,4,16,16,4,0,0,,,1,1,0,0,,0,0,0,0
5,32,4,16,16,4,0,1,,0,1,1,3,0,,0,0,0,0
5,32,4,16,16,4,0,1,,1,1,2,3,1,17,1,0,0,1
5,32,4,16,16,4,0,1,,2,1,2,3,1,18,1,0,0,1
5,32,4,16,16,4,0,1,,3,1,2,5,1,19,1,0,0,1
5,32,4,16,16,4,0,1,,5,1,1,3,0,,0,0,0,0
5,32,4,16,16,4,0,1,,6,1,1,3,0,,0,0,0,0
5,32,4,16,16,4,0,1,,7,1,2,3,1,23,1,0,0,1
5,32,4,16,16,4,0,1,,8,1,2,3,1,24,1,0,0,1
5,32,4,16,16,4,0,1,,9,1,2,5,1,25,1,0,0,1
5,32,4,16,16,4,0,1,,10,1,2,5,1,26,1,0,0,1
5,32,4,16,16,4,0,1,,11,1,2,5,1,27,1,0,0,1
5,32,4,16,16,4,0,1,,12,1,1,3,0,,0,0,0,0
5,32,4,16,16,4,0,1,,13,1,2,3,1,29,1,0,0,1
5,32,4,16,16,4,0,1,,14,1,2,3,1,30,1,0,0,1
5,32,4,16,16,4,0,1,,15,1,2,5,1,31,1,0,0,1
5,32,4,16,16,4,0,1,,16,1,1,3,0,,0,0,0,0
5,32,4,16,16,4,0,1,,17,1,2,3,1,1,1,0,0,1
5,32,4,16,16,4,0,1,,18,1,2,3,1,2,1,0,0,1
5,32,4,16,16,4,0,1,,19,1,2,5,1,3,1,0,0,1
5,32,4,16,16,4,0,1,,21,1,1,3,0,,0,0,0,0
5,32,4,16,16,4,0,1,,22,1,1,3,0,,0,0,0,0
5,32,4,16,16,4,0,1,,23,1,2,3,1,7,1,0,0,1
5,32,4,16,16,4,0,1,,24,1,2,3,1,8,1,0,0,1
5,32,4,16,16,4,0,1,,25,1,2,5,1,9,1,0,0,1
5,32,4,16,16,4,0,1,,26,1,2,5,1,10,1,0,0,1
5,32,4,16,16,4,0,1,,27,1,2,5,1,11,1,0,0,1
5,32,4,16,16,4,0,1,,28,1,1,3,0,,0,0,0,0
5,32,4,16,16,4,0,1,,29,1,2,3,1,13,1,0,0,1
5,32,4,16,16,4,0,1,,30,1,2,3,1,14,1,0,0,1
5,32,4,16,16,4,0,1,,31,1,2,5,1,15,1,0,0,1
5,32,4,16,16,4,1,1,4,0:16,1,1,6,0,,0,0,0,0
5,32,4,16,16,4,1,1,20,0:16,1,1,6,0,,0,0,0,0
5,32,4,16,16,5,0,0,,,1,1,0,0,,0,0,0,0
5,32,4,16,16,5,0,1,,0,1,2,3,1,16,1,0,0,1
5,32,4,16,16,5,0,1,,1,1,1,3,0,,0,0,0,0
5,32,4,16,16,5,0,1,,2,1,2,5,1,18,1,0,0,1
5,32,4,16,16,5,0,1,,3,1,2,3,1,19,1,0,0,1
5,32,4,16,16,5,0,1,,4,1,1,3,0,,0,0,0,0
5,32,4,16,16,5,0,1,,6,1,2,3,1,22,1,0,0,1
5,32,4,16,16,5,0,1,,7,1,1,3,0,,0,0,0,0
5,32,4,16,16,5,0,1,,8,1,2,5,1,24,1,0,0,1
5,32,4,16,16,5,0,1,,9,1,2,3,1,25,1,0,0,1
5,32,4,16,16,5,0,1,,10,1,2,5,1,26,1,0,0,1
5,32,4,16,16,5,0,1,,11,1,2,5,1,27,1,0,0,1
5,32,4,16,16,5,0,1,,12,1,2,3,1,28,1,0,0,1
5,32,4,16,16,5,0,1,,13,1,1,3,0,,0,0,0,0
5,32,4,16,16,5,0,1,,14,1,2,5,1,30,1,0,0,1
5,32,4,16,16,5,0,1,,15,1,2,3,1,31,1,0,0,1
5,32,4,16,16,5,0,1,,16,1,2,3,1,0,1,0,0,1
5,32,4,16,16,5,0,1,,17,1,1,3,0,,0,0,0,0
5,32,4,16,16,5,0,1,,18,1,2,5,1,2,1,0,0,1
5,32,4,16,16,5,0,1,,19,1,2,3,1,3,1,0,0,1
5,32,4,16,16,5,0,1,,20,1,1,3,0,,0,0,0,0
5,32,4,16,16,5,0,1,,22,1,2,3,1,6,1,0,0,1
5,32,4,16,16,5,0,1,,23,1,1,3,0,,0,0,0,0
5,32,4,16,16,5,0,1,,24,1,2,5,1,8,1,0,0,1
5,32,4,16,16,5,0,1,,25,1,2,3,1,9,1,0,0,1
5,32,4,16,16,5,0,1,,26,1,2,5,1,10,1,0,0,1
5,32,4,16,16,5,0,1,,27,1,2,5,1,11,1,0,0,1
5,32,4,16,16,5,0,1,,28,1,2,3,1,12,1,0,0,1
5,32,4,16,16,5,0,1,,29,1,1,3,0,,0,0,0,0
5,32,4,16,16,5,0,1,,30,1,2,5,1,14,1,0,0,1
5,32,4,16,16,5,0,1,,31,1,2,3,1,15,1,0,0,1
5,32,4,16,16,5,1,1,5,0:16,1,1,4,0,,0,0,0,0
5,32,4,16,16,5,1,1,21,0:16,1,1,4,0,,0,0,0,0
5,32,4,16,16,6,0,0,,,1,1,0,0,,0,0,0,0
5,32,4,16,16,6,0,1,,0,1,2,3,1,16,1,0,0,1
5,32,4,16,16,6,0,1,,1,1,2,5,1,17,1,0,0,1
5,32,4,16,16,6,0,1,,2,1,1,3,0,,0,0,0,0
5,32,4,16,16,6,0,1,,3,1,2,3,1,19,1,0,0,1
5,32,4,16,16,6,0,1,,4,1,1,3,0,,0,0,0,0
5,32,4,16,16,6,0,1,,5,1,2,3,1,21,1,0,0,1
5,32,4,16,16,6,0,1,,7,1,1,3,0,,0,0,0,0
5,32,4,16,16,6,0,1,,8,1,2,5,1,24,1,0,0,1
5,32,4,16,16,6,0,1,,9,1,2,5,1,25,1,0,0,1
5,32,4,16,16,6,0,1,,10,1,2,3,1,26,1,0,0,1
5,32,4,16,16,6,0,1,,11,1,2,5,1,27,1,0,0,1
5,32,4,16,16,6,0,1,,12,1,2,3,1,28,1,0,0,1
5,32,4,16,16,6,0,1,,13,1,2,5,1,29,1,0,0,1
5,32,4,16,16,6,0,1,,14,1,1,3,0,,0,0,0,0
5,32,4,16,16,6,0,1,,15,1,2,3,1,31,1,0,0,1
5,32,4,16,16,6,0,1,,16,1,2,3,1,0,1,0,0,1
5,32,4,16,16,6,0,1,,17,1,2,5,1,1,1,0,0,1
5,32,4,16,16,6,0,1,,18,1,1,3,0,,0,0,0,0
5,32,4,16,16,6,0,1,,19,1,2,3,1,3,1,0,0,1
5,32,4,16,16,6,0,1,,20,1,1,3,0,,0,0,0,0
5,32,4,16,16,6,0,1,,21,1,2,3,1,5,1,0,0,1
5,32,4,16,16,6,0,1,,23,1,1,3,0,,0,0,0,0
5,32,4,16,16,6,0,1,,24,1,2,5,1,8,1,0,0,1
5,32,4,16,16,6,0,1,,25,1,2,5,1,9,1,0,0,1
5,32,4,16,16,6,0,1,,26,1,2,3,1,10,1,0,0,1
5,32,4,16,16,6,0,1,,27,1,2,5,1,11,1,0,0,1
5,32,4,16,16,6,0,1,,28,1,2,3,1,12,1,0,0,1
5,32,4,16,16,6,0,1,,29,1,2,5,1,13,1,0,0,1
5,32,4,16,16,6,0,1,,30,1,1,3,0,,0,0,0,0
5,32,4,16,16,6,0,1,,31,1,2,3,1,15,1,0,0,1
5,32,4,16,16,6,1,1,6,0:16,1,1,4,0,,0,0,0,0
5,32,4,16,16,6,1,1,22,0:16,1,1,4,0,,0,0,0,0
5,32,4,16,16,7,0,0,,,1,1,0,0,,0,0,0,0
5,32,4,16,16,7,0,1,,0,1,2,5,1,16,1,0,0,1
5,32,4,16,16,7,0,1,,1,1,2,3,1,17,1,0,0,1
5,32,4,16,16,7,0,1,,2,1,2,3,1,18,1,0,0,1
5,32,4,16,16,7,0,1,,3,1,1,3,0,,0,0,0,0
5,32,4,16,16,7,0,1,,4,1,2,3,1,20,1,0,0,1
5,32,4,16,16,7,0,1,,5,1,1,3,0,,0,0,0,0
5,32,4,16,16,7,0,1,,6,1,1,3,0,,0,0,0,0
5,32,4,16,16,7,0,1,,8,1,2,5,1,24,1,0,0,1
5,32,4,16,16,7,0,1,,9,1,2,5,1,25,1,0,0,1
5,32,4,16,16,7,0,1,,10,1,2,5,1,26,1,0,0,1
5,32,4,16,16,7,0,1,,11,1,2,3,1,27,1,0,0,1
5,32,4,16,16,7,0,1,,12,1,2,5,1,28,1,0,0,1
5,32,4,16,16,7,0,1,,13,1,2,3,1,29,1,0,0,1
5,32,4,16,16,7,0,1,,14,1,2,3,1,30,1,0,0,1
5,32,4,16,16,7,0,1,,15,1,1,3,0,,0,0,0,0
5,32,4,16,16,7,0,1,,16,1,2,5,1,0,1,0,0,1
5,32,4,16,16,7,0,1,,17,1,2,3,1,1,1,0,0,1
5,32,4,16,16,7,0,1,,18,1,2,3,1,2,1,0,0,1
5,32,4,16,16,7,0,1,,19,1,1,3,0,,0,0,0,0
5,32,4,16,16,7,0,1,,20,1,2,3,1,4,1,0,0,1
5,32,4,16,16,7,0,1,,21,1,1,3,0,,0,0,0,0
5,32,4,16,16,7,0,1,,22,1,1,3,0,,0,0,0,0
5,32,4,16,16,7,0,1,,24,1,2,5,1,8,1,0,0,1
5,32,4,16,16,7,0,1,,25,1,2,5,1,9,1,0,0,1
5,32,4,16,16,7,0,1,,26,1,2,5,1,10,1,0,0,1
5,32,4,16,16,7,0,1,,27,1,2,3,1,11,1,0,0,1
5,32,4,16,16,7,0,1,,28,1,2,5,1,12,1,0,0,1
5,32,4,16,16,7,0,1,,29,1,2,3,1,13,1,0,0,1
5,32,4,16,16,7,0,1,,30,1,2,3,1,14,1,0,0,1
5,32,4,16,16,7,0,1,,31,1,1,3,0,,0,0,0,0
5,32,4,16,16,7,1,1,7,0:16,1,1,8,0,,0,0,0,0
5,32,4,16,16,7,1,1,23,0:16,1,1,8,0,,0,0,0,0
5,32,4,16,16,8,0,0,,,1,1,0,0,,0,0,0,0
5,32,4,16,16,8,0,1,,0,1,1,3,0,,0,0,0,0
5,32,4,16,16,8,0,1,,1,1,2,3,1,17,1,0,0,1
5,32,4,16,16,8,0,1,,2,1,2,3,1,18,1,0,0,1
5,32,4,16,16,8,0,1,,3,1,2,5,1,19,1,0,0,1
5,32,4,16,16,8,0,1,,4,1,2,3,1,20,1,0,0,1
5,32,4,16,16,8,0,1,,5,1,2,5,1,21,1,0,0,1
5,32,4,16,16,8,0,1,,6,1,2,5,1,22,1,0,0,1
5,32,4,16,16,8,0,1,,7,1,2,5,1,23,1,0,0,1
5,32,4,16,16,8,0,1,,9,1,1,3,0,,0,0,0,0
5,32,4,16,16,8,0,1,,10,1,1,3,0,,0,0,0,0
5,32,4,16,16,8,0,1,,11,1,2,3,1,27,1,0,0,1
5,32,4,16,16,8,0,1,,12,1,1,3,0,,0,0,0,0
5,32,4,16,16,8,0,1,,13,1,2,3,1,29,1,0,0,1
5,32,4,16,16,8,0,1,,14,1,2,3,1,30,1,0,0,1
5,32,4,16,16,8,0,1,,15,1,2,5,1,31,1,0,0,1
5,32,4,16,16,8,0,1,,16,1,1,3,0,,0,0,0,0
5,32,4,16,16,8,0,1,,17,1,2,3,1,1,1,0,0,1
5,32,4,16,16,8,0,1,,18,1,2,3,1,2,1,0,0,1
5,32,4,16,16,8,0,1,,19,1,2,5,1,3,1,0,0,1
5,32,4,16,16,8,0,1,,20,1,2,3,1,4,1,0,0,1
5,32,4,16,16,8,0,1,,21,1,2,5,1,5,1,0,0,1
5,32,4,16,16,8,0,1,,22,1,2,5,1,6,1,0,0,1
5,32,4,16,16,8,0,1,,23,1,2,5,1,7,1,0,0,1
5,32,4,16,16,8,0,1,,25,1,1,3,0,,0,0,0,0
5,32,4,16,16,8,0,1,,26,1,1,3,0,,0,0,0,0
5,32,4,16,16,8,0,1,,27,1,2,3,1,11,1,0,0,1
5,32,4,16,16,8,0,1,,28,1,1,3,0,,0,0,0,0
5,32,4,16,16,8,0,1,,29,1,2,3,1,13,1,0,0,1
5,32,4,16,16,8,0,1,,30,1,2,3,1,14,1,0,0,1
5,32,4,16,16,8,0,1,,31,1,2,5,1,15,1,0,0,1
5,32,4,16,16,8,1,1,8,0:16,1,1,6,0,,0,0,0,0
5,32,4,16,16,8,1,1,24,0:16,1,1,6,0,,0,0,0,0
5,32,4,16,16,9,0,0,,,1,1,0,0,,0,0,0,0
5,32,4,16,16,9,0,1,,0,1,2,3,1,16,1,0,0,1
5,32,4,16,16,9,0,1,,1,1,1,3,0,,0,0,0,0
5,32,4,16,16,9,0,1,,2,1,2,5,1,18,1,0,0,1
5,32,4,16,16,9,0,1,,3,1,2,3,1,19,1,0,0,1
5,32,4,16,16,9,0,1,,4,1,2,5,1,20,1,0,0,1
5,32,4,16,16,9,0,1,,5,1,2,3,1,21,1,0,0,1
5,32,4,16,16,9,0,1,,6,1,2,5,1,22,1,0,0,1
5,32,4,16,16,9,0,1,,7,1,2,5,1,23,1,0,0,1
5,32,4,16,16,9,0,1,,8,1,1,3,0,,0,0,0,0
5,32,4,16,16,9,0,1,,10,1,2,3,1,26,1,0,0,1
5,32,4,16,16,9,0,1,,11,1,1,3,0,,0,0,0,0
5,32,4,16,16,9,0,1,,12,1,2,3,1,28,1,0,0,1
5,32,4,16,16,9,0,1,,13,1,1,3,0,,0,0,0,0
5,32,4,16,16,9,0,1,,14,1,2,5,1,30,1,0,0,1
5,32,4,16,16,9,0,1,,15,1,2,3,1,31,1,0,0,1
5,32,4,16,16,9,0,1,,16,1,2,3,1,0,1,0,0,1
5,32,4,16,16,9,0,1,,17,1,1,3,0,,0,0,0,0
5,32,4,16,16,9,0,1,,18,1,2,5,1,2,1,0,0,1
5,32,4,16,16,9,0,1,,19,1,2,3,1,3,1,0,0,1
5,32,4,16,16,9,0,1,,20,1,2,5,1,4,1,0,0,1
5,32,4,16,16,9,0,1,,21,1,2,3,1,5,1,0,0,1
5,32,4,16,16,9,0,1,,22,1,2,5,1,6,1,0,0,1
5,32,4,16,16,9,0,1,,23,1,2,5,1,7,1,0,0,1
5,32,4,16,16,9,0,1,,24,1,1,3,0,,0,0,0,0
5,32,4,16,16,9,0,1,,26,1,2,3,1,10,1,0,0,1
5,32,4,16,16,9,0,1,,27,1,1,3,0,,0,0,0,0
5,32,4,16,16,9,0,1,,28,1,2,3,1,12,1,0,0,1
5,32,4,16,16,9,0,1,,29,1,1,3,0,,0,0,0,0
5,32,4,16,16,9,0,1,,30,1,2,5,1,14,1,0,0,1
5,32,4,16,16,9,0,1,,31,1,2,3,1,15,1,0,0,1
5,32,4,16,16,9,1,1,9,0:16,1,1,4,0,,0,0,0,0
5,32,4,16,16,9,1,1,25,0:16,1,1,4,0,,0,0,0,0
5,32,4,16,16,10,0,0,,,1,1,0,0,,0,0,0,0
5,32,4,16,16,10,0,1,,0,1,2,3,1,16,1,0,0,1
5,32,4,16,16,10,0,1,,1,1,2,5,1,17,1,0,0,1
5,32,4,16,16,10,0,1,,2,1,1,3,0,,0,0,0,0
5,32,4,16,16,10,0,1,,3,1,2,3,1,19,1,0,0,1
5,32,4,16,16,10,0,1,,4,1,2,5,1,20,1,0,0,1
5,32,4,16,16,10,0,1,,5,1,2,5,1,21,1,0,0,1
5,32,4,16,16,10,0,1,,6,1,2,3,1,22,1,0,0,1
5,32,4,16,16,10,0,1,,7,1,2,5,1,23,1,0,0,1
5,32,4,16,16,10,0,1,,8,1,1,3,0,,0,0,0,0
5,32,4,16,16,10,0,1,,9,1,2,3,1,25,1,0,0,1
5,32,4,16,16,10,0,1,,11,1,1,3,0,,0,0,0,0
5,32,4,16,16,10,0,1,,12,1,2,3,1,28,1,0,0,1
5,32,4,16,16,10,0,1,,13,1,2,5,1,29,1,0,0,1
5,32,4,16,16,10,0,1,,14,1,1,3,0,,0,0,0,0
5,32,4,16,16,10,0,1,,15,1,2,3,1,31,1,0,0,1
5,32,4,16,16,10,0,1,,16,1,2,3,1,0,1,0,0,1
5,32,4,16,16,10,0,1,,17,1,2,5,1,1,1,0,0,1
5,32,4,16,16,10,0,1,,18,1,1,3,0,,0,0,0,0
5,32,4,16,16,10,0,1,,19,1,2,3,1,3,1,0,0,1
5,32,4,16,16,10,0,1,,20,1,2,5,1,4,1,0,0,1
5,32,4,16,16,10,0,1,,21,1,2,5,1,5,1,0,0,1
5,32,4,16,16,10,0,1,,22,1,2,3,1,6,1,0,0,1
5,32,4,16,16,10,0,1,,23,1,2,5,1,7,1,0,0,1
5,32,4,16,16,10,0,1,,24,1,1,3,0,,0,0,0,0
5,32,4,16,16,10,0,1,,25,1,2,3,1,9,1,0,0,1
5,32,4,16,16,10,0,1,,27,1,1,3,0,,0,0,0,0
5,32,4,16,16,10,0,1,,28,1,2,3,1,12,1,0,0,1
5,32,4,16,16,10,0,1,,29,1,2,5,1,13,1,0,0,1
5,32,4,16,16,10,0,1,,30,1,1,3,0,,0,0,0,0
5,32,4,16,16,10,0,1,,31,1,2,3,1,15,1,0,0,1
5,32,4,16,16,10,1,1,10,0:16,1,1,4,0,,0,0,0,0
5,32,4,16,16,10,1,1,26,0:16,1,1,4,0,,0,0,0,0
5,32,4,16,16,11,0,0,,,1,1,0,0,,0,0,0,0
5,32,4,16,16,11,0,1,,0,1,2,5,1,16,1,0,0,1
5,32,4,16,16,11,0,1,,1,1,2,3,1,17,1,0,0,1
5,32,4,16,16,11,0,1,,2,1,2,3,1,18,1,0,0,1
5,32,4,16,16,11,0,1,,3,1,1,3,0,,0,0,0,0
5,32,4,16,16,11,0,1,,4,1,2,5,1,20,1,0,0,1
5,32,4,16,16,11,0,1,,5,1,2,5,1,21,1,0,0,1
5,32,4,16,16,11,0,1,,6,1,2,5,1,22,1,0,0,1
5,32,4,16,16,11,0,1,,7,1,2,3,1,23,1,0,0,1
5,32,4,16,16,11,0,1,,8,1,2,3,1,24,1,0,0,1
5,32,4,16,16,11,0,1,,9,1,1,3,0,,0,0,0,0
5,32,4,16,16,11,0,1,,10,1,1,3,0,,0,0,0,0
5,32,4,16,16,11,0,1,,12,1,2,5,1,28,1,0,0,1
5,32,4,16,16,11,0,1,,13,1,2,3,1,29,1,0,0,1
5,32,4,16,16,11,0,1,,14,1,2,3,1,30,1,0,0,1
5,32,4,16,16,11,0,1,,15,1,1,3,0,,0,0,0,0
5,32,4,16,16,11,0,1,,16,1,2,5,1,0,1,0,0,1
5,32,4,16,16,11,0,1,,17,1,2,3,1,1,1,0,0,1
5,32,4,16,16,11,0,1,,18,1,2,3,1,2,1,0,0,1
5,32,4,16,16,11,0,1,,19,1,1,3,0,,0,0,0,0
5,32,4,16,16,11,0,1,,20,1,2,5,1,4,1,0,0,1
5,32,4,16,16,11,0,1,,21,1,2,5,1,5,1,0,0,1
5,32,4,16,16,11,0,1,,22,1,2,5,1,6,1,0,0,1
5,32,4,16,16,11,0,1,,23,1,2,3,1,7,1,0,0,1
5,32,4,16,16,11,0,1,,24,1,2,3,1,8,1,0,0,1
5,32,4,16,16,11,0,1,,25,1,1,3,0,,0,0,0,0
5,32,4,16,16,11,0,1,,26,1,1,3,0,,0,0,0,0
5,32,4,16,16,11,0,1,,28,1,2,5,1,12,1,0,0,1
5,32,4,16,16,11,0,1,,29,1,2,3,1,13,1,0,0,1
5,32,4,16,16,11,0,1,,30,1,2,3,1,14,1,0,0,1
5,32,4,16,16,11,0,1,,31,1,1,3,0,,0,0,0,0
5,32,4,16,16,11,1,1,11,0:16,1,1,8,0,,0,0,0,0
5,32,4,16,16,11,1,1,27,0:16,1,1,8,0,,0,0,0,0
5,32,4,16,16,12,0,0,,,1,1,0,0,,0,0,0,0
5,32,4,16,16,12,0,1,,0,1,2,3,1,16,1,0,0,1
5,32,4,16,16,12,0,1,,1,1,2,5,1,17,1,0,0,1
5,32,4,16,16,12,0,1,,2,1,2,5,1,18,1,0,0,1
5,32,4,16,16,12,0,1,,3,1,2,5,1,19,1,0,0,1
5,32,4,16,16,12,0,1,,4,1,1,3,0,,0,0,0,0
5,32,4,16,16,12,0,1,,5,1,2,3,1,21,1,0,0,1
5,32,4,16,16,12,0,1,,6,1,2,3,1,22,1,0,0,1
5,32,4,16,16,12,0,1,,7,1,2,5,1,23,1,0,0,1
5,32,4,16,16,12,0,1,,8,1,1,3,0,,0,0,0,0
5,32,4,16,16,12,0,1,,9,1,2,3,1,25,1,0,0,1
5,32,4,16,16,12,0,1,,10,1,2,3,1,26,1,0,0,1
5,32,4,16,16,12,0,1,,11,1,2,5,1,27,1,0,0,1
5,32,4,16,16,12,0,1,,13,1,1,3,0,,0,0,0,0
5,32,4,16,16,12,0,1,,14,1,1,3,0,,0,0,0,0
5,32,4,16,16,12,0,1,,15,1,2,3,1,31,1,0,0,1
5,32,4,16,16,12,0,1,,16,1,2,3,1,0,1,0,0,1
5,32,4,16,16,12,0,1,,17,1,2,5,1,1,1,0,0,1
5,32,4,16,16,12,0,1,,18,1,2,5,1,2,1,0,0,1
5,32,4,16,16,12,0,1,,19,1,2,5,1,3,1,0,0,1
5,32,4,16,16,12,0,1,,20,1,1,3,0,,0,0,0,0
5,32,4,16,16,12,0,1,,21,1,2,3,1,5,1,0,0,1
5,32,4,16,16,12,0,1,,22,1,2,3,1,6,1,0,0,1
5,32,4,16,16,12,0,1,,23,1,2,5,1,7,1,0,0,1
5,32,4,16,16,12,0,1,,24,1,1,3,0,,0,0,0,0
5,32,4,16,16,12,0,1,,25,1,2,3,1,9,1,0,0,1
5,32,4,16,16,12,0,1,,26,1,2,3,1,10,1,0,0,1
5,32,4,16,16,12,0,1,,27,1,2,5,1,11,1,0,0,1
5,32,4,16,16,12,0,1,,29,1,1,3,0,,0,0,0,0
5,32,4,16,16,12,0,1,,30,1,1,3,0,,0,0,0,0
5,32,4,16,16,12,0,1,,31,1,2,3,1,15,1,0,0,1
5,32,4,16,16,12,1,1,12,0:16,1,1,4,0,,0,0,0,0
5,32,4,16,16,12,1,1,28,0:16,1,1,4,0,,0,0,0,0
5,32,4,16,16,13,0,0,,,1,1,0,0,,0,0,0,0
5,32,4,16,16,13,0,1,,0,1,2,5,1,16,1,0,0,1
5,32,4,16,16,13,0,1,,1,1,2,3,1,17,1,0,0,1
5,32,4,16,16,13,0,1,,2,1,2,5,1,18,1,0,0,1
5,32,4,16,16,13,0,1,,3,1,2,5,1,19,1,0,0,1
5,32,4,16,16,13,0,1,,4,1,2,3,1,20,1,0,0,1
5,32,4,16,16,13,0,1,,5,1,1,3,0,,0,0,0,0
5,32,4,16,16,13,0,1,,6,1,2,5,1,22,1,0,0,1
5,32,4,16,16,13,0,1,,7,1,2,3,1,23,1,0,0,1
5,32,4,16,16,13,0,1,,8,1,2,3,1,24,1,0,0,1
5,32,4,16,16,13,0,1,,9,1,1,3,0,,0,0,0,0
5,32,4,16,16,13,0,1,,10,1,2,5,1,26,1,0,0,1
5,32,4,16,16,13,0,1,,11,1,2,3,1,27,1,0,0,1
5,32,4,16,16,13,0,1,,12,1,1,3,0,,0,0,0,0
5,32,4,16,16,13,0,1,,14,1,2,3,1,30,1,0,0,1
5,32,4,16,16,13,0,1,,15,1,1,3,0,,0,0,0,0
5,32,4,16,16,13,0,1,,16,1,2,5,1,0,1,0,0,1
5,32,4,16,16,13,0,1,,17,1,2,3,1,1,1,0,0,1
5,32,4,16,16,13,0,1,,18,1,2,5,1,2,1,0,0,1
5,32,4,16,16,13,0,1,,19,1,2,5,1,3,1,0,0,1
5,32,4,16,16,13,0,1,,20,1,2,3,1,4,1,0,0,1
5,32,4,16,16,13,0,1,,21,1,1,3,0,,0,0,0,0
5,32,4,16,16,13,0,1,,22,1,2,5,1,6,1,0,0,1
5,32,4,16,16,13,0,1,,23,1,2,3,1,7,1,0,0,1
5,32,4,16,16,13,0,1,,24,1,2,3,1,8,1,0,0,1
5,32,4,16,16,13,0,1,,25,1,1,3,0,,0,0,0,0
5,32,4,16,16,13,0,1,,26,1,2,5,1,10,1,0,0,1
5,32,4,16,16,13,0,1,,27,1,2,3,1,11,1,0,0,1
5,32,4,16,16,13,0,1,,28,1,1,3,0,,0,0,0,0
5,32,4,16,16,13,0,1,,30,1,2,3,1,14,1,0,0,1
5,32,4,16,16,13,0,1,,31,1,1,3,0,,0,0,0,0
5,32,4,16,16,13,1,1,13,0:16,1,1,8,0,,0,0,0,0
5,32,4,16,16,13,1,1,29,0:16,1,1,8,0,,0,0,0,0
5,32,4,16,16,14,0,0,,,1,1,0,0,,0,0,0,0
5,32,4,16,16,14,0,1,,0,1,2,5,1,16,1,0,0,1
5,32,4,16,16,14,0,1,,1,1,2,5,1,17,1,0,0,1
5,32,4,16,16,14,0,1,,2,1,2,3,1,18,1,0,0,1
5,32,4,16,16,14,0,1,,3,1,2,5,1,19,1,0,0,1
5,32,4,16,16,14,0,1,,4,1,2,3,1,20,1,0,0,1
5,32,4,16,16,14,0,1,,5,1,2,5,1,21,1,0,0,1
5,32,4,16,16,14,0,1,,6,1,1,3,0,,0,0,0,0
5,32,4,16,16,14,0,1,,7,1,2,3,1,23,1,0,0,1
5,32,4,16,16,14,0,1,,8,1,2,3,1,24,1,0,0,1
5,32,4,16,16,14,0,1,,9,1,2,5,1,25,1,0,0,1
5,32,4,16,16,14,0,1,,10,1,1,3,0,,0,0,0,0
5,32,4,16,16,14,0,1,,11,1,2,3,1,27,1,0,0,1
5,32,4,16,16,14,0,1,,12,1,1,3,0,,0,0,0,0
5,32,4,16,16,14,0,1,,13,1,2,3,1,29,1,0,0,1
5,32,4,16,16,14,0,1,,15,1,1,3,0,,0,0,0,0
5,32,4,16,16,14,0,1,,16,1,2,5,1,0,1,0,0,1
5,32,4,16,16,14,0,1,,17,1,2,5,1,1,1,0,0,1
5,32,4,16,16,14,0,1,,18,1,2,3,1,2,1,0,0,1
5,32,4,16,16,14,0,1,,19,1,2,5,1,3,1,0,0,1
5,32,4,16,16,14,0,1,,20,1,2,3,1,4,1,0,0,1
5,32,4,16,16,14,0,1,,21,1,2,5,1,5,1,0,0,1
5,32,4,16,16,14,0,1,,22,1,1,3,0,,0,0,0,0
5,32,4,16,16,14,0,1,,23,1,2,3,1,7,1,0,0,1
5,32,4,16,16,14,0,1,,24,1,2,3,1,8,1,0,0,1
5,32,4,16,16,14,0,1,,25,1,2,5,1,9,1,0,0,1
5,32,4,16,16,14,0,1,,26,1,1,3,0,,0,0,0,0
5,32,4,16,16,14,0,1,,27,1,2,3,1,11,1,0,0,1
5,32,4,16,16,14,0,1,,28,1,1,3,0,,0,0,0,0
5,32,4,16,16,14,0,1,,29,1,2,3,1,13,1,0,0,1
5,32,4,16,16,14,0,1,,31,1,1,3,0,,0,0,0,0
5,32,4,16,16,14,1,1,14,0:16,1,1,8,0,,0,0,0,0
5,32,4,16,16,14,1,1,30,0:16,1,1,8,0,,0,0,0,0
5,32,4,16,16,15,0,0,,,1,1,0,0,,0,0,0,0
5,32,4,16,16,15,0,1,,0,1,2,5,1,16,1,0,0,1
5,32,4,16,16,15,0,1,,1,1,2,5,1,17,1,0,0,1
5,32,4,16,16,15,0,1,,2,1,2,5,1,18,1,0,0,1
5,32,4,16,16,15,0,1,,3,1,2,3,1,19,1,0,0,1
5,32,4,16,16,15,0,1,,4,1,2,5,1,20,1,0,0,1
5,32,4,16,16,15,0,1,,5,1,2,3,1,21,1,0,0,1
5,32,4,16,16,15,0,1,,6,1,2,3,1,22,1,0,0,1
5,32,4,16,16,15,0,1,,7,1,1,3,0,,0,0,0,0
5,32,4,16,16,15,0,1,,8,1,2,5,1,24,1,0,0,1
5,32,4,16,16,15,0,1,,9,1,2,3,1,25,1,0,0,1
5,32,4,16,16,15,0,1,,10,1,2,3,1,26,1,0,0,1
5,32,4,16,16,15,0,1,,11,1,1,3,0,,0,0,0,0
5,32,4,16,16,15,0,1,,12,1,2,3,1,28,1,0,0,1
5,32,4,16,16,15,0,1,,13,1,1,3,0,,0,0,0,0
5,32,4,16,16,15,0,1,,14,1,1,3,0,,0,0,0,0
5,32,4,16,16,15,0,1,,16,1,2,5,1,0,1,0,0,1
5,32,4,16,16,15,0,1,,17,1,2,5,1,1,1,0,0,1
5,32,4,16,16,15,0,1,,18,1,2,5,1,2,1,0,0,1
5,32,4,16,16,15,0,1,,19,1,2,3,1,3,1,0,0,1
5,32,4,16,16,15,0,1,,20,1,2,5,1,4,1,0,0,1
5,32,4,16,16,15,0,1,,21,1,2,3,1,5,1,0,0,1
5,32,4,16,16,15,0,1,,22,1,2,3,1,6,1,0,0,1
5,32,4,16,16,15,0,1,,23,1,1,3,0,,0,0,0,0
5,32,4,16,16,15,0,1,,24,1,2,5,1,8,1,0,0,1
5,32,4,16,16,15,0,1,,25,1,2,3,1,9,1,0,0,1
5,32,4,16,16,15,0,1,,26,1,2,3,1,10,1,0,0,1
5,32,4,16,16,15,0,1,,27,1,1,3,0,,0,0,0,0
5,32,4,16,16,15,0,1,,28,1,2,3,1,12,1,0,0,1
5,32,4,16,16,15,0,1,,29,1,1,3,0,,0,0,0,0
5,32,4,16,16,15,0,1,,30,1,1,3,0,,0,0,0,0
5,32,4,16,16,15,1,1,15,0:16,1,1,8,0,,0,0,0,0
5,32,4,16,16,15,1,1,31,0:16,1,1,8,0,,0,0,0,0
5,32,5,32,0,0,0,0,,,1,1,0,0,,0,0,0,0
5,32,5,32,0,0,0,1,,1,2,6,4,4,3:5:9:17,4,1,2,2
5,32,5,32,0,0,0,1,,2,2,6,4,4,3:6:10:18,4,1,2,2
5,32,5,32,0,0,0,1,,3,2,5,3,3,7:11:19,3,1,1,2
5,32,5,32,0,0,0,1,,4,2,6,4,4,5:6:12:20,4,1,2,2
5,32,5,32,0,0,0,1,,5,2,5,3,3,7:13:21,3,1,1,2
5,32,5,32,0,0,0,1,,6,2,5,3,3,7:14:22,3,1,1,2
5,32,5,32,0,0,0,1,,7,2,7,5,5,3:5:6:15:23,5,1,3,2
5,32,5,32,0,0,0,1,,8,2,6,4,4,9:10:12:24,4,1,2,2
5,32,5,32,0,0,0,1,,9,2,5,3,3,11:13:25,3,1,1,2
5,32,5,32,0,0,0,1,,10,2,5,3,3,11:14:26,3,1,1,2
5,32,5,32,0,0,0,1,,11,2,7,5,5,3:9:10:15:27,5,1,3,2
5,32,5,32,0,0,0,1,,12,2,5,3,3,13:14:28,3,1,1,2
5,32,5,32,0,0,0,1,,13,2,7,5,5,5:9:12:15:29,5,1,3,2
5,32,5,32,0,0,0,1,,14,2,7,5,5,6:10:12:15:30,5,1,3,2
5,32,5,32,0,0,0,1,,15,2,7,5,5,7:11:13:14:31,5,1,3,2
5,32,5,32,0,0,0,1,,16,2,6,4,4,17:18:20:24,4,1,2,2
5,32,5,32,0,0,0,1,,17,2,5,3,3,19:21:25,3,1,1,2
5,32,5,32,0,0,0,1,,18,2,5,3,3,19:22:26,3,1,1,2
5,32,5,32,0,0,0,1,,19,2,7,5,5,3:17:18:23:27,5,1,3,2
5,32,5,32,0,0,0,1,,20,2,5,3,3,21:22:28,3,1,1,2
5,32,5,32,0,0,0,1,,21,2,7,5,5,5:17:20:23:29,5,1,3,2
5,32,5,32,0,0,0,1,,22,2,7,5,5,6:18:20:23:30,5,1,3,2
5,32,5,32,0,0,0,1,,23,2,7,5,5,7:19:21:22:31,5,1,3,2
5,32,5,32,0,0,0,1,,24,2,5,3,3,25:26:28,3,1,1,2
5,32,5,32,0,0,0,1,,25,2,7,5,5,9:17:24:27:29,5,1,3,2
5,32,5,32,0,0,0,1,,26,2,7,5,5,10:18:24:27:30,5,1,3,2
5,32,5,32,0,0,0,1,,27,2,7,5,5,11:19:25:26:31,5,1,3,2
5,32,5,32,0,0,0,1,,28,2,7,5,5,12:20:24:29:30,5,1,3,2
5,32,5,32,0,0,0,1,,29,2,7,5,5,13:21:25:28:31,5,1,3,2
5,32,5,32,0,0,0,1,,30,2,7,5,5,14:22:26:28:31,5,1,3,2
5,32,5,32,0,0,0,1,,31,2,7,5,5,15:23:27:29:30,5,1,3,2
5,32,5,32,0,0,1,0,0,1,1,5,4,4,3:5:9:17,4,0,3,1
5,32,5,32,0,0,1,0,0,2,1,5,4,4,3:6:10:18,4,0,3,1
5,32,5,32,0,0,1,0,0,3,1,4,3,3,7:11:19,3,0,2,1
5,32,5,32,0,0,1,0,0,4,1,5,4,4,5:6:12:20,4,0,3,1
5,32,5,32,0,0,1,0,0,5,1,4,3,3,7:13:21,3,0,2,1
5,32,5,32,0,0,1,0,0,6,1,4,3,3,7:14:22,3,0,2,1
5,32,5,32,0,0,1,0,0,7,1,6,5,5,3:5:6:15:23,5,0,4,1
5,32,5,32,0,0,1,0,0,8,1,5,4,4,9:10:12:24,4,0,3,1
5,32,5,32,0,0,1,0,0,9,1,4,3,3,11:13:25,3,0,2,1
5,32,5,32,0,0,1,0,0,10,1,4,3,3,11:14:26,3,0,2,1
5,32,5,32,0,0,1,0,0,11,1,6,5,5,3:9:10:15:27,5,0,4,1
5,32,5,32,0,0,1,0,0,12,1,4,3,3,13:14:28,3,0,2,1
5,32,5,32,0,0,1,0,0,13,1,6,5,5,5:9:12:15:29,5,0,4,1
5,32,5,32,0,0,1,0,0,14,1,6,5,5,6:10:12:15:30,5,0,4,1
5,32,5,32,0,0,1,0,0,15,1,6,5,5,7:11:13:14:31,5,0,4,1
5,32,5,32,0,0,1,0,0,16,1,5,4,4,17:18:20:24,4,0,3,1
5,32,5,32,0,0,1,0,0,17,1,4,3,3,19:21:25,3,0,2,1
5,32,5,32,0,0,1,0,0,18,1,4,3,3,19:22:26,3,0,2,1
5,32,5,32,0,0,1,0,0,19,1,6,5,5,3:17:18:23:27,5,0,4,1
5,32,5,32,0,0,1,0,0,20,1,4,3,3,21:22:28,3,0,2,1
5,32,5,32,0,0,1,0,0,21,1,6,5,5,5:17:20:23:29,5,0,4,1
5,32,5,32,0,0,1,0,0,22,1,6,5,5,6:18:20:23:30,5,0,4,1
5,32,5,32,0,0,1,0,0,23,1,6,5,5,7:19:21:22:31,5,0,4,1
5,32,5,32,0,0,1,0,0,24,1,4,3,3,25:26:28,3,0,2,1
5,32,5,32,0,0,1,0,0,25,1,6,5,5,9:17:24:27:29,5,0,4,1
5,32,5,32,0,0,1,0,0,26,1,6,5,5,10:18:24:27:30,5,0,4,1
5,32,5,32,0,0,1,0,0,27,1,6,5,5,11:19:25:26:31,5,0,4,1
5,32,5,32,0,0,1,0,0,28,1,6,5,5,12:20:24:29:30,5,0,4,1
5,32,5,32,0,0,1,0,0,29,1,6,5,5,13:21:25:28:31,5,0,4,1
5,32,5,32,0,0,1,0,0,30,1,6,5,5,14:22:26:28:31,5,0,4,1
5,32,5,32,0,0,1,0,0,31,1,6,5,5,15:23:27:29:30,5,0,4,1
5,32,5,32,0,0,1,1,0,1:2,2,9,7,7,3:5:6:9:10:17:18,7,1,5,2
5,32,5,32,0,0,1,1,0,1:3,2,8,6,6,5:7:9:11:17:19,6,1,4,2
5,32,5,32,0,0,1,1,0,1:4,2,9,7,7,3:5:6:9:12:17:20,7,1,5,2
5,32,5,32,0,0,1,1,0,1:5,2,8,6,6,3:7:9:13:17:21,6,1,4,2
5,32,5,32,0,0,1,1,0,1:6,2,9,7,7,3:5:7:9:14:17:22,7,1,5,2
5,32,5,32,0,0,1,1,0,1:7,2,9,7,7,3:5:6:9:15:17:23,7,1,5,2
5,32,5,32,0,0,1,1,0,1:8,2,9,7,7,3:5:9:10:12:17:24,7,1,5,2
5,32,5,32,0,0,1,1,0,1:9,2,8,6,6,3:5:11:13:17:25,6,1,4,2
5,32,5,32,0,0,1,1,0,1:10,2,9,7,7,3:5:9:11:14:17:26,7,1,5,2
5,32,5,32,0,0,1,1,0,1:11,2,9,7,7,3:5:9:10:15:17:27,7,1,5,2
5,32,5,32,0,0,1,1,0,1:12,2,9,7,7,3:5:9:13:14:17:28,7,1,5,2
5,32,5,32,0,0,1,1,0,1:13,2,9,7,7,3:5:9:12:15:17:29,7,1,5,2
5,32,5,32,0,0,1,1,0,1:14,2,11,9,9,3:5:6:9:10:12:15:17:30,9,1,7,2
5,32,5,32,0,0,1,1,0,1:15,2,11,9,9,3:5:7:9:11:13:14:17:31,9,1,7,2
5,32,5,32,0,0,1,1,0,1:16,2,9,7,7,3:5:9:17:18:20:24,7,1,5,2
5,32,5,32,0,0,1,1,0,1:17,2,8,6,6,3:5:9:19:21:25,6,1,4,2
5,32,5,32,0,0,1,1,0,1:18,2,9,7,7,3:5:9:17:19:22:26,7,1,5,2
5,32,5,32,0,0,1,1,0,1:19,2,9,7,7,3:5:9:17:18:23:27,7,1,5,2
5,32,5,32,0,0,1,1,0,1:20,2,9,7,7,3:5:9:17:21:22:28,7,1,5,2
5,32,5,32,0,0,1,1,0,1:21,2,9,7,7,3:5:9:17:20:23:29,7,1,5,2
5,32,5,32,0,0,1,1,0,1:22,2,11,9,9,3:5:6:9:17:18:20:23:30,9,1,7,2
5,32,5,32,0,0,1,1,0,1:23,2,11,9,9,3:5:7:9:17:19:21:22:31,9,1,7,2
5,32,5,32,0,0,1,1,0,1:24,2,9,7,7,3:5:9:17:25:26:28,7,1,5,2
5,32,5,32,0,0,1,1,0,1:25,2,9,7,7,3:5:9:17:24:27:29,7,1,5,2
5,32,5,32,0,0,1,1,0,1:26,2,11,9,9,3:5:9:10:17:18:24:27:30,9,1,7,2
5,32,5,32,0,0,1,1,0,1:27,2,11,9,9,3:5:9:11:17:19:25:26:31,9,1,7,2
5,32,5,32,0,0,1,1,0,1:28,2,11,9,9,3:5:9:12:17:20:24:29:30,9,1,7,2
5,32,5,32,0,0,1,1,0,1:29,2,11,9,9,3:5:9:13:17:21:25:28:31,9,1,7,2
5,32,5,32,0,0,1,1,0,1:30,2,11,9,9,3:5:9:14:17:22:26:28:31,9,1,7,2
5,32,5,32,0,0,1,1,0,1:31,2,11,9,9,3:5:9:15:17:23:27:29:30,9,1,7,2
5,32,5,32,0,0,1,1,0,2:3,2,8,6,6,6:7:10:11:18:19,6,1,4,2
5,32,5,32,0,0,1,1,0,2:4,2,9,7,7,3:5:6:10:12:18:20,7,1,5,2
5,32,5,32,0,0,1,1,0,2:5,2,9,7,7,3:6:7:10:13:18:21,7,1,5,2
5,32,5,32,0,0,1,1,0,2:6,2,8,6,6,3:7:10:14:18:22,6,1,4,2
5,32,5,32,0,0,1,1,0,2:7,2,9,7,7,3:5:6:10:15:18:23,7,1,5,2
5,32,5,32,0,0,1,1,0,2:8,2,9,7,7,3:6:9:10:12:18:24,7,1,5,2
5,32,5,32,0,0,1,1,0,2:9,2,9,7,7,3:6:10:11:13:18:25,7,1,5,2
5,32,5,32,0,0,1,1,0,2:10,2,8,6,6,3:6:11:14:18:26,6,1,4,2
5,32,5,32,0,0,1,1,0,2:11,2,9,7,7,3:6:9:10:15:18:27,7,1,5,2
5,32,5,32,0,0,1,1,0,2:12,2,9,7,7,3:6:10:13:14:18:28,7,1,5,2
5,32,5,32,0,1,0,0,,,1,1,0,0,,0,0,0,0
5,32,5,32,0,1,0,1,,0,2,6,4,4,2:4:8:16,4,1,2,2
5,32,5,32,0,1,0,1,,2,2,5,3,3,6:10:18,3,1,1,2
5,32,5,32,0,1,0,1,,3,2,6,4,4,2:7:11:19,4,1,2,2
5,32,5,32,0,1,0,1,,4,2,5,3,3,6:12:20,3,1,1,2
5,32,5,32,0,1,0,1,,5,2,6,4,4,4:7:13:21,4,1,2,2
5,32,5,32,0,1,0,1,,6,2,7,5,5,2:4:7:14:22,5,1,3,2
5,32,5,32,0,1,0,1,,7,2,5,3,3,6:15:23,3,1,1,2
5,32,5,32,0,1,0,1,,8,2,5,3,3,10:12:24,3,1,1,2
5,32,5,32,0,1,0,1,,9,2,6,4,4,8:11:13:25,4,1,2,2
5,32,5,32,0,1,0,1,,10,2,7,5,5,2:8:11:14:26,5,1,3,2
5,32,5,32,0,1,0,1,,11,2,5,3,3,10:15:27,3,1,1,2
5,32,5,32,0,1,0,1,,12,2,7,5,5,4:8:13:14:28,5,1,3,2
5,32,5,32,0,1,0,1,,13,2,5,3,3,12:15:29,3,1,1,2
5,32,5,32,0,1,0,1,,14,2,7,5,5,6:10:12:15:30,5,1,3,2
5,32,5,32,0,1,0,1,,15,2,7,5,5,7:11:13:14:31,5,1,3,2
5,32,5,32,0,1,0,1,,16,2,5,3,3,18:20:24,3,1,1,2
5,32,5,32,0,1,0,1,,17,2,6,4,4,16:19:21:25,4,1,2,2
5,32,5,32,0,1,0,1,,18,2,7,5,5,2:16:19:22:26,5,1,3,2
5,32,5,32,0,1,0,1,,19,2,5,3,3,18:23:27,3,1,1,2
5,32,5,32,0,1,0,1,,20,2,7,5,5,4:16:21:22:28,5,1,3,2
5,32,5,32,0,1,0,1,,21,2,5,3,3,20:23:29,3,1,1,2
5,32,5,32,0,1,0,1,,22,2,7,5,5,6:18:20:23:30,5,1,3,2
5,32,5,32,0,1,0,1,,23,2,7,5,5,7:19:21:22:31,5,1,3,2
5,32,5,32,0,1,0,1,,24,2,7,5,5,8:16:25:26:28,5,1,3,2
5,32,5,32,0,1,0,1,,25,2,5,3,3,24:27:29,3,1,1,2
5,32,5,32,0,1,0,1,,26,2,7,5,5,10:18:24:27:30,5,1,3,2
5,32,5,32,0,1,0,1,,27,2,7,5,5,11:19:25:26:31,5,1,3,2
5,32,5,32,0,1,0,1,,28,2,7,5,5,12:20:24:29:30,5,1,3,2
5,32,5,32,0,1,0,1,,29,2,7,5,5,13:21:25:28:31,5,1,3,2
5,32,5,32,0,1,0,1,,30,2,7,5,5,14:22:26:28:31,5,1,3,2
5,32,5,32,0,1,0,1,,31,2,7,5,5,15:23:27:29:30,5,1,3,2
5,32,5,32,0,1,1,0,1,0,1,5,4,4,2:4:8:16,4,0,3,1
5,32,5,32,0,1,1,0,1,2,1,4,3,3,6:10:18,3,0,2,1
5,32,5,32,0,1,1,0,1,3,1,5,4,4,2:7:11:19,4,0,3,1
5,32,5,32,0,1,1,0,1,4,1,4,3,3,6:12:20,3,0,2,1
5,32,5,32,0,1,1,0,1,5,1,5,4,4,4:7:13:21,4,0,3,1
5,32,5,32,0,1,1,0,1,6,1,6,5,5,2:4:7:14:22,5,0,4,1
5,32,5,32,0,1,1,0,1,7,1,4,3,3,6:15:23,3,0,2,1
5,32,5,32,0,1,1,0,1,8,1,4,3,3,10:12:24,3,0,2,1
5,32,5,32,0,1,1,0,1,9,1,5,4,4,8:11:13:25,4,0,3,1
5,32,5,32,0,1,1,0,1,10,1,6,5,5,2:8:11:14:26,5,0,4,1
5,32,5,32,0,1,1,0,1,11,1,4,3,3,10:15:27,3,0,2,1
5,32,5,32,0,1,1,0,1,12,1,6,5,5,4:8:13:14:28,5,0,4,1
5,32,5,32,0,1,1,0,1,13,1,4,3,3,12:15:29,3,0,2,1
5,32,5,32,0,1,1,0,1,14,1,6,5,5,6:10:12:15:30,5,0,4,1
5,32,5,32,0,1,1,0,1,15,1,6,5,5,7:11:13:14:31,5,0,4,1
5,32,5,32,0,1,1,0,1,16,1,4,3,3,18:20:24,3,0,2,1
5,32,5,32,0,1,1,0,1,17,1,5,4,4,16:19:21:25,4,0,3,1
5,32,5,32,0,1,1,0,1,18,1,6,5,5,2:16:19:22:26,5,0,4,1
5,32,5,32,0,1,1,0,1,19,1,4,3,3,18:23:27,3,0,2,1
5,32,5,32,0,1,1,0,1,20,1,6,5,5,4:16:21:22:28,5,0,4,1
5,32,5,32,0,1,1,0,1,21,1,4,3,3,20:23:29,3,0,2,1
5,32,5,32,0,1,1,0,1,22,1,6,5,5,6:18:20:23:30,5,0,4,1
5,32,5,32,0,1,1,0,1,23,1,6,5,5,7:19:21:22:31,5,0,4,1
5,32,5,32,0,1,1,0,1,24,1,6,5,5,8:16:25:26:28,5,0,4,1
5,32,5,32,0,1,1,0,1,25,1,4,3,3,24:27:29,3,0,2,1
5,32,5,32,0,1,1,0,1,26,1,6,5,5,10:18:24:27:30,5,0,4,1
5,32,5,32,0,1,1,0,1,27,1,6,5,5,11:19:25:26:31,5,0,4,1
5,32,5,32,0,1,1,0,1,28,1,6,5,5,12:20:24:29:30,5,0,4,1
5,32,5,32,0,1,1,0,1,29,1,6,5,5,13:21:25:28:31,5,0,4,1
5,32,5,32,0,1,1,0,1,30,1,6,5,5,14:22:26:28:31,5,0,4,1
5,32,5,32,0,1,1,0,1,31,1,6,5,5,15:23:27:29:30,5,0,4,1
5,32,5,32,0,1,1,1,1,0:2,2,8,6,6,4:6:8:10:16:18,6,1,4,2
5,32,5,32,0,1,1,1,1,0:3,2,9,7,7,2:4:7:8:11:16:19,7,1,5,2
5,32,5,32,0,1,1,1,1,0:4,2,8,6,6,2:6:8:12:16:20,6,1,4,2
5,32,5,32,0,1,1,1,1,0:5,2,9,7,7,2:4:7:8:13:16:21,7,1,5,2
5,32,5,32,0,1,1,1,1,0:6,2,9,7,7,2:4:7:8:14:16:22,7,1,5,2
5,32,5,32,0,1,1,1,1,0:7,2,9,7,7,2:4:6:8:15:16:23,7,1,5,2
5,32,5,32,0,1,1,1,1,0:8,2,8,6,6,2:4:10:12:16:24,6,1,4,2
5,32,5,32,0,1,1,1,1,0:9,2,9,7,7,2:4:8:11:13:16:25,7,1,5,2
5,32,5,32,0,1,1,1,1,0:10,2,9,7,7,2:4:8:11:14:16:26,7,1,5,2
5,32,5,32,0,1,1,1,1,0:11,2,9,7,7,2:4:8:10:15:16:27,7,1,5,2
5,32,5,32,0,1,1,1,1,0:12,2,9,7,7,2:4:8:13:14:16:28,7,1,5,2
5,32,5,32,0,1,1,1,1,0:13,2,9,7,7,2:4:8:12:15:16:29,7,1,5,2
5,32,5,32,0,1,1,1,1,0:14,2,11,9,9,2:4:6:8:10:12:15:16:30,9,1,7,2
5,32,5,32,0,1,1,1,1,0:15,2,11,9,9,2:4:7:8:11:13:14:16:31,9,1,7,2
5,32,5,32,0,1,1,1,1,0:16,2,8,6,6,2:4:8:18:20:24,6,1,4,2
5,32,5,32,0,1,1,1,1,0:17,2,9,7,7,2:4:8:16:19:21:25,7,1,5,2
5,32,5,32,0,1,1,1,1,0:18,2,9,7,7,2:4:8:16:19:22:26,7,1,5,2
5,32,5,32,0,1,1,1,1,0:19,2,9,7,7,2:4:8:16:18:23:27,7,1,5,2
5,32,5,32,0,1,1,1,1,0:20,2,9,7,7,2:4:8:16:21:22:28,7,1,5,2
5,32,5,32,0,1,1,1,1,0:21,2,9,7,7,2:4:8:16:20:23:29,7,1,5,2
5,32,5,32,0,1,1,1,1,0:22,2,11,9,9,2:4:6:8:16:18:20:23:30,9,1,7,2
5,32,5,32,0,1,1,1,1,0:23,2,11,9,9,2:4:7:8:16:19:21:22:31,9,1,7,2
5,32,5,32,0,1,1,1,1,0:24,2,9,7,7,2:4:8:16:25:26:28,7,1,5,2
5,32,5,32,0,1,1,1,1,0:25,2,9,7,7,2:4:8:16:24:27:29,7,1,5,2
5,32,5,32,0,1,1,1,1,0:26,2,11,9,9,2:4:8:10:16:18:24:27:30,9,1,7,2
5,32,5,32,0,1,1,1,1,0:27,2,11,9,9,2:4:8:11:16:19:25:26:31,9,1,7,2
5,32,5,32,0,1,1,1,1,0:28,2,11,9,9,2:4:8:12:16:20:24:29:30,9,1,7,2
5,32,5,32,0,1,1,1,1,0:29,2,11,9,9,2:4:8:13:16:21:25:28:31,9,1,7,2
5,32,5,32,0,1,1,1,1,0:30,2,11,9,9,2:4:8:14:16:22:26:28:31,9,1,7,2
5,32,5,32,0,1,1,1,1,0:31,2,11,9,9,2:4:8:15:16:23:27:29:30,9,1,7,2
5,32,5,32,0,1,1,1,1,2:3,2,8,6,6,6:7:10:11:18:19,6,1,4,2
5,32,5,32,0,1,1,1,1,2:4,2,7,5,5,6:10:12:18:20,5,1,3,2
5,32,5,32,0,1,1,1,1,2:5,2,9,7,7,4:6:7:10:13:18:21,7,1,5,2
5,32,5,32,0,1,1,1,1,2:6,2,8,6,6,4:7:10:14:18:22,6,1,4,2
5,32,5,32,0,1,1,1,1,2:7,2,7,5,5,6:10:15:18:23,5,1,3,2
5,32,5,32,0,1,1,1,1,2:8,2,7,5,5,6:10:12:18:24,5,1,3,2
5,32,5,32,0,1,1,1,1,2:9,2,9,7,7,6:8:10:11:13:18:25,7,1,5,2
5,32,5,32,0,1,1,1,1,2:10,2,8,6,6,6:8:11:14:18:26,6,1,4,2
5,32,5,32,0,1,1,1,1,2:11,2,7,5,5,6:10:15:18:27,5,1,3,2
5,32,5,32,0,1,1,1,1,2:12,2,10,8,8,4:6:8:10:13:14:18:28,8,1,6,2
5,32,5,32,0,2,0,0,,,1,1,0,0,,0,0,0,0
5,32,5,32,0,2,0,1,,0,2,6,4,4,1:4:8:16,4,1,2,2
5,32,5,32,0,2,0,1,,1,2,5,3,3,5:9:17,3,1,1,2
5,32,5,32,0,2,0,1,,3,2,6,4,4,1:7:11:19,4,1,2,2
5,32,5,32,0,2,0,1,,4,2,5,3,3,5:12:20,3,1,1,2
5,32,5,32,0,2,0,1,,5,2,7,5,5,1:4:7:13:21,5,1,3,2
5,32,5,32,0,2,0,1,,6,2,6,4,4,4:7:14:22,4,1,2,2
5,32,5,32,0,2,0,1,,7,2,5,3,3,5:15:23,3,1,1,2
5,32,5,32,0,2,0,1,,8,2,5,3,3,9:12:24,3,1,1,2
5,32,5,32,0,2,0,1,,9,2,7,5,5,1:8:11:13:25,5,1,3,2
5,32,5,32,0,2,0,1,,10,2,6,4,4,8:11:14:26,4,1,2,2
5,32,5,32,0,2,0,1,,11,2,5,3,3,9:15:27,3,1,1,2
5,32,5,32,0,2,0,1,,12,2,7,5,5,4:8:13:14:28,5,1,3,2
5,32,5,32,0,2,0,1,,13,2,7,5,5,5:9:12:15:29,5,1,3,2
5,32,5,32,0,2,0,1,,14,2,5,3,3,12:15:30,3,1,1,2
5,32,5,32,0,2,0,1,,15,2,7,5,5,7:11:13:14:31,5,1,3,2
5,32,5,32,0,2,0,1,,16,2,5,3,3,17:20:24,3,1,1,2
5,32,5,32,0,2,0,1,,17,2,7,5,5,1:16:19:21:25,5,1,3,2
5,32,5,32,0,2,0,1,,18,2,6,4,4,16:19:22:26,4,1,2,2
5,32,5,32,0,2,0,1,,19,2,5,3,3,17:23:27,3,1,1,2
5,32,5,32,0,2,0,1,,20,2,7,5,5,4:16:21:22:28,5,1,3,2
5,32,5,32,0,2,0,1,,21,2,7,5,5,5:17:20:23:29,5,1,3,2
5,32,5,32,0,2,0,1,,22,2,5,3,3,20:23:30,3,1,1,2
5,32,5,32,0,2,0,1,,23,2,7,5,5,7:19:21:22:31,5,1,3,2
5,32,5,32,0,2,0,1,,24,2,7,5,5,8:16:25:26:28,5,1,3,2
5,32,5,32,0,2,0,1,,25,2,7,5,5,9:17:24:27:29,5,1,3,2
5,32,5,32,0,2,0,1,,26,2,5,3,3,24:27:30,3,1,1,2
5,32,5,32,0,2,0,1,,27,2,7,5,5,11:19:25:26:31,5,1,3,2
5,32,5,32,0,2,0,1,,28,2,7,5,5,12:20:24:29:30,5,1,3,2
5,32,5,32,0,2,0,1,,29,2,7,5,5,13:21:25:28:31,5,1,3,2
5,32,5,32,0,2,0,1,,30,2,7,5,5,14:22:26:28:31,5,1,3,2
5,32,5,32,0,2,0,1,,31,2,7,5,5,15:23:27:29:30,5,1,3,2
5,32,5,32,0,2,1,0,2,0,1,5,4,4,1:4:8:16,4,0,3,1
5,32,5,32,0,2,1,0,2,1,1,4,3,3,5:9:17,3,0,2,1
5,32,5,32,0,2,1,0,2,3,1,5,4,4,1:7:11:19,4,0,3,1
5,32,5,32,0,2,1,0,2,4,1,4,3,3,5:12:20,3,0,2,1
5,32,5,32,0,2,1,0,2,5,1,6,5,5,1:4:7:13:21,5,0,4,1
5,32,5,32,0,2,1,0,2,6,1,5,4,4,4:7:14:22,4,0,3,1
5,32,5,32,0,2,1,0,2,7,1,4,3,3,5:15:23,3,0,2,1
5,32,5,32,0,2,1,0,2,8,1,4,3,3,9:12:24,3,0,2,1
5,32,5,32,0,2,1,0,2,9,1,6,5,5,1:8:11:13:25,5,0,4,1
5,32,5,32,0,2,1,0,2,10,1,5,4,4,8:11:14:26,4,0,3,1
5,32,5,32,0,2,1,0,2,11,1,4,3,3,9:15:27,3,0,2,1
5,32,5,32,0,2,1,0,2,12,1,6,5,5,4:8:13:14:28,5,0,4,1
5,32,5,32,0,2,1,0,2,13,1,6,5,5,5:9:12:15:29,5,0,4,1
5,32,5,32,0,2,1,0,2,14,1,4,3,3,12:15:30,3,0,2,1
5,32,5,32,0,2,1,0,2,15,1,6,5,5,7:11:13:14:31,5,0,4,1
5,32,5,32,0,2,1,0,2,16,1,4,3,3,17:20:24,3,0,2,1
5,32,5,32,0,2,1,0,2,17,1,6,5,5,1:16:19:21:25,5,0,4,1
5,32,5,32,0,2,1,0,2,18,1,5,4,4,16:19:22:26,4,0,3,1
5,32,5,32,0,2,1,0,2,19,1,4,3,3,17:23:27,3,0,2,1
5,32,5,32,0,2,1,0,2,20,1,6,5,5,4:16:21:22:28,5,0,4,1
5,32,5,32,0,2,1,0,2,21,1,6,5,5,5:17:20:23:29,5,0,4,1
5,32,5,32,0,2,1,0,2,22,1,4,3,3,20:23:30,3,0,2,1
5,32,5,32,0,2,1,0,2,23,1,6,5,5,7:19:21:22:31,5,0,4,1
5,32,5,32,0,2,1,0,2,24,1,6,5,5,8:16:25:26:28,5,0,4,1
5,32,5,32,0,2,1,0,2,25,1,6,5,5,9:17:24:27:29,5,0,4,1
5,32,5,32,0,2,1,0,2,26,1,4,3,3,24:27:30,3,0,2,1
5,32,5,32,0,2,1,0,2,27,1,6,5,5,11:19:25:26:31,5,0,4,1
5,32,5,32,0,2,1,0,2,28,1,6,5,5,12:20:24:29:30,5,0,4,1
5,32,5,32,0,2,1,0,2,29,1,6,5,5,13:21:25:28:31,5,0,4,1
5,32,5,32,0,2,1,0,2,30,1,6,5,5,14:22:26:28:31,5,0,4,1
5,32,5,32,0,2,1,0,2,31,1,6,5,5,15:23:27:29:30,5,0,4,1
5,32,5,32,0,2,1,1,2,0:1,2,8,6,6,4:5:8:9:16:17,6,1,4,2
5,32,5,32,0,2,1,1,2,0:3,2,9,7,7,1:4:7:8:11:16:19,7,1,5,2
5,32,5,32,0,2,1,1,2,0:4,2,8,6,6,1:5:8:12:16:20,6,1,4,2
5,32,5,32,0,2,1,1,2,0:5,2,9,7,7,1:4:7:8:13:16:21,7,1,5,2
5,32,5,32,0,2,1,1,2,0:6,2,9,7,7,1:4:7:8:14:16:22,7,1,5,2
5,32,5,32,0,2,1,1,2,0:7,2,9,7,7,1:4:5:8:15:16:23,7,1,5,2
5,32,5,32,0,2,1,1,2,0:8,2,8,6,6,1:4:9:12:16:24,6,1,4,2
5,32,5,32,0,2,1,1,2,0:9,2,9,7,7,1:4:8:11:13:16:25,7,1,5,2
5,32,5,32,0,2,1,1,2,0:10,2,9,7,7,1:4:8:11:14:16:26,7,1,5,2
5,32,5,32,0,2,1,1,2,0:11,2,9,7,7,1:4:8:9:15:16:27,7,1,5,2
5,32,5,32,0,2,1,1,2,0:12,2,9,7,7,1:4:8:13:14:16:28,7,1,5,2
5,32,5,32,0,2,1,1,2,0:13,2,11,9,9,1:4:5:8:9:12:15:16:29,9,1,7,2
5,32,5,32,0,2,1,1,2,0:14,2,9,7,7,1:4:8:12:15:16:30,7,1,5,2
5,32,5,32,0,2,1,1,2,0:15,2,11,9,9,1:4:7:8:11:13:14:16:31,9,1,7,2
5,32,5,32,0,2,1,1,2,0:16,2,8,6,6,1:4:8:17:20:24,6,1,4,2
5,32,5,32,0,2,1,1,2,0:17,2,9,7,7,1:4:8:16:19:21:25,7,1,5,2
5,32,5,32,0,2,1,1,2,0:18,2,9,7,7,1:4:8:16:19:22:26,7,1,5,2
5,32,5,32,0,2,1,1,2,0:19,2,9,7,7,1:4:8:16:17:23:27,7,1,5,2
5,32,5,32,0,2,1,1,2,0:20,2,9,7,7,1:4:8:16:21:22:28,7,1,5,2
5,32,5,32,0,2,1,1,2,0:21,2,11,9,9,1:4:5:8:16:17:20:23:29,9,1,7,2
5,32,5,32,0,2,1,1,2,0:22,2,9,7,7,1:4:8:16:20:23:30,7,1,5,2
5,32,5,32,0,2,1,1,2,0:23,2,11,9,9,1:4:7:8:16:19:21:22:31,9,1,7,2
5,32,5,32,0,2,1,1,2,0:24,2,9,7,7,1:4:8:16:25:26:28,7,1,5,2
5,32,5,32,0,2,1,1,2,0:25,2,11,9,9,1:4:8:9:16:17:24:27:29,9,1,7,2
5,32,5,32,0,2,1,1,2,0:26,2,9,7,7,1:4:8:16:24:27:30,7,1,5,2
5,32,5,32,0,2,1,1,2,0:27,2,11,9,9,1:4:8:11:16:19:25:26:31,9,1,7,2
5,32,5,32,0,2,1,1,2,0:28,2,11,9,9,1:4:8:12:16:20:24:29:30,9,1,7,2
5,32,5,32,0,2,1,1,2,0:29,2,11,9,9,1:4:8:13:16:21:25:28:31,9,1,7,2
5,32,5,32,0,2,1,1,2,0:30,2,11,9,9,1:4:8:14:16:22:26:28:31,9,1,7,2
5,32,5,32,0,2,1,1,2,0:31,2,11,9,9,1:4:8:15:16:23:27:29:30,9,1,7,2
5,32,5,32,0,2,1,1,2,1:3,2,8,6,6,5:7:9:11:17:19,6,1,4,2
5,32,5,32,0,2,1,1,2,1:4,2,7,5,5,5:9:12:17:20,5,1,3,2
5,32,5,32,0,2,1,1,2,1:5,2,8,6,6,4:7:9:13:17:21,6,1,4,2
5,32,5,32,0,2,1,1,2,1:6,2,9,7,7,4:5:7:9:14:17:22,7,1,5,2
5,32,5,32,0,2,1,1,2,1:7,2,7,5,5,5:9:15:17:23,5,1,3,2
5,32,5,32,0,2,1,1,2,1:8,2,7,5,5,5:9:12:17:24,5,1,3,2
5,32,5,32,0,2,1,1,2,1:9,2,8,6,6,5:8:11:13:17:25,6,1,4,2
5,32,5,32,0,2,1,1,2,1:10,2,9,7,7,5:8:9:11:14:17:26,7,1,5,2
5,32,5,32,0,2,1,1,2,1:11,2,7,5,5,5:9:15:17:27,5,1,3,2
5,32,5,32,0,2,1,1,2,1:12,2,10,8,8,4:5:8:9:13:14:17:28,8,1,6,2
5,32,5,32,0,3,0,0,,,1,1,0,0,,0,0,0,0
5,32,5,32,0,3,0,1,,0,2,5,3,3,4:8:16,3,1,1,2
5,32,5,32,0,3,0,1,,1,2,6,4,4,0:5:9:17,4,1,2,2
5,32,5,32,0,3,0,1,,2,2,6,4,4,0:6:10:18,4,1,2,2
5,32,5,32,0,3,0,1,,4,2,7,5,5,0:5:6:12:20,5,1,3,2
5,32,5,32,0,3,0,1,,5,2,5,3,3,4:13:21,3,1,1,2
5,32,5,32,0,3,0,1,,6,2,5,3,3,4:14:22,3,1,1,2
5,32,5,32,0,3,0,1,,7,2,6,4,4,5:6:15:23,4,1,2,2
5,32,5,32,0,3,0,1,,8,2,7,5,5,0:9:10:12:24,5,1,3,2
5,32,5,32,0,3,0,1,,9,2,5,3,3,8:13:25,3,1,1,2
5,32,5,32,0,3,0,1,,10,2,5,3,3,8:14:26,3,1,1,2
5,32,5,32,0,3,0,1,,11,2,6,4,4,9:10:15:27,4,1,2,2
5,32,5,32,0,3,0,1,,12,2,7,5,5,4:8:13:14:28,5,1,3,2
5,32,5,32,0,3,0,1,,13,2,7,5,5,5:9:12:15:29,5,1,3,2
5,32,5,32,0,3,0,1,,14,2,7,5,5,6:10:12:15:30,5,1,3,2
5,32,5,32,0,3,0,1,,15,2,5,3,3,13:14:31,3,1,1,2
5,32,5,32,0,3,0,1,,16,2,7,5,5,0:17:18:20:24,5,1,3,2
5,32,5,32,0,3,0,1,,17,2,5,3,3,16:21:25,3,1,1,2
5,32,5,32,0,3,0,1,,18,2,5,3,3,16:22:26,3,1,1,2
5,32,5,32,0,3,0,1,,19,2,6,4,4,17:18:23:27,4,1,2,2
5,32,5,32,0,3,0,1,,20,2,7,5,5,4:16:21:22:28,5,1,3,2
5,32,5,32,0,3,0,1,,21,2,7,5,5,5:17:20:23:29,5,1,3,2
5,32,5,32,0,3,0,1,,22,2,7,5,5,6:18:20:23:30,5,1,3,2
5,32,5,32,0,3,0,1,,23,2,5,3,3,21:22:31,3,1,1,2
5,32,5,32,0,3,0,1,,24,2,7,5,5,8:16:25:26:28,5,1,3,2
5,32,5,32,0,3,0,1,,25,2,7,5,5,9:17:24:27:29,5,1,3,2
5,32,5,32,0,3,0,1,,26,2,7,5,5,10:18:24:27:30,5,1,3,2
5,32,5,32,0,3,0,1,,27,2,5,3,3,25:26:31,3,1,1,2
5,32,5,32,0,3,0,1,,28,2,7,5,5,12:20:24:29:30,5,1,3,2
5,32,5,32,0,3,0,1,,29,2,7,5,5,13:21:25:28:31,5,1,3,2
5,32,5,32,0,3,0,1,,30,2,7,5,5,14:22:26:28:31,5,1,3,2
5,32,5,32,0,3,0,1,,31,2,7,5,5,15:23:27:29:30,5,1,3,2
5,32,5,32,0,3,1,0,3,0,1,4,3,3,4:8:16,3,0,2,1
5,32,5,32,0,3,1,0,3,1,1,5,4,4,0:5:9:17,4,0,3,1
5,32,5,32,0,3,1,0,3,2,1,5,4,4,0:6:10:18,4,0,3,1
5,32,5,32,0,3,1,0,3,4,1,6,5,5,0:5:6:12:20,5,0,4,1
5,32,5,32,0,3,1,0,3,5,1,4,3,3,4:13:21,3,0,2,1
5,32,5,32,0,3,1,0,3,6,1,4,3,3,4:14:22,3,0,2,1
5,32,5,32,0,3,1,0,3,7,1,5,4,4,5:6:15:23,4,0,3,1
5,32,5,32,0,3,1,0,3,8,1,6,5,5,0:9:10:12:24,5,0,4,1
5,32,5,32,0,3,1,0,3,9,1,4,3,3,8:13:25,3,0,2,1
5,32,5,32,0,3,1,0,3,10,1,4,3,3,8:14:26,3,0,2,1
5,32,5,32,0,3,1,0,3,11,1,5,4,4,9:10:15:27,4,0,3,1
5,32,5,32,0,3,1,0,3,12,1,6,5,5,4:8:13:14:28,5,0,4,1
5,32,5,32,0,3,1,0,3,13,1,6,5,5,5:9:12:15:29,5,0,4,1
5,32,5,32,0,3,1,0,3,14,1,6,5,5,6:10:12:15:30,5,0,4,1
5,32,5,32,0,3,1,0,3,15,1,4,3,3,13:14:31,3,0,2,1
5,32,5,32,0,3,1,0,3,16,1,6,5,5,0:17:18:20:24,5,0,4,1
5,32,5,32,0,3,1,0,3,17,1,4,3,3,16:21:25,3,0,2,1
5,32,5,32,0,3,1,0,3,18,1,4,3,3,16:22:26,3,0,2,1
5,32,5,32,0,3,1,0,3,19,1,5,4,4,17:18:23:27,4,0,3,1
5,32,5,32,0,3,1,0,3,20,1,6,5,5,4:16:21:22:28,5,0,4,1
5,32,5,32,0,3,1,0,3,21,1,6,5,5,5:17:20:23:29,5,0,4,1
5,32,5,32,0,3,1,0,3,22,1,6,5,5,6:18:20:23:30,5,0,4,1
5,32,5,32,0,3,1,0,3,23,1,4,3,3,21:22:31,3,0,2,1
5,32,5,32,0,3,1,0,3,24,1,6,5,5,8:16:25:26:28,5,0,4,1
5,32,5,32,0,3,1,0,3,25,1,6,5,5,9:17:24:27:29,5,0,4,1
5,32,5,32,0,3,1,0,3,26,1,6,5,5,10:18:24:27:30,5,0,4,1
5,32,5,32,0,3,1,0,3,27,1,4,3,3,25:26:31,3,0,2,1
5,32,5,32,0,3,1,0,3,28,1,6,5,5,12:20:24:29:30,5,0,4,1
5,32,5,32,0,3,1,0,3,29,1,6,5,5,13:21:25:28:31,5,0,4,1
5,32,5,32,0,3,1,0,3,30,1,6,5,5,14:22:26:28:31,5,0,4,1
5,32,5,32,0,3,1,0,3,31,1,6,5,5,15:23:27:29:30,5,0,4,1
5,32,5,32,0,3,1,1,3,0:1,2,8,6,6,4:5:8:9:16:17,6,1,4,2
5,32,5,32,0,3,1,1,3,0:2,2,8,6,6,4:6:8:10:16:18,6,1,4,2
5,32,5,32,0,3,1,1,3,0:4,2,8,6,6,5:6:8:12:16:20,6,1,4,2
5,32,5,32,0,3,1,1,3,0:5,2,7,5,5,4:8:13:16:21,5,1,3,2
5,32,5,32,0,3,1,1,3,0:6,2,7,5,5,4:8:14:16:22,5,1,3,2
5,32,5,32,0,3,1,1,3,0:7,2,9,7,7,4:5:6:8:15:16:23,7,1,5,2
5,32,5,32,0,3,1,1,3,0:8,2,8,6,6,4:9:10:12:16:24,6,1,4,2
5,32,5,32,0,3,1,1,3,0:9,2,7,5,5,4:8:13:16:25,5,1,3,2
5,32,5,32,0,3,1,1,3,0:10,2,7,5,5,4:8:14:16:26,5,1,3,2
5,32,5,32,0,3,1,1,3,0:11,2,9,7,7,4:8:9:10:15:16:27,7,1,5,2
5,32,5,32,0,3,1,1,3,0:12,2,8,6,6,4:8:13:14:16:28,6,1,4,2
5,32,5,32,0,3,1,1,3,0:13,2,10,8,8,4:5:8:9:12:15:16:29,8,1,6,2
5,32,5,32,0,3,1,1,3,0:14,2,10,8,8,4:6:8:10:12:15:16:30,8,1,6,2
5,32,5,32,0,3,1,1,3,0:15,2,8,6,6,4:8:13:14:16:31,6,1,4,2
5,32,5,32,0,3,1,1,3,0:16,2,8,6,6,4:8:17:18:20:24,6,1,4,2
5,32,5,32,0,3,1,1,3,0:17,2,7,5,5,4:8:16:21:25,5,1,3,2
5,32,5,32,0,3,1,1,3,0:18,2,7,5,5,4:8:16:22:26,5,1,3,2
5,32,5,32,0,3,1,1,3,0:19,2,9,7,7,4:8:16:17:18:23:27,7,1,5,2
5,32,5,32,0,3,1,1,3,0:20,2,8,6,6,4:8:16:21:22:28,6,1,4,2
5,32,5,32,0,3,1,1,3,0:21,2,10,8,8,4:5:8:16:17:20:23:29,8,1,6,2
5,32,5,32,0,3,1,1,3,0:22,2,10,8,8,4:6:8:16:18:20:23:30,8,1,6,2
5,32,5,32,0,3,1,1,3,0:23,2,8,6,6,4:8:16:21:22:31,6,1,4,2
5,32,5,32,0,3,1,1,3,0:24,2,8,6,6,4:8:16:25:26:28,6,1,4,2
5,32,5,32,0,3,1,1,3,0:25,2,10,8,8,4:8:9:16:17:24:27:29,8,1,6,2
5,32,5,32,0,3,1,1,3,0:26,2,10,8,8,4:8:10:16:18:24:27:30,8,1,6,2
5,32,5,32,0,3,1,1,3,0:27,2,8,6,6,4:8:16:25:26:31,6,1,4,2
5,32,5,32,0,3,1,1,3,0:28,2,10,8,8,4:8:12:16:20:24:29:30,8,1,6,2
5,32,5,32,0,3,1,1,3,0:29,2,10,8,8,4:8:13:16:21:25:28:31,8,1,6,2
5,32,5,32,0,3,1,1,3,0:30,2,10,8,8,4:8:14:16:22:26:28:31,8,1,6,2
5,32,5,32,0,3,1,1,3,0:31,2,10,8,8,4:8:15:16:23:27:29:30,8,1,6,2
5,32,5,32,0,3,1,1,3,1:2,2,9,7,7,0:5:6:9:10:17:18,7,1,5,2
5,32,5,32,0,3,1,1,3,1:4,2,9,7,7,0:5:6:9:12:17:20,7,1,5,2
5,32,5,32,0,3,1,1,3,1:5,2,8,6,6,0:4:9:13:17:21,6,1,4,2
5,32,5,32,0,3,1,1,3,1:6,2,9,7,7,0:4:5:9:14:17:22,7,1,5,2
5,32,5,32,0,3,1,1,3,1:7,2,9,7,7,0:5:6:9:15:17:23,7,1,5,2
5,32,5,32,0,3,1,1,3,1:8,2,9,7,7,0:5:9:10:12:17:24,7,1,5,2
5,32,5,32,0,3,1,1,3,1:9,2,8,6,6,0:5:8:13:17:25,6,1,4,2
5,32,5,32,0,3,1,1,3,1:10,2,9,7,7,0:5:8:9:14:17:26,7,1,5,2
5,32,5,32,0,3,1,1,3,1:11,2,9,7,7,0:5:9:10:15:17:27,7,1,5,2
5,32,5,32,0,3,1,1,3,1:12,2,11,9,9,0:4:5:8:9:13:14:17:28,9,1,7,2
5,32,5,32,0,4,0,0,,,1,1,0,0,,0,0,0,0
5,32,5,32,0,4,0,1,,0,2,6,4,4,1:2:8:16,4,1,2,2
5,32,5,32,0,4,0,1,,1,2,5,3,3,3:9:17,3,1,1,2
5,32,5,32,0,4,0,1,,2,2,5,3,3,3:10:18,3,1,1,2
5,32,5,32,0,4,0,1,,3,2,7,5,5,1:2:7:11:19,5,1,3,2
5,32,5,32,0,4,0,1,,5,2,6,4,4,1:7:13:21,4,1,2,2
5,32,5,32,0,4,0,1,,6,2,6,4,4,2:7:14:22,4,1,2,2
5,32,5,32,0,4,0,1,,7,2,5,3,3,3:15:23,3,1,1,2
5,32,5,32,0,4,0,1,,8,2,5,3,3,9:10:24,3,1,1,2
5,32,5,32,0,4,0,1,,9,2,7,5,5,1:8:11:13:25,5,1,3,2
5,32,5,32,0,4,0,1,,10,2,7,5,5,2:8:11:14:26,5,1,3,2
5,32,5,32,0,4,0,1,,11,2,7,5,5,3:9:10:15:27,5,1,3,2
5,32,5,32,0,4,0,1,,12,2,6,4,4,8:13:14:28,4,1,2,2
5,32,5,32,0,4,0,1,,13,2,5,3,3,9:15:29,3,1,1,2
5,32,5,32,0,4,0,1,,14,2,5,3,3,10:15:30,3,1,1,2
5,32,5,32,0,4,0,1,,15,2,7,5,5,7:11:13:14:31,5,1,3,2
5,32,5,32,0,4,0,1,,16,2,5,3,3,17:18:24,3,1,1,2
5,32,5,32,0,4,0,1,,17,2,7,5,5,1:16:19:21:25,5,1,3,2
5,32,5,32,0,4,0,1,,18,2,7,5,5,2:16:19:22:26,5,1,3,2
5,32,5,32,0,4,0,1,,19,2,7,5,5,3:17:18:23:27,5,1,3,2
5,32,5,32,0,4,0,1,,20,2,6,4,4,16:21:22:28,4,1,2,2
5,32,5,32,0,4,0,1,,21,2,5,3,3,17:23:29,3,1,1,2
5,32,5,32,0,4,0,1,,22,2,5,3,3,18:23:30,3,1,1,2
5,32,5,32,0,4,0,1,,23,2,7,5,5,7:19:21:22:31,5,1,3,2
5,32,5,32,0,4,0,1,,24,2,7,5,5,8:16:25:26:28,5,1,3,2
5,32,5,32,0,4,0,1,,25,2,7,5,5,9:17:24:27:29,5,1,3,2
5,32,5,32,0,4,0,1,,26,2,7,5,5,10:18:24:27:30,5,1,3,2
5,32,5,32,0,4,0,1,,27,2,7,5,5,11:19:25:26:31,5,1,3,2
5,32,5,32,0,4,0,1,,28,2,5,3,3,24:29:30,3,1,1,2
5,32,5,32,0,4,0,1,,29,2,7,5,5,13:21:25:28:31,5,1,3,2
5,32,5,32,0,4,0,1,,30,2,7,5,5,14:22:26:28:31,5,1,3,2
5,32,5,32,0,4,0,1,,31,2,7,5,5,15:23:27:29:30,5,1,3,2
5,32,5,32,0,4,1,0,4,0,1,5,4,4,1:2:8:16,4,0,3,1
5,32,5,32,0,4,1,0,4,1,1,4,3,3,3:9:17,3,0,2,1
5,32,5,32,0,4,1,0,4,2,1,4,3,3,3:10:18,3,0,2,1
5,32,5,32,0,4,1,0,4,3,1,6,5,5,1:2:7:11:19,5,0,4,1
5,32,5,32,0,4,1,0,4,5,1,5,4,4,1:7:13:21,4,0,3,1
5,32,5,32,0,4,1,0,4,6,1,5,4,4,2:7:14:22,4,0,3,1
5,32,5,32,0,4,1,0,4,7,1,4,3,3,3:15:23,3,0,2,1
5,32,5,32,0,4,1,0,4,8,1,4,3,3,9:10:24,3,0,2,1
5,32,5,32,0,4,1,0,4,9,1,6,5,5,1:8:11:13:25,5,0,4,1
5,32,5,32,0,4,1,0,4,10,1,6,5,5,2:8:11:14:26,5,0,4,1
5,32,5,32,0,4,1,0,4,11,1,6,5,5,3:9:10:15:27,5,0,4,1
5,32,5,32,0,4,1,0,4,12,1,5,4,4,8:13:14:28,4,0,3,1
5,32,5,32,0,4,1,0,4,13,1,4,3,3,9:15:29,3,0,2,1
5,32,5,32,0,4,1,0,4,14,1,4,3,3,10:15:30,3,0,2,1
5,32,5,32,0,4,1,0,4,15,1,6,5,5,7:11:13:14:31,5,0,4,1
5,32,5,32,0,4,1,0,4,16,1,4,3,3,17:18:24,3,0,2,1
5,32,5,32,0,4,1,0,4,17,1,6,5,5,1:16:19:21:25,5,0,4,1
5,32,5,32,0,4,1,0,4,18,1,6,5,5,2:16:19:22:26,5,0,4,1
5,32,5,32,0,4,1,0,4,19,1,6,5,5,3:17:18:23:27,5,0,4,1
5,32,5,32,0,4,1,0,4,20,1,5,4,4,16:21:22:28,4,0,3,1
5,32,5,32,0,4,1,0,4,21,1,4,3,3,17:23:29,3,0,2,1
5,32,5,32,0,4,1,0,4,22,1,4,3,3,18:23:30,3,0,2,1
5,32,5,32,0,4,1,0,4,23,1,6,5,5,7:19:21:22:31,5,0,4,1
5,32,5,32,0,4,1,0,4,24,1,6,5,5,8:16:25:26:28,5,0,4,1
5,32,5,32,0,4,1,0,4,25,1,6,5,5,9:17:24:27:29,5,0,4,1
5,32,5,32,0,4,1,0,4,26,1,6,5,5,10:18:24:27:30,5,0,4,1
5,32,5,32,0,4,1,0,4,27,1,6,5,5,11:19:25:26:31,5,0,4,1
5,32,5,32,0,4,1,0,4,28,1,4,3,3,24:29:30,3,0,2,1
5,32,5,32,0,4,1,0,4,29,1,6,5,5,13:21:25:28:31,5,0,4,1
5,32,5,32,0,4,1,0,4,30,1,6,5,5,14:22:26:28:31,5,0,4,1
5,32,5,32,0,4,1,0,4,31,1,6,5,5,15:23:27:29:30,5,0,4,1
5,32,5,32,0,4,1,1,4,0:1,2,8,6,6,2:3:8:9:16:17,6,1,4,2
5,32,5,32,0,4,1,1,4,0:2,2,8,6,6,1:3:8:10:16:18,6,1,4,2
5,32,5,32,0,4,1,1,4,0:3,2,9,7,7,1:2:7:8:11:16:19,7,1,5,2
5,32,5,32,0,4,1,1,4,0:5,2,9,7,7,1:2:7:8:13:16:21,7,1,5,2
5,32,5,32,0,4,1,1,4,0:6,2,9,7,7,1:2:7:8:14:16:22,7,1,5,2
5,32,5,32,0,4,1,1,4,0:7,2,9,7,7,1:2:3:8:15:16:23,7,1,5,2
5,32,5,32,0,4,1,1,4,0:8,2,8,6,6,1:2:9:10:16:24,6,1,4,2
5,32,5,32,0,4,1,1,4,0:9,2,9,7,7,1:2:8:11:13:16:25,7,1,5,2
5,32,5,32,0,4,1,1,4,0:10,2,9,7,7,1:2:8:11:14:16:26,7,1,5,2
5,32,5,32,0,4,1,1,4,0:11,2,11,9,9,1:2:3:8:9:10:15:16:27,9,1,7,2
5,32,5,32,0,4,1,1,4,0:12,2,9,7,7,1:2:8:13:14:16:28,7,1,5,2
5,32,5,32,0,4,1,1,4,0:13,2,9,7,7,1:2:8:9:15:16:29,7,1,5,2
5,32,5,32,0,4,1,1,4,0:14,2,9,7,7,1:2:8:10:15:16:30,7,1,5,2
5,32,5,32,0,4,1,1,4,0:15,2,11,9,9,1:2:7:8:11:13:14:16:31,9,1,7,2
5,32,5,32,0,4,1,1,4,0:16,2,8,6,6,1:2:8:17:18:24,6,1,4,2
5,32,5,32,0,4,1,1,4,0:17,2,9,7,7,1:2:8:16:19:21:25,7,1,5,2
5,32,5,32,0,4,1,1,4,0:18,2,9,7,7,1:2:8:16:19:22:26,7,1,5,2
5,32,5,32,0,4,1,1,4,0:19,2,11,9,9,1:2:3:8:16:17:18:23:27,9,1,7,2
5,32,5,32,0,4,1,1,4,0:20,2,9,7,7,1:2:8:16:21:22:28,7,1,5,2
5,32,5,32,0,4,1,1,4,0:21,2,9,7,7,1:2:8:16:17:23:29,7,1,5,2
5,32,5,32,0,4,1,1,4,0:22,2,9,7,7,1:2:8:16:18:23:30,7,1,5,2
5,32,5,32,0,4,1,1,4,0:23,2,11,9,9,1:2:7:8:16:19:21:22:31,9,1,7,2
5,32,5,32,0,4,1,1,4,0:24,2,9,7,7,1:2:8:16:25:26:28,7,1,5,2
5,32,5,32,0,4,1,1,4,0:25,2,11,9,9,1:2:8:9:16:17:24:27:29,9,1,7,2
5,32,5,32,0,4,1,1,4,0:26,2,11,9,9,1:2:8:10:16:18:24:27:30,9,1,7,2
5,32,5,32,0,4,1,1,4,0:27,2,11,9,9,1:2:8:11:16:19:25:26:31,9,1,7,2
5,32,5,32,0,4,1,1,4,0:28,2,9,7,7,1:2:8:16:24:29:30,7,1,5,2
5,32,5,32,0,4,1,1,4,0:29,2,11,9,9,1:2:8:13:16:21:25:28:31,9,1,7,2
5,32,5,32,0,4,1,1,4,0:30,2,11,9,9,1:2:8:14:16:22:26:28:31,9,1,7,2
5,32,5,32,0,4,1,1,4,0:31,2,11,9,9,1:2:8:15:16:23:27:29:30,9,1,7,2
5,32,5,32,0,4,1,1,4,1:2,2,7,5,5,3:9:10:17:18,5,1,3,2
5,32,5,32,0,4,1,1,4,1:3,2,8,6,6,2:7:9:11:17:19,6,1,4,2
5,32,5,32,0,4,1,1,4,1:5,2,8,6,6,3:7:9:13:17:21,6,1,4,2
5,32,5,32,0,4,1,1,4,1:6,2,9,7,7,2:3:7:9:14:17:22,7,1,5,2
5,32,5,32,0,4,1,1,4,1:7,2,7,5,5,3:9:15:17:23,5,1,3,2
5,32,5,32,0,4,1,1,4,1:8,2,7,5,5,3:9:10:17:24,5,1,3,2
5,32,5,32,0,4,1,1,4,1:9,2,8,6,6,3:8:11:13:17:25,6,1,4,2
5,32,5,32,0,4,1,1,4,1:10,2,10,8,8,2:3:8:9:11:14:17:26,8,1,6,2
5,32,5,32,0,4,1,1,4,1:11,2,8,6,6,3:9:10:15:17:27,6,1,4,2
5,32,5,32,0,4,1,1,4,1:12,2,9,7,7,3:8:9:13:14:17:28,7,1,5,2
5,32,5,32,0,5,0,0,,,1,1,0,0,,0,0,0,0
5,32,5,32,0,5,0,1,,0,2,5,3,3,2:8:16,3,1,1,2
5,32,5,32,0,5,0,1,,1,2,6,4,4,0:3:9:17,4,1,2,2
5,32,5,32,0,5,0,1,,2,2,7,5,5,0:3:6:10:18,5,1,3,2
5,32,5,32,0,5,0,1,,3,2,5,3,3,2:11:19,3,1,1,2
5,32,5,32,0,5,0,1,,4,2,6,4,4,0:6:12:20,4,1,2,2
5,32,5,32,0,5,0,1,,6,2,5,3,3,2:14:22,3,1,1,2
5,32,5,32,0,5,0,1,,7,2,6,4,4,3:6:15:23,4,1,2,2
5,32,5,32,0,5,0,1,,8,2,7,5,5,0:9:10:12:24,5,1,3,2
5,32,5,32,0,5,0,1,,9,2,5,3,3,8:11:25,3,1,1,2
5,32,5,32,0,5,0,1,,10,2,7,5,5,2:8:11:14:26,5,1,3,2
5,32,5,32,0,5,0,1,,11,2,7,5,5,3:9:10:15:27,5,1,3,2
5,32,5,32,0,5,0,1,,12,2,5,3,3,8:14:28,3,1,1,2
5,32,5,32,0,5,0,1,,13,2,6,4,4,9:12:15:29,4,1,2,2
5,32,5,32,0,5,0,1,,14,2,7,5,5,6:10:12:15:30,5,1,3,2
5,32,5,32,0,5,0,1,,15,2,5,3,3,11:14:31,3,1,1,2
5,32,5,32,0,5,0,1,,16,2,7,5,5,0:17:18:20:24,5,1,3,2
5,32,5,32,0,5,0,1,,17,2,5,3,3,16:19:25,3,1,1,2
5,32,5,32,0,5,0,1,,18,2,7,5,5,2:16:19:22:26,5,1,3,2
5,32,5,32,0,5,0,1,,19,2,7,5,5,3:17:18:23:27,5,1,3,2
5,32,5,32,0,5,0,1,,20,2,5,3,3,16:22:28,3,1,1,2
5,32,5,32,0,5,0,1,,21,2,6,4,4,17:20:23:29,4,1,2,2
5,32,5,32,0,5,0,1,,22,2,7,5,5,6:18:20:23:30,5,1,3,2
5,32,5,32,0,5,0,1,,23,2,5,3,3,19:22:31,3,1,1,2
5,32,5,32,0,5,0,1,,24,2,7,5,5,8:16:25:26:28,5,1,3,2
5,32,5,32,0,5,0,1,,25,2,7,5,5,9:17:24:27:29,5,1,3,2
5,32,5,32,0,5,0,1,,26,2,7,5,5,10:18:24:27:30,5,1,3,2
5,32,5,32,0,5,0,1,,27,2,7,5,5,11:19:25:26:31,5,1,3,2
5,32,5,32,0,5,0,1,,28,2,7,5,5,12:20:24:29:30,5,1,3,2
5,32,5,32,0,5,0,1,,29,2,5,3,3,25:28:31,3,1,1,2
5,32,5,32,0,5,0,1,,30,2,7,5,5,14:22:26:28:31,5,1,3,2
5,32,5,32,0,5,0,1,,31,2,7,5,5,15:23:27:29:30,5,1,3,2
5,32,5,32,0,5,1,0,5,0,1,4,3,3,2:8:16,3,0,2,1
5,32,5,32,0,5,1,0,5,1,1,5,4,4,0:3:9:17,4,0,3,1
5,32,5,32,0,5,1,0,5,2,1,6,5,5,0:3:6:10:18,5,0,4,1
5,32,5,32,0,5,1,0,5,3,1,4,3,3,2:11:19,3,0,2,1
5,32,5,32,0,5,1,0,5,4,1,5,4,4,0:6:12:20,4,0,3,1
5,32,5,32,0,5,1,0,5,6,1,4,3,3,2:14:22,3,0,2,1
5,32,5,32,0,5,1,0,5,7,1,5,4,4,3:6:15:23,4,0,3,1
5,32,5,32,0,5,1,0,5,8,1,6,5,5,0:9:10:12:24,5,0,4,1
5,32,5,32,0,5,1,0,5,9,1,4,3,3,8:11:25,3,0,2,1
5,32,5,32,0,5,1,0,5,10,1,6,5,5,2:8:11:14:26,5,0,4,1
5,32,5,32,0,5,1,0,5,11,1,6,5,5,3:9:10:15:27,5,0,4,1
5,32,5,32,0,5,1,0,5,12,1,4,3,3,8:14:28,3,0,2,1
5,32,5,32,0,5,1,0,5,13,1,5,4,4,9:12:15:29,4,0,3,1
5,32,5,32,0,5,1,0,5,14,1,6,5,5,6:10:12:15:30,5,0,4,1
5,32,5,32,0,5,1,0,5,15,1,4,3,3,11:14:31,3,0,2,1
5,32,5,32,0,5,1,0,5,16,1,6,5,5,0:17:18:20:24,5,0,4,1
5,32,5,32,0,5,1,0,5,17,1,4,3,3,16:19:25,3,0,2,1
5,32,5,32,0,5,1,0,5,18,1,6,5,5,2:16:19:22:26,5,0,4,1
5,32,5,32,0,5,1,0,5,19,1,6,5,5,3:17:18:23:27,5,0,4,1
5,32,5,32,0,5,1,0,5,20,1,4,3,3,16:22:28,3,0,2,1
5,32,5,32,0,5,1,0,5,21,1,5,4,4,17:20:23:29,4,0,3,1
5,32,5,32,0,5,1,0,5,22,1,6,5,5,6:18:20:23:30,5,0,4,1
5,32,5,32,0,5,1,0,5,23,1,4,3,3,19:22:31,3,0,2,1
5,32,5,32,0,5,1,0,5,24,1,6,5,5,8:16:25:26:28,5,0,4,1
5,32,5,32,0,5,1,0,5,25,1,6,5,5,9:17:24:27:29,5,0,4,1
5,32,5,32,0,5,1,0,5,26,1,6,5,5,10:18:24:27:30,5,0,4,1
5,32,5,32,0,5,1,0,5,27,1,6,5,5,11:19:25:26:31,5,0,4,1
5,32,5,32,0,5,1,0,5,28,1,6,5,5,12:20:24:29:30,5,0,4,1
5,32,5,32,0,5,1,0,5,29,1,4,3,3,25:28:31,3,0,2,1
5,32,5,32,0,5,1,0,5,30,1,6,5,5,14:22:26:28:31,5,0,4,1
5,32,5,32,0,5,1,0,5,31,1,6,5,5,15:23:27:29:30,5,0,4,1
5,32,5,32,0,5,1,1,5,0:1,2,8,6,6,2:3:8:9:16:17,6,1,4,2
5,32,5,32,0,5,1,1,5,0:2,2,8,6,6,3:6:8:10:16:18,6,1,4,2
5,32,5,32,0,5,1,1,5,0:3,2,7,5,5,2:8:11:16:19,5,1,3,2
5,32,5,32,0,5,1,1,5,0:4,2,8,6,6,2:6:8:12:16:20,6,1,4,2
5,32,5,32,0,5,1,1,5,0:6,2,7,5,5,2:8:14:16:22,5,1,3,2
5,32,5,32,0,5,1,1,5,0:7,2,9,7,7,2:3:6:8:15:16:23,7,1,5,2
5,32,5,32,0,5,1,1,5,0:8,2,8,6,6,2:9:10:12:16:24,6,1,4,2
5,32,5,32,0,5,1,1,5,0:9,2,7,5,5,2:8:11:16:25,5,1,3,2
5,32,5,32,0,5,1,1,5,0:10,2,8,6,6,2:8:11:14:16:26,6,1,4,2
5,32,5,32,0,5,1,1,5,0:11,2,10,8,8,2:3:8:9:10:15:16:27,8,1,6,2
5,32,5,32,0,5,1,1,5,0:12,2,7,5,5,2:8:14:16:28,5,1,3,2
5,32,5,32,0,5,1,1,5,0:13,2,9,7,7,2:8:9:12:15:16:29,7,1,5,2
5,32,5,32,0,5,1,1,5,0:14,2,10,8,8,2:6:8:10:12:15:16:30,8,1,6,2
5,32,5,32,0,5,1,1,5,0:15,2,8,6,6,2:8:11:14:16:31,6,1,4,2
5,32,5,32,0,5,1,1,5,0:16,2,8,6,6,2:8:17:18:20:24,6,1,4,2
5,32,5,32,0,5,1,1,5,0:17,2,7,5,5,2:8:16:19:25,5,1,3,2
5,32,5,32,0,5,1,1,5,0:18,2,8,6,6,2:8:16:19:22:26,6,1,4,2
5,32,5,32,0,5,1,1,5,0:19,2,10,8,8,2:3:8:16:17:18:23:27,8,1,6,2
5,32,5,32,0,5,1,1,5,0:20,2,7,5,5,2:8:16:22:28,5,1,3,2
5,32,5,32,0,5,1,1,5,0:21,2,9,7,7,2:8:16:17:20:23:29,7,1,5,2
5,32,5,32,0,5,1,1,5,0:22,2,10,8,8,2:6:8:16:18:20:23:30,8,1,6,2
5,32,5,32,0,5,1,1,5,0:23,2,8,6,6,2:8:16:19:22:31,6,1,4,2
5,32,5,32,0,5,1,1,5,0:24,2,8,6,6,2:8:16:25:26:28,6,1,4,2
5,32,5,32,0,5,1,1,5,0:25,2,10,8,8,2:8:9:16:17:24:27:29,8,1,6,2
5,32,5,32,0,5,1,1,5,0:26,2,10,8,8,2:8:10:16:18:24:27:30,8,1,6,2
5,32,5,32,0,5,1,1,5,0:27,2,10,8,8,2:8:11:16:19:25:26:31,8,1,6,2
5,32,5,32,0,5,1,1,5,0:28,2,10,8,8,2:8:12:16:20:24:29:30,8,1,6,2
5,32,5,32,0,5,1,1,5,0:29,2,8,6,6,2:8:16:25:28:31,6,1,4,2
5,32,5,32,0,5,1,1,5,0:30,2,10,8,8,2:8:14:16:22:26:28:31,8,1,6,2
5,32,5,32,0,5,1,1,5,0:31,2,10,8,8,2:8:15:16:23:27:29:30,8,1,6,2
5,32,5,32,0,5,1,1,5,1:2,2,9,7,7,0:3:6:9:10:17:18,7,1,5,2
5,32,5,32,0,5,1,1,5,1:3,2,8,6,6,0:2:9:11:17:19,6,1,4,2
5,32,5,32,0,5,1,1,5,1:4,2,9,7,7,0:3:6:9:12:17:20,7,1,5,2
5,32,5,32,0,5,1,1,5,1:6,2,9,7,7,0:2:3:9:14:17:22,7,1,5,2
5,32,5,32,0,5,1,1,5,1:7,2,9,7,7,0:3:6:9:15:17:23,7,1,5,2
5,32,5,32,0,5,1,1,5,1:8,2,9,7,7,0:3:9:10:12:17:24,7,1,5,2
5,32,5,32,0,5,1,1,5,1:9,2,8,6,6,0:3:8:11:17:25,6,1,4,2
5,32,5,32,0,5,1,1,5,1:10,2,11,9,9,0:2:3:8:9:11:14:17:26,9,1,7,2
5,32,5,32,0,5,1,1,5,1:11,2,9,7,7,0:3:9:10:15:17:27,7,1,5,2
5,32,5,32,0,5,1,1,5,1:12,2,9,7,7,0:3:8:9:14:17:28,7,1,5,2
5,32,5,32,0,6,0,0,,,1,1,0,0,,0,0,0,0
5,32,5,32,0,6,0,1,,0,2,5,3,3,1:8:16,3,1,1,2
5,32,5,32,0,6,0,1,,1,2,7,5,5,0:3:5:9:17,5,1,3,2
5,32,5,32,0,6,0,1,,2,2,6,4,4,0:3:10:18,4,1,2,2
5,32,5,32,0,6,0,1,,3,2,5,3,3,1:11:19,3,1,1,2
5,32,5,32,0,6,0,1,,4,2,6,4,4,0:5:12:20,4,1,2,2
5,32,5,32,0,6,0,1,,5,2,5,3,3,1:13:21,3,1,1,2
5,32,5,32,0,6,0,1,,7,2,6,4,4,3:5:15:23,4,1,2,2
5,32,5,32,0,6,0,1,,8,2,7,5,5,0:9:10:12:24,5,1,3,2
5,32,5,32,0,6,0,1,,9,2,7,5,5,1:8:11:13:25,5,1,3,2
5,32,5,32,0,6,0,1,,10,2,5,3,3,8:11:26,3,1,1,2
5,32,5,32,0,6,0,1,,11,2,7,5,5,3:9:10:15:27,5,1,3,2
5,32,5,32,0,6,0,1,,12,2,5,3,3,8:13:28,3,1,1,2
5,32,5,32,0,6,0,1,,13,2,7,5,5,5:9:12:15:29,5,1,3,2
5,32,5,32,0,6,0,1,,14,2,6,4,4,10:12:15:30,4,1,2,2
5,32,5,32,0,6,0,1,,15,2,5,3,3,11:13:31,3,1,1,2
5,32,5,32,0,6,0,1,,16,2,7,5,5,0:17:18:20:24,5,1,3,2
5,32,5,32,0,6,0,1,,17,2,7,5,5,1:16:19:21:25,5,1,3,2
5,32,5,32,0,6,0,1,,18,2,5,3,3,16:19:26,3,1,1,2
5,32,5,32,0,6,0,1,,19,2,7,5,5,3:17:18:23:27,5,1,3,2
5,32,5,32,0,6,0,1,,20,2,5,3,3,16:21:28,3,1,1,2
5,32,5,32,0,6,0,1,,21,2,7,5,5,5:17:20:23:29,5,1,3,2
5,32,5,32,0,6,0,1,,22,2,6,4,4,18:20:23:30,4,1,2,2
5,32,5,32,0,6,0,1,,23,2,5,3,3,19:21:31,3,1,1,2
5,32,5,32,0,6,0,1,,24,2,7,5,5,8:16:25:26:28,5,1,3,2
5,32,5,32,0,6,0,1,,25,2,7,5,5,9:17:24:27:29,5,1,3,2
5,32,5,32,0,6,0,1,,26,2,7,5,5,10:18:24:27:30,5,1,3,2
5,32,5,32,0,6,0,1,,27,2,7,5,5,11:19:25:26:31,5,1,3,2
5,32,5,32,0,6,0,1,,28,2,7,5,5,12:20:24:29:30,5,1,3,2
5,32,5,32,0,6,0,1,,29,2,7,5,5,13:21:25:28:31,5,1,3,2
5,32,5,32,0,6,0,1,,30,2,5,3,3,26:28:31,3,1,1,2
5,32,5,32,0,6,0,1,,31,2,7,5,5,15:23:27:29:30,5,1,3,2
5,32,5,32,0,6,1,0,6,0,1,4,3,3,1:8:16,3,0,2,1
5,32,5,32,0,6,1,0,6,1,1,6,5,5,0:3:5:9:17,5,0,4,1
5,32,5,32,0,6,1,0,6,2,1,5,4,4,0:3:10:18,4,0,3,1
5,32,5,32,0,6,1,0,6,3,1,4,3,3,1:11:19,3,0,2,1
5,32,5,32,0,6,1,0,6,4,1,5,4,4,0:5:12:20,4,0,3,1
5,32,5,32,0,6,1,0,6,5,1,4,3,3,1:13:21,3,0,2,1
5,32,5,32,0,6,1,0,6,7,1,5,4,4,3:5:15:23,4,0,3,1
5,32,5,32,0,6,1,0,6,8,1,6,5,5,0:9:10:12:24,5,0,4,1
5,32,5,32,0,6,1,0,6,9,1,6,5,5,1:8:11:13:25,5,0,4,1
5,32,5,32,0,6,1,0,6,10,1,4,3,3,8:11:26,3,0,2,1
5,32,5,32,0,6,1,0,6,11,1,6,5,5,3:9:10:15:27,5,0,4,1
5,32,5,32,0,6,1,0,6,12,1,4,3,3,8:13:28,3,0,2,1
5,32,5,32,0,6,1,0,6,13,1,6,5,5,5:9:12:15:29,5,0,4,1
5,32,5,32,0,6,1,0,6,14,1,5,4,4,10:12:15:30,4,0,3,1
5,32,5,32,0,6,1,0,6,15,1,4,3,3,11:13:31,3,0,2,1
5,32,5,32,0,6,1,0,6,16,1,6,5,5,0:17:18:20:24,5,0,4,1
5,32,5,32,0,6,1,0,6,17,1,6,5,5,1:16:19:21:25,5,0,4,1
5,32,5,32,0,6,1,0,6,18,1,4,3,3,16:19:26,3,0,2,1
5,32,5,32,0,6,1,0,6,19,1,6,5,5,3:17:18:23:27,5,0,4,1
5,32,5,32,0,6,1,0,6,20,1,4,3,3,16:21:28,3,0,2,1
5,32,5,32,0,6,1,0,6,21,1,6,5,5,5:17:20:23:29,5,0,4,1
5,32,5,32,0,6,1,0,6,22,1,5,4,4,18:20:23:30,4,0,3,1
5,32,5,32,0,6,1,0,6,23,1,4,3,3,19:21:31,3,0,2,1
5,32,5,32,0,6,1,0,6,24,1,6,5,5,8:16:25:26:28,5,0,4,1
5,32,5,32,0,6,1,0,6,25,1,6,5,5,9:17:24:27:29,5,0,4,1
5,32,5,32,0,6,1,0,6,26,1,6,5,5,10:18:24:27:30,5,0,4,1
5,32,5,32,0,6,1,0,6,27,1,6,5,5,11:19:25:26:31,5,0,4,1
5,32,5,32,0,6,1,0,6,28,1,6,5,5,12:20:24:29:30,5,0,4,1
5,32,5,32,0,6,1,0,6,29,1,6,5,5,13:21:25:28:31,5,0,4,1
5,32,5,32,0,6,1,0,6,30,1,4,3,3,26:28:31,3,0,2,1
5,32,5,32,0,6,1,0,6,31,1,6,5,5,15:23:27:29:30,5,0,4,1
5,32,5,32,0,6,1,1,6,0:1,2,8,6,6,3:5:8:9:16:17,6,1,4,2
5,32,5,32,0,6,1,1,6,0:2,2,8,6,6,1:3:8:10:16:18,6,1,4,2
5,32,5,32,0,6,1,1,6,0:3,2,7,5,5,1:8:11:16:19,5,1,3,2
5,32,5,32,0,6,1,1,6,0:4,2,8,6,6,1:5:8:12:16:20,6,1,4,2
5,32,5,32,0,6,1,1,6,0:5,2,7,5,5,1:8:13:16:21,5,1,3,2
5,32,5,32,0,6,1,1,6,0:7,2,9,7,7,1:3:5:8:15:16:23,7,1,5,2
5,32,5,32,0,6,1,1,6,0:8,2,8,6,6,1:9:10:12:16:24,6,1,4,2
5,32,5,32,0,6,1,1,6,0:9,2,8,6,6,1:8:11:13:16:25,6,1,4,2
5,32,5,32,0,6,1,1,6,0:10,2,7,5,5,1:8:11:16:26,5,1,3,2
5,32,5,32,0,6,1,1,6,0:11,2,10,8,8,1:3:8:9:10:15:16:27,8,1,6,2
5,32,5,32,0,6,1,1,6,0:12,2,7,5,5,1:8:13:16:28,5,1,3,2
5,32,5,32,0,6,1,1,6,0:13,2,10,8,8,1:5:8:9:12:15:16:29,8,1,6,2
5,32,5,32,0,6,1,1,6,0:14,2,9,7,7,1:8:10:12:15:16:30,7,1,5,2
5,32,5,32,0,6,1,1,6,0:15,2,8,6,6,1:8:11:13:16:31,6,1,4,2
5,32,5,32,0,6,1,1,6,0:16,2,8,6,6,1:8:17:18:20:24,6,1,4,2
5,32,5,32,0,6,1,1,6,0:17,2,8,6,6,1:8:16:19:21:25,6,1,4,2
5,32,5,32,0,6,1,1,6,0:18,2,7,5,5,1:8:16:19:26,5,1,3,2
5,32,5,32,0,6,1,1,6,0:19,2,10,8,8,1:3:8:16:17:18:23:27,8,1,6,2
5,32,5,32,0,6,1,1,6,0:20,2,7,5,5,1:8:16:21:28,5,1,3,2
5,32,5,32,0,6,1,1,6,0:21,2,10,8,8,1:5:8:16:17:20:23:29,8,1,6,2
5,32,5,32,0,6,1,1,6,0:22,2,9,7,7,1:8:16:18:20:23:30,7,1,5,2
5,32,5,32,0,6,1,1,6,0:23,2,8,6,6,1:8:16:19:21:31,6,1,4,2
5,32,5,32,0,6,1,1,6,0:24,2,8,6,6,1:8:16:25:26:28,6,1,4,2
5,32,5,32,0,6,1,1,6,0:25,2,10,8,8,1:8:9:16:17:24:27:29,8,1,6,2
5,32,5,32,0,6,1,1,6,0:26,2,10,8,8,1:8:10:16:18:24:27:30,8,1,6,2
5,32,5,32,0,6,1,1,6,0:27,2,10,8,8,1:8:11:16:19:25:26:31,8,1,6,2
5,32,5,32,0,6,1,1,6,0:28,2,10,8,8,1:8:12:16:20:24:29:30,8,1,6,2
5,32,5,32,0,6,1,1,6,0:29,2,10,8,8,1:8:13:16:21:25:28:31,8,1,6,2
5,32,5,32,0,6,1,1,6,0:30,2,8,6,6,1:8:16:26:28:31,6,1,4,2
5,32,5,32,0,6,1,1,6,0:31,2,10,8,8,1:8:15:16:23:27:29:30,8,1,6,2
5,32,5,32,0,6,1,1,6,1:2,2,9,7,7,0:3:5:9:10:17:18,7,1,5,2
5,32,5,32,0,6,1,1,6,1:3,2,8,6,6,0:5:9:11:17:19,6,1,4,2
5,32,5,32,0,6,1,1,6,1:4,2,9,7,7,0:3:5:9:12:17:20,7,1,5,2
5,32,5,32,0,6,1,1,6,1:5,2,8,6,6,0:3:9:13:17:21,6,1,4,2
5,32,5,32,0,6,1,1,6,1:7,2,9,7,7,0:3:5:9:15:17:23,7,1,5,2
5,32,5,32,0,6,1,1,6,1:8,2,10,8,8,0:3:5:9:10:12:17:24,8,1,6,2
5,32,5,32,0,6,1,1,6,1:9,2,10,8,8,0:3:5:8:11:13:17:25,8,1,6,2
5,32,5,32,0,6,1,1,6,1:10,2,10,8,8,0:3:5:8:9:11:17:26,8,1,6,2
5,32,5,32,0,6,1,1,6,1:11,2,10,8,8,0:3:5:9:10:15:17:27,8,1,6,2
5,32,5,32,0,6,1,1,6,1:12,2,10,8,8,0:3:5:8:9:13:17:28,8,1,6,2
5,32,5,32,0,7,0,0,,,1,1,0,0,,0,0,0,0
5,32,5,32,0,7,0,1,,0,2,7,5,5,1:2:4:8:16,5,1,3,2
5,32,5,32,0,7,0,1,,1,2,5,3,3,0:9:17,3,1,1,2
5,32,5,32,0,7,0,1,,2,2,5,3,3,0:10:18,3,1,1,2
5,32,5,32,0,7,0,1,,3,2,6,4,4,1:2:11:19,4,1,2,2
5,32,5,32,0,7,0,1,,4,2,5,3,3,0:12:20,3,1,1,2
5,32,5,32,0,7,0,1,,5,2,6,4,4,1:4:13:21,4,1,2,2
5,32,5,32,0,7,0,1,,6,2,6,4,4,2:4:14:22,4,1,2,2
5,32,5,32,0,7,0,1,,8,2,7,5,5,0:9:10:12:24,5,1,3,2
5,32,5,32,0,7,0,1,,9,2,7,5,5,1:8:11:13:25,5,1,3,2
5,32,5,32,0,7,0,1,,10,2,7,5,5,2:8:11:14:26,5,1,3,2
5,32,5,32,0,7,0,1,,11,2,5,3,3,9:10:27,3,1,1,2
5,32,5,32,0,7,0,1,,12,2,7,5,5,4:8:13:14:28,5,1,3,2
5,32,5,32,0,7,0,1,,13,2,5,3,3,9:12:29,3,1,1,2
5,32,5,32,0,7,0,1,,14,2,5,3,3,10:12:30,3,1,1,2
5,32,5,32,0,7,0,1,,15,2,6,4,4,11:13:14:31,4,1,2,2
5,32,5,32,0,7,0,1,,16,2,7,5,5,0:17:18:20:24,5,1,3,2
5,32,5,32,0,7,0,1,,17,2,7,5,5,1:16:19:21:25,5,1,3,2
5,32,5,32,0,7,0,1,,18,2,7,5,5,2:16:19:22:26,5,1,3,2
5,32,5,32,0,7,0,1,,19,2,5,3,3,17:18:27,3,1,1,2
5,32,5,32,0,7,0,1,,20,2,7,5,5,4:16:21:22:28,5,1,3,2
5,32,5,32,0,7,0,1,,21,2,5,3,3,17:20:29,3,1,1,2
5,32,5,32,0,7,0,1,,22,2,5,3,3,18:20:30,3,1,1,2
5,32,5,32,0,7,0,1,,23,2,6,4,4,19:21:22:31,4,1,2,2
5,32,5,32,0,7,0,1,,24,2,7,5,5,8:16:25:26:28,5,1,3,2
5,32,5,32,0,7,0,1,,25,2,7,5,5,9:17:24:27:29,5,1,3,2
5,32,5,32,0,7,0,1,,26,2,7,5,5,10:18:24:27:30,5,1,3,2
5,32,5,32,0,7,0,1,,27,2,7,5,5,11:19:25:26:31,5,1,3,2
5,32,5,32,0,7,0,1,,28,2,7,5,5,12:20:24:29:30,5,1,3,2
5,32,5,32,0,7,0,1,,29,2,7,5,5,13:21:25:28:31,5,1,3,2
5,32,5,32,0,7,0,1,,30,2,7,5,5,14:22:26:28:31,5,1,3,2
5,32,5,32,0,7,0,1,,31,2,5,3,3,27:29:30,3,1,1,2
5,32,5,32,0,7,1,0,7,0,1,6,5,5,1:2:4:8:16,5,0,4,1
5,32,5,32,0,7,1,0,7,1,1,4,3,3,0:9:17,3,0,2,1
5,32,5,32,0,7,1,0,7,2,1,4,3,3,0:10:18,3,0,2,1
5,32,5,32,0,7,1,0,7,3,1,5,4,4,1:2:11:19,4,0,3,1
5,32,5,32,0,7,1,0,7,4,1,4,3,3,0:12:20,3,0,2,1
5,32,5,32,0,7,1,0,7,5,1,5,4,4,1:4:13:21,4,0,3,1
5,32,5,32,0,7,1,0,7,6,1,5,4,4,2:4:14:22,4,0,3,1
5,32,5,32,0,7,1,0,7,8,1,6,5,5,0:9:10:12:24,5,0,4,1
5,32,5,32,0,7,1,0,7,9,1,6,5,5,1:8:11:13:25,5,0,4,1
5,32,5,32,0,7,1,0,7,10,1,6,5,5,2:8:11:14:26,5,0,4,1
5,32,5,32,0,7,1,0,7,11,1,4,3,3,9:10:27,3,0,2,1
5,32,5,32,0,7,1,0,7,12,1,6,5,5,4:8:13:14:28,5,0,4,1
5,32,5,32,0,7,1,0,7,13,1,4,3,3,9:12:29,3,0,2,1
5,32,5,32,0,7,1,0,7,14,1,4,3,3,10:12:30,3,0,2,1
5,32,5,32,0,7,1,0,7,15,1,5,4,4,11:13:14:31,4,0,3,1
5,32,5,32,0,7,1,0,7,16,1,6,5,5,0:17:18:20:24,5,0,4,1
5,32,5,32,0,7,1,0,7,17,1,6,5,5,1:16:19:21:25,5,0,4,1
5,32,5,32,0,7,1,0,7,18,1,6,5,5,2:16:19:22:26,5,0,4,1
5,32,5,32,0,7,1,0,7,19,1,4,3,3,17:18:27,3,0,2,1
5,32,5,32,0,7,1,0,7,20,1,6,5,5,4:16:21:22:28,5,0,4,1
5,32,5,32,0,7,1,0,7,21,1,4,3,3,17:20:29,3,0,2,1
5,32,5,32,0,7,1,0,7,22,1,4,3,3,18:20:30,3,0,2,1
5,32,5,32,0,7,1,0,7,23,1,5,4,4,19:21:22:31,4,0,3,1
5,32,5,32,0,7,1,0,7,24,1,6,5,5,8:16:25:26:28,5,0,4,1
5,32,5,32,0,7,1,0,7,25,1,6,5,5,9:17:24:27:29,5,0,4,1
5,32,5,32,0,7,1,0,7,26,1,6,5,5,10:18:24:27:30,5,0,4,1
5,32,5,32,0,7,1,0,7,27,1,6,5,5,11:19:25:26:31,5,0,4,1
5,32,5,32,0,7,1,0,7,28,1,6,5,5,12:20:24:29:30,5,0,4,1
5,32,5,32,0,7,1,0,7,29,1,6,5,5,13:21:25:28:31,5,0,4,1
5,32,5,32,0,7,1,0,7,30,1,6,5,5,14:22:26:28:31,5,0,4,1
5,32,5,32,0,7,1,0,7,31,1,4,3,3,27:29:30,3,0,2,1
5,32,5,32,0,7,1,1,7,0:1,2,8,6,6,2:4:8:9:16:17,6,1,4,2
5,32,5,32,0,7,1,1,7,0:2,2,8,6,6,1:4:8:10:16:18,6,1,4,2
5,32,5,32,0,7,1,1,7,0:3,2,9,7,7,1:2:4:8:11:16:19,7,1,5,2
5,32,5,32,0,7,1,1,7,0:4,2,8,6,6,1:2:8:12:16:20,6,1,4,2
5,32,5,32,0,7,1,1,7,0:5,2,9,7,7,1:2:4:8:13:16:21,7,1,5,2
5,32,5,32,0,7,1,1,7,0:6,2,9,7,7,1:2:4:8:14:16:22,7,1,5,2
5,32,5,32,0,7,1,1,7,0:8,2,10,8,8,1:2:4:9:10:12:16:24,8,1,6,2
5,32,5,32,0,7,1,1,7,0:9,2,10,8,8,1:2:4:8:11:13:16:25,8,1,6,2
5,32,5,32,0,7,1,1,7,0:10,2,10,8,8,1:2:4:8:11:14:16:26,8,1,6,2
5,32,5,32,0,7,1,1,7,0:11,2,10,8,8,1:2:4:8:9:10:16:27,8,1,6,2
5,32,5,32,0,7,1,1,7,0:12,2,10,8,8,1:2:4:8:13:14:16:28,8,1,6,2
5,32,5,32,0,7,1,1,7,0:13,2,10,8,8,1:2:4:8:9:12:16:29,8,1,6,2
5,32,5,32,0,7,1,1,7,0:14,2,10,8,8,1:2:4:8:10:12:16:30,8,1,6,2
5,32,5,32,0,7,1,1,7,0:15,2,11,9,9,1:2:4:8:11:13:14:16:31,9,1,7,2
5,32,5,32,0,7,1,1,7,0:16,2,10,8,8,1:2:4:8:17:18:20:24,8,1,6,2
5,32,5,32,0,7,1,1,7,0:17,2,10,8,8,1:2:4:8:16:19:21:25,8,1,6,2
5,32,5,32,0,7,1,1,7,0:18,2,10,8,8,1:2:4:8:16:19:22:26,8,1,6,2
5,32,5,32,0,7,1,1,7,0:19,2,10,8,8,1:2:4:8:16:17:18:27,8,1,6,2
5,32,5,32,0,7,1,1,7,0:20,2,10,8,8,1:2:4:8:16:21:22:28,8,1,6,2
5,32,5,32,0,7,1,1,7,0:21,2,10,8,8,1:2:4:8:16:17:20:29,8,1,6,2
5,32,5,32,0,7,1,1,7,0:22,2,10,8,8,1:2:4:8:16:18:20:30,8,1,6,2
5,32,5,32,0,7,1,1,7,0:23,2,11,9,9,1:2:4:8:16:19:21:22:31,9,1,7,2
5,32,5,32,0,7,1,1,7,0:24,2,10,8,8,1:2:4:8:16:25:26:28,8,1,6,2
5,32,5,32,0,7,1,1,7,0:25,2,12,10,10,1:2:4:8:9:16:17:24:27:29,10,1,8,2
5,32,5,32,0,7,1,1,7,0:26,2,12,10,10,1:2:4:8:10:16:18:24:27:30,10,1,8,2
5,32,5,32,0,7,1,1,7,0:27,2,12,10,10,1:2:4:8:11:16:19:25:26:31,10,1,8,2
5,32,5,32,0,7,1,1,7,0:28,2,12,10,10,1:2:4:8:12:16:20:24:29:30,10,1,8,2
5,32,5,32,0,7,1,1,7,0:29,2,12,10,10,1:2:4:8:13:16:21:25:28:31,10,1,8,2
5,32,5,32,0,7,1,1,7,0:30,2,12,10,10,1:2:4:8:14:16:22:26:28:31,10,1,8,2
5,32,5,32,0,7,1,1,7,0:31,2,10,8,8,1:2:4:8:16:27:29:30,8,1,6,2
5,32,5,32,0,7,1,1,7,1:2,2,7,5,5,0:9:10:17:18,5,1,3,2
5,32,5,32,0,7,1,1,7,1:3,2,8,6,6,0:2:9:11:17:19,6,1,4,2
5,32,5,32,0,7,1,1,7,1:4,2,7,5,5,0:9:12:17:20,5,1,3,2
5,32,5,32,0,7,1,1,7,1:5,2,8,6,6,0:4:9:13:17:21,6,1,4,2
5,32,5,32,0,7,1,1,7,1:6,2,9,7,7,0:2:4:9:14:17:22,7,1,5,2
5,32,5,32,0,7,1,1,7,1:8,2,8,6,6,0:9:10:12:17:24,6,1,4,2
5,32,5,32,0,7,1,1,7,1:9,2,8,6,6,0:8:11:13:17:25,6,1,4,2
5,32,5,32,0,7,1,1,7,1:10,2,10,8,8,0:2:8:9:11:14:17:26,8,1,6,2
5,32,5,32,0,7,1,1,7,1:11,2,7,5,5,0:9:10:17:27,5,1,3,2
5,32,5,32,0,7,1,1,7,1:12,2,10,8,8,0:4:8:9:13:14:17:28,8,1,6,2
5,32,5,32,0,8,0,0,,,1,1,0,0,,0,0,0,0
5,32,5,32,0,8,0,1,,0,2,6,4,4,1:2:4:16,4,1,2,2
5,32,5,32,0,8,0,1,,1,2,5,3,3,3:5:17,3,1,1,2
5,32,5,32,0,8,0,1,,2,2,5,3,3,3:6:18,3,1,1,2
5,32,5,32,0,8,0,1,,3,2,7,5,5,1:2:7:11:19,5,1,3,2
5,32,5,32,0,8,0,1,,4,2,5,3,3,5:6:20,3,1,1,2
5,32,5,32,0,8,0,1,,5,2,7,5,5,1:4:7:13:21,5,1,3,2
5,32,5,32,0,8,0,1,,6,2,7,5,5,2:4:7:14:22,5,1,3,2
5,32,5,32,0,8,0,1,,7,2,7,5,5,3:5:6:15:23,5,1,3,2
5,32,5,32,0,8,0,1,,9,2,6,4,4,1:11:13:25,4,1,2,2
5,32,5,32,0,8,0,1,,10,2,6,4,4,2:11:14:26,4,1,2,2
5,32,5,32,0,8,0,1,,11,2,5,3,3,3:15:27,3,1,1,2
5,32,5,32,0,8,0,1,,12,2,6,4,4,4:13:14:28,4,1,2,2
5,32,5,32,0,8,0,1,,13,2,5,3,3,5:15:29,3,1,1,2
5,32,5,32,0,8,0,1,,14,2,5,3,3,6:15:30,3,1,1,2
5,32,5,32,0,8,0,1,,15,2,7,5,5,7:11:13:14:31,5,1,3,2
5,32,5,32,0,8,0,1,,16,2,5,3,3,17:18:20,3,1,1,2
5,32,5,32,0,8,0,1,,17,2,7,5,5,1:16:19:21:25,5,1,3,2
5,32,5,32,0,8,0,1,,18,2,7,5,5,2:16:19:22:26,5,1,3,2
5,32,5,32,0,8,0,1,,19,2,7,5,5,3:17:18:23:27,5,1,3,2
5,32,5,32,0,8,0,1,,20,2,7,5,5,4:16:21:22:28,5,1,3,2
5,32,5,32,0,8,0,1,,21,2,7,5,5,5:17:20:23:29,5,1,3,2
5,32,5,32,0,8,0,1,,22,2,7,5,5,6:18:20:23:30,5,1,3,2
5,32,5,32,0,8,0,1,,23,2,7,5,5,7:19:21:22:31,5,1,3,2
5,32,5,32,0,8,0,1,,24,2,6,4,4,16:25:26:28,4,1,2,2
5,32,5,32,0,8,0,1,,25,2,5,3,3,17:27:29,3,1,1,2
5,32,5,32,0,8,0,1,,26,2,5,3,3,18:27:30,3,1,1,2
5,32,5,32,0,8,0,1,,27,2,7,5,5,11:19:25:26:31,5,1,3,2
5,32,5,32,0,8,0,1,,28,2,5,3,3,20:29:30,3,1,1,2
5,32,5,32,0,8,0,1,,29,2,7,5,5,13:21:25:28:31,5,1,3,2
5,32,5,32,0,8,0,1,,30,2,7,5,5,14:22:26:28:31,5,1,3,2
5,32,5,32,0,8,0,1,,31,2,7,5,5,15:23:27:29:30,5,1,3,2
5,32,5,32,0,8,1,0,8,0,1,5,4,4,1:2:4:16,4,0,3,1
5,32,5,32,0,8,1,0,8,1,1,4,3,3,3:5:17,3,0,2,1
5,32,5,32,0,8,1,0,8,2,1,4,3,3,3:6:18,3,0,2,1
5,32,5,32,0,8,1,0,8,3,1,6,5,5,1:2:7:11:19,5,0,4,1
5,32,5,32,0,8,1,0,8,4,1,4,3,3,5:6:20,3,0,2,1
5,32,5,32,0,8,1,0,8,5,1,6,5,5,1:4:7:13:21,5,0,4,1
5,32,5,32,0,8,1,0,8,6,1,6,5,5,2:4:7:14:22,5,0,4,1
5,32,5,32,0,8,1,0,8,7,1,6,5,5,3:5:6:15:23,5,0,4,1
5,32,5,32,0,8,1,0,8,9,1,5,4,4,1:11:13:25,4,0,3,1
5,32,5,32,0,8,1,0,8,10,1,5,4,4,2:11:14:26,4,0,3,1
5,32,5,32,0,8,1,0,8,11,1,4,3,3,3:15:27,3,0,2,1
5,32,5,32,0,8,1,0,8,12,1,5,4,4,4:13:14:28,4,0,3,1
5,32,5,32,0,8,1,0,8,13,1,4,3,3,5:15:29,3,0,2,1
5,32,5,32,0,8,1,0,8,14,1,4,3,3,6:15:30,3,0,2,1
5,32,5,32,0,8,1,0,8,15,1,6,5,5,7:11:13:14:31,5,0,4,1
5,32,5,32,0,8,1,0,8,16,1,4,3,3,17:18:20,3,0,2,1
5,32,5,32,0,8,1,0,8,17,1,6,5,5,1:16:19:21:25,5,0,4,1
5,32,5,32,0,8,1,0,8,18,1,6,5,5,2:16:19:22:26,5,0,4,1
5,32,5,32,0,8,1,0,8,19,1,6,5,5,3:17:18:23:27,5,0,4,1
5,32,5,32,0,8,1,0,8,20,1,6,5,5,4:16:21:22:28,5,0,4,1
5,32,5,32,0,8,1,0,8,21,1,6,5,5,5:17:20:23:29,5,0,4,1
5,32,5,32,0,8,1,0,8,22,1,6,5,5,6:18:20:23:30,5,0,4,1
5,32,5,32,0,8,1,0,8,23,1,6,5,5,7:19:21:22:31,5,0,4,1
5,32,5,32,0,8,1,0,8,24,1,5,4,4,16:25:26:28,4,0,3,1
5,32,5,32,0,8,1,0,8,25,1,4,3,3,17:27:29,3,0,2,1
5,32,5,32,0,8,1,0,8,26,1,4,3,3,18:27:30,3,0,2,1
5,32,5,32,0,8,1,0,8,27,1,6,5,5,11:19:25:26:31,5,0,4,1
5,32,5,32,0,8,1,0,8,28,1,4,3,3,20:29:30,3,0,2,1
5,32,5,32,0,8,1,0,8,29,1,6,5,5,13:21:25:28:31,5,0,4,1
5,32,5,32,0,8,1,0,8,30,1,6,5,5,14:22:26:28:31,5,0,4,1
5,32,5,32,0,8,1,0,8,31,1,6,5,5,15:23:27:29:30,5,0,4,1
5,32,5,32,0,8,1,1,8,0:1,2,8,6,6,2:3:4:5:16:17,6,1,4,2
5,32,5,32,0,8,1,1,8,0:2,2,8,6,6,1:3:4:6:16:18,6,1,4,2
5,32,5,32,0,8,1,1,8,0:3,2,9,7,7,1:2:4:7:11:16:19,7,1,5,2
5,32,5,32,0,8,1,1,8,0:4,2,8,6,6,1:2:5:6:16:20,6,1,4,2
5,32,5,32,0,8,1,1,8,0:5,2,9,7,7,1:2:4:7:13:16:21,7,1,5,2
5,32,5,32,0,8,1,1,8,0:6,2,9,7,7,1:2:4:7:14:16:22,7,1,5,2
5,32,5,32,0,8,1,1,8,0:7,2,11,9,9,1:2:3:4:5:6:15:16:23,9,1,7,2
5,32,5,32,0,8,1,1,8,0:9,2,9,7,7,1:2:4:11:13:16:25,7,1,5,2
5,32,5,32,0,8,1,1,8,0:10,2,9,7,7,1:2:4:11:14:16:26,7,1,5,2
5,32,5,32,0,8,1,1,8,0:11,2,9,7,7,1:2:3:4:15:16:27,7,1,5,2
5,32,5,32,0,8,1,1,8,0:12,2,9,7,7,1:2:4:13:14:16:28,7,1,5,2
5,32,5,32,0,8,1,1,8,0:13,2,9,7,7,1:2:4:5:15:16:29,7,1,5,2
5,32,5,32,0,8,1,1,8,0:14,2,9,7,7,1:2:4:6:15:16:30,7,1,5,2
5,32,5,32,0,8,1,1,8,0:15,2,11,9,9,1:2:4:7:11:13:14:16:31,9,1,7,2
5,32,5,32,0,8,1,1,8,0:16,2,8,6,6,1:2:4:17:18:20,6,1,4,2
5,32,5,32,0,8,1,1,8,0:17,2,9,7,7,1:2:4:16:19:21:25,7,1,5,2
5,32,5,32,0,8,1,1,8,0:18,2,9,7,7,1:2:4:16:19:22:26,7,1,5,2
5,32,5,32,0,8,1,1,8,0:19,2,11,9,9,1:2:3:4:16:17:18:23:27,9,1,7,2
5,32,5,32,0,8,1,1,8,0:20,2,9,7,7,1:2:4:16:21:22:28,7,1,5,2
5,32,5,32,0,8,1,1,8,0:21,2,11,9,9,1:2:4:5:16:17:20:23:29,9,1,7,2
5,32,5,32,0,8,1,1,8,0:22,2,11,9,9,1:2:4:6:16:18:20:23:30,9,1,7,2
5,32,5,32,0,8,1,1,8,0:23,2,11,9,9,1:2:4:7:16:19:21:22:31,9,1,7,2
5,32,5,32,0,8,1,1,8,0:24,2,9,7,7,1:2:4:16:25:26:28,7,1,5,2
5,32,5,32,0,8,1,1,8,0:25,2,9,7,7,1:2:4:16:17:27:29,7,1,5,2
5,32,5,32,0,8,1,1,8,0:26,2,9,7,7,1:2:4:16:18:27:30,7,1,5,2
5,32,5,32,0,8,1,1,8,0:27,2,11,9,9,1:2:4:11:16:19:25:26:31,9,1,7,2
5,32,5,32,0,8,1,1,8,0:28,2,9,7,7,1:2:4:16:20:29:30,7,1,5,2
5,32,5,32,0,8,1,1,8,0:29,2,11,9,9,1:2:4:13:16:21:25:28:31,9,1,7,2
5,32,5,32,0,8,1,1,8,0:30,2,11,9,9,1:2:4:14:16:22:26:28:31,9,1,7,2
5,32,5,32,0,8,1,1,8,0:31,2,11,9,9,1:2:4:15:16:23:27:29:30,9,1,7,2
5,32,5,32,0,8,1,1,8,1:2,2,7,5,5,3:5:6:17:18,5,1,3,2
5,32,5,32,0,8,1,1,8,1:3,2,8,6,6,2:5:7:11:17:19,6,1,4,2
5,32,5,32,0,8,1,1,8,1:4,2,7,5,5,3:5:6:17:20,5,1,3,2
5,32,5,32,0,8,1,1,8,1:5,2,8,6,6,3:4:7:13:17:21,6,1,4,2
5,32,5,32,0,8,1,1,8,1:6,2,10,8,8,2:3:4:5:7:14:17:22,8,1,6,2
5,32,5,32,0,8,1,1,8,1:7,2,8,6,6,3:5:6:15:17:23,6,1,4,2
5,32,5,32,0,8,1,1,8,1:9,2,8,6,6,3:5:11:13:17:25,6,1,4,2
5,32,5,32,0,8,1,1,8,1:10,2,9,7,7,2:3:5:11:14:17:26,7,1,5,2
5,32,5,32,0,8,1,1,8,1:11,2,7,5,5,3:5:15:17:27,5,1,3,2
5,32,5,32,0,8,1,1,8,1:12,2,9,7,7,3:4:5:13:14:17:28,7,1,5,2
5,32,5,32,0,9,0,0,,,1,1,0,0,,0,0,0,0
5,32,5,32,0,9,0,1,,0,2,5,3,3,2:4:16,3,1,1,2
5,32,5,32,0,9,0,1,,1,2,6,4,4,0:3:5:17,4,1,2,2
5,32,5,32,0,9,0,1,,2,2,7,5,5,0:3:6:10:18,5,1,3,2
5,32,5,32,0,9,0,1,,3,2,5,3,3,2:7:19,3,1,1,2
5,32,5,32,0,9,0,1,,4,2,7,5,5,0:5:6:12:20,5,1,3,2
5,32,5,32,0,9,0,1,,5,2,5,3,3,4:7:21,3,1,1,2
5,32,5,32,0,9,0,1,,6,2,7,5,5,2:4:7:14:22,5,1,3,2
5,32,5,32,0,9,0,1,,7,2,7,5,5,3:5:6:15:23,5,1,3,2
5,32,5,32,0,9,0,1,,8,2,6,4,4,0:10:12:24,4,1,2,2
5,32,5,32,0,9,0,1,,10,2,5,3,3,2:14:26,3,1,1,2
5,32,5,32,0,9,0,1,,11,2,6,4,4,3:10:15:27,4,1,2,2
5,32,5,32,0,9,0,1,,12,2,5,3,3,4:14:28,3,1,1,2
5,32,5,32,0,9,0,1,,13,2,6,4,4,5:12:15:29,4,1,2,2
5,32,5,32,0,9,0,1,,14,2,7,5,5,6:10:12:15:30,5,1,3,2
5,32,5,32,0,9,0,1,,15,2,5,3,3,7:14:31,3,1,1,2
5,32,5,32,0,9,0,1,,16,2,7,5,5,0:17:18:20:24,5,1,3,2
5,32,5,32,0,9,0,1,,17,2,5,3,3,16:19:21,3,1,1,2
5,32,5,32,0,9,0,1,,18,2,7,5,5,2:16:19:22:26,5,1,3,2
5,32,5,32,0,9,0,1,,19,2,7,5,5,3:17:18:23:27,5,1,3,2
5,32,5,32,0,9,0,1,,20,2,7,5,5,4:16:21:22:28,5,1,3,2
5,32,5,32,0,9,0,1,,21,2,7,5,5,5:17:20:23:29,5,1,3,2
5,32,5,32,0,9,0,1,,22,2,7,5,5,6:18:20:23:30,5,1,3,2
5,32,5,32,0,9,0,1,,23,2,7,5,5,7:19:21:22:31,5,1,3,2
5,32,5,32,0,9,0,1,,24,2,5,3,3,16:26:28,3,1,1,2
5,32,5,32,0,9,0,1,,25,2,6,4,4,17:24:27:29,4,1,2,2
5,32,5,32,0,9,0,1,,26,2,7,5,5,10:18:24:27:30,5,1,3,2
5,32,5,32,0,9,0,1,,27,2,5,3,3,19:26:31,3,1,1,2
5,32,5,32,0,9,0,1,,28,2,7,5,5,12:20:24:29:30,5,1,3,2
5,32,5,32,0,9,0,1,,29,2,5,3,3,21:28:31,3,1,1,2
5,32,5,32,0,9,0,1,,30,2,7,5,5,14:22:26:28:31,5,1,3,2
5,32,5,32,0,9,0,1,,31,2,7,5,5,15:23:27:29:30,5,1,3,2
5,32,5,32,0,9,1,0,9,0,1,4,3,3,2:4:16,3,0,2,1
5,32,5,32,0,9,1,0,9,1,1,5,4,4,0:3:5:17,4,0,3,1
5,32,5,32,0,9,1,0,9,2,1,6,5,5,0:3:6:10:18,5,0,4,1
5,32,5,32,0,9,1,0,9,3,1,4,3,3,2:7:19,3,0,2,1
5,32,5,32,0,9,1,0,9,4,1,6,5,5,0:5:6:12:20,5,0,4,1
5,32,5,32,0,9,1,0,9,5,1,4,3,3,4:7:21,3,0,2,1
5,32,5,32,0,9,1,0,9,6,1,6,5,5,2:4:7:14:22,5,0,4,1
5,32,5,32,0,9,1,0,9,7,1,6,5,5,3:5:6:15:23,5,0,4,1
5,32,5,32,0,9,1,0,9,8,1,5,4,4,0:10:12:24,4,0,3,1
5,32,5,32,0,9,1,0,9,10,1,4,3,3,2:14:26,3,0,2,1
5,32,5,32,0,9,1,0,9,11,1,5,4,4,3:10:15:27,4,0,3,1
5,32,5,32,0,9,1,0,9,12,1,4,3,3,4:14:28,3,0,2,1
5,32,5,32,0,9,1,0,9,13,1,5,4,4,5:12:15:29,4,0,3,1
5,32,5,32,0,9,1,0,9,14,1,6,5,5,6:10:12:15:30,5,0,4,1
5,32,5,32,0,9,1,0,9,15,1,4,3,3,7:14:31,3,0,2,1
5,32,5,32,0,9,1,0,9,16,1,6,5,5,0:17:18:20:24,5,0,4,1
5,32,5,32,0,9,1,0,9,17,1,4,3,3,16:19:21,3,0,2,1
5,32,5,32,0,9,1,0,9,18,1,6,5,5,2:16:19:22:26,5,0,4,1
5,32,5,32,0,9,1,0,9,19,1,6,5,5,3:17:18:23:27,5,0,4,1
5,32,5,32,0,9,1,0,9,20,1,6,5,5,4:16:21:22:28,5,0,4,1
5,32,5,32,0,9,1,0,9,21,1,6,5,5,5:17:20:23:29,5,0,4,1
5,32,5,32,0,9,1,0,9,22,1,6,5,5,6:18:20:23:30,5,0,4,1
5,32,5,32,0,9,1,0,9,23,1,6,5,5,7:19:21:22:31,5,0,4,1
5,32,5,32,0,9,1,0,9,24,1,4,3,3,16:26:28,3,0,2,1
5,32,5,32,0,9,1,0,9,25,1,5,4,4,17:24:27:29,4,0,3,1
5,32,5,32,0,9,1,0,9,26,1,6,5,5,10:18:24:27:30,5,0,4,1
5,32,5,32,0,9,1,0,9,27,1,4,3,3,19:26:31,3,0,2,1
5,32,5,32,0,9,1,0,9,28,1,6,5,5,12:20:24:29:30,5,0,4,1
5,32,5,32,0,9,1,0,9,29,1,4,3,3,21:28:31,3,0,2,1
5,32,5,32,0,9,1,0,9,30,1,6,5,5,14:22:26:28:31,5,0,4,1
5,32,5,32,0,9,1,0,9,31,1,6,5,5,15:23:27:29:30,5,0,4,1
5,32,5,32,0,9,1,1,9,0:1,2,8,6,6,2:3:4:5:16:17,6,1,4,2
5,32,5,32,0,9,1,1,9,0:2,2,8,6,6,3:4:6:10:16:18,6,1,4,2
5,32,5,32,0,9,1,1,9,0:3,2,7,5,5,2:4:7:16:19,5,1,3,2
5,32,5,32,0,9,1,1,9,0:4,2,8,6,6,2:5:6:12:16:20,6,1,4,2
5,32,5,32,0,9,1,1,9,0:5,2,7,5,5,2:4:7:16:21,5,1,3,2
5,32,5,32,0,9,1,1,9,0:6,2,8,6,6,2:4:7:14:16:22,6,1,4,2
5,32,5,32,0,9,1,1,9,0:7,2,10,8,8,2:3:4:5:6:15:16:23,8,1,6,2
5,32,5,32,0,9,1,1,9,0:8,2,8,6,6,2:4:10:12:16:24,6,1,4,2
5,32,5,32,0,9,1,1,9,0:10,2,7,5,5,2:4:14:16:26,5,1,3,2
5,32,5,32,0,9,1,1,9,0:11,2,9,7,7,2:3:4:10:15:16:27,7,1,5,2
5,32,5,32,0,9,1,1,9,0:12,2,7,5,5,2:4:14:16:28,5,1,3,2
5,32,5,32,0,9,1,1,9,0:13,2,9,7,7,2:4:5:12:15:16:29,7,1,5,2
5,32,5,32,0,9,1,1,9,0:14,2,10,8,8,2:4:6:10:12:15:16:30,8,1,6,2
5,32,5,32,0,9,1,1,9,0:15,2,8,6,6,2:4:7:14:16:31,6,1,4,2
5,32,5,32,0,9,1,1,9,0:16,2,8,6,6,2:4:17:18:20:24,6,1,4,2
5,32,5,32,0,9,1,1,9,0:17,2,7,5,5,2:4:16:19:21,5,1,3,2
5,32,5,32,0,9,1,1,9,0:18,2,8,6,6,2:4:16:19:22:26,6,1,4,2
5,32,5,32,0,9,1,1,9,0:19,2,10,8,8,2:3:4:16:17:18:23:27,8,1,6,2
5,32,5,32,0,9,1,1,9,0:20,2,8,6,6,2:4:16:21:22:28,6,1,4,2
5,32,5,32,0,9,1,1,9,0:21,2,10,8,8,2:4:5:16:17:20:23:29,8,1,6,2
5,32,5,32,0,9,1,1,9,0:22,2,10,8,8,2:4:6:16:18:20:23:30,8,1,6,2
5,32,5,32,0,9,1,1,9,0:23,2,10,8,8,2:4:7:16:19:21:22:31,8,1,6,2
5,32,5,32,0,9,1,1,9,0:24,2,7,5,5,2:4:16:26:28,5,1,3,2
5,32,5,32,0,9,1,1,9,0:25,2,9,7,7,2:4:16:17:24:27:29,7,1,5,2
5,32,5,32,0,9,1,1,9,0:26,2,10,8,8,2:4:10:16:18:24:27:30,8,1,6,2
5,32,5,32,0,9,1,1,9,0:27,2,8,6,6,2:4:16:19:26:31,6,1,4,2
5,32,5,32,0,9,1,1,9,0:28,2,10,8,8,2:4:12:16:20:24:29:30,8,1,6,2
5,32,5,32,0,9,1,1,9,0:29,2,8,6,6,2:4:16:21:28:31,6,1,4,2
5,32,5,32,0,9,1,1,9,0:30,2,10,8,8,2:4:14:16:22:26:28:31,8,1,6,2
5,32,5,32,0,9,1,1,9,0:31,2,10,8,8,2:4:15:16:23:27:29:30,8,1,6,2
5,32,5,32,0,9,1,1,9,1:2,2,9,7,7,0:3:5:6:10:17:18,7,1,5,2
5,32,5,32,0,9,1,1,9,1:3,2,8,6,6,0:2:5:7:17:19,6,1,4,2
5,32,5,32,0,9,1,1,9,1:4,2,9,7,7,0:3:5:6:12:17:20,7,1,5,2
5,32,5,32,0,9,1,1,9,1:5,2,8,6,6,0:3:4:7:17:21,6,1,4,2
5,32,5,32,0,9,1,1,9,1:6,2,11,9,9,0:2:3:4:5:7:14:17:22,9,1,7,2
5,32,5,32,0,9,1,1,9,1:7,2,9,7,7,0:3:5:6:15:17:23,7,1,5,2
5,32,5,32,0,9,1,1,9,1:8,2,9,7,7,0:3:5:10:12:17:24,7,1,5,2
5,32,5,32,0,9,1,1,9,1:10,2,9,7,7,0:2:3:5:14:17:26,7,1,5,2
5,32,5,32,0,9,1,1,9,1:11,2,9,7,7,0:3:5:10:15:17:27,7,1,5,2
5,32,5,32,0,9,1,1,9,1:12,2,9,7,7,0:3:4:5:14:17:28,7,1,5,2
5,32,5,32,0,10,0,0,,,1,1,0,0,,0,0,0,0
5,32,5,32,0,10,0,1,,0,2,5,3,3,1:4:16,3,1,1,2
5,32,5,32,0,10,0,1,,1,2,7,5,5,0:3:5:9:17,5,1,3,2
5,32,5,32,0,10,0,1,,2,2,6,4,4,0:3:6:18,4,1,2,2
5,32,5,32,0,10,0,1,,3,2,5,3,3,1:7:19,3,1,1,2
5,32,5,32,0,10,0,1,,4,2,7,5,5,0:5:6:12:20,5,1,3,2
5,32,5,32,0,10,0,1,,5,2,7,5,5,1:4:7:13:21,5,1,3,2
5,32,5,32,0,10,0,1,,6,2,5,3,3,4:7:22,3,1,1,2
5,32,5,32,0,10,0,1,,7,2,7,5,5,3:5:6:15:23,5,1,3,2
5,32,5,32,0,10,0,1,,8,2,6,4,4,0:9:12:24,4,1,2,2
5,32,5,32,0,10,0,1,,9,2,5,3,3,1:13:25,3,1,1,2
5,32,5,32,0,10,0,1,,11,2,6,4,4,3:9:15:27,4,1,2,2
5,32,5,32,0,10,0,1,,12,2,5,3,3,4:13:28,3,1,1,2
5,32,5,32,0,10,0,1,,13,2,7,5,5,5:9:12:15:29,5,1,3,2
5,32,5,32,0,10,0,1,,14,2,6,4,4,6:12:15:30,4,1,2,2
5,32,5,32,0,10,0,1,,15,2,5,3,3,7:13:31,3,1,1,2
5,32,5,32,0,10,0,1,,16,2,7,5,5,0:17:18:20:24,5,1,3,2
5,32,5,32,0,10,0,1,,17,2,7,5,5,1:16:19:21:25,5,1,3,2
5,32,5,32,0,10,0,1,,18,2,5,3,3,16:19:22,3,1,1,2
5,32,5,32,0,10,0,1,,19,2,7,5,5,3:17:18:23:27,5,1,3,2
5,32,5,32,0,10,0,1,,20,2,7,5,5,4:16:21:22:28,5,1,3,2
5,32,5,32,0,10,0,1,,21,2,7,5,5,5:17:20:23:29,5,1,3,2
5,32,5,32,0,10,0,1,,22,2,7,5,5,6:18:20:23:30,5,1,3,2
5,32,5,32,0,10,0,1,,23,2,7,5,5,7:19:21:22:31,5,1,3,2
5,32,5,32,0,10,0,1,,24,2,5,3,3,16:25:28,3,1,1,2
5,32,5,32,0,10,0,1,,25,2,7,5,5,9:17:24:27:29,5,1,3,2
5,32,5,32,0,10,0,1,,26,2,6,4,4,18:24:27:30,4,1,2,2
5,32,5,32,0,10,0,1,,27,2,5,3,3,19:25:31,3,1,1,2
5,32,5,32,0,10,0,1,,28,2,7,5,5,12:20:24:29:30,5,1,3,2
5,32,5,32,0,10,0,1,,29,2,7,5,5,13:21:25:28:31,5,1,3,2
5,32,5,32,0,10,0,1,,30,2,5,3,3,22:28:31,3,1,1,2
5,32,5,32,0,10,0,1,,31,2,7,5,5,15:23:27:29:30,5,1,3,2
5,32,5,32,0,10,1,0,10,0,1,4,3,3,1:4:16,3,0,2,1
5,32,5,32,0,10,1,0,10,1,1,6,5,5,0:3:5:9:17,5,0,4,1
5,32,5,32,0,10,1,0,10,2,1,5,4,4,0:3:6:18,4,0,3,1
5,32,5,32,0,10,1,0,10,3,1,4,3,3,1:7:19,3,0,2,1
5,32,5,32,0,10,1,0,10,4,1,6,5,5,0:5:6:12:20,5,0,4,1
5,32,5,32,0,10,1,0,10,5,1,6,5,5,1:4:7:13:21,5,0,4,1
5,32,5,32,0,10,1,0,10,6,1,4,3,3,4:7:22,3,0,2,1
5,32,5,32,0,10,1,0,10,7,1,6,5,5,3:5:6:15:23,5,0,4,1
5,32,5,32,0,10,1,0,10,8,1,5,4,4,0:9:12:24,4,0,3,1
5,32,5,32,0,10,1,0,10,9,1,4,3,3,1:13:25,3,0,2,1
5,32,5,32,0,10,1,0,10,11,1,5,4,4,3:9:15:27,4,0,3,1
5,32,5,32,0,10,1,0,10,12,1,4,3,3,4:13:28,3,0,2,1
5,32,5,32,0,10,1,0,10,13,1,6,5,5,5:9:12:15:29,5,0,4,1
5,32,5,32,0,10,1,0,10,14,1,5,4,4,6:12:15:30,4,0,3,1
5,32,5,32,0,10,1,0,10,15,1,4,3,3,7:13:31,3,0,2,1
5,32,5,32,0,10,1,0,10,16,1,6,5,5,0:17:18:20:24,5,0,4,1
5,32,5,32,0,10,1,0,10,17,1,6,5,5,1:16:19:21:25,5,0,4,1
5,32,5,32,0,10,1,0,10,18,1,4,3,3,16:19:22,3,0,2,1
5,32,5,32,0,10,1,0,10,19,1,6,5,5,3:17:18:23:27,5,0,4,1
5,32,5,32,0,10,1,0,10,20,1,6,5,5,4:16:21:22:28,5,0,4,1
5,32,5,32,0,10,1,0,10,21,1,6,5,5,5:17:20:23:29,5,0,4,1
5,32,5,32,0,10,1,0,10,22,1,6,5,5,6:18:20:23:30,5,0,4,1
5,32,5,32,0,10,1,0,10,23,1,6,5,5,7:19:21:22:31,5,0,4,1
5,32,5,32,0,10,1,0,10,24,1,4,3,3,16:25:28,3,0,2,1
5,32,5,32,0,10,1,0,10,25,1,6,5,5,9:17:24:27:29,5,0,4,1
5,32,5,32,0,10,1,0,10,26,1,5,4,4,18:24:27:30,4,0,3,1
5,32,5,32,0,10,1,0,10,27,1,4,3,3,19:25:31,3,0,2,1
5,32,5,32,0,10,1,0,10,28,1,6,5,5,12:20:24:29:30,5,0,4,1
5,32,5,32,0,10,1,0,10,29,1,6,5,5,13:21:25:28:31,5,0,4,1
5,32,5,32,0,10,1,0,10,30,1,4,3,3,22:28:31,3,0,2,1
5,32,5,32,0,10,1,0,10,31,1,6,5,5,15:23:27:29:30,5,0,4,1
5,32,5,32,0,10,1,1,10,0:1,2,8,6,6,3:4:5:9:16:17,6,1,4,2
5,32,5,32,0,10,1,1,10,0:2,2,8,6,6,1:3:4:6:16:18,6,1,4,2
5,32,5,32,0,10,1,1,10,0:3,2,7,5,5,1:4:7:16:19,5,1,3,2
5,32,5,32,0,10,1,1,10,0:4,2,8,6,6,1:5:6:12:16:20,6,1,4,2
5,32,5,32,0,10,1,1,10,0:5,2,8,6,6,1:4:7:13:16:21,6,1,4,2
5,32,5,32,0,10,1,1,10,0:6,2,7,5,5,1:4:7:16:22,5,1,3,2
5,32,5,32,0,10,1,1,10,0:7,2,10,8,8,1:3:4:5:6:15:16:23,8,1,6,2
5,32,5,32,0,10,1,1,10,0:8,2,8,6,6,1:4:9:12:16:24,6,1,4,2
5,32,5,32,0,10,1,1,10,0:9,2,7,5,5,1:4:13:16:25,5,1,3,2
5,32,5,32,0,10,1,1,10,0:11,2,9,7,7,1:3:4:9:15:16:27,7,1,5,2
5,32,5,32,0,10,1,1,10,0:12,2,7,5,5,1:4:13:16:28,5,1,3,2
5,32,5,32,0,10,1,1,10,0:13,2,10,8,8,1:4:5:9:12:15:16:29,8,1,6,2
5,32,5,32,0,10,1,1,10,0:14,2,9,7,7,1:4:6:12:15:16:30,7,1,5,2
5,32,5,32,0,10,1,1,10,0:15,2,8,6,6,1:4:7:13:16:31,6,1,4,2
5,32,5,32,0,10,1,1,10,0:16,2,8,6,6,1:4:17:18:20:24,6,1,4,2
5,32,5,32,0,10,1,1,10,0:17,2,8,6,6,1:4:16:19:21:25,6,1,4,2
5,32,5,32,0,10,1,1,10,0:18,2,7,5,5,1:4:16:19:22,5,1,3,2
5,32,5,32,0,10,1,1,10,0:19,2,10,8,8,1:3:4:16:17:18:23:27,8,1,6,2
5,32,5,32,0,10,1,1,10,0:20,2,8,6,6,1:4:16:21:22:28,6,1,4,2
5,32,5,32,0,10,1,1,10,0:21,2,10,8,8,1:4:5:16:17:20:23:29,8,1,6,2
5,32,5,32,0,10,1,1,10,0:22,2,10,8,8,1:4:6:16:18:20:23:30,8,1,6,2
5,32,5,32,0,10,1,1,10,0:23,2,10,8,8,1:4:7:16:19:21:22:31,8,1,6,2
5,32,5,32,0,10,1,1,10,0:24,2,7,5,5,1:4:16:25:28,5,1,3,2
5,32,5,32,0,10,1,1,10,0:25,2,10,8,8,1:4:9:16:17:24:27:29,8,1,6,2
5,32,5,32,0,10,1,1,10,0:26,2,9,7,7,1:4:16:18:24:27:30,7,1,5,2
5,32,5,32,0,10,1,1,10,0:27,2,8,6,6,1:4:16:19:25:31,6,1,4,2
5,32,5,32,0,10,1,1,10,0:28,2,10,8,8,1:4:12:16:20:24:29:30,8,1,6,2
5,32,5,32,0,10,1,1,10,0:29,2,10,8,8,1:4:13:16:21:25:28:31,8,1,6,2
5,32,5,32,0,10,1,1,10,0:30,2,8,6,6,1:4:16:22:28:31,6,1,4,2
5,32,5,32,0,10,1,1,10,0:31,2,10,8,8,1:4:15:16:23:27:29:30,8,1,6,2
5,32,5,32,0,10,1,1,10,1:2,2,9,7,7,0:3:5:6:9:17:18,7,1,5,2
5,32,5,32,0,10,1,1,10,1:3,2,8,6,6,0:5:7:9:17:19,6,1,4,2
5,32,5,32,0,10,1,1,10,1:4,2,10,8,8,0:3:5:6:9:12:17:20,8,1,6,2
5,32,5,32,0,10,1,1,10,1:5,2,10,8,8,0:3:4:7:9:13:17:21,8,1,6,2
5,32,5,32,0,10,1,1,10,1:6,2,10,8,8,0:3:4:5:7:9:17:22,8,1,6,2
5,32,5,32,0,10,1,1,10,1:7,2,10,8,8,0:3:5:6:9:15:17:23,8,1,6,2
5,32,5,32,0,10,1,1,10,1:8,2,9,7,7,0:3:5:9:12:17:24,7,1,5,2
5,32,5,32,0,10,1,1,10,1:9,2,8,6,6,0:3:5:13:17:25,6,1,4,2
5,32,5,32,0,10,1,1,10,1:11,2,9,7,7,0:3:5:9:15:17:27,7,1,5,2
5,32,5,32,0,10,1,1,10,1:12,2,10,8,8,0:3:4:5:9:13:17:28,8,1,6,2
5,32,5,32,0,11,0,0,,,1,1,0,0,,0,0,0,0
5,32,5,32,0,11,0,1,,0,2,7,5,5,1:2:4:8:16,5,1,3,2
5,32,5,32,0,11,0,1,,1,2,5,3,3,0:5:17,3,1,1,2
5,32,5,32,0,11,0,1,,2,2,5,3,3,0:6:18,3,1,1,2
5,32,5,32,0,11,0,1,,3,2,6,4,4,1:2:7:19,4,1,2,2
5,32,5,32,0,11,0,1,,4,2,7,5,5,0:5:6:12:20,5,1,3,2
5,32,5,32,0,11,0,1,,5,2,7,5,5,1:4:7:13:21,5,1,3,2
5,32,5,32,0,11,0,1,,6,2,7,5,5,2:4:7:14:22,5,1,3,2
5,32,5,32,0,11,0,1,,7,2,5,3,3,5:6:23,3,1,1,2
5,32,5,32,0,11,0,1,,8,2,5,3,3,0:12:24,3,1,1,2
5,32,5,32,0,11,0,1,,9,2,6,4,4,1:8:13:25,4,1,2,2
5,32,5,32,0,11,0,1,,10,2,6,4,4,2:8:14:26,4,1,2,2
5,32,5,32,0,11,0,1,,12,2,7,5,5,4:8:13:14:28,5,1,3,2
5,32,5,32,0,11,0,1,,13,2,5,3,3,5:12:29,3,1,1,2
5,32,5,32,0,11,0,1,,14,2,5,3,3,6:12:30,3,1,1,2
5,32,5,32,0,11,0,1,,15,2,6,4,4,7:13:14:31,4,1,2,2
5,32,5,32,0,11,0,1,,16,2,7,5,5,0:17:18:20:24,5,1,3,2
5,32,5,32,0,11,0,1,,17,2,7,5,5,1:16:19:21:25,5,1,3,2
5,32,5,32,0,11,0,1,,18,2,7,5,5,2:16:19:22:26,5,1,3,2
5,32,5,32,0,11,0,1,,19,2,5,3,3,17:18:23,3,1,1,2
5,32,5,32,0,11,0,1,,20,2,7,5,5,4:16:21:22:28,5,1,3,2
5,32,5,32,0,11,0,1,,21,2,7,5,5,5:17:20:23:29,5,1,3,2
5,32,5,32,0,11,0,1,,22,2,7,5,5,6:18:20:23:30,5,1,3,2
5,32,5,32,0,11,0,1,,23,2,7,5,5,7:19:21:22:31,5,1,3,2
5,32,5,32,0,11,0,1,,24,2,7,5,5,8:16:25:26:28,5,1,3,2
5,32,5,32,0,11,0,1,,25,2,5,3,3,17:24:29,3,1,1,2
5,32,5,32,0,11,0,1,,26,2,5,3,3,18:24:30,3,1,1,2
5,32,5,32,0,11,0,1,,27,2,6,4,4,19:25:26:31,4,1,2,2
5,32,5,32,0,11,0,1,,28,2,7,5,5,12:20:24:29:30,5,1,3,2
5,32,5,32,0,11,0,1,,29,2,7,5,5,13:21:25:28:31,5,1,3,2
5,32,5,32,0,11,0,1,,30,2,7,5,5,14:22:26:28:31,5,1,3,2
5,32,5,32,0,11,0,1,,31,2,5,3,3,23:29:30,3,1,1,2
5,32,5,32,0,11,1,0,11,0,1,6,5,5,1:2:4:8:16,5,0,4,1
5,32,5,32,0,11,1,0,11,1,1,4,3,3,0:5:17,3,0,2,1
5,32,5,32,0,11,1,0,11,2,1,4,3,3,0:6:18,3,0,2,1
5,32,5,32,0,11,1,0,11,3,1,5,4,4,1:2:7:19,4,0,3,1
5,32,5,32,0,11,1,0,11,4,1,6,5,5,0:5:6:12:20,5,0,4,1
5,32,5,32,0,11,1,0,11,5,1,6,5,5,1:4:7:13:21,5,0,4,1
5,32,5,32,0,11,1,0,11,6,1,6,5,5,2:4:7:14:22,5,0,4,1
5,32,5,32,0,11,1,0,11,7,1,4,3,3,5:6:23,3,0,2,1
5,32,5,32,0,11,1,0,11,8,1,4,3,3,0:12:24,3,0,2,1
5,32,5,32,0,11,1,0,11,9,1,5,4,4,1:8:13:25,4,0,3,1
5,32,5,32,0,11,1,0,11,10,1,5,4,4,2:8:14:26,4,0,3,1
5,32,5,32,0,11,1,0,11,12,1,6,5,5,4:8:13:14:28,5,0,4,1
5,32,5,32,0,11,1,0,11,13,1,4,3,3,5:12:29,3,0,2,1
5,32,5,32,0,11,1,0,11,14,1,4,3,3,6:12:30,3,0,2,1
5,32,5,32,0,11,1,0,11,15,1,5,4,4,7:13:14:31,4,0,3,1
5,32,5,32,0,11,1,0,11,16,1,6,5,5,0:17:18:20:24,5,0,4,1
5,32,5,32,0,11,1,0,11,17,1,6,5,5,1:16:19:21:25,5,0,4,1
5,32,5,32,0,11,1,0,11,18,1,6,5,5,2:16:19:22:26,5,0,4,1
5,32,5,32,0,11,1,0,11,19,1,4,3,3,17:18:23,3,0,2,1
5,32,5,32,0,11,1,0,11,20,1,6,5,5,4:16:21:22:28,5,0,4,1
5,32,5,32,0,11,1,0,11,21,1,6,5,5,5:17:20:23:29,5,0,4,1
5,32,5,32,0,11,1,0,11,22,1,6,5,5,6:18:20:23:30,5,0,4,1
5,32,5,32,0,11,1,0,11,23,1,6,5,5,7:19:21:22:31,5,0,4,1
5,32,5,32,0,11,1,0,11,24,1,6,5,5,8:16:25:26:28,5,0,4,1
5,32,5,32,0,11,1,0,11,25,1,4,3,3,17:24:29,3,0,2,1
5,32,5,32,0,11,1,0,11,26,1,4,3,3,18:24:30,3,0,2,1
5,32,5,32,0,11,1,0,11,27,1,5,4,4,19:25:26:31,4,0,3,1
5,32,5,32,0,11,1,0,11,28,1,6,5,5,12:20:24:29:30,5,0,4,1
5,32,5,32,0,11,1,0,11,29,1,6,5,5,13:21:25:28:31,5,0,4,1
5,32,5,32,0,11,1,0,11,30,1,6,5,5,14:22:26:28:31,5,0,4,1
5,32,5,32,0,11,1,0,11,31,1,4,3,3,23:29:30,3,0,2,1
5,32,5,32,0,11,1,1,11,0:1,2,8,6,6,2:4:5:8:16:17,6,1,4,2
5,32,5,32,0,11,1,1,11,0:2,2,8,6,6,1:4:6:8:16:18,6,1,4,2
5,32,5,32,0,11,1,1,11,0:3,2,9,7,7,1:2:4:7:8:16:19,7,1,5,2
5,32,5,32,0,11,1,1,11,0:4,2,10,8,8,1:2:5:6:8:12:16:20,8,1,6,2
5,32,5,32,0,11,1,1,11,0:5,2,10,8,8,1:2:4:7:8:13:16:21,8,1,6,2
5,32,5,32,0,11,1,1,11,0:6,2,10,8,8,1:2:4:7:8:14:16:22,8,1,6,2
5,32,5,32,0,11,1,1,11,0:7,2,10,8,8,1:2:4:5:6:8:16:23,8,1,6,2
5,32,5,32,0,11,1,1,11,0:8,2,8,6,6,1:2:4:12:16:24,6,1,4,2
5,32,5,32,0,11,1,1,11,0:9,2,9,7,7,1:2:4:8:13:16:25,7,1,5,2
5,32,5,32,0,11,1,1,11,0:10,2,9,7,7,1:2:4:8:14:16:26,7,1,5,2
5,32,5,32,0,11,1,1,11,0:12,2,10,8,8,1:2:4:8:13:14:16:28,8,1,6,2
5,32,5,32,0,11,1,1,11,0:13,2,10,8,8,1:2:4:5:8:12:16:29,8,1,6,2
5,32,5,32,0,11,1,1,11,0:14,2,10,8,8,1:2:4:6:8:12:16:30,8,1,6,2
5,32,5,32,0,11,1,1,11,0:15,2,11,9,9,1:2:4:7:8:13:14:16:31,9,1,7,2
5,32,5,32,0,11,1,1,11,0:16,2,10,8,8,1:2:4:8:17:18:20:24,8,1,6,2
5,32,5,32,0,11,1,1,11,0:17,2,10,8,8,1:2:4:8:16:19:21:25,8,1,6,2
5,32,5,32,0,11,1,1,11,0:18,2,10,8,8,1:2:4:8:16:19:22:26,8,1,6,2
5,32,5,32,0,11,1,1,11,0:19,2,10,8,8,1:2:4:8:16:17:18:23,8,1,6,2
5,32,5,32,0,11,1,1,11,0:20,2,10,8,8,1:2:4:8:16:21:22:28,8,1,6,2
5,32,5,32,0,11,1,1,11,0:21,2,12,10,10,1:2:4:5:8:16:17:20:23:29,10,1,8,2
5,32,5,32,0,11,1,1,11,0:22,2,12,10,10,1:2:4:6:8:16:18:20:23:30,10,1,8,2
5,32,5,32,0,11,1,1,11,0:23,2,12,10,10,1:2:4:7:8:16:19:21:22:31,10,1,8,2
5,32,5,32,0,11,1,1,11,0:24,2,10,8,8,1:2:4:8:16:25:26:28,8,1,6,2
5,32,5,32,0,11,1,1,11,0:25,2,10,8,8,1:2:4:8:16:17:24:29,8,1,6,2
5,32,5,32,0,11,1,1,11,0:26,2,10,8,8,1:2:4:8:16:18:24:30,8,1,6,2
5,32,5,32,0,11,1,1,11,0:27,2,11,9,9,1:2:4:8:16:19:25:26:31,9,1,7,2
5,32,5,32,0,11,1,1,11,0:28,2,12,10,10,1:2:4:8:12:16:20:24:29:30,10,1,8,2
5,32,5,32,0,11,1,1,11,0:29,2,12,10,10,1:2:4:8:13:16:21:25:28:31,10,1,8,2
5,32,5,32,0,11,1,1,11,0:30,2,12,10,10,1:2:4:8:14:16:22:26:28:31,10,1,8,2
5,32,5,32,0,11,1,1,11,0:31,2,10,8,8,1:2:4:8:16:23:29:30,8,1,6,2
5,32,5,32,0,11,1,1,11,1:2,2,7,5,5,0:5:6:17:18,5,1,3,2
5,32,5,32,0,11,1,1,11,1:3,2,8,6,6,0:2:5:7:17:19,6,1,4,2
5,32,5,32,0,11,1,1,11,1:4,2,8,6,6,0:5:6:12:17:20,6,1,4,2
5,32,5,32,0,11,1,1,11,1:5,2,8,6,6,0:4:7:13:17:21,6,1,4,2
5,32,5,32,0,11,1,1,11,1:6,2,10,8,8,0:2:4:5:7:14:17:22,8,1,6,2
5,32,5,32,0,11,1,1,11,1:7,2,7,5,5,0:5:6:17:23,5,1,3,2
5,32,5,32,0,11,1,1,11,1:8,2,7,5,5,0:5:12:17:24,5,1,3,2
5,32,5,32,0,11,1,1,11,1:9,2,8,6,6,0:5:8:13:17:25,6,1,4,2
5,32,5,32,0,11,1,1,11,1:10,2,9,7,7,0:2:5:8:14:17:26,7,1,5,2
5,32,5,32,0,11,1,1,11,1:12,2,10,8,8,0:4:5:8:13:14:17:28,8,1,6,2
5,32,5,32,0,12,0,0,,,1,1,0,0,,0,0,0,0
5,32,5,32,0,12,0,1,,0,2,5,3,3,1:2:16,3,1,1,2
5,32,5,32,0,12,0,1,,1,2,7,5,5,0:3:5:9:17,5,1,3,2
5,32,5,32,0,12,0,1,,2,2,7,5,5,0:3:6:10:18,5,1,3,2
5,32,5,32,0,12,0,1,,3,2,7,5,5,1:2:7:11:19,5,1,3,2
5,32,5,32,0,12,0,1,,4,2,6,4,4,0:5:6:20,4,1,2,2
5,32,5,32,0,12,0,1,,5,2,5,3,3,1:7:21,3,1,1,2
5,32,5,32,0,12,0,1,,6,2,5,3,3,2:7:22,3,1,1,2
5,32,5,32,0,12,0,1,,7,2,7,5,5,3:5:6:15:23,5,1,3,2
5,32,5,32,0,12,0,1,,8,2,6,4,4,0:9:10:24,4,1,2,2
5,32,5,32,0,12,0,1,,9,2,5,3,3,1:11:25,3,1,1,2
5,32,5,32,0,12,0,1,,10,2,5,3,3,2:11:26,3,1,1,2
5,32,5,32,0,12,0,1,,11,2,7,5,5,3:9:10:15:27,5,1,3,2
5,32,5,32,0,12,0,1,,13,2,6,4,4,5:9:15:29,4,1,2,2
5,32,5,32,0,12,0,1,,14,2,6,4,4,6:10:15:30,4,1,2,2
5,32,5,32,0,12,0,1,,15,2,5,3,3,7:11:31,3,1,1,2
5,32,5,32,0,12,0,1,,16,2,7,5,5,0:17:18:20:24,5,1,3,2
5,32,5,32,0,12,0,1,,17,2,7,5,5,1:16:19:21:25,5,1,3,2
5,32,5,32,0,12,0,1,,18,2,7,5,5,2:16:19:22:26,5,1,3,2
5,32,5,32,0,12,0,1,,19,2,7,5,5,3:17:18:23:27,5,1,3,2
5,32,5,32,0,12,0,1,,20,2,5,3,3,16:21:22,3,1,1,2
5,32,5,32,0,12,0,1,,21,2,7,5,5,5:17:20:23:29,5,1,3,2
5,32,5,32,0,12,0,1,,22,2,7,5,5,6:18:20:23:30,5,1,3,2
5,32,5,32,0,12,0,1,,23,2,7,5,5,7:19:21:22:31,5,1,3,2
5,32,5,32,0,12,0,1,,24,2,5,3,3,16:25:26,3,1,1,2
5,32,5,32,0,12,0,1,,25,2,7,5,5,9:17:24:27:29,5,1,3,2
5,32,5,32,0,12,0,1,,26,2,7,5,5,10:18:24:27:30,5,1,3,2
5,32,5,32,0,12,0,1,,27,2,7,5,5,11:19:25:26:31,5,1,3,2
5,32,5,32,0,12,0,1,,28,2,6,4,4,20:24:29:30,4,1,2,2
5,32,5,32,0,12,0,1,,29,2,5,3,3,21:25:31,3,1,1,2
5,32,5,32,0,12,0,1,,30,2,5,3,3,22:26:31,3,1,1,2
5,32,5,32,0,12,0,1,,31,2,7,5,5,15:23:27:29:30,5,1,3,2
5,32,5,32,0,12,1,0,12,0,1,4,3,3,1:2:16,3,0,2,1
5,32,5,32,0,12,1,0,12,1,1,6,5,5,0:3:5:9:17,5,0,4,1
5,32,5,32,0,12,1,0,12,2,1,6,5,5,0:3:6:10:18,5,0,4,1
5,32,5,32,0,12,1,0,12,3,1,6,5,5,1:2:7:11:19,5,0,4,1
5,32,5,32,0,12,1,0,12,4,1,5,4,4,0:5:6:20,4,0,3,1
5,32,5,32,0,12,1,0,12,5,1,4,3,3,1:7:21,3,0,2,1
5,32,5,32,0,12,1,0,12,6,1,4,3,3,2:7:22,3,0,2,1
5,32,5,32,0,12,1,0,12,7,1,6,5,5,3:5:6:15:23,5,0,4,1
5,32,5,32,0,12,1,0,12,8,1,5,4,4,0:9:10:24,4,0,3,1
5,32,5,32,0,12,1,0,12,9,1,4,3,3,1:11:25,3,0,2,1
5,32,5,32,0,12,1,0,12,10,1,4,3,3,2:11:26,3,0,2,1
5,32,5,32,0,12,1,0,12,11,1,6,5,5,3:9:10:15:27,5,0,4,1
5,32,5,32,0,12,1,0,12,13,1,5,4,4,5:9:15:29,4,0,3,1
5,32,5,32,0,12,1,0,12,14,1,5,4,4,6:10:15:30,4,0,3,1
5,32,5,32,0,12,1,0,12,15,1,4,3,3,7:11:31,3,0,2,1
5,32,5,32,0,12,1,0,12,16,1,6,5,5,0:17:18:20:24,5,0,4,1
5,32,5,32,0,12,1,0,12,17,1,6,5,5,1:16:19:21:25,5,0,4,1
5,32,5,32,0,12,1,0,12,18,1,6,5,5,2:16:19:22:26,5,0,4,1
5,32,5,32,0,12,1,0,12,19,1,6,5,5,3:17:18:23:27,5,0,4,1
5,32,5,32,0,12,1,0,12,20,1,4,3,3,16:21:22,3,0,2,1
5,32,5,32,0,12,1,0,12,21,1,6,5,5,5:17:20:23:29,5,0,4,1
5,32,5,32,0,12,1,0,12,22,1,6,5,5,6:18:20:23:30,5,0,4,1
5,32,5,32,0,12,1,0,12,23,1,6,5,5,7:19:21:22:31,5,0,4,1
5,32,5,32,0,12,1,0,12,24,1,4,3,3,16:25:26,3,0,2,1
5,32,5,32,0,12,1,0,12,25,1,6,5,5,9:17:24:27:29,5,0,4,1
5,32,5,32,0,12,1,0,12,26,1,6,5,5,10:18:24:27:30,5,0,4,1
5,32,5,32,0,12,1,0,12,27,1,6,5,5,11:19:25:26:31,5,0,4,1
5,32,5,32,0,12,1,0,12,28,1,5,4,4,20:24:29:30,4,0,3,1
5,32,5,32,0,12,1,0,12,29,1,4,3,3,21:25:31,3,0,2,1
5,32,5,32,0,12,1,0,12,30,1,4,3,3,22:26:31,3,0,2,1
5,32,5,32,0,12,1,0,12,31,1,6,5,5,15:23:27:29:30,5,0,4,1
5,32,5,32,0,12,1,1,12,0:1,2,8,6,6,2:3:5:9:16:17,6,1,4,2
5,32,5,32,0,12,1,1,12,0:2,2,8,6,6,1:3:6:10:16:18,6,1,4,2
5,32,5,32,0,12,1,1,12,0:3,2,8,6,6,1:2:7:11:16:19,6,1,4,2
5,32,5,32,0,12,1,1,12,0:4,2,8,6,6,1:2:5:6:16:20,6,1,4,2
5,32,5,32,0,12,1,1,12,0:5,2,7,5,5,1:2:7:16:21,5,1,3,2
5,32,5,32,0,12,1,1,12,0:6,2,7,5,5,1:2:7:16:22,5,1,3,2
5,32,5,32,0,12,1,1,12,0:7,2,10,8,8,1:2:3:5:6:15:16:23,8,1,6,2
5,32,5,32,0,12,1,1,12,0:8,2,8,6,6,1:2:9:10:16:24,6,1,4,2
5,32,5,32,0,12,1,1,12,0:9,2,7,5,5,1:2:11:16:25,5,1,3,2
5,32,5,32,0,12,1,1,12,0:10,2,7,5,5,1:2:11:16:26,5,1,3,2
5,32,5,32,0,12,1,1,12,0:11,2,10,8,8,1:2:3:9:10:15:16:27,8,1,6,2
5,32,5,32,0,12,1,1,12,0:13,2,9,7,7,1:2:5:9:15:16:29,7,1,5,2
5,32,5,32,0,12,1,1,12,0:14,2,9,7,7,1:2:6:10:15:16:30,7,1,5,2
5,32,5,32,0,12,1,1,12,0:15,2,8,6,6,1:2:7:11:16:31,6,1,4,2
5,32,5,32,0,12,1,1,12,0:16,2,8,6,6,1:2:17:18:20:24,6,1,4,2
5,32,5,32,0,12,1,1,12,0:17,2,8,6,6,1:2:16:19:21:25,6,1,4,2
5,32,5,32,0,12,1,1,12,0:18,2,8,6,6,1:2:16:19:22:26,6,1,4,2
5,32,5,32,0,12,1,1,12,0:19,2,10,8,8,1:2:3:16:17:18:23:27,8,1,6,2
5,32,5,32,0,12,1,1,12,0:20,2,7,5,5,1:2:16:21:22,5,1,3,2
5,32,5,32,0,12,1,1,12,0:21,2,10,8,8,1:2:5:16:17:20:23:29,8,1,6,2
5,32,5,32,0,12,1,1,12,0:22,2,10,8,8,1:2:6:16:18:20:23:30,8,1,6,2
5,32,5,32,0,12,1,1,12,0:23,2,10,8,8,1:2:7:16:19:21:22:31,8,1,6,2
5,32,5,32,0,12,1,1,12,0:24,2,7,5,5,1:2:16:25:26,5,1,3,2
5,32,5,32,0,12,1,1,12,0:25,2,10,8,8,1:2:9:16:17:24:27:29,8,1,6,2
5,32,5,32,0,12,1,1,12,0:26,2,10,8,8,1:2:10:16:18:24:27:30,8,1,6,2
5,32,5,32,0,12,1,1,12,0:27,2,10,8,8,1:2:11:16:19:25:26:31,8,1,6,2
5,32,5,32,0,12,1,1,12,0:28,2,9,7,7,1:2:16:20:24:29:30,7,1,5,2
5,32,5,32,0,12,1,1,12,0:29,2,8,6,6,1:2:16:21:25:31,6,1,4,2
5,32,5,32,0,12,1,1,12,0:30,2,8,6,6,1:2:16:22:26:31,6,1,4,2
5,32,5,32,0,12,1,1,12,0:31,2,10,8,8,1:2:15:16:23:27:29:30,8,1,6,2
5,32,5,32,0,12,1,1,12,1:2,2,10,8,8,0:3:5:6:9:10:17:18,8,1,6,2
5,32,5,32,0,12,1,1,12,1:3,2,10,8,8,0:2:5:7:9:11:17:19,8,1,6,2
5,32,5,32,0,12,1,1,12,1:4,2,9,7,7,0:3:5:6:9:17:20,7,1,5,2
5,32,5,32,0,12,1,1,12,1:5,2,8,6,6,0:3:7:9:17:21,6,1,4,2
5,32,5,32,0,12,1,1,12,1:6,2,10,8,8,0:2:3:5:7:9:17:22,8,1,6,2
5,32,5,32,0,12,1,1,12,1:7,2,10,8,8,0:3:5:6:9:15:17:23,8,1,6,2
5,32,5,32,0,12,1,1,12,1:8,2,9,7,7,0:3:5:9:10:17:24,7,1,5,2
5,32,5,32,0,12,1,1,12,1:9,2,8,6,6,0:3:5:11:17:25,6,1,4,2
5,32,5,32,0,12,1,1,12,1:10,2,10,8,8,0:2:3:5:9:11:17:26,8,1,6,2
5,32,5,32,0,12,1,1,12,1:11,2,10,8,8,0:3:5:9:10:15:17:27,8,1,6,2
5,32,5,32,0,13,0,0,,,1,1,0,0,,0,0,0,0
5,32,5,32,0,13,0,1,,0,2,7,5,5,1:2:4:8:16,5,1,3,2
5,32,5,32,0,13,0,1,,1,2,5,3,3,0:3:17,3,1,1,2
5,32,5,32,0,13,0,1,,2,2,7,5,5,0:3:6:10:18,5,1,3,2
5,32,5,32,0,13,0,1,,3,2,7,5,5,1:2:7:11:19,5,1,3,2
5,32,5,32,0,13,0,1,,4,2,5,3,3,0:6:20,3,1,1,2
5,32,5,32,0,13,0,1,,5,2,6,4,4,1:4:7:21,4,1,2,2
5,32,5,32,0,13,0,1,,6,2,7,5,5,2:4:7:14:22,5,1,3,2
5,32,5,32,0,13,0,1,,7,2,5,3,3,3:6:23,3,1,1,2
5,32,5,32,0,13,0,1,,8,2,5,3,3,0:10:24,3,1,1,2
5,32,5,32,0,13,0,1,,9,2,6,4,4,1:8:11:25,4,1,2,2
5,32,5,32,0,13,0,1,,10,2,7,5,5,2:8:11:14:26,5,1,3,2
5,32,5,32,0,13,0,1,,11,2,5,3,3,3:10:27,3,1,1,2
5,32,5,32,0,13,0,1,,12,2,6,4,4,4:8:14:28,4,1,2,2
5,32,5,32,0,13,0,1,,14,2,5,3,3,6:10:30,3,1,1,2
5,32,5,32,0,13,0,1,,15,2,6,4,4,7:11:14:31,4,1,2,2
5,32,5,32,0,13,0,1,,16,2,7,5,5,0:17:18:20:24,5,1,3,2
5,32,5,32,0,13,0,1,,17,2,7,5,5,1:16:19:21:25,5,1,3,2
5,32,5,32,0,13,0,1,,18,2,7,5,5,2:16:19:22:26,5,1,3,2
5,32,5,32,0,13,0,1,,19,2,7,5,5,3:17:18:23:27,5,1,3,2
5,32,5,32,0,13,0,1,,20,2,7,5,5,4:16:21:22:28,5,1,3,2
5,32,5,32,0,13,0,1,,21,2,5,3,3,17:20:23,3,1,1,2
5,32,5,32,0,13,0,1,,22,2,7,5,5,6:18:20:23:30,5,1,3,2
5,32,5,32,0,13,0,1,,23,2,7,5,5,7:19:21:22:31,5,1,3,2
5,32,5,32,0,13,0,1,,24,2,7,5,5,8:16:25:26:28,5,1,3,2
5,32,5,32,0,13,0,1,,25,2,5,3,3,17:24:27,3,1,1,2
5,32,5,32,0,13,0,1,,26,2,7,5,5,10:18:24:27:30,5,1,3,2
5,32,5,32,0,13,0,1,,27,2,7,5,5,11:19:25:26:31,5,1,3,2
5,32,5,32,0,13,0,1,,28,2,5,3,3,20:24:30,3,1,1,2
5,32,5,32,0,13,0,1,,29,2,6,4,4,21:25:28:31,4,1,2,2
5,32,5,32,0,13,0,1,,30,2,7,5,5,14:22:26:28:31,5,1,3,2
5,32,5,32,0,13,0,1,,31,2,5,3,3,23:27:30,3,1,1,2
5,32,5,32,0,13,1,0,13,0,1,6,5,5,1:2:4:8:16,5,0,4,1
5,32,5,32,0,13,1,0,13,1,1,4,3,3,0:3:17,3,0,2,1
5,32,5,32,0,13,1,0,13,2,1,6,5,5,0:3:6:10:18,5,0,4,1
5,32,5,32,0,13,1,0,13,3,1,6,5,5,1:2:7:11:19,5,0,4,1
5,32,5,32,0,13,1,0,13,4,1,4,3,3,0:6:20,3,0,2,1
5,32,5,32,0,13,1,0,13,5,1,5,4,4,1:4:7:21,4,0,3,1
5,32,5,32,0,13,1,0,13,6,1,6,5,5,2:4:7:14:22,5,0,4,1
5,32,5,32,0,13,1,0,13,7,1,4,3,3,3:6:23,3,0,2,1
5,32,5,32,0,13,1,0,13,8,1,4,3,3,0:10:24,3,0,2,1
5,32,5,32,0,13,1,0,13,9,1,5,4,4,1:8:11:25,4,0,3,1
5,32,5,32,0,13,1,0,13,10,1,6,5,5,2:8:11:14:26,5,0,4,1
5,32,5,32,0,13,1,0,13,11,1,4,3,3,3:10:27,3,0,2,1
5,32,5,32,0,13,1,0,13,12,1,5,4,4,4:8:14:28,4,0,3,1
5,32,5,32,0,13,1,0,13,14,1,4,3,3,6:10:30,3,0,2,1
5,32,5,32,0,13,1,0,13,15,1,5,4,4,7:11:14:31,4,0,3,1
5,32,5,32,0,13,1,0,13,16,1,6,5,5,0:17:18:20:24,5,0,4,1
5,32,5,32,0,13,1,0,13,17,1,6,5,5,1:16:19:21:25,5,0,4,1
5,32,5,32,0,13,1,0,13,18,1,6,5,5,2:16:19:22:26,5,0,4,1
5,32,5,32,0,13,1,0,13,19,1,6,5,5,3:17:18:23:27,5,0,4,1
5,32,5,32,0,13,1,0,13,20,1,6,5,5,4:16:21:22:28,5,0,4,1
5,32,5,32,0,13,1,0,13,21,1,4,3,3,17:20:23,3,0,2,1
5,32,5,32,0,13,1,0,13,22,1,6,5,5,6:18:20:23:30,5,0,4,1
5,32,5,32,0,13,1,0,13,23,1,6,5,5,7:19:21:22:31,5,0,4,1
5,32,5,32,0,13,1,0,13,24,1,6,5,5,8:16:25:26:28,5,0,4,1
5,32,5,32,0,13,1,0,13,25,1,4,3,3,17:24:27,3,0,2,1
5,32,5,32,0,13,1,0,13,26,1,6,5,5,10:18:24:27:30,5,0,4,1
5,32,5,32,0,13,1,0,13,27,1,6,5,5,11:19:25:26:31,5,0,4,1
5,32,5,32,0,13,1,0,13,28,1,4,3,3,20:24:30,3,0,2,1
5,32,5,32,0,13,1,0,13,29,1,5,4,4,21:25:28:31,4,0,3,1
5,32,5,32,0,13,1,0,13,30,1,6,5,5,14:22:26:28:31,5,0,4,1
5,32,5,32,0,13,1,0,13,31,1,4,3,3,23:27:30,3,0,2,1
5,32,5,32,0,13,1,1,13,0:1,2,8,6,6,2:3:4:8:16:17,6,1,4,2
5,32,5,32,0,13,1,1,13,0:2,2,10,8,8,1:3:4:6:8:10:16:18,8,1,6,2
5,32,5,32,0,13,1,1,13,0:3,2,10,8,8,1:2:4:7:8:11:16:19,8,1,6,2
5,32,5,32,0,13,1,1,13,0:4,2,8,6,6,1:2:6:8:16:20,6,1,4,2
5,32,5,32,0,13,1,1,13,0:5,2,9,7,7,1:2:4:7:8:16:21,7,1,5,2
5,32,5,32,0,13,1,1,13,0:6,2,10,8,8,1:2:4:7:8:14:16:22,8,1,6,2
5,32,5,32,0,13,1,1,13,0:7,2,10,8,8,1:2:3:4:6:8:16:23,8,1,6,2
5,32,5,32,0,13,1,1,13,0:8,2,8,6,6,1:2:4:10:16:24,6,1,4,2
5,32,5,32,0,13,1,1,13,0:9,2,9,7,7,1:2:4:8:11:16:25,7,1,5,2
5,32,5,32,0,13,1,1,13,0:10,2,10,8,8,1:2:4:8:11:14:16:26,8,1,6,2
5,32,5,32,0,13,1,1,13,0:11,2,10,8,8,1:2:3:4:8:10:16:27,8,1,6,2
5,32,5,32,0,13,1,1,13,0:12,2,9,7,7,1:2:4:8:14:16:28,7,1,5,2
5,32,5,32,0,13,1,1,13,0:14,2,10,8,8,1:2:4:6:8:10:16:30,8,1,6,2
5,32,5,32,0,13,1,1,13,0:15,2,11,9,9,1:2:4:7:8:11:14:16:31,9,1,7,2
5,32,5,32,0,13,1,1,13,0:16,2,10,8,8,1:2:4:8:17:18:20:24,8,1,6,2
5,32,5,32,0,13,1,1,13,0:17,2,10,8,8,1:2:4:8:16:19:21:25,8,1,6,2
5,32,5,32,0,13,1,1,13,0:18,2,10,8,8,1:2:4:8:16:19:22:26,8,1,6,2
5,32,5,32,0,13,1,1,13,0:19,2,12,10,10,1:2:3:4:8:16:17:18:23:27,10,1,8,2
5,32,5,32,0,13,1,1,13,0:20,2,10,8,8,1:2:4:8:16:21:22:28,8,1,6,2
5,32,5,32,0,13,1,1,13,0:21,2,10,8,8,1:2:4:8:16:17:20:23,8,1,6,2
5,32,5,32,0,13,1,1,13,0:22,2,12,10,10,1:2:4:6:8:16:18:20:23:30,10,1,8,2
5,32,5,32,0,13,1,1,13,0:23,2,12,10,10,1:2:4:7:8:16:19:21:22:31,10,1,8,2
5,32,5,32,0,13,1,1,13,0:24,2,10,8,8,1:2:4:8:16:25:26:28,8,1,6,2
5,32,5,32,0,13,1,1,13,0:25,2,10,8,8,1:2:4:8:16:17:24:27,8,1,6,2
5,32,5,32,0,13,1,1,13,0:26,2,12,10,10,1:2:4:8:10:16:18:24:27:30,10,1,8,2
5,32,5,32,0,13,1,1,13,0:27,2,12,10,10,1:2:4:8:11:16:19:25:26:31,10,1,8,2
5,32,5,32,0,13,1,1,13,0:28,2,10,8,8,1:2:4:8:16:20:24:30,8,1,6,2
5,32,5,32,0,13,1,1,13,0:29,2,11,9,9,1:2:4:8:16:21:25:28:31,9,1,7,2
5,32,5,32,0,13,1,1,13,0:30,2,12,10,10,1:2:4:8:14:16:22:26:28:31,10,1,8,2
5,32,5,32,0,13,1,1,13,0:31,2,10,8,8,1:2:4:8:16:23:27:30,8,1,6,2
5,32,5,32,0,13,1,1,13,1:2,2,8,6,6,0:3:6:10:17:18,6,1,4,2
5,32,5,32,0,13,1,1,13,1:3,2,8,6,6,0:2:7:11:17:19,6,1,4,2
5,32,5,32,0,13,1,1,13,1:4,2,7,5,5,0:3:6:17:20,5,1,3,2
5,32,5,32,0,13,1,1,13,1:5,2,8,6,6,0:3:4:7:17:21,6,1,4,2
5,32,5,32,0,13,1,1,13,1:6,2,10,8,8,0:2:3:4:7:14:17:22,8,1,6,2
5,32,5,32,0,13,1,1,13,1:7,2,7,5,5,0:3:6:17:23,5,1,3,2
5,32,5,32,0,13,1,1,13,1:8,2,7,5,5,0:3:10:17:24,5,1,3,2
5,32,5,32,0,13,1,1,13,1:9,2,8,6,6,0:3:8:11:17:25,6,1,4,2
5,32,5,32,0,13,1,1,13,1:10,2,10,8,8,0:2:3:8:11:14:17:26,8,1,6,2
5,32,5,32,0,13,1,1,13,1:11,2,7,5,5,0:3:10:17:27,5,1,3,2
5,32,5,32,0,14,0,0,,,1,1,0,0,,0,0,0,0
5,32,5,32,0,14,0,1,,0,2,7,5,5,1:2:4:8:16,5,1,3,2
5,32,5,32,0,14,0,1,,1,2,7,5,5,0:3:5:9:17,5,1,3,2
5,32,5,32,0,14,0,1,,2,2,5,3,3,0:3:18,3,1,1,2
5,32,5,32,0,14,0,1,,3,2,7,5,5,1:2:7:11:19,5,1,3,2
5,32,5,32,0,14,0,1,,4,2,5,3,3,0:5:20,3,1,1,2
5,32,5,32,0,14,0,1,,5,2,7,5,5,1:4:7:13:21,5,1,3,2
5,32,5,32,0,14,0,1,,6,2,6,4,4,2:4:7:22,4,1,2,2
5,32,5,32,0,14,0,1,,7,2,5,3,3,3:5:23,3,1,1,2
5,32,5,32,0,14,0,1,,8,2,5,3,3,0:9:24,3,1,1,2
5,32,5,32,0,14,0,1,,9,2,7,5,5,1:8:11:13:25,5,1,3,2
5,32,5,32,0,14,0,1,,10,2,6,4,4,2:8:11:26,4,1,2,2
5,32,5,32,0,14,0,1,,11,2,5,3,3,3:9:27,3,1,1,2
5,32,5,32,0,14,0,1,,12,2,6,4,4,4:8:13:28,4,1,2,2
5,32,5,32,0,14,0,1,,13,2,5,3,3,5:9:29,3,1,1,2
5,32,5,32,0,14,0,1,,15,2,6,4,4,7:11:13:31,4,1,2,2
5,32,5,32,0,14,0,1,,16,2,7,5,5,0:17:18:20:24,5,1,3,2
5,32,5,32,0,14,0,1,,17,2,7,5,5,1:16:19:21:25,5,1,3,2
5,32,5,32,0,14,0,1,,18,2,7,5,5,2:16:19:22:26,5,1,3,2
5,32,5,32,0,14,0,1,,19,2,7,5,5,3:17:18:23:27,5,1,3,2
5,32,5,32,0,14,0,1,,20,2,7,5,5,4:16:21:22:28,5,1,3,2
5,32,5,32,0,14,0,1,,21,2,7,5,5,5:17:20:23:29,5,1,3,2
5,32,5,32,0,14,0,1,,22,2,5,3,3,18:20:23,3,1,1,2
5,32,5,32,0,14,0,1,,23,2,7,5,5,7:19:21:22:31,5,1,3,2
5,32,5,32,0,14,0,1,,24,2,7,5,5,8:16:25:26:28,5,1,3,2
5,32,5,32,0,14,0,1,,25,2,7,5,5,9:17:24:27:29,5,1,3,2
5,32,5,32,0,14,0,1,,26,2,5,3,3,18:24:27,3,1,1,2
5,32,5,32,0,14,0,1,,27,2,7,5,5,11:19:25:26:31,5,1,3,2
5,32,5,32,0,14,0,1,,28,2,5,3,3,20:24:29,3,1,1,2
5,32,5,32,0,14,0,1,,29,2,7,5,5,13:21:25:28:31,5,1,3,2
5,32,5,32,0,14,0,1,,30,2,6,4,4,22:26:28:31,4,1,2,2
5,32,5,32,0,14,0,1,,31,2,5,3,3,23:27:29,3,1,1,2
5,32,5,32,0,14,1,0,14,0,1,6,5,5,1:2:4:8:16,5,0,4,1
5,32,5,32,0,14,1,0,14,1,1,6,5,5,0:3:5:9:17,5,0,4,1
5,32,5,32,0,14,1,0,14,2,1,4,3,3,0:3:18,3,0,2,1
5,32,5,32,0,14,1,0,14,3,1,6,5,5,1:2:7:11:19,5,0,4,1
5,32,5,32,0,14,1,0,14,4,1,4,3,3,0:5:20,3,0,2,1
5,32,5,32,0,14,1,0,14,5,1,6,5,5,1:4:7:13:21,5,0,4,1
5,32,5,32,0,14,1,0,14,6,1,5,4,4,2:4:7:22,4,0,3,1
5,32,5,32,0,14,1,0,14,7,1,4,3,3,3:5:23,3,0,2,1
5,32,5,32,0,14,1,0,14,8,1,4,3,3,0:9:24,3,0,2,1
5,32,5,32,0,14,1,0,14,9,1,6,5,5,1:8:11:13:25,5,0,4,1
5,32,5,32,0,14,1,0,14,10,1,5,4,4,2:8:11:26,4,0,3,1
5,32,5,32,0,14,1,0,14,11,1,4,3,3,3:9:27,3,0,2,1
5,32,5,32,0,14,1,0,14,12,1,5,4,4,4:8:13:28,4,0,3,1
5,32,5,32,0,14,1,0,14,13,1,4,3,3,5:9:29,3,0,2,1
5,32,5,32,0,14,1,0,14,15,1,5,4,4,7:11:13:31,4,0,3,1
5,32,5,32,0,14,1,0,14,16,1,6,5,5,0:17:18:20:24,5,0,4,1
5,32,5,32,0,14,1,0,14,17,1,6,5,5,1:16:19:21:25,5,0,4,1
5,32,5,32,0,14,1,0,14,18,1,6,5,5,2:16:19:22:26,5,0,4,1
5,32,5,32,0,14,1,0,14,19,1,6,5,5,3:17:18:23:27,5,0,4,1
5,32,5,32,0,14,1,0,14,20,1,6,5,5,4:16:21:22:28,5,0,4,1
5,32,5,32,0,14,1,0,14,21,1,6,5,5,5:17:20:23:29,5,0,4,1
5,32,5,32,0,14,1,0,14,22,1,4,3,3,18:20:23,3,0,2,1
5,32,5,32,0,14,1,0,14,23,1,6,5,5,7:19:21:22:31,5,0,4,1
5,32,5,32,0,14,1,0,14,24,1,6,5,5,8:16:25:26:28,5,0,4,1
5,32,5,32,0,14,1,0,14,25,1,6,5,5,9:17:24:27:29,5,0,4,1
5,32,5,32,0,14,1,0,14,26,1,4,3,3,18:24:27,3,0,2,1
5,32,5,32,0,14,1,0,14,27,1,6,5,5,11:19:25:26:31,5,0,4,1
5,32,5,32,0,14,1,0,14,28,1,4,3,3,20:24:29,3,0,2,1
5,32,5,32,0,14,1,0,14,29,1,6,5,5,13:21:25:28:31,5,0,4,1
5,32,5,32,0,14,1,0,14,30,1,5,4,4,22:26:28:31,4,0,3,1
5,32,5,32,0,14,1,0,14,31,1,4,3,3,23:27:29,3,0,2,1
5,32,5,32,0,14,1,1,14,0:1,2,10,8,8,2:3:4:5:8:9:16:17,8,1,6,2
5,32,5,32,0,14,1,1,14,0:2,2,8,6,6,1:3:4:8:16:18,6,1,4,2
5,32,5,32,0,14,1,1,14,0:3,2,10,8,8,1:2:4:7:8:11:16:19,8,1,6,2
5,32,5,32,0,14,1,1,14,0:4,2,8,6,6,1:2:5:8:16:20,6,1,4,2
5,32,5,32,0,14,1,1,14,0:5,2,10,8,8,1:2:4:7:8:13:16:21,8,1,6,2
5,32,5,32,0,14,1,1,14,0:6,2,9,7,7,1:2:4:7:8:16:22,7,1,5,2
5,32,5,32,0,14,1,1,14,0:7,2,10,8,8,1:2:3:4:5:8:16:23,8,1,6,2
5,32,5,32,0,14,1,1,14,0:8,2,8,6,6,1:2:4:9:16:24,6,1,4,2
5,32,5,32,0,14,1,1,14,0:9,2,10,8,8,1:2:4:8:11:13:16:25,8,1,6,2
5,32,5,32,0,14,1,1,14,0:10,2,9,7,7,1:2:4:8:11:16:26,7,1,5,2
5,32,5,32,0,14,1,1,14,0:11,2,10,8,8,1:2:3:4:8:9:16:27,8,1,6,2
5,32,5,32,0,14,1,1,14,0:12,2,9,7,7,1:2:4:8:13:16:28,7,1,5,2
5,32,5,32,0,14,1,1,14,0:13,2,10,8,8,1:2:4:5:8:9:16:29,8,1,6,2
5,32,5,32,0,14,1,1,14,0:15,2,11,9,9,1:2:4:7:8:11:13:16:31,9,1,7,2
5,32,5,32,0,14,1,1,14,0:16,2,10,8,8,1:2:4:8:17:18:20:24,8,1,6,2
5,32,5,32,0,14,1,1,14,0:17,2,10,8,8,1:2:4:8:16:19:21:25,8,1,6,2
5,32,5,32,0,14,1,1,14,0:18,2,10,8,8,1:2:4:8:16:19:22:26,8,1,6,2
5,32,5,32,0,14,1,1,14,0:19,2,12,10,10,1:2:3:4:8:16:17:18:23:27,10,1,8,2
5,32,5,32,0,14,1,1,14,0:20,2,10,8,8,1:2:4:8:16:21:22:28,8,1,6,2
5,32,5,32,0,14,1,1,14,0:21,2,12,10,10,1:2:4:5:8:16:17:20:23:29,10,1,8,2
5,32,5,32,0,14,1,1,14,0:22,2,10,8,8,1:2:4:8:16:18:20:23,8,1,6,2
5,32,5,32,0,14,1,1,14,0:23,2,12,10,10,1:2:4:7:8:16:19:21:22:31,10,1,8,2
5,32,5,32,0,14,1,1,14,0:24,2,10,8,8,1:2:4:8:16:25:26:28,8,1,6,2
5,32,5,32,0,14,1,1,14,0:25,2,12,10,10,1:2:4:8:9:16:17:24:27:29,10,1,8,2
5,32,5,32,0,14,1,1,14,0:26,2,10,8,8,1:2:4:8:16:18:24:27,8,1,6,2
5,32,5,32,0,14,1,1,14,0:27,2,12,10,10,1:2:4:8:11:16:19:25:26:31,10,1,8,2
5,32,5,32,0,14,1,1,14,0:28,2,10,8,8,1:2:4:8:16:20:24:29,8,1,6,2
5,32,5,32,0,14,1,1,14,0:29,2,12,10,10,1:2:4:8:13:16:21:25:28:31,10,1,8,2
5,32,5,32,0,14,1,1,14,0:30,2,11,9,9,1:2:4:8:16:22:26:28:31,9,1,7,2
5,32,5,32,0,14,1,1,14,0:31,2,10,8,8,1:2:4:8:16:23:27:29,8,1,6,2
5,32,5,32,0,14,1,1,14,1:2,2,8,6,6,0:3:5:9:17:18,6,1,4,2
5,32,5,32,0,14,1,1,14,1:3,2,10,8,8,0:2:5:7:9:11:17:19,8,1,6,2
5,32,5,32,0,14,1,1,14,1:4,2,8,6,6,0:3:5:9:17:20,6,1,4,2
5,32,5,32,0,14,1,1,14,1:5,2,10,8,8,0:3:4:7:9:13:17:21,8,1,6,2
5,32,5,32,0,14,1,1,14,1:6,2,11,9,9,0:2:3:4:5:7:9:17:22,9,1,7,2
5,32,5,32,0,14,1,1,14,1:7,2,8,6,6,0:3:5:9:17:23,6,1,4,2
5,32,5,32,0,14,1,1,14,1:8,2,8,6,6,0:3:5:9:17:24,6,1,4,2
5,32,5,32,0,14,1,1,14,1:9,2,10,8,8,0:3:5:8:11:13:17:25,8,1,6,2
5,32,5,32,0,14,1,1,14,1:10,2,11,9,9,0:2:3:5:8:9:11:17:26,9,1,7,2
5,32,5,32,0,14,1,1,14,1:11,2,8,6,6,0:3:5:9:17:27,6,1,4,2
5,32,5,32,0,15,0,0,,,1,1,0,0,,0,0,0,0
5,32,5,32,0,15,0,1,,0,2,7,5,5,1:2:4:8:16,5,1,3,2
5,32,5,32,0,15,0,1,,1,2,7,5,5,0:3:5:9:17,5,1,3,2
5,32,5,32,0,15,0,1,,2,2,7,5,5,0:3:6:10:18,5,1,3,2
5,32,5,32,0,15,0,1,,3,2,5,3,3,1:2:19,3,1,1,2
5,32,5,32,0,15,0,1,,4,2,7,5,5,0:5:6:12:20,5,1,3,2
5,32,5,32,0,15,0,1,,5,2,5,3,3,1:4:21,3,1,1,2
5,32,5,32,0,15,0,1,,6,2,5,3,3,2:4:22,3,1,1,2
5,32,5,32,0,15,0,1,,7,2,6,4,4,3:5:6:23,4,1,2,2
5,32,5,32,0,15,0,1,,8,2,7,5,5,0:9:10:12:24,5,1,3,2
5,32,5,32,0,15,0,1,,9,2,5,3,3,1:8:25,3,1,1,2
5,32,5,32,0,15,0,1,,10,2,5,3,3,2:8:26,3,1,1,2
5,32,5,32,0,15,0,1,,11,2,6,4,4,3:9:10:27,4,1,2,2
5,32,5,32,0,15,0,1,,12,2,5,3,3,4:8:28,3,1,1,2
5,32,5,32,0,15,0,1,,13,2,6,4,4,5:9:12:29,4,1,2,2
5,32,5,32,0,15,0,1,,14,2,6,4,4,6:10:12:30,4,1,2,2
5,32,5,32,0,15,0,1,,16,2,7,5,5,0:17:18:20:24,5,1,3,2
5,32,5,32,0,15,0,1,,17,2,7,5,5,1:16:19:21:25,5,1,3,2
5,32,5,32,0,15,0,1,,18,2,7,5,5,2:16:19:22:26,5,1,3,2
5,32,5,32,0,15,0,1,,19,2,7,5,5,3:17:18:23:27,5,1,3,2
5,32,5,32,0,15,0,1,,20,2,7,5,5,4:16:21:22:28,5,1,3,2
5,32,5,32,0,15,0,1,,21,2,7,5,5,5:17:20:23:29,5,1,3,2
5,32,5,32,0,15,0,1,,22,2,7,5,5,6:18:20:23:30,5,1,3,2
5,32,5,32,0,15,0,1,,23,2,5,3,3,19:21:22,3,1,1,2
5,32,5,32,0,15,0,1,,24,2,7,5,5,8:16:25:26:28,5,1,3,2
5,32,5,32,0,15,0,1,,25,2,7,5,5,9:17:24:27:29,5,1,3,2
5,32,5,32,0,15,0,1,,26,2,7,5,5,10:18:24:27:30,5,1,3,2
5,32,5,32,0,15,0,1,,27,2,5,3,3,19:25:26,3,1,1,2
5,32,5,32,0,15,0,1,,28,2,7,5,5,12:20:24:29:30,5,1,3,2
5,32,5,32,0,15,0,1,,29,2,5,3,3,21:25:28,3,1,1,2
5,32,5,32,0,15,0,1,,30,2,5,3,3,22:26:28,3,1,1,2
5,32,5,32,0,15,0,1,,31,2,6,4,4,23:27:29:30,4,1,2,2
5,32,5,32,0,15,1,0,15,0,1,6,5,5,1:2:4:8:16,5,0,4,1
5,32,5,32,0,15,1,0,15,1,1,6,5,5,0:3:5:9:17,5,0,4,1
5,32,5,32,0,15,1,0,15,2,1,6,5,5,0:3:6:10:18,5,0,4,1
5,32,5,32,0,15,1,0,15,3,1,4,3,3,1:2:19,3,0,2,1
5,32,5,32,0,15,1,0,15,4,1,6,5,5,0:5:6:12:20,5,0,4,1
5,32,5,32,0,15,1,0,15,5,1,4,3,3,1:4:21,3,0,2,1
5,32,5,32,0,15,1,0,15,6,1,4,3,3,2:4:22,3,0,2,1
5,32,5,32,0,15,1,0,15,7,1,5,4,4,3:5:6:23,4,0,3,1
5,32,5,32,0,15,1,0,15,8,1,6,5,5,0:9:10:12:24,5,0,4,1
5,32,5,32,0,15,1,0,15,9,1,4,3,3,1:8:25,3,0,2,1
5,32,5,32,0,15,1,0,15,10,1,4,3,3,2:8:26,3,0,2,1
5,32,5,32,0,15,1,0,15,11,1,5,4,4,3:9:10:27,4,0,3,1
5,32,5,32,0,15,1,0,15,12,1,4,3,3,4:8:28,3,0,2,1
5,32,5,32,0,15,1,0,15,13,1,5,4,4,5:9:12:29,4,0,3,1
5,32,5,32,0,15,1,0,15,14,1,5,4,4,6:10:12:30,4,0,3,1
5,32,5,32,0,15,1,0,15,16,1,6,5,5,0:17:18:20:24,5,0,4,1
5,32,5,32,0,15,1,0,15,17,1,6,5,5,1:16:19:21:25,5,0,4,1
5,32,5,32,0,15,1,0,15,18,1,6,5,5,2:16:19:22:26,5,0,4,1
5,32,5,32,0,15,1,0,15,19,1,6,5,5,3:17:18:23:27,5,0,4,1
5,32,5,32,0,15,1,0,15,20,1,6,5,5,4:16:21:22:28,5,0,4,1
5,32,5,32,0,15,1,0,15,21,1,6,5,5,5:17:20:23:29,5,0,4,1
5,32,5,32,0,15,1,0,15,22,1,6,5,5,6:18:20:23:30,5,0,4,1
5,32,5,32,0,15,1,0,15,23,1,4,3,3,19:21:22,3,0,2,1
5,32,5,32,0,15,1,0,15,24,1,6,5,5,8:16:25:26:28,5,0,4,1
5,32,5,32,0,15,1,0,15,25,1,6,5,5,9:17:24:27:29,5,0,4,1
5,32,5,32,0,15,1,0,15,26,1,6,5,5,10:18:24:27:30,5,0,4,1
5,32,5,32,0,15,1,0,15,27,1,4,3,3,19:25:26,3,0,2,1
5,32,5,32,0,15,1,0,15,28,1,6,5,5,12:20:24:29:30,5,0,4,1
5,32,5,32,0,15,1,0,15,29,1,4,3,3,21:25:28,3,0,2,1
5,32,5,32,0,15,1,0,15,30,1,4,3,3,22:26:28,3,0,2,1
5,32,5,32,0,15,1,0,15,31,1,5,4,4,23:27:29:30,4,0,3,1
5,32,5,32,0,15,1,1,15,0:1,2,10,8,8,2:3:4:5:8:9:16:17,8,1,6,2
5,32,5,32,0,15,1,1,15,0:2,2,10,8,8,1:3:4:6:8:10:16:18,8,1,6,2
5,32,5,32,0,15,1,1,15,0:3,2,8,6,6,1:2:4:8:16:19,6,1,4,2
5,32,5,32,0,15,1,1,15,0:4,2,10,8,8,1:2:5:6:8:12:16:20,8,1,6,2
5,32,5,32,0,15,1,1,15,0:5,2,8,6,6,1:2:4:8:16:21,6,1,4,2
5,32,5,32,0,15,1,1,15,0:6,2,8,6,6,1:2:4:8:16:22,6,1,4,2
5,32,5,32,0,15,1,1,15,0:7,2,11,9,9,1:2:3:4:5:6:8:16:23,9,1,7,2
5,32,5,32,0,15,1,1,15,0:8,2,10,8,8,1:2:4:9:10:12:16:24,8,1,6,2
5,32,5,32,0,15,1,1,15,0:9,2,8,6,6,1:2:4:8:16:25,6,1,4,2
5,32,5,32,0,15,1,1,15,0:10,2,8,6,6,1:2:4:8:16:26,6,1,4,2
5,32,5,32,0,15,1,1,15,0:11,2,11,9,9,1:2:3:4:8:9:10:16:27,9,1,7,2
5,32,5,32,0,15,1,1,15,0:12,2,8,6,6,1:2:4:8:16:28,6,1,4,2
5,32,5,32,0,15,1,1,15,0:13,2,11,9,9,1:2:4:5:8:9:12:16:29,9,1,7,2
5,32,5,32,0,15,1,1,15,0:14,2,11,9,9,1:2:4:6:8:10:12:16:30,9,1,7,2
5,32,5,32,0,15,1,1,15,0:16,2,10,8,8,1:2:4:8:17:18:20:24,8,1,6,2
5,32,5,32,0,15,1,1,15,0:17,2,10,8,8,1:2:4:8:16:19:21:25,8,1,6,2
5,32,5,32,0,15,1,1,15,0:18,2,10,8,8,1:2:4:8:16:19:22:26,8,1,6,2
5,32,5,32,0,15,1,1,15,0:19,2,12,10,10,1:2:3:4:8:16:17:18:23:27,10,1,8,2
5,32,5,32,0,15,1,1,15,0:20,2,10,8,8,1:2:4:8:16:21:22:28,8,1,6,2
5,32,5,32,0,15,1,1,15,0:21,2,12,10,10,1:2:4:5:8:16:17:20:23:29,10,1,8,2
5,32,5,32,0,15,1,1,15,0:22,2,12,10,10,1:2:4:6:8:16:18:20:23:30,10,1,8,2
5,32,5,32,0,15,1,1,15,0:23,2,10,8,8,1:2:4:8:16:19:21:22,8,1,6,2
5,32,5,32,0,15,1,1,15,0:24,2,10,8,8,1:2:4:8:16:25:26:28,8,1,6,2
5,32,5,32,0,15,1,1,15,0:25,2,12,10,10,1:2:4:8:9:16:17:24:27:29,10,1,8,2
5,32,5,32,0,15,1,1,15,0:26,2,12,10,10,1:2:4:8:10:16:18:24:27:30,10,1,8,2
5,32,5,32,0,15,1,1,15,0:27,2,10,8,8,1:2:4:8:16:19:25:26,8,1,6,2
5,32,5,32,0,15,1,1,15,0:28,2,12,10,10,1:2:4:8:12:16:20:24:29:30,10,1,8,2
5,32,5,32,0,15,1,1,15,0:29,2,10,8,8,1:2:4:8:16:21:25:28,8,1,6,2
5,32,5,32,0,15,1,1,15,0:30,2,10,8,8,1:2:4:8:16:22:26:28,8,1,6,2
5,32,5,32,0,15,1,1,15,0:31,2,11,9,9,1:2:4:8:16:23:27:29:30,9,1,7,2
5,32,5,32,0,15,1,1,15,1:2,2,10,8,8,0:3:5:6:9:10:17:18,8,1,6,2
5,32,5,32,0,15,1,1,15,1:3,2,8,6,6,0:2:5:9:17:19,6,1,4,2
5,32,5,32,0,15,1,1,15,1:4,2,10,8,8,0:3:5:6:9:12:17:20,8,1,6,2
5,32,5,32,0,15,1,1,15,1:5,2,8,6,6,0:3:4:9:17:21,6,1,4,2
5,32,5,32,0,15,1,1,15,1:6,2,10,8,8,0:2:3:4:5:9:17:22,8,1,6,2
5,32,5,32,0,15,1,1,15,1:7,2,9,7,7,0:3:5:6:9:17:23,7,1,5,2
5,32,5,32,0,15,1,1,15,1:8,2,10,8,8,0:3:5:9:10:12:17:24,8,1,6,2
5,32,5,32,0,15,1,1,15,1:9,2,8,6,6,0:3:5:8:17:25,6,1,4,2
5,32,5,32,0,15,1,1,15,1:10,2,10,8,8,0:2:3:5:8:9:17:26,8,1,6,2
5,32,5,32,0,15,1,1,15,1:11,2,9,7,7,0:3:5:9:10:17:27,7,1,5,2
5,32,5,32,0,16,0,0,,,1,1,0,0,,0,0,0,0
5,32,5,32,0,16,0,1,,0,2,6,4,4,1:2:4:8,4,1,2,2
5,32,5,32,0,16,0,1,,1,2,5,3,3,3:5:9,3,1,1,2
5,32,5,32,0,16,0,1,,2,2,5,3,3,3:6:10,3,1,1,2
5,32,5,32,0,16,0,1,,3,2,7,5,5,1:2:7:11:19,5,1,3,2
5,32,5,32,0,16,0,1,,4,2,5,3,3,5:6:12,3,1,1,2
5,32,5,32,0,16,0,1,,5,2,7,5,5,1:4:7:13:21,5,1,3,2
5,32,5,32,0,16,0,1,,6,2,7,5,5,2:4:7:14:22,5,1,3,2
5,32,5,32,0,16,0,1,,7,2,7,5,5,3:5:6:15:23,5,1,3,2
5,32,5,32,0,16,0,1,,8,2,5,3,3,9:10:12,3,1,1,2
5,32,5,32,0,16,0,1,,9,2,7,5,5,1:8:11:13:25,5,1,3,2
5,32,5,32,0,16,0,1,,10,2,7,5,5,2:8:11:14:26,5,1,3,2
5,32,5,32,0,16,0,1,,11,2,7,5,5,3:9:10:15:27,5,1,3,2
5,32,5,32,0,16,0,1,,12,2,7,5,5,4:8:13:14:28,5,1,3,2
5,32,5,32,0,16,0,1,,13,2,7,5,5,5:9:12:15:29,5,1,3,2
5,32,5,32,0,16,0,1,,14,2,7,5,5,6:10:12:15:30,5,1,3,2
5,32,5,32,0,16,0,1,,15,2,7,5,5,7:11:13:14:31,5,1,3,2
5,32,5,32,0,16,0,1,,17,2,6,4,4,1:19:21:25,4,1,2,2
5,32,5,32,0,16,0,1,,18,2,6,4,4,2:19:22:26,4,1,2,2
5,32,5,32,0,16,0,1,,19,2,5,3,3,3:23:27,3,1,1,2
5,32,5,32,0,16,0,1,,20,2,6,4,4,4:21:22:28,4,1,2,2
5,32,5,32,0,16,0,1,,21,2,5,3,3,5:23:29,3,1,1,2
5,32,5,32,0,16,0,1,,22,2,5,3,3,6:23:30,3,1,1,2
5,32,5,32,0,16,0,1,,23,2,7,5,5,7:19:21:22:31,5,1,3,2
5,32,5,32,0,16,0,1,,24,2,6,4,4,8:25:26:28,4,1,2,2
5,32,5,32,0,16,0,1,,25,2,5,3,3,9:27:29,3,1,1,2
5,32,5,32,0,16,0,1,,26,2,5,3,3,10:27:30,3,1,1,2
5,32,5,32,0,16,0,1,,27,2,7,5,5,11:19:25:26:31,5,1,3,2
5,32,5,32,0,16,0,1,,28,2,5,3,3,12:29:30,3,1,1,2
5,32,5,32,0,16,0,1,,29,2,7,5,5,13:21:25:28:31,5,1,3,2
5,32,5,32,0,16,0,1,,30,2,7,5,5,14:22:26:28:31,5,1,3,2
5,32,5,32,0,16,0,1,,31,2,7,5,5,15:23:27:29:30,5,1,3,2
5,32,5,32,0,16,1,0,16,0,1,5,4,4,1:2:4:8,4,0,3,1
5,32,5,32,0,16,1,0,16,1,1,4,3,3,3:5:9,3,0,2,1
5,32,5,32,0,16,1,0,16,2,1,4,3,3,3:6:10,3,0,2,1
5,32,5,32,0,16,1,0,16,3,1,6,5,5,1:2:7:11:19,5,0,4,1
5,32,5,32,0,16,1,0,16,4,1,4,3,3,5:6:12,3,0,2,1
5,32,5,32,0,16,1,0,16,5,1,6,5,5,1:4:7:13:21,5,0,4,1
5,32,5,32,0,16,1,0,16,6,1,6,5,5,2:4:7:14:22,5,0,4,1
5,32,5,32,0,16,1,0,16,7,1,6,5,5,3:5:6:15:23,5,0,4,1
5,32,5,32,0,16,1,0,16,8,1,4,3,3,9:10:12,3,0,2,1
5,32,5,32,0,16,1,0,16,9,1,6,5,5,1:8:11:13:25,5,0,4,1
5,32,5,32,0,16,1,0,16,10,1,6,5,5,2:8:11:14:26,5,0,4,1
5,32,5,32,0,16,1,0,16,11,1,6,5,5,3:9:10:15:27,5,0,4,1
5,32,5,32,0,16,1,0,16,12,1,6,5,5,4:8:13:14:28,5,0,4,1
5,32,5,32,0,16,1,0,16,13,1,6,5,5,5:9:12:15:29,5,0,4,1
5,32,5,32,0,16,1,0,16,14,1,6,5,5,6:10:12:15:30,5,0,4,1
5,32,5,32,0,16,1,0,16,15,1,6,5,5,7:11:13:14:31,5,0,4,1
5,32,5,32,0,16,1,0,16,17,1,5,4,4,1:19:21:25,4,0,3,1
5,32,5,32,0,16,1,0,16,18,1,5,4,4,2:19:22:26,4,0,3,1
5,32,5,32,0,16,1,0,16,19,1,4,3,3,3:23:27,3,0,2,1
5,32,5,32,0,16,1,0,16,20,1,5,4,4,4:21:22:28,4,0,3,1
5,32,5,32,0,16,1,0,16,21,1,4,3,3,5:23:29,3,0,2,1
5,32,5,32,0,16,1,0,16,22,1,4,3,3,6:23:30,3,0,2,1
5,32,5,32,0,16,1,0,16,23,1,6,5,5,7:19:21:22:31,5,0,4,1
5,32,5,32,0,16,1,0,16,24,1,5,4,4,8:25:26:28,4,0,3,1
5,32,5,32,0,16,1,0,16,25,1,4,3,3,9:27:29,3,0,2,1
5,32,5,32,0,16,1,0,16,26,1,4,3,3,10:27:30,3,0,2,1
5,32,5,32,0,16,1,0,16,27,1,6,5,5,11:19:25:26:31,5,0,4,1
5,32,5,32,0,16,1,0,16,28,1,4,3,3,12:29:30,3,0,2,1
5,32,5,32,0,16,1,0,16,29,1,6,5,5,13:21:25:28:31,5,0,4,1
5,32,5,32,0,16,1,0,16,30,1,6,5,5,14:22:26:28:31,5,0,4,1
5,32,5,32,0,16,1,0,16,31,1,6,5,5,15:23:27:29:30,5,0,4,1
5,32,5,32,0,16,1,1,16,0:1,2,8,6,6,2:3:4:5:8:9,6,1,4,2
5,32,5,32,0,16,1,1,16,0:2,2,8,6,6,1:3:4:6:8:10,6,1,4,2
5,32,5,32,0,16,1,1,16,0:3,2,9,7,7,1:2:4:7:8:11:19,7,1,5,2
5,32,5,32,0,16,1,1,16,0:4,2,8,6,6,1:2:5:6:8:12,6,1,4,2
5,32,5,32,0,16,1,1,16,0:5,2,9,7,7,1:2:4:7:8:13:21,7,1,5,2
5,32,5,32,0,16,1,1,16,0:6,2,9,7,7,1:2:4:7:8:14:22,7,1,5,2
5,32,5,32,0,16,1,1,16,0:7,2,11,9,9,1:2:3:4:5:6:8:15:23,9,1,7,2
5,32,5,32,0,16,1,1,16,0:8,2,8,6,6,1:2:4:9:10:12,6,1,4,2
5,32,5,32,0,16,1,1,16,0:9,2,9,7,7,1:2:4:8:11:13:25,7,1,5,2
5,32,5,32,0,16,1,1,16,0:10,2,9,7,7,1:2:4:8:11:14:26,7,1,5,2
5,32,5,32,0,16,1,1,16,0:11,2,11,9,9,1:2:3:4:8:9:10:15:27,9,1,7,2
5,32,5,32,0,16,1,1,16,0:12,2,9,7,7,1:2:4:8:13:14:28,7,1,5,2
5,32,5,32,0,16,1,1,16,0:13,2,11,9,9,1:2:4:5:8:9:12:15:29,9,1,7,2
5,32,5,32,0,16,1,1,16,0:14,2,11,9,9,1:2:4:6:8:10:12:15:30,9,1,7,2
5,32,5,32,0,16,1,1,16,0:15,2,11,9,9,1:2:4:7:8:11:13:14:31,9,1,7,2
5,32,5,32,0,16,1,1,16,0:17,2,9,7,7,1:2:4:8:19:21:25,7,1,5,2
5,32,5,32,0,16,1,1,16,0:18,2,9,7,7,1:2:4:8:19:22:26,7,1,5,2
5,32,5,32,0,16,1,1,16,0:19,2,9,7,7,1:2:3:4:8:23:27,7,1,5,2
5,32,5,32,0,16,1,1,16,0:20,2,9,7,7,1:2:4:8:21:22:28,7,1,5,2
5,32,5,32,0,16,1,1,16,0:21,2,9,7,7,1:2:4:5:8:23:29,7,1,5,2
5,32,5,32,0,16,1,1,16,0:22,2,9,7,7,1:2:4:6:8:23:30,7,1,5,2
5,32,5,32,0,16,1,1,16,0:23,2,11,9,9,1:2:4:7:8:19:21:22:31,9,1,7,2
5,32,5,32,0,16,1,1,16,0:24,2,9,7,7,1:2:4:8:25:26:28,7,1,5,2
5,32,5,32,0,16,1,1,16,0:25,2,9,7,7,1:2:4:8:9:27:29,7,1,5,2
5,32,5,32,0,16,1,1,16,0:26,2,9,7,7,1:2:4:8:10:27:30,7,1,5,2
5,32,5,32,0,16,1,1,16,0:27,2,11,9,9,1:2:4:8:11:19:25:26:31,9,1,7,2
5,32,5,32,0,16,1,1,16,0:28,2,9,7,7,1:2:4:8:12:29:30,7,1,5,2
5,32,5,32,0,16,1,1,16,0:29,2,11,9,9,1:2:4:8:13:21:25:28:31,9,1,7,2
5,32,5,32,0,16,1,1,16,0:30,2,11,9,9,1:2:4:8:14:22:26:28:31,9,1,7,2
5,32,5,32,0,16,1,1,16,0:31,2,11,9,9,1:2:4:8:15:23:27:29:30,9,1,7,2
5,32,5,32,0,16,1,1,16,1:2,2,7,5,5,3:5:6:9:10,5,1,3,2
5,32,5,32,0,16,1,1,16,1:3,2,8,6,6,2:5:7:9:11:19,6,1,4,2
5,32,5,32,0,16,1,1,16,1:4,2,7,5,5,3:5:6:9:12,5,1,3,2
5,32,5,32,0,16,1,1,16,1:5,2,8,6,6,3:4:7:9:13:21,6,1,4,2
5,32,5,32,0,16,1,1,16,1:6,2,10,8,8,2:3:4:5:7:9:14:22,8,1,6,2
5,32,5,32,0,16,1,1,16,1:7,2,8,6,6,3:5:6:9:15:23,6,1,4,2
5,32,5,32,0,16,1,1,16,1:8,2,7,5,5,3:5:9:10:12,5,1,3,2
5,32,5,32,0,16,1,1,16,1:9,2,8,6,6,3:5:8:11:13:25,6,1,4,2
5,32,5,32,0,16,1,1,16,1:10,2,10,8,8,2:3:5:8:9:11:14:26,8,1,6,2
5,32,5,32,0,16,1,1,16,1:11,2,8,6,6,3:5:9:10:15:27,6,1,4,2
5,32,5,32,0,17,0,0,,,1,1,0,0,,0,0,0,0
5,32,5,32,0,17,0,1,,0,2,5,3,3,2:4:8,3,1,1,2
5,32,5,32,0,17,0,1,,1,2,6,4,4,0:3:5:9,4,1,2,2
5,32,5,32,0,17,0,1,,2,2,7,5,5,0:3:6:10:18,5,1,3,2
5,32,5,32,0,17,0,1,,3,2,5,3,3,2:7:11,3,1,1,2
5,32,5,32,0,17,0,1,,4,2,7,5,5,0:5:6:12:20,5,1,3,2
5,32,5,32,0,17,0,1,,5,2,5,3,3,4:7:13,3,1,1,2
5,32,5,32,0,17,0,1,,6,2,7,5,5,2:4:7:14:22,5,1,3,2
5,32,5,32,0,17,0,1,,7,2,7,5,5,3:5:6:15:23,5,1,3,2
5,32,5,32,0,17,0,1,,8,2,7,5,5,0:9:10:12:24,5,1,3,2
5,32,5,32,0,17,0,1,,9,2,5,3,3,8:11:13,3,1,1,2
5,32,5,32,0,17,0,1,,10,2,7,5,5,2:8:11:14:26,5,1,3,2
5,32,5,32,0,17,0,1,,11,2,7,5,5,3:9:10:15:27,5,1,3,2
5,32,5,32,0,17,0,1,,12,2,7,5,5,4:8:13:14:28,5,1,3,2
5,32,5,32,0,17,0,1,,13,2,7,5,5,5:9:12:15:29,5,1,3,2
5,32,5,32,0,17,0,1,,14,2,7,5,5,6:10:12:15:30,5,1,3,2
5,32,5,32,0,17,0,1,,15,2,7,5,5,7:11:13:14:31,5,1,3,2
5,32,5,32,0,17,0,1,,16,2,6,4,4,0:18:20:24,4,1,2,2
5,32,5,32,0,17,0,1,,18,2,5,3,3,2:22:26,3,1,1,2
5,32,5,32,0,17,0,1,,19,2,6,4,4,3:18:23:27,4,1,2,2
5,32,5,32,0,17,0,1,,20,2,5,3,3,4:22:28,3,1,1,2
5,32,5,32,0,17,0,1,,21,2,6,4,4,5:20:23:29,4,1,2,2
5,32,5,32,0,17,0,1,,22,2,7,5,5,6:18:20:23:30,5,1,3,2
5,32,5,32,0,17,0,1,,23,2,5,3,3,7:22:31,3,1,1,2
5,32,5,32,0,17,0,1,,24,2,5,3,3,8:26:28,3,1,1,2
5,32,5,32,0,17,0,1,,25,2,6,4,4,9:24:27:29,4,1,2,2
5,32,5,32,0,17,0,1,,26,2,7,5,5,10:18:24:27:30,5,1,3,2
5,32,5,32,0,17,0,1,,27,2,5,3,3,11:26:31,3,1,1,2
5,32,5,32,0,17,0,1,,28,2,7,5,5,12:20:24:29:30,5,1,3,2
5,32,5,32,0,17,0,1,,29,2,5,3,3,13:28:31,3,1,1,2
5,32,5,32,0,17,0,1,,30,2,7,5,5,14:22:26:28:31,5,1,3,2
5,32,5,32,0,17,0,1,,31,2,7,5,5,15:23:27:29:30,5,1,3,2
5,32,5,32,0,17,1,0,17,0,1,4,3,3,2:4:8,3,0,2,1
5,32,5,32,0,17,1,0,17,1,1,5,4,4,0:3:5:9,4,0,3,1
5,32,5,32,0,17,1,0,17,2,1,6,5,5,0:3:6:10:18,5,0,4,1
5,32,5,32,0,17,1,0,17,3,1,4,3,3,2:7:11,3,0,2,1
5,32,5,32,0,17,1,0,17,4,1,6,5,5,0:5:6:12:20,5,0,4,1
5,32,5,32,0,17,1,0,17,5,1,4,3,3,4:7:13,3,0,2,1
5,32,5,32,0,17,1,0,17,6,1,6,5,5,2:4:7:14:22,5,0,4,1
5,32,5,32,0,17,1,0,17,7,1,6,5,5,3:5:6:15:23,5,0,4,1
5,32,5,32,0,17,1,0,17,8,1,6,5,5,0:9:10:12:24,5,0,4,1
5,32,5,32,0,17,1,0,17,9,1,4,3,3,8:11:13,3,0,2,1
5,32,5,32,0,17,1,0,17,10,1,6,5,5,2:8:11:14:26,5,0,4,1
5,32,5,32,0,17,1,0,17,11,1,6,5,5,3:9:10:15:27,5,0,4,1
5,32,5,32,0,17,1,0,17,12,1,6,5,5,4:8:13:14:28,5,0,4,1
5,32,5,32,0,17,1,0,17,13,1,6,5,5,5:9:12:15:29,5,0,4,1
5,32,5,32,0,17,1,0,17,14,1,6,5,5,6:10:12:15:30,5,0,4,1
5,32,5,32,0,17,1,0,17,15,1,6,5,5,7:11:13:14:31,5,0,4,1
5,32,5,32,0,17,1,0,17,16,1,5,4,4,0:18:20:24,4,0,3,1
5,32,5,32,0,17,1,0,17,18,1,4,3,3,2:22:26,3,0,2,1
5,32,5,32,0,17,1,0,17,19,1,5,4,4,3:18:23:27,4,0,3,1
5,32,5,32,0,17,1,0,17,20,1,4,3,3,4:22:28,3,0,2,1
5,32,5,32,0,17,1,0,17,21,1,5,4,4,5:20:23:29,4,0,3,1
5,32,5,32,0,17,1,0,17,22,1,6,5,5,6:18:20:23:30,5,0,4,1
5,32,5,32,0,17,1,0,17,23,1,4,3,3,7:22:31,3,0,2,1
5,32,5,32,0,17,1,0,17,24,1,4,3,3,8:26:28,3,0,2,1
5,32,5,32,0,17,1,0,17,25,1,5,4,4,9:24:27:29,4,0,3,1
5,32,5,32,0,17,1,0,17,26,1,6,5,5,10:18:24:27:30,5,0,4,1
5,32,5,32,0,17,1,0,17,27,1,4,3,3,11:26:31,3,0,2,1
5,32,5,32,0,17,1,0,17,28,1,6,5,5,12:20:24:29:30,5,0,4,1
5,32,5,32,0,17,1,0,17,29,1,4,3,3,13:28:31,3,0,2,1
5,32,5,32,0,17,1,0,17,30,1,6,5,5,14:22:26:28:31,5,0,4,1
5,32,5,32,0,17,1,0,17,31,1,6,5,5,15:23:27:29:30,5,0,4,1
5,32,5,32,0,17,1,1,17,0:1,2,8,6,6,2:3:4:5:8:9,6,1,4,2
5,32,5,32,0,17,1,1,17,0:2,2,8,6,6,3:4:6:8:10:18,6,1,4,2
5,32,5,32,0,17,1,1,17,0:3,2,7,5,5,2:4:7:8:11,5,1,3,2
5,32,5,32,0,17,1,1,17,0:4,2,8,6,6,2:5:6:8:12:20,6,1,4,2
5,32,5,32,0,17,1,1,17,0:5,2,7,5,5,2:4:7:8:13,5,1,3,2
5,32,5,32,0,17,1,1,17,0:6,2,8,6,6,2:4:7:8:14:22,6,1,4,2
5,32,5,32,0,17,1,1,17,0:7,2,10,8,8,2:3:4:5:6:8:15:23,8,1,6,2
5,32,5,32,0,17,1,1,17,0:8,2,8,6,6,2:4:9:10:12:24,6,1,4,2
5,32,5,32,0,17,1,1,17,0:9,2,7,5,5,2:4:8:11:13,5,1,3,2
5,32,5,32,0,17,1,1,17,0:10,2,8,6,6,2:4:8:11:14:26,6,1,4,2
5,32,5,32,0,17,1,1,17,0:11,2,10,8,8,2:3:4:8:9:10:15:27,8,1,6,2
5,32,5,32,0,17,1,1,17,0:12,2,8,6,6,2:4:8:13:14:28,6,1,4,2
5,32,5,32,0,17,1,1,17,0:13,2,10,8,8,2:4:5:8:9:12:15:29,8,1,6,2
5,32,5,32,0,17,1,1,17,0:14,2,10,8,8,2:4:6:8:10:12:15:30,8,1,6,2
5,32,5,32,0,17,1,1,17,0:15,2,10,8,8,2:4:7:8:11:13:14:31,8,1,6,2
5,32,5,32,0,17,1,1,17,0:16,2,8,6,6,2:4:8:18:20:24,6,1,4,2
5,32,5,32,0,17,1,1,17,0:18,2,7,5,5,2:4:8:22:26,5,1,3,2
5,32,5,32,0,17,1,1,17,0:19,2,9,7,7,2:3:4:8:18:23:27,7,1,5,2
5,32,5,32,0,17,1,1,17,0:20,2,7,5,5,2:4:8:22:28,5,1,3,2
5,32,5,32,0,17,1,1,17,0:21,2,9,7,7,2:4:5:8:20:23:29,7,1,5,2
5,32,5,32,0,17,1,1,17,0:22,2,10,8,8,2:4:6:8:18:20:23:30,8,1,6,2
5,32,5,32,0,17,1,1,17,0:23,2,8,6,6,2:4:7:8:22:31,6,1,4,2
5,32,5,32,0,17,1,1,17,0:24,2,7,5,5,2:4:8:26:28,5,1,3,2
5,32,5,32,0,17,1,1,17,0:25,2,9,7,7,2:4:8:9:24:27:29,7,1,5,2
5,32,5,32,0,17,1,1,17,0:26,2,10,8,8,2:4:8:10:18:24:27:30,8,1,6,2
5,32,5,32,0,17,1,1,17,0:27,2,8,6,6,2:4:8:11:26:31,6,1,4,2
5,32,5,32,0,17,1,1,17,0:28,2,10,8,8,2:4:8:12:20:24:29:30,8,1,6,2
5,32,5,32,0,17,1,1,17,0:29,2,8,6,6,2:4:8:13:28:31,6,1,4,2
5,32,5,32,0,17,1,1,17,0:30,2,10,8,8,2:4:8:14:22:26:28:31,8,1,6,2
5,32,5,32,0,17,1,1,17,0:31,2,10,8,8,2:4:8:15:23:27:29:30,8,1,6,2
5,32,5,32,0,17,1,1,17,1:2,2,9,7,7,0:3:5:6:9:10:18,7,1,5,2
5,32,5,32,0,17,1,1,17,1:3,2,8,6,6,0:2:5:7:9:11,6,1,4,2
5,32,5,32,0,17,1,1,17,1:4,2,9,7,7,0:3:5:6:9:12:20,7,1,5,2
5,32,5,32,0,17,1,1,17,1:5,2,8,6,6,0:3:4:7:9:13,6,1,4,2
5,32,5,32,0,17,1,1,17,1:6,2,11,9,9,0:2:3:4:5:7:9:14:22,9,1,7,2
5,32,5,32,0,17,1,1,17,1:7,2,9,7,7,0:3:5:6:9:15:23,7,1,5,2
5,32,5,32,0,17,1,1,17,1:8,2,9,7,7,0:3:5:9:10:12:24,7,1,5,2
5,32,5,32,0,17,1,1,17,1:9,2,8,6,6,0:3:5:8:11:13,6,1,4,2
5,32,5,32,0,17,1,1,17,1:10,2,11,9,9,0:2:3:5:8:9:11:14:26,9,1,7,2
5,32,5,32,0,17,1,1,17,1:11,2,9,7,7,0:3:5:9:10:15:27,7,1,5,2
5,32,5,32,0,18,0,0,,,1,1,0,0,,0,0,0,0
5,32,5,32,0,18,0,1,,0,2,5,3,3,1:4:8,3,1,1,2
5,32,5,32,0,18,0,1,,1,2,7,5,5,0:3:5:9:17,5,1,3,2
5,32,5,32,0,18,0,1,,2,2,6,4,4,0:3:6:10,4,1,2,2
5,32,5,32,0,18,0,1,,3,2,5,3,3,1:7:11,3,1,1,2
5,32,5,32,0,18,0,1,,4,2,7,5,5,0:5:6:12:20,5,1,3,2
5,32,5,32,0,18,0,1,,5,2,7,5,5,1:4:7:13:21,5,1,3,2
5,32,5,32,0,18,0,1,,6,2,5,3,3,4:7:14,3,1,1,2
5,32,5,32,0,18,0,1,,7,2,7,5,5,3:5:6:15:23,5,1,3,2
5,32,5,32,0,18,0,1,,8,2,7,5,5,0:9:10:12:24,5,1,3,2
5,32,5,32,0,18,0,1,,9,2,7,5,5,1:8:11:13:25,5,1,3,2
5,32,5,32,0,18,0,1,,10,2,5,3,3,8:11:14,3,1,1,2
5,32,5,32,0,18,0,1,,11,2,7,5,5,3:9:10:15:27,5,1,3,2
5,32,5,32,0,18,0,1,,12,2,7,5,5,4:8:13:14:28,5,1,3,2
5,32,5,32,0,18,0,1,,13,2,7,5,5,5:9:12:15:29,5,1,3,2
5,32,5,32,0,18,0,1,,14,2,7,5,5,6:10:12:15:30,5,1,3,2
5,32,5,32,0,18,0,1,,15,2,7,5,5,7:11:13:14:31,5,1,3,2
5,32,5,32,0,18,0,1,,16,2,6,4,4,0:17:20:24,4,1,2,2
5,32,5,32,0,18,0,1,,17,2,5,3,3,1:21:25,3,1,1,2
5,32,5,32,0,18,0,1,,19,2,6,4,4,3:17:23:27,4,1,2,2
5,32,5,32,0,18,0,1,,20,2,5,3,3,4:21:28,3,1,1,2
5,32,5,32,0,18,0,1,,21,2,7,5,5,5:17:20:23:29,5,1,3,2
5,32,5,32,0,18,0,1,,22,2,6,4,4,6:20:23:30,4,1,2,2
5,32,5,32,0,18,0,1,,23,2,5,3,3,7:21:31,3,1,1,2
5,32,5,32,0,18,0,1,,24,2,5,3,3,8:25:28,3,1,1,2
5,32,5,32,0,18,0,1,,25,2,7,5,5,9:17:24:27:29,5,1,3,2
5,32,5,32,0,18,0,1,,26,2,6,4,4,10:24:27:30,4,1,2,2
5,32,5,32,0,18,0,1,,27,2,5,3,3,11:25:31,3,1,1,2
5,32,5,32,0,18,0,1,,28,2,7,5,5,12:20:24:29:30,5,1,3,2
5,32,5,32,0,18,0,1,,29,2,7,5,5,13:21:25:28:31,5,1,3,2
5,32,5,32,0,18,0,1,,30,2,5,3,3,14:28:31,3,1,1,2
5,32,5,32,0,18,0,1,,31,2,7,5,5,15:23:27:29:30,5,1,3,2
5,32,5,32,0,18,1,0,18,0,1,4,3,3,1:4:8,3,0,2,1
5,32,5,32,0,18,1,0,18,1,1,6,5,5,0:3:5:9:17,5,0,4,1
5,32,5,32,0,18,1,0,18,2,1,5,4,4,0:3:6:10,4,0,3,1
5,32,5,32,0,18,1,0,18,3,1,4,3,3,1:7:11,3,0,2,1
5,32,5,32,0,18,1,0,18,4,1,6,5,5,0:5:6:12:20,5,0,4,1
5,32,5,32,0,18,1,0,18,5,1,6,5,5,1:4:7:13:21,5,0,4,1
5,32,5,32,0,18,1,0,18,6,1,4,3,3,4:7:14,3,0,2,1
5,32,5,32,0,18,1,0,18,7,1,6,5,5,3:5:6:15:23,5,0,4,1
5,32,5,32,0,18,1,0,18,8,1,6,5,5,0:9:10:12:24,5,0,4,1
5,32,5,32,0,18,1,0,18,9,1,6,5,5,1:8:11:13:25,5,0,4,1
5,32,5,32,0,18,1,0,18,10,1,4,3,3,8:11:14,3,0,2,1
5,32,5,32,0,18,1,0,18,11,1,6,5,5,3:9:10:15:27,5,0,4,1
5,32,5,32,0,18,1,0,18,12,1,6,5,5,4:8:13:14:28,5,0,4,1
5,32,5,32,0,18,1,0,18,13,1,6,5,5,5:9:12:15:29,5,0,4,1
5,32,5,32,0,18,1,0,18,14,1,6,5,5,6:10:12:15:30,5,0,4,1
5,32,5,32,0,18,1,0,18,15,1,6,5,5,7:11:13:14:31,5,0,4,1
5,32,5,32,0,18,1,0,18,16,1,5,4,4,0:17:20:24,4,0,3,1
5,32,5,32,0,18,1,0,18,17,1,4,3,3,1:21:25,3,0,2,1
5,32,5,32,0,18,1,0,18,19,1,5,4,4,3:17:23:27,4,0,3,1
5,32,5,32,0,18,1,0,18,20,1,4,3,3,4:21:28,3,0,2,1
5,32,5,32,0,18,1,0,18,21,1,6,5,5,5:17:20:23:29,5,0,4,1
5,32,5,32,0,18,1,0,18,22,1,5,4,4,6:20:23:30,4,0,3,1
5,32,5,32,0,18,1,0,18,23,1,4,3,3,7:21:31,3,0,2,1
5,32,5,32,0,18,1,0,18,24,1,4,3,3,8:25:28,3,0,2,1
5,32,5,32,0,18,1,0,18,25,1,6,5,5,9:17:24:27:29,5,0,4,1
5,32,5,32,0,18,1,0,18,26,1,5,4,4,10:24:27:30,4,0,3,1
5,32,5,32,0,18,1,0,18,27,1,4,3,3,11:25:31,3,0,2,1
5,32,5,32,0,18,1,0,18,28,1,6,5,5,12:20:24:29:30,5,0,4,1
5,32,5,32,0,18,1,0,18,29,1,6,5,5,13:21:25:28:31,5,0,4,1
5,32,5,32,0,18,1,0,18,30,1,4,3,3,14:28:31,3,0,2,1
5,32,5,32,0,18,1,0,18,31,1,6,5,5,15:23:27:29:30,5,0,4,1
5,32,5,32,0,18,1,1,18,0:1,2,8,6,6,3:4:5:8:9:17,6,1,4,2
5,32,5,32,0,18,1,1,18,0:2,2,8,6,6,1:3:4:6:8:10,6,1,4,2
5,32,5,32,0,18,1,1,18,0:3,2,7,5,5,1:4:7:8:11,5,1,3,2
5,32,5,32,0,18,1,1,18,0:4,2,8,6,6,1:5:6:8:12:20,6,1,4,2
5,32,5,32,0,18,1,1,18,0:5,2,8,6,6,1:4:7:8:13:21,6,1,4,2
5,32,5,32,0,18,1,1,18,0:6,2,7,5,5,1:4:7:8:14,5,1,3,2
5,32,5,32,0,18,1,1,18,0:7,2,10,8,8,1:3:4:5:6:8:15:23,8,1,6,2
5,32,5,32,0,18,1,1,18,0:8,2,8,6,6,1:4:9:10:12:24,6,1,4,2
5,32,5,32,0,18,1,1,18,0:9,2,8,6,6,1:4:8:11:13:25,6,1,4,2
5,32,5,32,0,18,1,1,18,0:10,2,7,5,5,1:4:8:11:14,5,1,3,2
5,32,5,32,0,18,1,1,18,0:11,2,10,8,8,1:3:4:8:9:10:15:27,8,1,6,2
5,32,5,32,0,18,1,1,18,0:12,2,8,6,6,1:4:8:13:14:28,6,1,4,2
5,32,5,32,0,18,1,1,18,0:13,2,10,8,8,1:4:5:8:9:12:15:29,8,1,6,2
5,32,5,32,0,18,1,1,18,0:14,2,10,8,8,1:4:6:8:10:12:15:30,8,1,6,2
5,32,5,32,0,18,1,1,18,0:15,2,10,8,8,1:4:7:8:11:13:14:31,8,1,6,2
5,32,5,32,0,18,1,1,18,0:16,2,8,6,6,1:4:8:17:20:24,6,1,4,2
5,32,5,32,0,18,1,1,18,0:17,2,7,5,5,1:4:8:21:25,5,1,3,2
5,32,5,32,0,18,1,1,18,0:19,2,9,7,7,1:3:4:8:17:23:27,7,1,5,2
5,32,5,32,0,18,1,1,18,0:20,2,7,5,5,1:4:8:21:28,5,1,3,2
5,32,5,32,0,18,1,1,18,0:21,2,10,8,8,1:4:5:8:17:20:23:29,8,1,6,2
5,32,5,32,0,18,1,1,18,0:22,2,9,7,7,1:4:6:8:20:23:30,7,1,5,2
5,32,5,32,0,18,1,1,18,0:23,2,8,6,6,1:4:7:8:21:31,6,1,4,2
5,32,5,32,0,18,1,1,18,0:24,2,7,5,5,1:4:8:25:28,5,1,3,2
5,32,5,32,0,18,1,1,18,0:25,2,10,8,8,1:4:8:9:17:24:27:29,8,1,6,2
5,32,5,32,0,18,1,1,18,0:26,2,9,7,7,1:4:8:10:24:27:30,7,1,5,2
5,32,5,32,0,18,1,1,18,0:27,2,8,6,6,1:4:8:11:25:31,6,1,4,2
5,32,5,32,0,18,1,1,18,0:28,2,10,8,8,1:4:8:12:20:24:29:30,8,1,6,2
5,32,5,32,0,18,1,1,18,0:29,2,10,8,8,1:4:8:13:21:25:28:31,8,1,6,2
5,32,5,32,0,18,1,1,18,0:30,2,8,6,6,1:4:8:14:28:31,6,1,4,2
5,32,5,32,0,18,1,1,18,0:31,2,10,8,8,1:4:8:15:23:27:29:30,8,1,6,2
5,32,5,32,0,18,1,1,18,1:2,2,9,7,7,0:3:5:6:9:10:17,7,1,5,2
5,32,5,32,0,18,1,1,18,1:3,2,8,6,6,0:5:7:9:11:17,6,1,4,2
5,32,5,32,0,18,1,1,18,1:4,2,10,8,8,0:3:5:6:9:12:17:20,8,1,6,2
5,32,5,32,0,18,1,1,18,1:5,2,10,8,8,0:3:4:7:9:13:17:21,8,1,6,2
5,32,5,32,0,18,1,1,18,1:6,2,10,8,8,0:3:4:5:7:9:14:17,8,1,6,2
5,32,5,32,0,18,1,1,18,1:7,2,10,8,8,0:3:5:6:9:15:17:23,8,1,6,2
5,32,5,32,0,18,1,1,18,1:8,2,10,8,8,0:3:5:9:10:12:17:24,8,1,6,2
5,32,5,32,0,18,1,1,18,1:9,2,10,8,8,0:3:5:8:11:13:17:25,8,1,6,2
5,32,5,32,0,18,1,1,18,1:10,2,10,8,8,0:3:5:8:9:11:14:17,8,1,6,2
5,32,5,32,0,18,1,1,18,1:11,2,10,8,8,0:3:5:9:10:15:17:27,8,1,6,2
5,32,5,32,0,19,0,0,,,1,1,0,0,,0,0,0,0
5,32,5,32,0,19,0,1,,0,2,7,5,5,1:2:4:8:16,5,1,3,2
5,32,5,32,0,19,0,1,,1,2,5,3,3,0:5:9,3,1,1,2
5,32,5,32,0,19,0,1,,2,2,5,3,3,0:6:10,3,1,1,2
5,32,5,32,0,19,0,1,,3,2,6,4,4,1:2:7:11,4,1,2,2
5,32,5,32,0,19,0,1,,4,2,7,5,5,0:5:6:12:20,5,1,3,2
5,32,5,32,0,19,0,1,,5,2,7,5,5,1:4:7:13:21,5,1,3,2
5,32,5,32,0,19,0,1,,6,2,7,5,5,2:4:7:14:22,5,1,3,2
5,32,5,32,0,19,0,1,,7,2,5,3,3,5:6:15,3,1,1,2
5,32,5,32,0,19,0,1,,8,2,7,5,5,0:9:10:12:24,5,1,3,2
5,32,5,32,0,19,0,1,,9,2,7,5,5,1:8:11:13:25,5,1,3,2
5,32,5,32,0,19,0,1,,10,2,7,5,5,2:8:11:14:26,5,1,3,2
5,32,5,32,0,19,0,1,,11,2,5,3,3,9:10:15,3,1,1,2
5,32,5,32,0,19,0,1,,12,2,7,5,5,4:8:13:14:28,5,1,3,2
5,32,5,32,0,19,0,1,,13,2,7,5,5,5:9:12:15:29,5,1,3,2
5,32,5,32,0,19,0,1,,14,2,7,5,5,6:10:12:15:30,5,1,3,2
5,32,5,32,0,19,0,1,,15,2,7,5,5,7:11:13:14:31,5,1,3,2
5,32,5,32,0,19,0,1,,16,2,5,3,3,0:20:24,3,1,1,2
5,32,5,32,0,19,0,1,,17,2,6,4,4,1:16:21:25,4,1,2,2
5,32,5,32,0,19,0,1,,18,2,6,4,4,2:16:22:26,4,1,2,2
5,32,5,32,0,19,0,1,,20,2,7,5,5,4:16:21:22:28,5,1,3,2
5,32,5,32,0,19,0,1,,21,2,5,3,3,5:20:29,3,1,1,2
5,32,5,32,0,19,0,1,,22,2,5,3,3,6:20:30,3,1,1,2
5,32,5,32,0,19,0,1,,23,2,6,4,4,7:21:22:31,4,1,2,2
5,32,5,32,0,19,0,1,,24,2,7,5,5,8:16:25:26:28,5,1,3,2
5,32,5,32,0,19,0,1,,25,2,5,3,3,9:24:29,3,1,1,2
5,32,5,32,0,19,0,1,,26,2,5,3,3,10:24:30,3,1,1,2
5,32,5,32,0,19,0,1,,27,2,6,4,4,11:25:26:31,4,1,2,2
5,32,5,32,0,19,0,1,,28,2,7,5,5,12:20:24:29:30,5,1,3,2
5,32,5,32,0,19,0,1,,29,2,7,5,5,13:21:25:28:31,5,1,3,2
5,32,5,32,0,19,0,1,,30,2,7,5,5,14:22:26:28:31,5,1,3,2
5,32,5,32,0,19,0,1,,31,2,5,3,3,15:29:30,3,1,1,2
5,32,5,32,0,19,1,0,19,0,1,6,5,5,1:2:4:8:16,5,0,4,1
5,32,5,32,0,19,1,0,19,1,1,4,3,3,0:5:9,3,0,2,1
5,32,5,32,0,19,1,0,19,2,1,4,3,3,0:6:10,3,0,2,1
5,32,5,32,0,19,1,0,19,3,1,5,4,4,1:2:7:11,4,0,3,1
5,32,5,32,0,19,1,0,19,4,1,6,5,5,0:5:6:12:20,5,0,4,1
5,32,5,32,0,19,1,0,19,5,1,6,5,5,1:4:7:13:21,5,0,4,1
5,32,5,32,0,19,1,0,19,6,1,6,5,5,2:4:7:14:22,5,0,4,1
5,32,5,32,0,19,1,0,19,7,1,4,3,3,5:6:15,3,0,2,1
5,32,5,32,0,19,1,0,19,8,1,6,5,5,0:9:10:12:24,5,0,4,1
5,32,5,32,0,19,1,0,19,9,1,6,5,5,1:8:11:13:25,5,0,4,1
5,32,5,32,0,19,1,0,19,10,1,6,5,5,2:8:11:14:26,5,0,4,1
5,32,5,32,0,19,1,0,19,11,1,4,3,3,9:10:15,3,0,2,1
5,32,5,32,0,19,1,0,19,12,1,6,5,5,4:8:13:14:28,5,0,4,1
5,32,5,32,0,19,1,0,19,13,1,6,5,5,5:9:12:15:29,5,0,4,1
5,32,5,32,0,19,1,0,19,14,1,6,5,5,6:10:12:15:30,5,0,4,1
5,32,5,32,0,19,1,0,19,15,1,6,5,5,7:11:13:14:31,5,0,4,1
5,32,5,32,0,19,1,0,19,16,1,4,3,3,0:20:24,3,0,2,1
5,32,5,32,0,19,1,0,19,17,1,5,4,4,1:16:21:25,4,0,3,1
5,32,5,32,0,19,1,0,19,18,1,5,4,4,2:16:22:26,4,0,3,1
5,32,5,32,0,19,1,0,19,20,1,6,5,5,4:16:21:22:28,5,0,4,1
5,32,5,32,0,19,1,0,19,21,1,4,3,3,5:20:29,3,0,2,1
5,32,5,32,0,19,1,0,19,22,1,4,3,3,6:20:30,3,0,2,1
5,32,5,32,0,19,1,0,19,23,1,5,4,4,7:21:22:31,4,0,3,1
5,32,5,32,0,19,1,0,19,24,1,6,5,5,8:16:25:26:28,5,0,4,1
5,32,5,32,0,19,1,0,19,25,1,4,3,3,9:24:29,3,0,2,1
5,32,5,32,0,19,1,0,19,26,1,4,3,3,10:24:30,3,0,2,1
5,32,5,32,0,19,1,0,19,27,1,5,4,4,11:25:26:31,4,0,3,1
5,32,5,32,0,19,1,0,19,28,1,6,5,5,12:20:24:29:30,5,0,4,1
5,32,5,32,0,19,1,0,19,29,1,6,5,5,13:21:25:28:31,5,0,4,1
5,32,5,32,0,19,1,0,19,30,1,6,5,5,14:22:26:28:31,5,0,4,1
5,32,5,32,0,19,1,0,19,31,1,4,3,3,15:29:30,3,0,2,1
5,32,5,32,0,19,1,1,19,0:1,2,8,6,6,2:4:5:8:9:16,6,1,4,2
5,32,5,32,0,19,1,1,19,0:2,2,8,6,6,1:4:6:8:10:16,6,1,4,2
5,32,5,32,0,19,1,1,19,0:3,2,9,7,7,1:2:4:7:8:11:16,7,1,5,2
5,32,5,32,0,19,1,1,19,0:4,2,10,8,8,1:2:5:6:8:12:16:20,8,1,6,2
5,32,5,32,0,19,1,1,19,0:5,2,10,8,8,1:2:4:7:8:13:16:21,8,1,6,2
5,32,5,32,0,19,1,1,19,0:6,2,10,8,8,1:2:4:7:8:14:16:22,8,1,6,2
5,32,5,32,0,19,1,1,19,0:7,2,10,8,8,1:2:4:5:6:8:15:16,8,1,6,2
5,32,5,32,0,19,1,1,19,0:8,2,10,8,8,1:2:4:9:10:12:16:24,8,1,6,2
5,32,5,32,0,19,1,1,19,0:9,2,10,8,8,1:2:4:8:11:13:16:25,8,1,6,2
5,32,5,32,0,19,1,1,19,0:10,2,10,8,8,1:2:4:8:11:14:16:26,8,1,6,2
5,32,5,32,0,19,1,1,19,0:11,2,10,8,8,1:2:4:8:9:10:15:16,8,1,6,2
5,32,5,32,0,19,1,1,19,0:12,2,10,8,8,1:2:4:8:13:14:16:28,8,1,6,2
5,32,5,32,0,19,1,1,19,0:13,2,12,10,10,1:2:4:5:8:9:12:15:16:29,10,1,8,2
5,32,5,32,0,19,1,1,19,0:14,2,12,10,10,1:2:4:6:8:10:12:15:16:30,10,1,8,2
5,32,5,32,0,19,1,1,19,0:15,2,12,10,10,1:2:4:7:8:11:13:14:16:31,10,1,8,2
5,32,5,32,0,19,1,1,19,0:16,2,8,6,6,1:2:4:8:20:24,6,1,4,2
5,32,5,32,0,19,1,1,19,0:17,2,9,7,7,1:2:4:8:16:21:25,7,1,5,2
5,32,5,32,0,19,1,1,19,0:18,2,9,7,7,1:2:4:8:16:22:26,7,1,5,2
5,32,5,32,0,19,1,1,19,0:20,2,10,8,8,1:2:4:8:16:21:22:28,8,1,6,2
5,32,5,32,0,19,1,1,19,0:21,2,10,8,8,1:2:4:5:8:16:20:29,8,1,6,2
5,32,5,32,0,19,1,1,19,0:22,2,10,8,8,1:2:4:6:8:16:20:30,8,1,6,2
5,32,5,32,0,19,1,1,19,0:23,2,11,9,9,1:2:4:7:8:16:21:22:31,9,1,7,2
5,32,5,32,0,19,1,1,19,0:24,2,10,8,8,1:2:4:8:16:25:26:28,8,1,6,2
5,32,5,32,0,19,1,1,19,0:25,2,10,8,8,1:2:4:8:9:16:24:29,8,1,6,2
5,32,5,32,0,19,1,1,19,0:26,2,10,8,8,1:2:4:8:10:16:24:30,8,1,6,2
5,32,5,32,0,19,1,1,19,0:27,2,11,9,9,1:2:4:8:11:16:25:26:31,9,1,7,2
5,32,5,32,0,19,1,1,19,0:28,2,12,10,10,1:2:4:8:12:16:20:24:29:30,10,1,8,2
5,32,5,32,0,19,1,1,19,0:29,2,12,10,10,1:2:4:8:13:16:21:25:28:31,10,1,8,2
5,32,5,32,0,19,1,1,19,0:30,2,12,10,10,1:2:4:8:14:16:22:26:28:31,10,1,8,2
5,32,5,32,0,19,1,1,19,0:31,2,10,8,8,1:2:4:8:15:16:29:30,8,1,6,2
5,32,5,32,0,19,1,1,19,1:2,2,7,5,5,0:5:6:9:10,5,1,3,2
5,32,5,32,0,19,1,1,19,1:3,2,8,6,6,0:2:5:7:9:11,6,1,4,2
5,32,5,32,0,19,1,1,19,1:4,2,8,6,6,0:5:6:9:12:20,6,1,4,2
5,32,5,32,0,19,1,1,19,1:5,2,8,6,6,0:4:7:9:13:21,6,1,4,2
5,32,5,32,0,19,1,1,19,1:6,2,10,8,8,0:2:4:5:7:9:14:22,8,1,6,2
5,32,5,32,0,19,1,1,19,1:7,2,7,5,5,0:5:6:9:15,5,1,3,2
5,32,5,32,0,19,1,1,19,1:8,2,8,6,6,0:5:9:10:12:24,6,1,4,2
5,32,5,32,0,19,1,1,19,1:9,2,8,6,6,0:5:8:11:13:25,6,1,4,2
5,32,5,32,0,19,1,1,19,1:10,2,10,8,8,0:2:5:8:9:11:14:26,8,1,6,2
5,32,5,32,0,19,1,1,19,1:11,2,7,5,5,0:5:9:10:15,5,1,3,2
5,32,5,32,0,20,0,0,,,1,1,0,0,,0,0,0,0
5,32,5,32,0,20,0,1,,0,2,5,3,3,1:2:8,3,1,1,2
5,32,5,32,0,20,0,1,,1,2,7,5,5,0:3:5:9:17,5,1,3,2
5,32,5,32,0,20,0,1,,2,2,7,5,5,0:3:6:10:18,5,1,3,2
5,32,5,32,0,20,0,1,,3,2,7,5,5,1:2:7:11:19,5,1,3,2
5,32,5,32,0,20,0,1,,4,2,6,4,4,0:5:6:12,4,1,2,2
5,32,5,32,0,20,0,1,,5,2,5,3,3,1:7:13,3,1,1,2
5,32,5,32,0,20,0,1,,6,2,5,3,3,2:7:14,3,1,1,2
5,32,5,32,0,20,0,1,,7,2,7,5,5,3:5:6:15:23,5,1,3,2
5,32,5,32,0,20,0,1,,8,2,7,5,5,0:9:10:12:24,5,1,3,2
5,32,5,32,0,20,0,1,,9,2,7,5,5,1:8:11:13:25,5,1,3,2
5,32,5,32,0,20,0,1,,10,2,7,5,5,2:8:11:14:26,5,1,3,2
5,32,5,32,0,20,0,1,,11,2,7,5,5,3:9:10:15:27,5,1,3,2
5,32,5,32,0,20,0,1,,12,2,5,3,3,8:13:14,3,1,1,2
5,32,5,32,0,20,0,1,,13,2,7,5,5,5:9:12:15:29,5,1,3,2
5,32,5,32,0,20,0,1,,14,2,7,5,5,6:10:12:15:30,5,1,3,2
5,32,5,32,0,20,0,1,,15,2,7,5,5,7:11:13:14:31,5,1,3,2
5,32,5,32,0,20,0,1,,16,2,6,4,4,0:17:18:24,4,1,2,2
5,32,5,32,0,20,0,1,,17,2,5,3,3,1:19:25,3,1,1,2
5,32,5,32,0,20,0,1,,18,2,5,3,3,2:19:26,3,1,1,2
5,32,5,32,0,20,0,1,,19,2,7,5,5,3:17:18:23:27,5,1,3,2
5,32,5,32,0,20,0,1,,21,2,6,4,4,5:17:23:29,4,1,2,2
5,32,5,32,0,20,0,1,,22,2,6,4,4,6:18:23:30,4,1,2,2
5,32,5,32,0,20,0,1,,23,2,5,3,3,7:19:31,3,1,1,2
5,32,5,32,0,20,0,1,,24,2,5,3,3,8:25:26,3,1,1,2
5,32,5,32,0,20,0,1,,25,2,7,5,5,9:17:24:27:29,5,1,3,2
5,32,5,32,0,20,0,1,,26,2,7,5,5,10:18:24:27:30,5,1,3,2
5,32,5,32,0,20,0,1,,27,2,7,5,5,11:19:25:26:31,5,1,3,2
5,32,5,32,0,20,0,1,,28,2,6,4,4,12:24:29:30,4,1,2,2
5,32,5,32,0,20,0,1,,29,2,5,3,3,13:25:31,3,1,1,2
5,32,5,32,0,20,0,1,,30,2,5,3,3,14:26:31,3,1,1,2
5,32,5,32,0,20,0,1,,31,2,7,5,5,15:23:27:29:30,5,1,3,2
5,32,5,32,0,20,1,0,20,0,1,4,3,3,1:2:8,3,0,2,1
5,32,5,32,0,20,1,0,20,1,1,6,5,5,0:3:5:9:17,5,0,4,1
5,32,5,32,0,20,1,0,20,2,1,6,5,5,0:3:6:10:18,5,0,4,1
5,32,5,32,0,20,1,0,20,3,1,6,5,5,1:2:7:11:19,5,0,4,1
5,32,5,32,0,20,1,0,20,4,1,5,4,4,0:5:6:12,4,0,3,1
5,32,5,32,0,20,1,0,20,5,1,4,3,3,1:7:13,3,0,2,1
5,32,5,32,0,20,1,0,20,6,1,4,3,3,2:7:14,3,0,2,1
5,32,5,32,0,20,1,0,20,7,1,6,5,5,3:5:6:15:23,5,0,4,1
5,32,5,32,0,20,1,0,20,8,1,6,5,5,0:9:10:12:24,5,0,4,1
5,32,5,32,0,20,1,0,20,9,1,6,5,5,1:8:11:13:25,5,0,4,1
5,32,5,32,0,20,1,0,20,10,1,6,5,5,2:8:11:14:26,5,0,4,1
5,32,5,32,0,20,1,0,20,11,1,6,5,5,3:9:10:15:27,5,0,4,1
5,32,5,32,0,20,1,0,20,12,1,4,3,3,8:13:14,3,0,2,1
5,32,5,32,0,20,1,0,20,13,1,6,5,5,5:9:12:15:29,5,0,4,1
5,32,5,32,0,20,1,0,20,14,1,6,5,5,6:10:12:15:30,5,0,4,1
5,32,5,32,0,20,1,0,20,15,1,6,5,5,7:11:13:14:31,5,0,4,1
5,32,5,32,0,20,1,0,20,16,1,5,4,4,0:17:18:24,4,0,3,1
5,32,5,32,0,20,1,0,20,17,1,4,3,3,1:19:25,3,0,2,1
5,32,5,32,0,20,1,0,20,18,1,4,3,3,2:19:26,3,0,2,1
5,32,5,32,0,20,1,0,20,19,1,6,5,5,3:17:18:23:27,5,0,4,1
5,32,5,32,0,20,1,0,20,21,1,5,4,4,5:17:23:29,4,0,3,1
5,32,5,32,0,20,1,0,20,22,1,5,4,4,6:18:23:30,4,0,3,1
5,32,5,32,0,20,1,0,20,23,1,4,3,3,7:19:31,3,0,2,1
5,32,5,32,0,20,1,0,20,24,1,4,3,3,8:25:26,3,0,2,1
5,32,5,32,0,20,1,0,20,25,1,6,5,5,9:17:24:27:29,5,0,4,1
5,32,5,32,0,20,1,0,20,26,1,6,5,5,10:18:24:27:30,5,0,4,1
5,32,5,32,0,20,1,0,20,27,1,6,5,5,11:19:25:26:31,5,0,4,1
5,32,5,32,0,20,1,0,20,28,1,5,4,4,12:24:29:30,4,0,3,1
5,32,5,32,0,20,1,0,20,29,1,4,3,3,13:25:31,3,0,2,1
5,32,5,32,0,20,1,0,20,30,1,4,3,3,14:26:31,3,0,2,1
5,32,5,32,0,20,1,0,20,31,1,6,5,5,15:23:27:29:30,5,0,4,1
5,32,5,32,0,20,1,1,20,0:1,2,8,6,6,2:3:5:8:9:17,6,1,4,2
5,32,5,32,0,20,1,1,20,0:2,2,8,6,6,1:3:6:8:10:18,6,1,4,2
5,32,5,32,0,20,1,1,20,0:3,2,8,6,6,1:2:7:8:11:19,6,1,4,2
5,32,5,32,0,20,1,1,20,0:4,2,8,6,6,1:2:5:6:8:12,6,1,4,2
5,32,5,32,0,20,1,1,20,0:5,2,7,5,5,1:2:7:8:13,5,1,3,2
5,32,5,32,0,20,1,1,20,0:6,2,7,5,5,1:2:7:8:14,5,1,3,2
5,32,5,32,0,20,1,1,20,0:7,2,10,8,8,1:2:3:5:6:8:15:23,8,1,6,2
5,32,5,32,0,20,1,1,20,0:8,2,8,6,6,1:2:9:10:12:24,6,1,4,2
5,32,5,32,0,20,1,1,20,0:9,2,8,6,6,1:2:8:11:13:25,6,1,4,2
5,32,5,32,0,20,1,1,20,0:10,2,8,6,6,1:2:8:11:14:26,6,1,4,2
5,32,5,32,0,20,1,1,20,0:11,2,10,8,8,1:2:3:8:9:10:15:27,8,1,6,2
5,32,5,32,0,20,1,1,20,0:12,2,7,5,5,1:2:8:13:14,5,1,3,2
5,32,5,32,0,20,1,1,20,0:13,2,10,8,8,1:2:5:8:9:12:15:29,8,1,6,2
5,32,5,32,0,20,1,1,20,0:14,2,10,8,8,1:2:6:8:10:12:15:30,8,1,6,2
5,32,5,32,0,20,1,1,20,0:15,2,10,8,8,1:2:7:8:11:13:14:31,8,1,6,2
5,32,5,32,0,20,1,1,20,0:16,2,8,6,6,1:2:8:17:18:24,6,1,4,2
5,32,5,32,0,20,1,1,20,0:17,2,7,5,5,1:2:8:19:25,5,1,3,2
5,32,5,32,0,20,1,1,20,0:18,2,7,5,5,1:2:8:19:26,5,1,3,2
5,32,5,32,0,20,1,1,20,0:19,2,10,8,8,1:2:3:8:17:18:23:27,8,1,6,2
5,32,5,32,0,20,1,1,20,0:21,2,9,7,7,1:2:5:8:17:23:29,7,1,5,2
5,32,5,32,0,20,1,1,20,0:22,2,9,7,7,1:2:6:8:18:23:30,7,1,5,2
5,32,5,32,0,20,1,1,20,0:23,2,8,6,6,1:2:7:8:19:31,6,1,4,2
5,32,5,32,0,20,1,1,20,0:24,2,7,5,5,1:2:8:25:26,5,1,3,2
5,32,5,32,0,20,1,1,20,0:25,2,10,8,8,1:2:8:9:17:24:27:29,8,1,6,2
5,32,5,32,0,20,1,1,20,0:26,2,10,8,8,1:2:8:10:18:24:27:30,8,1,6,2
5,32,5,32,0,20,1,1,20,0:27,2,10,8,8,1:2:8:11:19:25:26:31,8,1,6,2
5,32,5,32,0,20,1,1,20,0:28,2,9,7,7,1:2:8:12:24:29:30,7,1,5,2
5,32,5,32,0,20,1,1,20,0:29,2,8,6,6,1:2:8:13:25:31,6,1,4,2
5,32,5,32,0,20,1,1,20,0:30,2,8,6,6,1:2:8:14:26:31,6,1,4,2
5,32,5,32,0,20,1,1,20,0:31,2,10,8,8,1:2:8:15:23:27:29:30,8,1,6,2
5,32,5,32,0,20,1,1,20,1:2,2,10,8,8,0:3:5:6:9:10:17:18,8,1,6,2
5,32,5,32,0,20,1,1,20,1:3,2,10,8,8,0:2:5:7:9:11:17:19,8,1,6,2
5,32,5,32,0,20,1,1,20,1:4,2,9,7,7,0:3:5:6:9:12:17,7,1,5,2
5,32,5,32,0,20,1,1,20,1:5,2,8,6,6,0:3:7:9:13:17,6,1,4,2
5,32,5,32,0,20,1,1,20,1:6,2,10,8,8,0:2:3:5:7:9:14:17,8,1,6,2
5,32,5,32,0,20,1,1,20,1:7,2,10,8,8,0:3:5:6:9:15:17:23,8,1,6,2
5,32,5,32,0,20,1,1,20,1:8,2,10,8,8,0:3:5:9:10:12:17:24,8,1,6,2
5,32,5,32,0,20,1,1,20,1:9,2,10,8,8,0:3:5:8:11:13:17:25,8,1,6,2
5,32,5,32,0,20,1,1,20,1:10,2,12,10,10,0:2:3:5:8:9:11:14:17:26,10,1,8,2
5,32,5,32,0,20,1,1,20,1:11,2,10,8,8,0:3:5:9:10:15:17:27,8,1,6,2
5,32,5,32,0,21,0,0,,,1,1,0,0,,0,0,0,0
5,32,5,32,0,21,0,1,,0,2,7,5,5,1:2:4:8:16,5,1,3,2
5,32,5,32,0,21,0,1,,1,2,5,3,3,0:3:9,3,1,1,2
5,32,5,32,0,21,0,1,,2,2,7,5,5,0:3:6:10:18,5,1,3,2
5,32,5,32,0,21,0,1,,3,2,7,5,5,1:2:7:11:19,5,1,3,2
5,32,5,32,0,21,0,1,,4,2,5,3,3,0:6:12,3,1,1,2
5,32,5,32,0,21,0,1,,5,2,6,4,4,1:4:7:13,4,1,2,2
5,32,5,32,0,21,0,1,,6,2,7,5,5,2:4:7:14:22,5,1,3,2
5,32,5,32,0,21,0,1,,7,2,5,3,3,3:6:15,3,1,1,2
5,32,5,32,0,21,0,1,,8,2,7,5,5,0:9:10:12:24,5,1,3,2
5,32,5,32,0,21,0,1,,9,2,7,5,5,1:8:11:13:25,5,1,3,2
5,32,5,32,0,21,0,1,,10,2,7,5,5,2:8:11:14:26,5,1,3,2
5,32,5,32,0,21,0,1,,11,2,7,5,5,3:9:10:15:27,5,1,3,2
5,32,5,32,0,21,0,1,,12,2,7,5,5,4:8:13:14:28,5,1,3,2
5,32,5,32,0,21,0,1,,13,2,5,3,3,9:12:15,3,1,1,2
5,32,5,32,0,21,0,1,,14,2,7,5,5,6:10:12:15:30,5,1,3,2
5,32,5,32,0,21,0,1,,15,2,7,5,5,7:11:13:14:31,5,1,3,2
5,32,5,32,0,21,0,1,,16,2,5,3,3,0:18:24,3,1,1,2
5,32,5,32,0,21,0,1,,17,2,6,4,4,1:16:19:25,4,1,2,2
5,32,5,32,0,21,0,1,,18,2,7,5,5,2:16:19:22:26,5,1,3,2
5,32,5,32,0,21,0,1,,19,2,5,3,3,3:18:27,3,1,1,2
5,32,5,32,0,21,0,1,,20,2,6,4,4,4:16:22:28,4,1,2,2
5,32,5,32,0,21,0,1,,22,2,5,3,3,6:18:30,3,1,1,2
5,32,5,32,0,21,0,1,,23,2,6,4,4,7:19:22:31,4,1,2,2
5,32,5,32,0,21,0,1,,24,2,7,5,5,8:16:25:26:28,5,1,3,2
5,32,5,32,0,21,0,1,,25,2,5,3,3,9:24:27,3,1,1,2
5,32,5,32,0,21,0,1,,26,2,7,5,5,10:18:24:27:30,5,1,3,2
5,32,5,32,0,21,0,1,,27,2,7,5,5,11:19:25:26:31,5,1,3,2
5,32,5,32,0,21,0,1,,28,2,5,3,3,12:24:30,3,1,1,2
5,32,5,32,0,21,0,1,,29,2,6,4,4,13:25:28:31,4,1,2,2
5,32,5,32,0,21,0,1,,30,2,7,5,5,14:22:26:28:31,5,1,3,2
5,32,5,32,0,21,0,1,,31,2,5,3,3,15:27:30,3,1,1,2
5,32,5,32,0,21,1,0,21,0,1,6,5,5,1:2:4:8:16,5,0,4,1
5,32,5,32,0,21,1,0,21,1,1,4,3,3,0:3:9,3,0,2,1
5,32,5,32,0,21,1,0,21,2,1,6,5,5,0:3:6:10:18,5,0,4,1
5,32,5,32,0,21,1,0,21,3,1,6,5,5,1:2:7:11:19,5,0,4,1
5,32,5,32,0,21,1,0,21,4,1,4,3,3,0:6:12,3,0,2,1
5,32,5,32,0,21,1,0,21,5,1,5,4,4,1:4:7:13,4,0,3,1
5,32,5,32,0,21,1,0,21,6,1,6,5,5,2:4:7:14:22,5,0,4,1
5,32,5,32,0,21,1,0,21,7,1,4,3,3,3:6:15,3,0,2,1
5,32,5,32,0,21,1,0,21,8,1,6,5,5,0:9:10:12:24,5,0,4,1
5,32,5,32,0,21,1,0,21,9,1,6,5,5,1:8:11:13:25,5,0,4,1
5,32,5,32,0,21,1,0,21,10,1,6,5,5,2:8:11:14:26,5,0,4,1
5,32,5,32,0,21,1,0,21,11,1,6,5,5,3:9:10:15:27,5,0,4,1
5,32,5,32,0,21,1,0,21,12,1,6,5,5,4:8:13:14:28,5,0,4,1
5,32,5,32,0,21,1,0,21,13,1,4,3,3,9:12:15,3,0,2,1
5,32,5,32,0,21,1,0,21,14,1,6,5,5,6:10:12:15:30,5,0,4,1
5,32,5,32,0,21,1,0,21,15,1,6,5,5,7:11:13:14:31,5,0,4,1
5,32,5,32,0,21,1,0,21,16,1,4,3,3,0:18:24,3,0,2,1
5,32,5,32,0,21,1,0,21,17,1,5,4,4,1:16:19:25,4,0,3,1
5,32,5,32,0,21,1,0,21,18,1,6,5,5,2:16:19:22:26,5,0,4,1
5,32,5,32,0,21,1,0,21,19,1,4,3,3,3:18:27,3,0,2,1
5,32,5,32,0,21,1,0,21,20,1,5,4,4,4:16:22:28,4,0,3,1
5,32,5,32,0,21,1,0,21,22,1,4,3,3,6:18:30,3,0,2,1
5,32,5,32,0,21,1,0,21,23,1,5,4,4,7:19:22:31,4,0,3,1
5,32,5,32,0,21,1,0,21,24,1,6,5,5,8:16:25:26:28,5,0,4,1
5,32,5,32,0,21,1,0,21,25,1,4,3,3,9:24:27,3,0,2,1
5,32,5,32,0,21,1,0,21,26,1,6,5,5,10:18:24:27:30,5,0,4,1
5,32,5,32,0,21,1,0,21,27,1,6,5,5,11:19:25:26:31,5,0,4,1
5,32,5,32,0,21,1,0,21,28,1,4,3,3,12:24:30,3,0,2,1
5,32,5,32,0,21,1,0,21,29,1,5,4,4,13:25:28:31,4,0,3,1
5,32,5,32,0,21,1,0,21,30,1,6,5,5,14:22:26:28:31,5,0,4,1
5,32,5,32,0,21,1,0,21,31,1,4,3,3,15:27:30,3,0,2,1
5,32,5,32,0,21,1,1,21,0:1,2,8,6,6,2:3:4:8:9:16,6,1,4,2
5,32,5,32,0,21,1,1,21,0:2,2,10,8,8,1:3:4:6:8:10:16:18,8,1,6,2
5,32,5,32,0,21,1,1,21,0:3,2,10,8,8,1:2:4:7:8:11:16:19,8,1,6,2
5,32,5,32,0,21,1,1,21,0:4,2,8,6,6,1:2:6:8:12:16,6,1,4,2
5,32,5,32,0,21,1,1,21,0:5,2,9,7,7,1:2:4:7:8:13:16,7,1,5,2
5,32,5,32,0,21,1,1,21,0:6,2,10,8,8,1:2:4:7:8:14:16:22,8,1,6,2
5,32,5,32,0,21,1,1,21,0:7,2,10,8,8,1:2:3:4:6:8:15:16,8,1,6,2
5,32,5,32,0,21,1,1,21,0:8,2,10,8,8,1:2:4:9:10:12:16:24,8,1,6,2
5,32,5,32,0,21,1,1,21,0:9,2,10,8,8,1:2:4:8:11:13:16:25,8,1,6,2
5,32,5,32,0,21,1,1,21,0:10,2,10,8,8,1:2:4:8:11:14:16:26,8,1,6,2
5,32,5,32,0,21,1,1,21,0:11,2,12,10,10,1:2:3:4:8:9:10:15:16:27,10,1,8,2
5,32,5,32,0,21,1,1,21,0:12,2,10,8,8,1:2:4:8:13:14:16:28,8,1,6,2
5,32,5,32,0,21,1,1,21,0:13,2,10,8,8,1:2:4:8:9:12:15:16,8,1,6,2
5,32,5,32,0,21,1,1,21,0:14,2,12,10,10,1:2:4:6:8:10:12:15:16:30,10,1,8,2
5,32,5,32,0,21,1,1,21,0:15,2,12,10,10,1:2:4:7:8:11:13:14:16:31,10,1,8,2
5,32,5,32,0,21,1,1,21,0:16,2,8,6,6,1:2:4:8:18:24,6,1,4,2
5,32,5,32,0,21,1,1,21,0:17,2,9,7,7,1:2:4:8:16:19:25,7,1,5,2
5,32,5,32,0,21,1,1,21,0:18,2,10,8,8,1:2:4:8:16:19:22:26,8,1,6,2
5,32,5,32,0,21,1,1,21,0:19,2,10,8,8,1:2:3:4:8:16:18:27,8,1,6,2
5,32,5,32,0,21,1,1,21,0:20,2,9,7,7,1:2:4:8:16:22:28,7,1,5,2
5,32,5,32,0,21,1,1,21,0:22,2,10,8,8,1:2:4:6:8:16:18:30,8,1,6,2
5,32,5,32,0,21,1,1,21,0:23,2,11,9,9,1:2:4:7:8:16:19:22:31,9,1,7,2
5,32,5,32,0,21,1,1,21,0:24,2,10,8,8,1:2:4:8:16:25:26:28,8,1,6,2
5,32,5,32,0,21,1,1,21,0:25,2,10,8,8,1:2:4:8:9:16:24:27,8,1,6,2
5,32,5,32,0,21,1,1,21,0:26,2,12,10,10,1:2:4:8:10:16:18:24:27:30,10,1,8,2
5,32,5,32,0,21,1,1,21,0:27,2,12,10,10,1:2:4:8:11:16:19:25:26:31,10,1,8,2
5,32,5,32,0,21,1,1,21,0:28,2,10,8,8,1:2:4:8:12:16:24:30,8,1,6,2
5,32,5,32,0,21,1,1,21,0:29,2,11,9,9,1:2:4:8:13:16:25:28:31,9,1,7,2
5,32,5,32,0,21,1,1,21,0:30,2,12,10,10,1:2:4:8:14:16:22:26:28:31,10,1,8,2
5,32,5,32,0,21,1,1,21,0:31,2,10,8,8,1:2:4:8:15:16:27:30,8,1,6,2
5,32,5,32,0,21,1,1,21,1:2,2,8,6,6,0:3:6:9:10:18,6,1,4,2
5,32,5,32,0,21,1,1,21,1:3,2,8,6,6,0:2:7:9:11:19,6,1,4,2
5,32,5,32,0,21,1,1,21,1:4,2,7,5,5,0:3:6:9:12,5,1,3,2
5,32,5,32,0,21,1,1,21,1:5,2,8,6,6,0:3:4:7:9:13,6,1,4,2
5,32,5,32,0,21,1,1,21,1:6,2,10,8,8,0:2:3:4:7:9:14:22,8,1,6,2
5,32,5,32,0,21,1,1,21,1:7,2,7,5,5,0:3:6:9:15,5,1,3,2
5,32,5,32,0,21,1,1,21,1:8,2,8,6,6,0:3:9:10:12:24,6,1,4,2
5,32,5,32,0,21,1,1,21,1:9,2,8,6,6,0:3:8:11:13:25,6,1,4,2
5,32,5,32,0,21,1,1,21,1:10,2,10,8,8,0:2:3:8:9:11:14:26,8,1,6,2
5,32,5,32,0,21,1,1,21,1:11,2,8,6,6,0:3:9:10:15:27,6,1,4,2
5,32,5,32,0,22,0,0,,,1,1,0,0,,0,0,0,0
5,32,5,32,0,22,0,1,,0,2,7,5,5,1:2:4:8:16,5,1,3,2
5,32,5,32,0,22,0,1,,1,2,7,5,5,0:3:5:9:17,5,1,3,2
5,32,5,32,0,22,0,1,,2,2,5,3,3,0:3:10,3,1,1,2
5,32,5,32,0,22,0,1,,3,2,7,5,5,1:2:7:11:19,5,1,3,2
5,32,5,32,0,22,0,1,,4,2,5,3,3,0:5:12,3,1,1,2
5,32,5,32,0,22,0,1,,5,2,7,5,5,1:4:7:13:21,5,1,3,2
5,32,5,32,0,22,0,1,,6,2,6,4,4,2:4:7:14,4,1,2,2
5,32,5,32,0,22,0,1,,7,2,5,3,3,3:5:15,3,1,1,2
5,32,5,32,0,22,0,1,,8,2,7,5,5,0:9:10:12:24,5,1,3,2
5,32,5,32,0,22,0,1,,9,2,7,5,5,1:8:11:13:25,5,1,3,2
5,32,5,32,0,22,0,1,,10,2,7,5,5,2:8:11:14:26,5,1,3,2
5,32,5,32,0,22,0,1,,11,2,7,5,5,3:9:10:15:27,5,1,3,2
5,32,5,32,0,22,0,1,,12,2,7,5,5,4:8:13:14:28,5,1,3,2
5,32,5,32,0,22,0,1,,13,2,7,5,5,5:9:12:15:29,5,1,3,2
5,32,5,32,0,22,0,1,,14,2,5,3,3,10:12:15,3,1,1,2
5,32,5,32,0,22,0,1,,15,2,7,5,5,7:11:13:14:31,5,1,3,2
5,32,5,32,0,22,0,1,,16,2,5,3,3,0:17:24,3,1,1,2
5,32,5,32,0,22,0,1,,17,2,7,5,5,1:16:19:21:25,5,1,3,2
5,32,5,32,0,22,0,1,,18,2,6,4,4,2:16:19:26,4,1,2,2
5,32,5,32,0,22,0,1,,19,2,5,3,3,3:17:27,3,1,1,2
5,32,5,32,0,22,0,1,,20,2,6,4,4,4:16:21:28,4,1,2,2
5,32,5,32,0,22,0,1,,21,2,5,3,3,5:17:29,3,1,1,2
5,32,5,32,0,22,0,1,,23,2,6,4,4,7:19:21:31,4,1,2,2
5,32,5,32,0,22,0,1,,24,2,7,5,5,8:16:25:26:28,5,1,3,2
5,32,5,32,0,22,0,1,,25,2,7,5,5,9:17:24:27:29,5,1,3,2
5,32,5,32,0,22,0,1,,26,2,5,3,3,10:24:27,3,1,1,2
5,32,5,32,0,22,0,1,,27,2,7,5,5,11:19:25:26:31,5,1,3,2
5,32,5,32,0,22,0,1,,28,2,5,3,3,12:24:29,3,1,1,2
5,32,5,32,0,22,0,1,,29,2,7,5,5,13:21:25:28:31,5,1,3,2
5,32,5,32,0,22,0,1,,30,2,6,4,4,14:26:28:31,4,1,2,2
5,32,5,32,0,22,0,1,,31,2,5,3,3,15:27:29,3,1,1,2
5,32,5,32,0,22,1,0,22,0,1,6,5,5,1:2:4:8:16,5,0,4,1
5,32,5,32,0,22,1,0,22,1,1,6,5,5,0:3:5:9:17,5,0,4,1
5,32,5,32,0,22,1,0,22,2,1,4,3,3,0:3:10,3,0,2,1
5,32,5,32,0,22,1,0,22,3,1,6,5,5,1:2:7:11:19,5,0,4,1
5,32,5,32,0,22,1,0,22,4,1,4,3,3,0:5:12,3,0,2,1
5,32,5,32,0,22,1,0,22,5,1,6,5,5,1:4:7:13:21,5,0,4,1
5,32,5,32,0,22,1,0,22,6,1,5,4,4,2:4:7:14,4,0,3,1
5,32,5,32,0,22,1,0,22,7,1,4,3,3,3:5:15,3,0,2,1
5,32,5,32,0,22,1,0,22,8,1,6,5,5,0:9:10:12:24,5,0,4,1
5,32,5,32,0,22,1,0,22,9,1,6,5,5,1:8:11:13:25,5,0,4,1
5,32,5,32,0,22,1,0,22,10,1,6,5,5,2:8:11:14:26,5,0,4,1
5,32,5,32,0,22,1,0,22,11,1,6,5,5,3:9:10:15:27,5,0,4,1
5,32,5,32,0,22,1,0,22,12,1,6,5,5,4:8:13:14:28,5,0,4,1
5,32,5,32,0,22,1,0,22,13,1,6,5,5,5:9:12:15:29,5,0,4,1
5,32,5,32,0,22,1,0,22,14,1,4,3,3,10:12:15,3,0,2,1
5,32,5,32,0,22,1,0,22,15,1,6,5,5,7:11:13:14:31,5,0,4,1
5,32,5,32,0,22,1,0,22,16,1,4,3,3,0:17:24,3,0,2,1
5,32,5,32,0,22,1,0,22,17,1,6,5,5,1:16:19:21:25,5,0,4,1
5,32,5,32,0,22,1,0,22,18,1,5,4,4,2:16:19:26,4,0,3,1
5,32,5,32,0,22,1,0,22,19,1,4,3,3,3:17:27,3,0,2,1
5,32,5,32,0,22,1,0,22,20,1,5,4,4,4:16:21:28,4,0,3,1
5,32,5,32,0,22,1,0,22,21,1,4,3,3,5:17:29,3,0,2,1
5,32,5,32,0,22,1,0,22,23,1,5,4,4,7:19:21:31,4,0,3,1
5,32,5,32,0,22,1,0,22,24,1,6,5,5,8:16:25:26:28,5,0,4,1
5,32,5,32,0,22,1,0,22,25,1,6,5,5,9:17:24:27:29,5,0,4,1
5,32,5,32,0,22,1,0,22,26,1,4,3,3,10:24:27,3,0,2,1
5,32,5,32,0,22,1,0,22,27,1,6,5,5,11:19:25:26:31,5,0,4,1
5,32,5,32,0,22,1,0,22,28,1,4,3,3,12:24:29,3,0,2,1
5,32,5,32,0,22,1,0,22,29,1,6,5,5,13:21:25:28:31,5,0,4,1
5,32,5,32,0,22,1,0,22,30,1,5,4,4,14:26:28:31,4,0,3,1
5,32,5,32,0,22,1,0,22,31,1,4,3,3,15:27:29,3,0,2,1
5,32,5,32,0,22,1,1,22,0:1,2,10,8,8,2:3:4:5:8:9:16:17,8,1,6,2
5,32,5,32,0,22,1,1,22,0:2,2,8,6,6,1:3:4:8:10:16,6,1,4,2
5,32,5,32,0,22,1,1,22,0:3,2,10,8,8,1:2:4:7:8:11:16:19,8,1,6,2
5,32,5,32,0,22,1,1,22,0:4,2,8,6,6,1:2:5:8:12:16,6,1,4,2
5,32,5,32,0,22,1,1,22,0:5,2,10,8,8,1:2:4:7:8:13:16:21,8,1,6,2
5,32,5,32,0,22,1,1,22,0:6,2,9,7,7,1:2:4:7:8:14:16,7,1,5,2
5,32,5,32,0,22,1,1,22,0:7,2,10,8,8,1:2:3:4:5:8:15:16,8,1,6,2
5,32,5,32,0,22,1,1,22,0:8,2,10,8,8,1:2:4:9:10:12:16:24,8,1,6,2
5,32,5,32,0,22,1,1,22,0:9,2,10,8,8,1:2:4:8:11:13:16:25,8,1,6,2
5,32,5,32,0,22,1,1,22,0:10,2,10,8,8,1:2:4:8:11:14:16:26,8,1,6,2
5,32,5,32,0,22,1,1,22,0:11,2,12,10,10,1:2:3:4:8:9:10:15:16:27,10,1,8,2
5,32,5,32,0,22,1,1,22,0:12,2,10,8,8,1:2:4:8:13:14:16:28,8,1,6,2
5,32,5,32,0,22,1,1,22,0:13,2,12,10,10,1:2:4:5:8:9:12:15:16:29,10,1,8,2
5,32,5,32,0,22,1,1,22,0:14,2,10,8,8,1:2:4:8:10:12:15:16,8,1,6,2
5,32,5,32,0,22,1,1,22,0:15,2,12,10,10,1:2:4:7:8:11:13:14:16:31,10,1,8,2
5,32,5,32,0,22,1,1,22,0:16,2,8,6,6,1:2:4:8:17:24,6,1,4,2
5,32,5,32,0,22,1,1,22,0:17,2,10,8,8,1:2:4:8:16:19:21:25,8,1,6,2
5,32,5,32,0,22,1,1,22,0:18,2,9,7,7,1:2:4:8:16:19:26,7,1,5,2
5,32,5,32,0,22,1,1,22,0:19,2,10,8,8,1:2:3:4:8:16:17:27,8,1,6,2
5,32,5,32,0,22,1,1,22,0:20,2,9,7,7,1:2:4:8:16:21:28,7,1,5,2
5,32,5,32,0,22,1,1,22,0:21,2,10,8,8,1:2:4:5:8:16:17:29,8,1,6,2
5,32,5,32,0,22,1,1,22,0:23,2,11,9,9,1:2:4:7:8:16:19:21:31,9,1,7,2
5,32,5,32,0,22,1,1,22,0:24,2,10,8,8,1:2:4:8:16:25:26:28,8,1,6,2
5,32,5,32,0,22,1,1,22,0:25,2,12,10,10,1:2:4:8:9:16:17:24:27:29,10,1,8,2
5,32,5,32,0,22,1,1,22,0:26,2,10,8,8,1:2:4:8:10:16:24:27,8,1,6,2
5,32,5,32,0,22,1,1,22,0:27,2,12,10,10,1:2:4:8:11:16:19:25:26:31,10,1,8,2
5,32,5,32,0,22,1,1,22,0:28,2,10,8,8,1:2:4:8:12:16:24:29,8,1,6,2
5,32,5,32,0,22,1,1,22,0:29,2,12,10,10,1:2:4:8:13:16:21:25:28:31,10,1,8,2
5,32,5,32,0,22,1,1,22,0:30,2,11,9,9,1:2:4:8:14:16:26:28:31,9,1,7,2
5,32,5,32,0,22,1,1,22,0:31,2,10,8,8,1:2:4:8:15:16:27:29,8,1,6,2
5,32,5,32,0,22,1,1,22,1:2,2,8,6,6,0:3:5:9:10:17,6,1,4,2
5,32,5,32,0,22,1,1,22,1:3,2,10,8,8,0:2:5:7:9:11:17:19,8,1,6,2
5,32,5,32,0,22,1,1,22,1:4,2,8,6,6,0:3:5:9:12:17,6,1,4,2
5,32,5,32,0,22,1,1,22,1:5,2,10,8,8,0:3:4:7:9:13:17:21,8,1,6,2
5,32,5,32,0,22,1,1,22,1:6,2,11,9,9,0:2:3:4:5:7:9:14:17,9,1,7,2
5,32,5,32,0,22,1,1,22,1:7,2,8,6,6,0:3:5:9:15:17,6,1,4,2
5,32,5,32,0,22,1,1,22,1:8,2,10,8,8,0:3:5:9:10:12:17:24,8,1,6,2
5,32,5,32,0,22,1,1,22,1:9,2,10,8,8,0:3:5:8:11:13:17:25,8,1,6,2
5,32,5,32,0,22,1,1,22,1:10,2,12,10,10,0:2:3:5:8:9:11:14:17:26,10,1,8,2
5,32,5,32,0,22,1,1,22,1:11,2,10,8,8,0:3:5:9:10:15:17:27,8,1,6,2
5,32,5,32,0,23,0,0,,,1,1,0,0,,0,0,0,0
5,32,5,32,0,23,0,1,,0,2,7,5,5,1:2:4:8:16,5,1,3,2
5,32,5,32,0,23,0,1,,1,2,7,5,5,0:3:5:9:17,5,1,3,2
5,32,5,32,0,23,0,1,,2,2,7,5,5,0:3:6:10:18,5,1,3,2
5,32,5,32,0,23,0,1,,3,2,5,3,3,1:2:11,3,1,1,2
5,32,5,32,0,23,0,1,,4,2,7,5,5,0:5:6:12:20,5,1,3,2
5,32,5,32,0,23,0,1,,5,2,5,3,3,1:4:13,3,1,1,2
5,32,5,32,0,23,0,1,,6,2,5,3,3,2:4:14,3,1,1,2
5,32,5,32,0,23,0,1,,7,2,6,4,4,3:5:6:15,4,1,2,2
5,32,5,32,0,23,0,1,,8,2,7,5,5,0:9:10:12:24,5,1,3,2
5,32,5,32,0,23,0,1,,9,2,7,5,5,1:8:11:13:25,5,1,3,2
5,32,5,32,0,23,0,1,,10,2,7,5,5,2:8:11:14:26,5,1,3,2
5,32,5,32,0,23,0,1,,11,2,7,5,5,3:9:10:15:27,5,1,3,2
5,32,5,32,0,23,0,1,,12,2,7,5,5,4:8:13:14:28,5,1,3,2
5,32,5,32,0,23,0,1,,13,2,7,5,5,5:9:12:15:29,5,1,3,2
5,32,5,32,0,23,0,1,,14,2,7,5,5,6:10:12:15:30,5,1,3,2
5,32,5,32,0,23,0,1,,15,2,5,3,3,11:13:14,3,1,1,2
5,32,5,32,0,23,0,1,,16,2,7,5,5,0:17:18:20:24,5,1,3,2
5,32,5,32,0,23,0,1,,17,2,5,3,3,1:16:25,3,1,1,2
5,32,5,32,0,23,0,1,,18,2,5,3,3,2:16:26,3,1,1,2
5,32,5,32,0,23,0,1,,19,2,6,4,4,3:17:18:27,4,1,2,2
5,32,5,32,0,23,0,1,,20,2,5,3,3,4:16:28,3,1,1,2
5,32,5,32,0,23,0,1,,21,2,6,4,4,5:17:20:29,4,1,2,2
5,32,5,32,0,23,0,1,,22,2,6,4,4,6:18:20:30,4,1,2,2
5,32,5,32,0,23,0,1,,24,2,7,5,5,8:16:25:26:28,5,1,3,2
5,32,5,32,0,23,0,1,,25,2,7,5,5,9:17:24:27:29,5,1,3,2
5,32,5,32,0,23,0,1,,26,2,7,5,5,10:18:24:27:30,5,1,3,2
5,32,5,32,0,23,0,1,,27,2,5,3,3,11:25:26,3,1,1,2
5,32,5,32,0,23,0,1,,28,2,7,5,5,12:20:24:29:30,5,1,3,2
5,32,5,32,0,23,0,1,,29,2,5,3,3,13:25:28,3,1,1,2
5,32,5,32,0,23,0,1,,30,2,5,3,3,14:26:28,3,1,1,2
5,32,5,32,0,23,0,1,,31,2,6,4,4,15:27:29:30,4,1,2,2
5,32,5,32,0,23,1,0,23,0,1,6,5,5,1:2:4:8:16,5,0,4,1
5,32,5,32,0,23,1,0,23,1,1,6,5,5,0:3:5:9:17,5,0,4,1
5,32,5,32,0,23,1,0,23,2,1,6,5,5,0:3:6:10:18,5,0,4,1
5,32,5,32,0,23,1,0,23,3,1,4,3,3,1:2:11,3,0,2,1
5,32,5,32,0,23,1,0,23,4,1,6,5,5,0:5:6:12:20,5,0,4,1
5,32,5,32,0,23,1,0,23,5,1,4,3,3,1:4:13,3,0,2,1
5,32,5,32,0,23,1,0,23,6,1,4,3,3,2:4:14,3,0,2,1
5,32,5,32,0,23,1,0,23,7,1,5,4,4,3:5:6:15,4,0,3,1
5,32,5,32,0,23,1,0,23,8,1,6,5,5,0:9:10:12:24,5,0,4,1
5,32,5,32,0,23,1,0,23,9,1,6,5,5,1:8:11:13:25,5,0,4,1
5,32,5,32,0,23,1,0,23,10,1,6,5,5,2:8:11:14:26,5,0,4,1
5,32,5,32,0,23,1,0,23,11,1,6,5,5,3:9:10:15:27,5,0,4,1
5,32,5,32,0,23,1,0,23,12,1,6,5,5,4:8:13:14:28,5,0,4,1
5,32,5,32,0,23,1,0,23,13,1,6,5,5,5:9:12:15:29,5,0,4,1
5,32,5,32,0,23,1,0,23,14,1,6,5,5,6:10:12:15:30,5,0,4,1
5,32,5,32,0,23,1,0,23,15,1,4,3,3,11:13:14,3,0,2,1
5,32,5,32,0,23,1,0,23,16,1,6,5,5,0:17:18:20:24,5,0,4,1
5,32,5,32,0,23,1,0,23,17,1,4,3,3,1:16:25,3,0,2,1
5,32,5,32,0,23,1,0,23,18,1,4,3,3,2:16:26,3,0,2,1
5,32,5,32,0,23,1,0,23,19,1,5,4,4,3:17:18:27,4,0,3,1
5,32,5,32,0,23,1,0,23,20,1,4,3,3,4:16:28,3,0,2,1
5,32,5,32,0,23,1,0,23,21,1,5,4,4,5:17:20:29,4,0,3,1
5,32,5,32,0,23,1,0,23,22,1,5,4,4,6:18:20:30,4,0,3,1
5,32,5,32,0,23,1,0,23,24,1,6,5,5,8:16:25:26:28,5,0,4,1
5,32,5,32,0,23,1,0,23,25,1,6,5,5,9:17:24:27:29,5,0,4,1
5,32,5,32,0,23,1,0,23,26,1,6,5,5,10:18:24:27:30,5,0,4,1
5,32,5,32,0,23,1,0,23,27,1,4,3,3,11:25:26,3,0,2,1
5,32,5,32,0,23,1,0,23,28,1,6,5,5,12:20:24:29:30,5,0,4,1
5,32,5,32,0,23,1,0,23,29,1,4,3,3,13:25:28,3,0,2,1
5,32,5,32,0,23,1,0,23,30,1,4,3,3,14:26:28,3,0,2,1
5,32,5,32,0,23,1,0,23,31,1,5,4,4,15:27:29:30,4,0,3,1
5,32,5,32,0,23,1,1,23,0:1,2,10,8,8,2:3:4:5:8:9:16:17,8,1,6,2
5,32,5,32,0,23,1,1,23,0:2,2,10,8,8,1:3:4:6:8:10:16:18,8,1,6,2
5,32,5,32,0,23,1,1,23,0:3,2,8,6,6,1:2:4:8:11:16,6,1,4,2
5,32,5,32,0,23,1,1,23,0:4,2,10,8,8,1:2:5:6:8:12:16:20,8,1,6,2
5,32,5,32,0,23,1,1,23,0:5,2,8,6,6,1:2:4:8:13:16,6,1,4,2
5,32,5,32,0,23,1,1,23,0:6,2,8,6,6,1:2:4:8:14:16,6,1,4,2
5,32,5,32,0,23,1,1,23,0:7,2,11,9,9,1:2:3:4:5:6:8:15:16,9,1,7,2
5,32,5,32,0,23,1,1,23,0:8,2,10,8,8,1:2:4:9:10:12:16:24,8,1,6,2
5,32,5,32,0,23,1,1,23,0:9,2,10,8,8,1:2:4:8:11:13:16:25,8,1,6,2
5,32,5,32,0,23,1,1,23,0:10,2,10,8,8,1:2:4:8:11:14:16:26,8,1,6,2
5,32,5,32,0,23,1,1,23,0:11,2,12,10,10,1:2:3:4:8:9:10:15:16:27,10,1,8,2
5,32,5,32,0,23,1,1,23,0:12,2,10,8,8,1:2:4:8:13:14:16:28,8,1,6,2
5,32,5,32,0,23,1,1,23,0:13,2,12,10,10,1:2:4:5:8:9:12:15:16:29,10,1,8,2
5,32,5,32,0,23,1,1,23,0:14,2,12,10,10,1:2:4:6:8:10:12:15:16:30,10,1,8,2
5,32,5,32,0,23,1,1,23,0:15,2,10,8,8,1:2:4:8:11:13:14:16,8,1,6,2
5,32,5,32,0,23,1,1,23,0:16,2,10,8,8,1:2:4:8:17:18:20:24,8,1,6,2
5,32,5,32,0,23,1,1,23,0:17,2,8,6,6,1:2:4:8:16:25,6,1,4,2
5,32,5,32,0,23,1,1,23,0:18,2,8,6,6,1:2:4:8:16:26,6,1,4,2
5,32,5,32,0,23,1,1,23,0:19,2,11,9,9,1:2:3:4:8:16:17:18:27,9,1,7,2
5,32,5,32,0,23,1,1,23,0:20,2,8,6,6,1:2:4:8:16:28,6,1,4,2
5,32,5,32,0,23,1,1,23,0:21,2,11,9,9,1:2:4:5:8:16:17:20:29,9,1,7,2
5,32,5,32,0,23,1,1,23,0:22,2,11,9,9,1:2:4:6:8:16:18:20:30,9,1,7,2
5,32,5,32,0,23,1,1,23,0:24,2,10,8,8,1:2:4:8:16:25:26:28,8,1,6,2
5,32,5,32,0,23,1,1,23,0:25,2,12,10,10,1:2:4:8:9:16:17:24:27:29,10,1,8,2
5,32,5,32,0,23,1,1,23,0:26,2,12,10,10,1:2:4:8:10:16:18:24:27:30,10,1,8,2
5,32,5,32,0,23,1,1,23,0:27,2,10,8,8,1:2:4:8:11:16:25:26,8,1,6,2
5,32,5,32,0,23,1,1,23,0:28,2,12,10,10,1:2:4:8:12:16:20:24:29:30,10,1,8,2
5,32,5,32,0,23,1,1,23,0:29,2,10,8,8,1:2:4:8:13:16:25:28,8,1,6,2
5,32,5,32,0,23,1,1,23,0:30,2,10,8,8,1:2:4:8:14:16:26:28,8,1,6,2
5,32,5,32,0,23,1,1,23,0:31,2,11,9,9,1:2:4:8:15:16:27:29:30,9,1,7,2
5,32,5,32,0,23,1,1,23,1:2,2,10,8,8,0:3:5:6:9:10:17:18,8,1,6,2
5,32,5,32,0,23,1,1,23,1:3,2,8,6,6,0:2:5:9:11:17,6,1,4,2
5,32,5,32,0,23,1,1,23,1:4,2,10,8,8,0:3:5:6:9:12:17:20,8,1,6,2
5,32,5,32,0,23,1,1,23,1:5,2,8,6,6,0:3:4:9:13:17,6,1,4,2
5,32,5,32,0,23,1,1,23,1:6,2,10,8,8,0:2:3:4:5:9:14:17,8,1,6,2
5,32,5,32,0,23,1,1,23,1:7,2,9,7,7,0:3:5:6:9:15:17,7,1,5,2
5,32,5,32,0,23,1,1,23,1:8,2,10,8,8,0:3:5:9:10:12:17:24,8,1,6,2
5,32,5,32,0,23,1,1,23,1:9,2,10,8,8,0:3:5:8:11:13:17:25,8,1,6,2
5,32,5,32,0,23,1,1,23,1:10,2,12,10,10,0:2:3:5:8:9:11:14:17:26,10,1,8,2
5,32,5,32,0,23,1,1,23,1:11,2,10,8,8,0:3:5:9:10:15:17:27,8,1,6,2
5,32,5,32,0,24,0,0,,,1,1,0,0,,0,0,0,0
5,32,5,32,0,24,0,1,,0,2,5,3,3,1:2:4,3,1,1,2
5,32,5,32,0,24,0,1,,1,2,7,5,5,0:3:5:9:17,5,1,3,2
5,32,5,32,0,24,0,1,,2,2,7,5,5,0:3:6:10:18,5,1,3,2
5,32,5,32,0,24,0,1,,3,2,7,5,5,1:2:7:11:19,5,1,3,2
5,32,5,32,0,24,0,1,,4,2,7,5,5,0:5:6:12:20,5,1,3,2
5,32,5,32,0,24,0,1,,5,2,7,5,5,1:4:7:13:21,5,1,3,2
5,32,5,32,0,24,0,1,,6,2,7,5,5,2:4:7:14:22,5,1,3,2
5,32,5,32,0,24,0,1,,7,2,7,5,5,3:5:6:15:23,5,1,3,2
5,32,5,32,0,24,0,1,,8,2,6,4,4,0:9:10:12,4,1,2,2
5,32,5,32,0,24,0,1,,9,2,5,3,3,1:11:13,3,1,1,2
5,32,5,32,0,24,0,1,,10,2,5,3,3,2:11:14,3,1,1,2
5,32,5,32,0,24,0,1,,11,2,7,5,5,3:9:10:15:27,5,1,3,2
5,32,5,32,0,24,0,1,,12,2,5,3,3,4:13:14,3,1,1,2
5,32,5,32,0,24,0,1,,13,2,7,5,5,5:9:12:15:29,5,1,3,2
5,32,5,32,0,24,0,1,,14,2,7,5,5,6:10:12:15:30,5,1,3,2
5,32,5,32,0,24,0,1,,15,2,7,5,5,7:11:13:14:31,5,1,3,2
5,32,5,32,0,24,0,1,,16,2,6,4,4,0:17:18:20,4,1,2,2
5,32,5,32,0,24,0,1,,17,2,5,3,3,1:19:21,3,1,1,2
5,32,5,32,0,24,0,1,,18,2,5,3,3,2:19:22,3,1,1,2
5,32,5,32,0,24,0,1,,19,2,7,5,5,3:17:18:23:27,5,1,3,2
5,32,5,32,0,24,0,1,,20,2,5,3,3,4:21:22,3,1,1,2
5,32,5,32,0,24,0,1,,21,2,7,5,5,5:17:20:23:29,5,1,3,2
5,32,5,32,0,24,0,1,,22,2,7,5,5,6:18:20:23:30,5,1,3,2
5,32,5,32,0,24,0,1,,23,2,7,5,5,7:19:21:22:31,5,1,3,2
5,32,5,32,0,24,0,1,,25,2,6,4,4,9:17:27:29,4,1,2,2
5,32,5,32,0,24,0,1,,26,2,6,4,4,10:18:27:30,4,1,2,2
5,32,5,32,0,24,0,1,,27,2,5,3,3,11:19:31,3,1,1,2
5,32,5,32,0,24,0,1,,28,2,6,4,4,12:20:29:30,4,1,2,2
5,32,5,32,0,24,0,1,,29,2,5,3,3,13:21:31,3,1,1,2
5,32,5,32,0,24,0,1,,30,2,5,3,3,14:22:31,3,1,1,2
5,32,5,32,0,24,0,1,,31,2,7,5,5,15:23:27:29:30,5,1,3,2
5,32,5,32,0,24,1,0,24,0,1,4,3,3,1:2:4,3,0,2,1
5,32,5,32,0,24,1,0,24,1,1,6,5,5,0:3:5:9:17,5,0,4,1
5,32,5,32,0,24,1,0,24,2,1,6,5,5,0:3:6:10:18,5,0,4,1
5,32,5,32,0,24,1,0,24,3,1,6,5,5,1:2:7:11:19,5,0,4,1
5,32,5,32,0,24,1,0,24,4,1,6,5,5,0:5:6:12:20,5,0,4,1
5,32,5,32,0,24,1,0,24,5,1,6,5,5,1:4:7:13:21,5,0,4,1
5,32,5,32,0,24,1,0,24,6,1,6,5,5,2:4:7:14:22,5,0,4,1
5,32,5,32,0,24,1,0,24,7,1,6,5,5,3:5:6:15:23,5,0,4,1
5,32,5,32,0,24,1,0,24,8,1,5,4,4,0:9:10:12,4,0,3,1
5,32,5,32,0,24,1,0,24,9,1,4,3,3,1:11:13,3,0,2,1
5,32,5,32,0,24,1,0,24,10,1,4,3,3,2:11:14,3,0,2,1
5,32,5,32,0,24,1,0,24,11,1,6,5,5,3:9:10:15:27,5,0,4,1
5,32,5,32,0,24,1,0,24,12,1,4,3,3,4:13:14,3,0,2,1
5,32,5,32,0,24,1,0,24,13,1,6,5,5,5:9:12:15:29,5,0,4,1
5,32,5,32,0,24,1,0,24,14,1,6,5,5,6:10:12:15:30,5,0,4,1
5,32,5,32,0,24,1,0,24,15,1,6,5,5,7:11:13:14:31,5,0,4,1
5,32,5,32,0,24,1,0,24,16,1,5,4,4,0:17:18:20,4,0,3,1
5,32,5,32,0,24,1,0,24,17,1,4,3,3,1:19:21,3,0,2,1
5,32,5,32,0,24,1,0,24,18,1,4,3,3,2:19:22,3,0,2,1
5,32,5,32,0,24,1,0,24,19,1,6,5,5,3:17:18:23:27,5,0,4,1
5,32,5,32,0,24,1,0,24,20,1,4,3,3,4:21:22,3,0,2,1
5,32,5,32,0,24,1,0,24,21,1,6,5,5,5:17:20:23:29,5,0,4,1
5,32,5,32,0,24,1,0,24,22,1,6,5,5,6:18:20:23:30,5,0,4,1
5,32,5,32,0,24,1,0,24,23,1,6,5,5,7:19:21:22:31,5,0,4,1
5,32,5,32,0,24,1,0,24,25,1,5,4,4,9:17:27:29,4,0,3,1
5,32,5,32,0,24,1,0,24,26,1,5,4,4,10:18:27:30,4,0,3,1
5,32,5,32,0,24,1,0,24,27,1,4,3,3,11:19:31,3,0,2,1
5,32,5,32,0,24,1,0,24,28,1,5,4,4,12:20:29:30,4,0,3,1
5,32,5,32,0,24,1,0,24,29,1,4,3,3,13:21:31,3,0,2,1
5,32,5,32,0,24,1,0,24,30,1,4,3,3,14:22:31,3,0,2,1
5,32,5,32,0,24,1,0,24,31,1,6,5,5,15:23:27:29:30,5,0,4,1
5,32,5,32,0,24,1,1,24,0:1,2,8,6,6,2:3:4:5:9:17,6,1,4,2
5,32,5,32,0,24,1,1,24,0:2,2,8,6,6,1:3:4:6:10:18,6,1,4,2
5,32,5,32,0,24,1,1,24,0:3,2,8,6,6,1:2:4:7:11:19,6,1,4,2
5,32,5,32,0,24,1,1,24,0:4,2,8,6,6,1:2:5:6:12:20,6,1,4,2
5,32,5,32,0,24,1,1,24,0:5,2,8,6,6,1:2:4:7:13:21,6,1,4,2
5,32,5,32,0,24,1,1,24,0:6,2,8,6,6,1:2:4:7:14:22,6,1,4,2
5,32,5,32,0,24,1,1,24,0:7,2,10,8,8,1:2:3:4:5:6:15:23,8,1,6,2
5,32,5,32,0,24,1,1,24,0:8,2,8,6,6,1:2:4:9:10:12,6,1,4,2
5,32,5,32,0,24,1,1,24,0:9,2,7,5,5,1:2:4:11:13,5,1,3,2
5,32,5,32,0,24,1,1,24,0:10,2,7,5,5,1:2:4:11:14,5,1,3,2
5,32,5,32,0,24,1,1,24,0:11,2,10,8,8,1:2:3:4:9:10:15:27,8,1,6,2
5,32,5,32,0,24,1,1,24,0:12,2,7,5,5,1:2:4:13:14,5,1,3,2
5,32,5,32,0,24,1,1,24,0:13,2,10,8,8,1:2:4:5:9:12:15:29,8,1,6,2
5,32,5,32,0,24,1,1,24,0:14,2,10,8,8,1:2:4:6:10:12:15:30,8,1,6,2
5,32,5,32,0,24,1,1,24,0:15,2,10,8,8,1:2:4:7:11:13:14:31,8,1,6,2
5,32,5,32,0,24,1,1,24,0:16,2,8,6,6,1:2:4:17:18:20,6,1,4,2
5,32,5,32,0,24,1,1,24,0:17,2,7,5,5,1:2:4:19:21,5,1,3,2
5,32,5,32,0,24,1,1,24,0:18,2,7,5,5,1:2:4:19:22,5,1,3,2
5,32,5,32,0,24,1,1,24,0:19,2,10,8,8,1:2:3:4:17:18:23:27,8,1,6,2
5,32,5,32,0,24,1,1,24,0:20,2,7,5,5,1:2:4:21:22,5,1,3,2
5,32,5,32,0,24,1,1,24,0:21,2,10,8,8,1:2:4:5:17:20:23:29,8,1,6,2
5,32,5,32,0,24,1,1,24,0:22,2,10,8,8,1:2:4:6:18:20:23:30,8,1,6,2
5,32,5,32,0,24,1,1,24,0:23,2,10,8,8,1:2:4:7:19:21:22:31,8,1,6,2
5,32,5,32,0,24,1,1,24,0:25,2,9,7,7,1:2:4:9:17:27:29,7,1,5,2
5,32,5,32,0,24,1,1,24,0:26,2,9,7,7,1:2:4:10:18:27:30,7,1,5,2
5,32,5,32,0,24,1,1,24,0:27,2,8,6,6,1:2:4:11:19:31,6,1,4,2
5,32,5,32,0,24,1,1,24,0:28,2,9,7,7,1:2:4:12:20:29:30,7,1,5,2
5,32,5,32,0,24,1,1,24,0:29,2,8,6,6,1:2:4:13:21:31,6,1,4,2
5,32,5,32,0,24,1,1,24,0:30,2,8,6,6,1:2:4:14:22:31,6,1,4,2
5,32,5,32,0,24,1,1,24,0:31,2,10,8,8,1:2:4:15:23:27:29:30,8,1,6,2
5,32,5,32,0,24,1,1,24,1:2,2,10,8,8,0:3:5:6:9:10:17:18,8,1,6,2
5,32,5,32,0,24,1,1,24,1:3,2,10,8,8,0:2:5:7:9:11:17:19,8,1,6,2
5,32,5,32,0,24,1,1,24,1:4,2,10,8,8,0:3:5:6:9:12:17:20,8,1,6,2
5,32,5,32,0,24,1,1,24,1:5,2,10,8,8,0:3:4:7:9:13:17:21,8,1,6,2
5,32,5,32,0,24,1,1,24,1:6,2,12,10,10,0:2:3:4:5:7:9:14:17:22,10,1,8,2
5,32,5,32,0,24,1,1,24,1:7,2,10,8,8,0:3:5:6:9:15:17:23,8,1,6,2
5,32,5,32,0,24,1,1,24,1:8,2,9,7,7,0:3:5:9:10:12:17,7,1,5,2
5,32,5,32,0,24,1,1,24,1:9,2,8,6,6,0:3:5:11:13:17,6,1,4,2
5,32,5,32,0,24,1,1,24,1:10,2,10,8,8,0:2:3:5:9:11:14:17,8,1,6,2
5,32,5,32,0,24,1,1,24,1:11,2,10,8,8,0:3:5:9:10:15:17:27,8,1,6,2
5,32,5,32,0,25,0,0,,,1,1,0,0,,0,0,0,0
5,32,5,32,0,25,0,1,,0,2,7,5,5,1:2:4:8:16,5,1,3,2
5,32,5,32,0,25,0,1,,1,2,5,3,3,0:3:5,3,1,1,2
5,32,5,32,0,25,0,1,,2,2,7,5,5,0:3:6:10:18,5,1,3,2
5,32,5,32,0,25,0,1,,3,2,7,5,5,1:2:7:11:19,5,1,3,2
5,32,5,32,0,25,0,1,,4,2,7,5,5,0:5:6:12:20,5,1,3,2
5,32,5,32,0,25,0,1,,5,2,7,5,5,1:4:7:13:21,5,1,3,2
5,32,5,32,0,25,0,1,,6,2,7,5,5,2:4:7:14:22,5,1,3,2
5,32,5,32,0,25,0,1,,7,2,7,5,5,3:5:6:15:23,5,1,3,2
5,32,5,32,0,25,0,1,,8,2,5,3,3,0:10:12,3,1,1,2
5,32,5,32,0,25,0,1,,9,2,6,4,4,1:8:11:13,4,1,2,2
5,32,5,32,0,25,0,1,,10,2,7,5,5,2:8:11:14:26,5,1,3,2
5,32,5,32,0,25,0,1,,11,2,5,3,3,3:10:15,3,1,1,2
5,32,5,32,0,25,0,1,,12,2,7,5,5,4:8:13:14:28,5,1,3,2
5,32,5,32,0,25,0,1,,13,2,5,3,3,5:12:15,3,1,1,2
5,32,5,32,0,25,0,1,,14,2,7,5,5,6:10:12:15:30,5,1,3,2
5,32,5,32,0,25,0,1,,15,2,7,5,5,7:11:13:14:31,5,1,3,2
5,32,5,32,0,25,0,1,,16,2,5,3,3,0:18:20,3,1,1,2
5,32,5,32,0,25,0,1,,17,2,6,4,4,1:16:19:21,4,1,2,2
5,32,5,32,0,25,0,1,,18,2,7,5,5,2:16:19:22:26,5,1,3,2
5,32,5,32,0,25,0,1,,19,2,5,3,3,3:18:23,3,1,1,2
5,32,5,32,0,25,0,1,,20,2,7,5,5,4:16:21:22:28,5,1,3,2
5,32,5,32,0,25,0,1,,21,2,5,3,3,5:20:23,3,1,1,2
5,32,5,32,0,25,0,1,,22,2,7,5,5,6:18:20:23:30,5,1,3,2
5,32,5,32,0,25,0,1,,23,2,7,5,5,7:19:21:22:31,5,1,3,2
5,32,5,32,0,25,0,1,,24,2,6,4,4,8:16:26:28,4,1,2,2
5,32,5,32,0,25,0,1,,26,2,5,3,3,10:18:30,3,1,1,2
5,32,5,32,0,25,0,1,,27,2,6,4,4,11:19:26:31,4,1,2,2
5,32,5,32,0,25,0,1,,28,2,5,3,3,12:20:30,3,1,1,2
5,32,5,32,0,25,0,1,,29,2,6,4,4,13:21:28:31,4,1,2,2
5,32,5,32,0,25,0,1,,30,2,7,5,5,14:22:26:28:31,5,1,3,2
5,32,5,32,0,25,0,1,,31,2,5,3,3,15:23:30,3,1,1,2
5,32,5,32,0,25,1,0,25,0,1,6,5,5,1:2:4:8:16,5,0,4,1
5,32,5,32,0,25,1,0,25,1,1,4,3,3,0:3:5,3,0,2,1
5,32,5,32,0,25,1,0,25,2,1,6,5,5,0:3:6:10:18,5,0,4,1
5,32,5,32,0,25,1,0,25,3,1,6,5,5,1:2:7:11:19,5,0,4,1
5,32,5,32,0,25,1,0,25,4,1,6,5,5,0:5:6:12:20,5,0,4,1
5,32,5,32,0,25,1,0,25,5,1,6,5,5,1:4:7:13:21,5,0,4,1
5,32,5,32,0,25,1,0,25,6,1,6,5,5,2:4:7:14:22,5,0,4,1
5,32,5,32,0,25,1,0,25,7,1,6,5,5,3:5:6:15:23,5,0,4,1
5,32,5,32,0,25,1,0,25,8,1,4,3,3,0:10:12,3,0,2,1
5,32,5,32,0,25,1,0,25,9,1,5,4,4,1:8:11:13,4,0,3,1
5,32,5,32,0,25,1,0,25,10,1,6,5,5,2:8:11:14:26,5,0,4,1
5,32,5,32,0,25,1,0,25,11,1,4,3,3,3:10:15,3,0,2,1
5,32,5,32,0,25,1,0,25,12,1,6,5,5,4:8:13:14:28,5,0,4,1
5,32,5,32,0,25,1,0,25,13,1,4,3,3,5:12:15,3,0,2,1
5,32,5,32,0,25,1,0,25,14,1,6,5,5,6:10:12:15:30,5,0,4,1
5,32,5,32,0,25,1,0,25,15,1,6,5,5,7:11:13:14:31,5,0,4,1
5,32,5,32,0,25,1,0,25,16,1,4,3,3,0:18:20,3,0,2,1
5,32,5,32,0,25,1,0,25,17,1,5,4,4,1:16:19:21,4,0,3,1
5,32,5,32,0,25,1,0,25,18,1,6,5,5,2:16:19:22:26,5,0,4,1
5,32,5,32,0,25,1,0,25,19,1,4,3,3,3:18:23,3,0,2,1
5,32,5,32,0,25,1,0,25,20,1,6,5,5,4:16:21:22:28,5,0,4,1
5,32,5,32,0,25,1,0,25,21,1,4,3,3,5:20:23,3,0,2,1
5,32,5,32,0,25,1,0,25,22,1,6,5,5,6:18:20:23:30,5,0,4,1
5,32,5,32,0,25,1,0,25,23,1,6,5,5,7:19:21:22:31,5,0,4,1
5,32,5,32,0,25,1,0,25,24,1,5,4,4,8:16:26:28,4,0,3,1
5,32,5,32,0,25,1,0,25,26,1,4,3,3,10:18:30,3,0,2,1
5,32,5,32,0,25,1,0,25,27,1,5,4,4,11:19:26:31,4,0,3,1
5,32,5,32,0,25,1,0,25,28,1,4,3,3,12:20:30,3,0,2,1
5,32,5,32,0,25,1,0,25,29,1,5,4,4,13:21:28:31,4,0,3,1
5,32,5,32,0,25,1,0,25,30,1,6,5,5,14:22:26:28:31,5,0,4,1
5,32,5,32,0,25,1,0,25,31,1,4,3,3,15:23:30,3,0,2,1
5,32,5,32,0,25,1,1,25,0:1,2,8,6,6,2:3:4:5:8:16,6,1,4,2
5,32,5,32,0,25,1,1,25,0:2,2,10,8,8,1:3:4:6:8:10:16:18,8,1,6,2
5,32,5,32,0,25,1,1,25,0:3,2,10,8,8,1:2:4:7:8:11:16:19,8,1,6,2
5,32,5,32,0,25,1,1,25,0:4,2,10,8,8,1:2:5:6:8:12:16:20,8,1,6,2
5,32,5,32,0,25,1,1,25,0:5,2,10,8,8,1:2:4:7:8:13:16:21,8,1,6,2
5,32,5,32,0,25,1,1,25,0:6,2,10,8,8,1:2:4:7:8:14:16:22,8,1,6,2
5,32,5,32,0,25,1,1,25,0:7,2,12,10,10,1:2:3:4:5:6:8:15:16:23,10,1,8,2
5,32,5,32,0,25,1,1,25,0:8,2,8,6,6,1:2:4:10:12:16,6,1,4,2
5,32,5,32,0,25,1,1,25,0:9,2,9,7,7,1:2:4:8:11:13:16,7,1,5,2
5,32,5,32,0,25,1,1,25,0:10,2,10,8,8,1:2:4:8:11:14:16:26,8,1,6,2
5,32,5,32,0,25,1,1,25,0:11,2,10,8,8,1:2:3:4:8:10:15:16,8,1,6,2
5,32,5,32,0,25,1,1,25,0:12,2,10,8,8,1:2:4:8:13:14:16:28,8,1,6,2
5,32,5,32,0,25,1,1,25,0:13,2,10,8,8,1:2:4:5:8:12:15:16,8,1,6,2
5,32,5,32,0,25,1,1,25,0:14,2,12,10,10,1:2:4:6:8:10:12:15:16:30,10,1,8,2
5,32,5,32,0,25,1,1,25,0:15,2,12,10,10,1:2:4:7:8:11:13:14:16:31,10,1,8,2
5,32,5,32,0,25,1,1,25,0:16,2,8,6,6,1:2:4:8:18:20,6,1,4,2
5,32,5,32,0,25,1,1,25,0:17,2,9,7,7,1:2:4:8:16:19:21,7,1,5,2
5,32,5,32,0,25,1,1,25,0:18,2,10,8,8,1:2:4:8:16:19:22:26,8,1,6,2
5,32,5,32,0,25,1,1,25,0:19,2,10,8,8,1:2:3:4:8:16:18:23,8,1,6,2
5,32,5,32,0,25,1,1,25,0:20,2,10,8,8,1:2:4:8:16:21:22:28,8,1,6,2
5,32,5,32,0,25,1,1,25,0:21,2,10,8,8,1:2:4:5:8:16:20:23,8,1,6,2
5,32,5,32,0,25,1,1,25,0:22,2,12,10,10,1:2:4:6:8:16:18:20:23:30,10,1,8,2
5,32,5,32,0,25,1,1,25,0:23,2,12,10,10,1:2:4:7:8:16:19:21:22:31,10,1,8,2
5,32,5,32,0,25,1,1,25,0:24,2,9,7,7,1:2:4:8:16:26:28,7,1,5,2
5,32,5,32,0,25,1,1,25,0:26,2,10,8,8,1:2:4:8:10:16:18:30,8,1,6,2
5,32,5,32,0,25,1,1,25,0:27,2,11,9,9,1:2:4:8:11:16:19:26:31,9,1,7,2
5,32,5,32,0,25,1,1,25,0:28,2,10,8,8,1:2:4:8:12:16:20:30,8,1,6,2
5,32,5,32,0,25,1,1,25,0:29,2,11,9,9,1:2:4:8:13:16:21:28:31,9,1,7,2
5,32,5,32,0,25,1,1,25,0:30,2,12,10,10,1:2:4:8:14:16:22:26:28:31,10,1,8,2
5,32,5,32,0,25,1,1,25,0:31,2,10,8,8,1:2:4:8:15:16:23:30,8,1,6,2
5,32,5,32,0,25,1,1,25,1:2,2,8,6,6,0:3:5:6:10:18,6,1,4,2
5,32,5,32,0,25,1,1,25,1:3,2,8,6,6,0:2:5:7:11:19,6,1,4,2
5,32,5,32,0,25,1,1,25,1:4,2,8,6,6,0:3:5:6:12:20,6,1,4,2
5,32,5,32,0,25,1,1,25,1:5,2,8,6,6,0:3:4:7:13:21,6,1,4,2
5,32,5,32,0,25,1,1,25,1:6,2,10,8,8,0:2:3:4:5:7:14:22,8,1,6,2
5,32,5,32,0,25,1,1,25,1:7,2,8,6,6,0:3:5:6:15:23,6,1,4,2
5,32,5,32,0,25,1,1,25,1:8,2,7,5,5,0:3:5:10:12,5,1,3,2
5,32,5,32,0,25,1,1,25,1:9,2,8,6,6,0:3:5:8:11:13,6,1,4,2
5,32,5,32,0,25,1,1,25,1:10,2,10,8,8,0:2:3:5:8:11:14:26,8,1,6,2
5,32,5,32,0,25,1,1,25,1:11,2,7,5,5,0:3:5:10:15,5,1,3,2
5,32,5,32,0,26,0,0,,,1,1,0,0,,0,0,0,0
5,32,5,32,0,26,0,1,,0,2,7,5,5,1:2:4:8:16,5,1,3,2
5,32,5,32,0,26,0,1,,1,2,7,5,5,0:3:5:9:17,5,1,3,2
5,32,5,32,0,26,0,1,,2,2,5,3,3,0:3:6,3,1,1,2
5,32,5,32,0,26,0,1,,3,2,7,5,5,1:2:7:11:19,5,1,3,2
5,32,5,32,0,26,0,1,,4,2,7,5,5,0:5:6:12:20,5,1,3,2
5,32,5,32,0,26,0,1,,5,2,7,5,5,1:4:7:13:21,5,1,3,2
5,32,5,32,0,26,0,1,,6,2,7,5,5,2:4:7:14:22,5,1,3,2
5,32,5,32,0,26,0,1,,7,2,7,5,5,3:5:6:15:23,5,1,3,2
5,32,5,32,0,26,0,1,,8,2,5,3,3,0:9:12,3,1,1,2
5,32,5,32,0,26,0,1,,9,2,7,5,5,1:8:11:13:25,5,1,3,2
5,32,5,32,0,26,0,1,,10,2,6,4,4,2:8:11:14,4,1,2,2
5,32,5,32,0,26,0,1,,11,2,5,3,3,3:9:15,3,1,1,2
5,32,5,32,0,26,0,1,,12,2,7,5,5,4:8:13:14:28,5,1,3,2
5,32,5,32,0,26,0,1,,13,2,7,5,5,5:9:12:15:29,5,1,3,2
5,32,5,32,0,26,0,1,,14,2,5,3,3,6:12:15,3,1,1,2
5,32,5,32,0,26,0,1,,15,2,7,5,5,7:11:13:14:31,5,1,3,2
5,32,5,32,0,26,0,1,,16,2,5,3,3,0:17:20,3,1,1,2
5,32,5,32,0,26,0,1,,17,2,7,5,5,1:16:19:21:25,5,1,3,2
5,32,5,32,0,26,0,1,,18,2,6,4,4,2:16:19:22,4,1,2,2
5,32,5,32,0,26,0,1,,19,2,5,3,3,3:17:23,3,1,1,2
5,32,5,32,0,26,0,1,,20,2,7,5,5,4:16:21:22:28,5,1,3,2
5,32,5,32,0,26,0,1,,21,2,7,5,5,5:17:20:23:29,5,1,3,2
5,32,5,32,0,26,0,1,,22,2,5,3,3,6:20:23,3,1,1,2
5,32,5,32,0,26,0,1,,23,2,7,5,5,7:19:21:22:31,5,1,3,2
5,32,5,32,0,26,0,1,,24,2,6,4,4,8:16:25:28,4,1,2,2
5,32,5,32,0,26,0,1,,25,2,5,3,3,9:17:29,3,1,1,2
5,32,5,32,0,26,0,1,,27,2,6,4,4,11:19:25:31,4,1,2,2
5,32,5,32,0,26,0,1,,28,2,5,3,3,12:20:29,3,1,1,2
5,32,5,32,0,26,0,1,,29,2,7,5,5,13:21:25:28:31,5,1,3,2
5,32,5,32,0,26,0,1,,30,2,6,4,4,14:22:28:31,4,1,2,2
5,32,5,32,0,26,0,1,,31,2,5,3,3,15:23:29,3,1,1,2
5,32,5,32,0,26,1,0,26,0,1,6,5,5,1:2:4:8:16,5,0,4,1
5,32,5,32,0,26,1,0,26,1,1,6,5,5,0:3:5:9:17,5,0,4,1
5,32,5,32,0,26,1,0,26,2,1,4,3,3,0:3:6,3,0,2,1
5,32,5,32,0,26,1,0,26,3,1,6,5,5,1:2:7:11:19,5,0,4,1
5,32,5,32,0,26,1,0,26,4,1,6,5,5,0:5:6:12:20,5,0,4,1
5,32,5,32,0,26,1,0,26,5,1,6,5,5,1:4:7:13:21,5,0,4,1
5,32,5,32,0,26,1,0,26,6,1,6,5,5,2:4:7:14:22,5,0,4,1
5,32,5,32,0,26,1,0,26,7,1,6,5,5,3:5:6:15:23,5,0,4,1
5,32,5,32,0,26,1,0,26,8,1,4,3,3,0:9:12,3,0,2,1
5,32,5,32,0,26,1,0,26,9,1,6,5,5,1:8:11:13:25,5,0,4,1
5,32,5,32,0,26,1,0,26,10,1,5,4,4,2:8:11:14,4,0,3,1
5,32,5,32,0,26,1,0,26,11,1,4,3,3,3:9:15,3,0,2,1
5,32,5,32,0,26,1,0,26,12,1,6,5,5,4:8:13:14:28,5,0,4,1
5,32,5,32,0,26,1,0,26,13,1,6,5,5,5:9:12:15:29,5,0,4,1
5,32,5,32,0,26,1,0,26,14,1,4,3,3,6:12:15,3,0,2,1
5,32,5,32,0,26,1,0,26,15,1,6,5,5,7:11:13:14:31,5,0,4,1
5,32,5,32,0,26,1,0,26,16,1,4,3,3,0:17:20,3,0,2,1
5,32,5,32,0,26,1,0,26,17,1,6,5,5,1:16:19:21:25,5,0,4,1
5,32,5,32,0,26,1,0,26,18,1,5,4,4,2:16:19:22,4,0,3,1
5,32,5,32,0,26,1,0,26,19,1,4,3,3,3:17:23,3,0,2,1
5,32,5,32,0,26,1,0,26,20,1,6,5,5,4:16:21:22:28,5,0,4,1
5,32,5,32,0,26,1,0,26,21,1,6,5,5,5:17:20:23:29,5,0,4,1
5,32,5,32,0,26,1,0,26,22,1,4,3,3,6:20:23,3,0,2,1
5,32,5,32,0,26,1,0,26,23,1,6,5,5,7:19:21:22:31,5,0,4,1
5,32,5,32,0,26,1,0,26,24,1,5,4,4,8:16:25:28,4,0,3,1
5,32,5,32,0,26,1,0,26,25,1,4,3,3,9:17:29,3,0,2,1
5,32,5,32,0,26,1,0,26,27,1,5,4,4,11:19:25:31,4,0,3,1
5,32,5,32,0,26,1,0,26,28,1,4,3,3,12:20:29,3,0,2,1
5,32,5,32,0,26,1,0,26,29,1,6,5,5,13:21:25:28:31,5,0,4,1
5,32,5,32,0,26,1,0,26,30,1,5,4,4,14:22:28:31,4,0,3,1
5,32,5,32,0,26,1,0,26,31,1,4,3,3,15:23:29,3,0,2,1
5,32,5,32,0,26,1,1,26,0:1,2,10,8,8,2:3:4:5:8:9:16:17,8,1,6,2
5,32,5,32,0,26,1,1,26,0:2,2,8,6,6,1:3:4:6:8:16,6,1,4,2
5,32,5,32,0,26,1,1,26,0:3,2,10,8,8,1:2:4:7:8:11:16:19,8,1,6,2
5,32,5,32,0,26,1,1,26,0:4,2,10,8,8,1:2:5:6:8:12:16:20,8,1,6,2
5,32,5,32,0,26,1,1,26,0:5,2,10,8,8,1:2:4:7:8:13:16:21,8,1,6,2
5,32,5,32,0,26,1,1,26,0:6,2,10,8,8,1:2:4:7:8:14:16:22,8,1,6,2
5,32,5,32,0,26,1,1,26,0:7,2,12,10,10,1:2:3:4:5:6:8:15:16:23,10,1,8,2
5,32,5,32,0,26,1,1,26,0:8,2,8,6,6,1:2:4:9:12:16,6,1,4,2
5,32,5,32,0,26,1,1,26,0:9,2,10,8,8,1:2:4:8:11:13:16:25,8,1,6,2
5,32,5,32,0,26,1,1,26,0:10,2,9,7,7,1:2:4:8:11:14:16,7,1,5,2
5,32,5,32,0,26,1,1,26,0:11,2,10,8,8,1:2:3:4:8:9:15:16,8,1,6,2
5,32,5,32,0,26,1,1,26,0:12,2,10,8,8,1:2:4:8:13:14:16:28,8,1,6,2
5,32,5,32,0,26,1,1,26,0:13,2,12,10,10,1:2:4:5:8:9:12:15:16:29,10,1,8,2
5,32,5,32,0,26,1,1,26,0:14,2,10,8,8,1:2:4:6:8:12:15:16,8,1,6,2
5,32,5,32,0,26,1,1,26,0:15,2,12,10,10,1:2:4:7:8:11:13:14:16:31,10,1,8,2
5,32,5,32,0,26,1,1,26,0:16,2,8,6,6,1:2:4:8:17:20,6,1,4,2
5,32,5,32,0,26,1,1,26,0:17,2,10,8,8,1:2:4:8:16:19:21:25,8,1,6,2
5,32,5,32,0,26,1,1,26,0:18,2,9,7,7,1:2:4:8:16:19:22,7,1,5,2
5,32,5,32,0,26,1,1,26,0:19,2,10,8,8,1:2:3:4:8:16:17:23,8,1,6,2
5,32,5,32,0,26,1,1,26,0:20,2,10,8,8,1:2:4:8:16:21:22:28,8,1,6,2
5,32,5,32,0,26,1,1,26,0:21,2,12,10,10,1:2:4:5:8:16:17:20:23:29,10,1,8,2
5,32,5,32,0,26,1,1,26,0:22,2,10,8,8,1:2:4:6:8:16:20:23,8,1,6,2
5,32,5,32,0,26,1,1,26,0:23,2,12,10,10,1:2:4:7:8:16:19:21:22:31,10,1,8,2
5,32,5,32,0,26,1,1,26,0:24,2,9,7,7,1:2:4:8:16:25:28,7,1,5,2
5,32,5,32,0,26,1,1,26,0:25,2,10,8,8,1:2:4:8:9:16:17:29,8,1,6,2
5,32,5,32,0,26,1,1,26,0:27,2,11,9,9,1:2:4:8:11:16:19:25:31,9,1,7,2
5,32,5,32,0,26,1,1,26,0:28,2,10,8,8,1:2:4:8:12:16:20:29,8,1,6,2
5,32,5,32,0,26,1,1,26,0:29,2,12,10,10,1:2:4:8:13:16:21:25:28:31,10,1,8,2
5,32,5,32,0,26,1,1,26,0:30,2,11,9,9,1:2:4:8:14:16:22:28:31,9,1,7,2
5,32,5,32,0,26,1,1,26,0:31,2,10,8,8,1:2:4:8:15:16:23:29,8,1,6,2
5,32,5,32,0,26,1,1,26,1:2,2,8,6,6,0:3:5:6:9:17,6,1,4,2
5,32,5,32,0,26,1,1,26,1:3,2,10,8,8,0:2:5:7:9:11:17:19,8,1,6,2
5,32,5,32,0,26,1,1,26,1:4,2,10,8,8,0:3:5:6:9:12:17:20,8,1,6,2
5,32,5,32,0,26,1,1,26,1:5,2,10,8,8,0:3:4:7:9:13:17:21,8,1,6,2
5,32,5,32,0,26,1,1,26,1:6,2,12,10,10,0:2:3:4:5:7:9:14:17:22,10,1,8,2
5,32,5,32,0,26,1,1,26,1:7,2,10,8,8,0:3:5:6:9:15:17:23,8,1,6,2
5,32,5,32,0,26,1,1,26,1:8,2,8,6,6,0:3:5:9:12:17,6,1,4,2
5,32,5,32,0,26,1,1,26,1:9,2,10,8,8,0:3:5:8:11:13:17:25,8,1,6,2
5,32,5,32,0,26,1,1,26,1:10,2,11,9,9,0:2:3:5:8:9:11:14:17,9,1,7,2
5,32,5,32,0,26,1,1,26,1:11,2,8,6,6,0:3:5:9:15:17,6,1,4,2
5,32,5,32,0,27,0,0,,,1,1,0,0,,0,0,0,0
5,32,5,32,0,27,0,1,,0,2,7,5,5,1:2:4:8:16,5,1,3,2
5,32,5,32,0,27,0,1,,1,2,7,5,5,0:3:5:9:17,5,1,3,2
5,32,5,32,0,27,0,1,,2,2,7,5,5,0:3:6:10:18,5,1,3,2
5,32,5,32,0,27,0,1,,3,2,5,3,3,1:2:7,3,1,1,2
5,32,5,32,0,27,0,1,,4,2,7,5,5,0:5:6:12:20,5,1,3,2
5,32,5,32,0,27,0,1,,5,2,7,5,5,1:4:7:13:21,5,1,3,2
5,32,5,32,0,27,0,1,,6,2,7,5,5,2:4:7:14:22,5,1,3,2
5,32,5,32,0,27,0,1,,7,2,7,5,5,3:5:6:15:23,5,1,3,2
5,32,5,32,0,27,0,1,,8,2,7,5,5,0:9:10:12:24,5,1,3,2
5,32,5,32,0,27,0,1,,9,2,5,3,3,1:8:13,3,1,1,2
5,32,5,32,0,27,0,1,,10,2,5,3,3,2:8:14,3,1,1,2
5,32,5,32,0,27,0,1,,11,2,6,4,4,3:9:10:15,4,1,2,2
5,32,5,32,0,27,0,1,,12,2,7,5,5,4:8:13:14:28,5,1,3,2
5,32,5,32,0,27,0,1,,13,2,7,5,5,5:9:12:15:29,5,1,3,2
5,32,5,32,0,27,0,1,,14,2,7,5,5,6:10:12:15:30,5,1,3,2
5,32,5,32,0,27,0,1,,15,2,5,3,3,7:13:14,3,1,1,2
5,32,5,32,0,27,0,1,,16,2,7,5,5,0:17:18:20:24,5,1,3,2
5,32,5,32,0,27,0,1,,17,2,5,3,3,1:16:21,3,1,1,2
5,32,5,32,0,27,0,1,,18,2,5,3,3,2:16:22,3,1,1,2
5,32,5,32,0,27,0,1,,19,2,6,4,4,3:17:18:23,4,1,2,2
5,32,5,32,0,27,0,1,,20,2,7,5,5,4:16:21:22:28,5,1,3,2
5,32,5,32,0,27,0,1,,21,2,7,5,5,5:17:20:23:29,5,1,3,2
5,32,5,32,0,27,0,1,,22,2,7,5,5,6:18:20:23:30,5,1,3,2
5,32,5,32,0,27,0,1,,23,2,5,3,3,7:21:22,3,1,1,2
5,32,5,32,0,27,0,1,,24,2,5,3,3,8:16:28,3,1,1,2
5,32,5,32,0,27,0,1,,25,2,6,4,4,9:17:24:29,4,1,2,2
5,32,5,32,0,27,0,1,,26,2,6,4,4,10:18:24:30,4,1,2,2
5,32,5,32,0,27,0,1,,28,2,7,5,5,12:20:24:29:30,5,1,3,2
5,32,5,32,0,27,0,1,,29,2,5,3,3,13:21:28,3,1,1,2
5,32,5,32,0,27,0,1,,30,2,5,3,3,14:22:28,3,1,1,2
5,32,5,32,0,27,0,1,,31,2,6,4,4,15:23:29:30,4,1,2,2
5,32,5,32,0,27,1,0,27,0,1,6,5,5,1:2:4:8:16,5,0,4,1
5,32,5,32,0,27,1,0,27,1,1,6,5,5,0:3:5:9:17,5,0,4,1
5,32,5,32,0,27,1,0,27,2,1,6,5,5,0:3:6:10:18,5,0,4,1
5,32,5,32,0,27,1,0,27,3,1,4,3,3,1:2:7,3,0,2,1
5,32,5,32,0,27,1,0,27,4,1,6,5,5,0:5:6:12:20,5,0,4,1
5,32,5,32,0,27,1,0,27,5,1,6,5,5,1:4:7:13:21,5,0,4,1
5,32,5,32,0,27,1,0,27,6,1,6,5,5,2:4:7:14:22,5,0,4,1
5,32,5,32,0,27,1,0,27,7,1,6,5,5,3:5:6:15:23,5,0,4,1
5,32,5,32,0,27,1,0,27,8,1,6,5,5,0:9:10:12:24,5,0,4,1
5,32,5,32,0,27,1,0,27,9,1,4,3,3,1:8:13,3,0,2,1
5,32,5,32,0,27,1,0,27,10,1,4,3,3,2:8:14,3,0,2,1
5,32,5,32,0,27,1,0,27,11,1,5,4,4,3:9:10:15,4,0,3,1
5,32,5,32,0,27,1,0,27,12,1,6,5,5,4:8:13:14:28,5,0,4,1
5,32,5,32,0,27,1,0,27,13,1,6,5,5,5:9:12:15:29,5,0,4,1
5,32,5,32,0,27,1,0,27,14,1,6,5,5,6:10:12:15:30,5,0,4,1
5,32,5,32,0,27,1,0,27,15,1,4,3,3,7:13:14,3,0,2,1
5,32,5,32,0,27,1,0,27,16,1,6,5,5,0:17:18:20:24,5,0,4,1
5,32,5,32,0,27,1,0,27,17,1,4,3,3,1:16:21,3,0,2,1
5,32,5,32,0,27,1,0,27,18,1,4,3,3,2:16:22,3,0,2,1
5,32,5,32,0,27,1,0,27,19,1,5,4,4,3:17:18:23,4,0,3,1
5,32,5,32,0,27,1,0,27,20,1,6,5,5,4:16:21:22:28,5,0,4,1
5,32,5,32,0,27,1,0,27,21,1,6,5,5,5:17:20:23:29,5,0,4,1
5,32,5,32,0,27,1,0,27,22,1,6,5,5,6:18:20:23:30,5,0,4,1
5,32,5,32,0,27,1,0,27,23,1,4,3,3,7:21:22,3,0,2,1
5,32,5,32,0,27,1,0,27,24,1,4,3,3,8:16:28,3,0,2,1
5,32,5,32,0,27,1,0,27,25,1,5,4,4,9:17:24:29,4,0,3,1
5,32,5,32,0,27,1,0,27,26,1,5,4,4,10:18:24:30,4,0,3,1
5,32,5,32,0,27,1,0,27,28,1,6,5,5,12:20:24:29:30,5,0,4,1
5,32,5,32,0,27,1,0,27,29,1,4,3,3,13:21:28,3,0,2,1
5,32,5,32,0,27,1,0,27,30,1,4,3,3,14:22:28,3,0,2,1
5,32,5,32,0,27,1,0,27,31,1,5,4,4,15:23:29:30,4,0,3,1
5,32,5,32,0,27,1,1,27,0:1,2,10,8,8,2:3:4:5:8:9:16:17,8,1,6,2
5,32,5,32,0,27,1,1,27,0:2,2,10,8,8,1:3:4:6:8:10:16:18,8,1,6,2
5,32,5,32,0,27,1,1,27,0:3,2,8,6,6,1:2:4:7:8:16,6,1,4,2
5,32,5,32,0,27,1,1,27,0:4,2,10,8,8,1:2:5:6:8:12:16:20,8,1,6,2
5,32,5,32,0,27,1,1,27,0:5,2,10,8,8,1:2:4:7:8:13:16:21,8,1,6,2
5,32,5,32,0,27,1,1,27,0:6,2,10,8,8,1:2:4:7:8:14:16:22,8,1,6,2
5,32,5,32,0,27,1,1,27,0:7,2,12,10,10,1:2:3:4:5:6:8:15:16:23,10,1,8,2
5,32,5,32,0,27,1,1,27,0:8,2,10,8,8,1:2:4:9:10:12:16:24,8,1,6,2
5,32,5,32,0,27,1,1,27,0:9,2,8,6,6,1:2:4:8:13:16,6,1,4,2
5,32,5,32,0,27,1,1,27,0:10,2,8,6,6,1:2:4:8:14:16,6,1,4,2
5,32,5,32,0,27,1,1,27,0:11,2,11,9,9,1:2:3:4:8:9:10:15:16,9,1,7,2
5,32,5,32,0,27,1,1,27,0:12,2,10,8,8,1:2:4:8:13:14:16:28,8,1,6,2
5,32,5,32,0,27,1,1,27,0:13,2,12,10,10,1:2:4:5:8:9:12:15:16:29,10,1,8,2
5,32,5,32,0,27,1,1,27,0:14,2,12,10,10,1:2:4:6:8:10:12:15:16:30,10,1,8,2
5,32,5,32,0,27,1,1,27,0:15,2,10,8,8,1:2:4:7:8:13:14:16,8,1,6,2
5,32,5,32,0,27,1,1,27,0:16,2,10,8,8,1:2:4:8:17:18:20:24,8,1,6,2
5,32,5,32,0,27,1,1,27,0:17,2,8,6,6,1:2:4:8:16:21,6,1,4,2
5,32,5,32,0,27,1,1,27,0:18,2,8,6,6,1:2:4:8:16:22,6,1,4,2
5,32,5,32,0,27,1,1,27,0:19,2,11,9,9,1:2:3:4:8:16:17:18:23,9,1,7,2
5,32,5,32,0,27,1,1,27,0:20,2,10,8,8,1:2:4:8:16:21:22:28,8,1,6,2
5,32,5,32,0,27,1,1,27,0:21,2,12,10,10,1:2:4:5:8:16:17:20:23:29,10,1,8,2
5,32,5,32,0,27,1,1,27,0:22,2,12,10,10,1:2:4:6:8:16:18:20:23:30,10,1,8,2
5,32,5,32,0,27,1,1,27,0:23,2,10,8,8,1:2:4:7:8:16:21:22,8,1,6,2
5,32,5,32,0,27,1,1,27,0:24,2,8,6,6,1:2:4:8:16:28,6,1,4,2
5,32,5,32,0,27,1,1,27,0:25,2,11,9,9,1:2:4:8:9:16:17:24:29,9,1,7,2
5,32,5,32,0,27,1,1,27,0:26,2,11,9,9,1:2:4:8:10:16:18:24:30,9,1,7,2
5,32,5,32,0,27,1,1,27,0:28,2,12,10,10,1:2:4:8:12:16:20:24:29:30,10,1,8,2
5,32,5,32,0,27,1,1,27,0:29,2,10,8,8,1:2:4:8:13:16:21:28,8,1,6,2
5,32,5,32,0,27,1,1,27,0:30,2,10,8,8,1:2:4:8:14:16:22:28,8,1,6,2
5,32,5,32,0,27,1,1,27,0:31,2,11,9,9,1:2:4:8:15:16:23:29:30,9,1,7,2
5,32,5,32,0,27,1,1,27,1:2,2,10,8,8,0:3:5:6:9:10:17:18,8,1,6,2
5,32,5,32,0,27,1,1,27,1:3,2,8,6,6,0:2:5:7:9:17,6,1,4,2
5,32,5,32,0,27,1,1,27,1:4,2,10,8,8,0:3:5:6:9:12:17:20,8,1,6,2
5,32,5,32,0,27,1,1,27,1:5,2,10,8,8,0:3:4:7:9:13:17:21,8,1,6,2
5,32,5,32,0,27,1,1,27,1:6,2,12,10,10,0:2:3:4:5:7:9:14:17:22,10,1,8,2
5,32,5,32,0,27,1,1,27,1:7,2,10,8,8,0:3:5:6:9:15:17:23,8,1,6,2
5,32,5,32,0,27,1,1,27,1:8,2,10,8,8,0:3:5:9:10:12:17:24,8,1,6,2
5,32,5,32,0,27,1,1,27,1:9,2,8,6,6,0:3:5:8:13:17,6,1,4,2
5,32,5,32,0,27,1,1,27,1:10,2,10,8,8,0:2:3:5:8:9:14:17,8,1,6,2
5,32,5,32,0,27,1,1,27,1:11,2,9,7,7,0:3:5:9:10:15:17,7,1,5,2
5,32,5,32,0,28,0,0,,,1,1,0,0,,0,0,0,0
5,32,5,32,0,28,0,1,,0,2,7,5,5,1:2:4:8:16,5,1,3,2
5,32,5,32,0,28,0,1,,1,2,7,5,5,0:3:5:9:17,5,1,3,2
5,32,5,32,0,28,0,1,,2,2,7,5,5,0:3:6:10:18,5,1,3,2
5,32,5,32,0,28,0,1,,3,2,7,5,5,1:2:7:11:19,5,1,3,2
5,32,5,32,0,28,0,1,,4,2,5,3,3,0:5:6,3,1,1,2
5,32,5,32,0,28,0,1,,5,2,7,5,5,1:4:7:13:21,5,1,3,2
5,32,5,32,0,28,0,1,,6,2,7,5,5,2:4:7:14:22,5,1,3,2
5,32,5,32,0,28,0,1,,7,2,7,5,5,3:5:6:15:23,5,1,3,2
5,32,5,32,0,28,0,1,,8,2,5,3,3,0:9:10,3,1,1,2
5,32,5,32,0,28,0,1,,9,2,7,5,5,1:8:11:13:25,5,1,3,2
5,32,5,32,0,28,0,1,,10,2,7,5,5,2:8:11:14:26,5,1,3,2
5,32,5,32,0,28,0,1,,11,2,7,5,5,3:9:10:15:27,5,1,3,2
5,32,5,32,0,28,0,1,,12,2,6,4,4,4:8:13:14,4,1,2,2
5,32,5,32,0,28,0,1,,13,2,5,3,3,5:9:15,3,1,1,2
5,32,5,32,0,28,0,1,,14,2,5,3,3,6:10:15,3,1,1,2
5,32,5,32,0,28,0,1,,15,2,7,5,5,7:11:13:14:31,5,1,3,2
5,32,5,32,0,28,0,1,,16,2,5,3,3,0:17:18,3,1,1,2
5,32,5,32,0,28,0,1,,17,2,7,5,5,1:16:19:21:25,5,1,3,2
5,32,5,32,0,28,0,1,,18,2,7,5,5,2:16:19:22:26,5,1,3,2
5,32,5,32,0,28,0,1,,19,2,7,5,5,3:17:18:23:27,5,1,3,2
5,32,5,32,0,28,0,1,,20,2,6,4,4,4:16:21:22,4,1,2,2
5,32,5,32,0,28,0,1,,21,2,5,3,3,5:17:23,3,1,1,2
5,32,5,32,0,28,0,1,,22,2,5,3,3,6:18:23,3,1,1,2
5,32,5,32,0,28,0,1,,23,2,7,5,5,7:19:21:22:31,5,1,3,2
5,32,5,32,0,28,0,1,,24,2,6,4,4,8:16:25:26,4,1,2,2
5,32,5,32,0,28,0,1,,25,2,5,3,3,9:17:27,3,1,1,2
5,32,5,32,0,28,0,1,,26,2,5,3,3,10:18:27,3,1,1,2
5,32,5,32,0,28,0,1,,27,2,7,5,5,11:19:25:26:31,5,1,3,2
5,32,5,32,0,28,0,1,,29,2,6,4,4,13:21:25:31,4,1,2,2
5,32,5,32,0,28,0,1,,30,2,6,4,4,14:22:26:31,4,1,2,2
5,32,5,32,0,28,0,1,,31,2,5,3,3,15:23:27,3,1,1,2
5,32,5,32,0,28,1,0,28,0,1,6,5,5,1:2:4:8:16,5,0,4,1
5,32,5,32,0,28,1,0,28,1,1,6,5,5,0:3:5:9:17,5,0,4,1
5,32,5,32,0,28,1,0,28,2,1,6,5,5,0:3:6:10:18,5,0,4,1
5,32,5,32,0,28,1,0,28,3,1,6,5,5,1:2:7:11:19,5,0,4,1
5,32,5,32,0,28,1,0,28,4,1,4,3,3,0:5:6,3,0,2,1
5,32,5,32,0,28,1,0,28,5,1,6,5,5,1:4:7:13:21,5,0,4,1
5,32,5,32,0,28,1,0,28,6,1,6,5,5,2:4:7:14:22,5,0,4,1
5,32,5,32,0,28,1,0,28,7,1,6,5,5,3:5:6:15:23,5,0,4,1
5,32,5,32,0,28,1,0,28,8,1,4,3,3,0:9:10,3,0,2,1
5,32,5,32,0,28,1,0,28,9,1,6,5,5,1:8:11:13:25,5,0,4,1
5,32,5,32,0,28,1,0,28,10,1,6,5,5,2:8:11:14:26,5,0,4,1
5,32,5,32,0,28,1,0,28,11,1,6,5,5,3:9:10:15:27,5,0,4,1
5,32,5,32,0,28,1,0,28,12,1,5,4,4,4:8:13:14,4,0,3,1
5,32,5,32,0,28,1,0,28,13,1,4,3,3,5:9:15,3,0,2,1
5,32,5,32,0,28,1,0,28,14,1,4,3,3,6:10:15,3,0,2,1
5,32,5,32,0,28,1,0,28,15,1,6,5,5,7:11:13:14:31,5,0,4,1
5,32,5,32,0,28,1,0,28,16,1,4,3,3,0:17:18,3,0,2,1
5,32,5,32,0,28,1,0,28,17,1,6,5,5,1:16:19:21:25,5,0,4,1
5,32,5,32,0,28,1,0,28,18,1,6,5,5,2:16:19:22:26,5,0,4,1
5,32,5,32,0,28,1,0,28,19,1,6,5,5,3:17:18:23:27,5,0,4,1
5,32,5,32,0,28,1,0,28,20,1,5,4,4,4:16:21:22,4,0,3,1
5,32,5,32,0,28,1,0,28,21,1,4,3,3,5:17:23,3,0,2,1
5,32,5,32,0,28,1,0,28,22,1,4,3,3,6:18:23,3,0,2,1
5,32,5,32,0,28,1,0,28,23,1,6,5,5,7:19:21:22:31,5,0,4,1
5,32,5,32,0,28,1,0,28,24,1,5,4,4,8:16:25:26,4,0,3,1
5,32,5,32,0,28,1,0,28,25,1,4,3,3,9:17:27,3,0,2,1
5,32,5,32,0,28,1,0,28,26,1,4,3,3,10:18:27,3,0,2,1
5,32,5,32,0,28,1,0,28,27,1,6,5,5,11:19:25:26:31,5,0,4,1
5,32,5,32,0,28,1,0,28,29,1,5,4,4,13:21:25:31,4,0,3,1
5,32,5,32,0,28,1,0,28,30,1,5,4,4,14:22:26:31,4,0,3,1
5,32,5,32,0,28,1,0,28,31,1,4,3,3,15:23:27,3,0,2,1
5,32,5,32,0,28,1,1,28,0:1,2,10,8,8,2:3:4:5:8:9:16:17,8,1,6,2
5,32,5,32,0,28,1,1,28,0:2,2,10,8,8,1:3:4:6:8:10:16:18,8,1,6,2
5,32,5,32,0,28,1,1,28,0:3,2,10,8,8,1:2:4:7:8:11:16:19,8,1,6,2
5,32,5,32,0,28,1,1,28,0:4,2,8,6,6,1:2:5:6:8:16,6,1,4,2
5,32,5,32,0,28,1,1,28,0:5,2,10,8,8,1:2:4:7:8:13:16:21,8,1,6,2
5,32,5,32,0,28,1,1,28,0:6,2,10,8,8,1:2:4:7:8:14:16:22,8,1,6,2
5,32,5,32,0,28,1,1,28,0:7,2,12,10,10,1:2:3:4:5:6:8:15:16:23,10,1,8,2
5,32,5,32,0,28,1,1,28,0:8,2,8,6,6,1:2:4:9:10:16,6,1,4,2
5,32,5,32,0,28,1,1,28,0:9,2,10,8,8,1:2:4:8:11:13:16:25,8,1,6,2
5,32,5,32,0,28,1,1,28,0:10,2,10,8,8,1:2:4:8:11:14:16:26,8,1,6,2
5,32,5,32,0,28,1,1,28,0:11,2,12,10,10,1:2:3:4:8:9:10:15:16:27,10,1,8,2
5,32,5,32,0,28,1,1,28,0:12,2,9,7,7,1:2:4:8:13:14:16,7,1,5,2
5,32,5,32,0,28,1,1,28,0:13,2,10,8,8,1:2:4:5:8:9:15:16,8,1,6,2
5,32,5,32,0,28,1,1,28,0:14,2,10,8,8,1:2:4:6:8:10:15:16,8,1,6,2
5,32,5,32,0,28,1,1,28,0:15,2,12,10,10,1:2:4:7:8:11:13:14:16:31,10,1,8,2
5,32,5,32,0,28,1,1,28,0:16,2,8,6,6,1:2:4:8:17:18,6,1,4,2
5,32,5,32,0,28,1,1,28,0:17,2,10,8,8,1:2:4:8:16:19:21:25,8,1,6,2
5,32,5,32,0,28,1,1,28,0:18,2,10,8,8,1:2:4:8:16:19:22:26,8,1,6,2
5,32,5,32,0,28,1,1,28,0:19,2,12,10,10,1:2:3:4:8:16:17:18:23:27,10,1,8,2
5,32,5,32,0,28,1,1,28,0:20,2,9,7,7,1:2:4:8:16:21:22,7,1,5,2
5,32,5,32,0,28,1,1,28,0:21,2,10,8,8,1:2:4:5:8:16:17:23,8,1,6,2
5,32,5,32,0,28,1,1,28,0:22,2,10,8,8,1:2:4:6:8:16:18:23,8,1,6,2
5,32,5,32,0,28,1,1,28,0:23,2,12,10,10,1:2:4:7:8:16:19:21:22:31,10,1,8,2
5,32,5,32,0,28,1,1,28,0:24,2,9,7,7,1:2:4:8:16:25:26,7,1,5,2
5,32,5,32,0,28,1,1,28,0:25,2,10,8,8,1:2:4:8:9:16:17:27,8,1,6,2
5,32,5,32,0,28,1,1,28,0:26,2,10,8,8,1:2:4:8:10:16:18:27,8,1,6,2
5,32,5,32,0,28,1,1,28,0:27,2,12,10,10,1:2:4:8:11:16:19:25:26:31,10,1,8,2
5,32,5,32,0,28,1,1,28,0:29,2,11,9,9,1:2:4:8:13:16:21:25:31,9,1,7,2
5,32,5,32,0,28,1,1,28,0:30,2,11,9,9,1:2:4:8:14:16:22:26:31,9,1,7,2
5,32,5,32,0,28,1,1,28,0:31,2,10,8,8,1:2:4:8:15:16:23:27,8,1,6,2
5,32,5,32,0,28,1,1,28,1:2,2,10,8,8,0:3:5:6:9:10:17:18,8,1,6,2
5,32,5,32,0,28,1,1,28,1:3,2,10,8,8,0:2:5:7:9:11:17:19,8,1,6,2
5,32,5,32,0,28,1,1,28,1:4,2,8,6,6,0:3:5:6:9:17,6,1,4,2
5,32,5,32,0,28,1,1,28,1:5,2,10,8,8,0:3:4:7:9:13:17:21,8,1,6,2
5,32,5,32,0,28,1,1,28,1:6,2,12,10,10,0:2:3:4:5:7:9:14:17:22,10,1,8,2
5,32,5,32,0,28,1,1,28,1:7,2,10,8,8,0:3:5:6:9:15:17:23,8,1,6,2
5,32,5,32,0,28,1,1,28,1:8,2,8,6,6,0:3:5:9:10:17,6,1,4,2
5,32,5,32,0,28,1,1,28,1:9,2,10,8,8,0:3:5:8:11:13:17:25,8,1,6,2
5,32,5,32,0,28,1,1,28,1:10,2,12,10,10,0:2:3:5:8:9:11:14:17:26,10,1,8,2
5,32,5,32,0,28,1,1,28,1:11,2,10,8,8,0:3:5:9:10:15:17:27,8,1,6,2
5,32,5,32,0,29,0,0,,,1,1,0,0,,0,0,0,0
5,32,5,32,0,29,0,1,,0,2,7,5,5,1:2:4:8:16,5,1,3,2
5,32,5,32,0,29,0,1,,1,2,7,5,5,0:3:5:9:17,5,1,3,2
5,32,5,32,0,29,0,1,,2,2,7,5,5,0:3:6:10:18,5,1,3,2
5,32,5,32,0,29,0,1,,3,2,7,5,5,1:2:7:11:19,5,1,3,2
5,32,5,32,0,29,0,1,,4,2,7,5,5,0:5:6:12:20,5,1,3,2
5,32,5,32,0,29,0,1,,5,2,5,3,3,1:4:7,3,1,1,2
5,32,5,32,0,29,0,1,,6,2,7,5,5,2:4:7:14:22,5,1,3,2
5,32,5,32,0,29,0,1,,7,2,7,5,5,3:5:6:15:23,5,1,3,2
5,32,5,32,0,29,0,1,,8,2,7,5,5,0:9:10:12:24,5,1,3,2
5,32,5,32,0,29,0,1,,9,2,5,3,3,1:8:11,3,1,1,2
5,32,5,32,0,29,0,1,,10,2,7,5,5,2:8:11:14:26,5,1,3,2
5,32,5,32,0,29,0,1,,11,2,7,5,5,3:9:10:15:27,5,1,3,2
5,32,5,32,0,29,0,1,,12,2,5,3,3,4:8:14,3,1,1,2
5,32,5,32,0,29,0,1,,13,2,6,4,4,5:9:12:15,4,1,2,2
5,32,5,32,0,29,0,1,,14,2,7,5,5,6:10:12:15:30,5,1,3,2
5,32,5,32,0,29,0,1,,15,2,5,3,3,7:11:14,3,1,1,2
5,32,5,32,0,29,0,1,,16,2,7,5,5,0:17:18:20:24,5,1,3,2
5,32,5,32,0,29,0,1,,17,2,5,3,3,1:16:19,3,1,1,2
5,32,5,32,0,29,0,1,,18,2,7,5,5,2:16:19:22:26,5,1,3,2
5,32,5,32,0,29,0,1,,19,2,7,5,5,3:17:18:23:27,5,1,3,2
5,32,5,32,0,29,0,1,,20,2,5,3,3,4:16:22,3,1,1,2
5,32,5,32,0,29,0,1,,21,2,6,4,4,5:17:20:23,4,1,2,2
5,32,5,32,0,29,0,1,,22,2,7,5,5,6:18:20:23:30,5,1,3,2
5,32,5,32,0,29,0,1,,23,2,5,3,3,7:19:22,3,1,1,2
5,32,5,32,0,29,0,1,,24,2,5,3,3,8:16:26,3,1,1,2
5,32,5,32,0,29,0,1,,25,2,6,4,4,9:17:24:27,4,1,2,2
5,32,5,32,0,29,0,1,,26,2,7,5,5,10:18:24:27:30,5,1,3,2
5,32,5,32,0,29,0,1,,27,2,5,3,3,11:19:26,3,1,1,2
5,32,5,32,0,29,0,1,,28,2,6,4,4,12:20:24:30,4,1,2,2
5,32,5,32,0,29,0,1,,30,2,5,3,3,14:22:26,3,1,1,2
5,32,5,32,0,29,0,1,,31,2,6,4,4,15:23:27:30,4,1,2,2
5,32,5,32,0,29,1,0,29,0,1,6,5,5,1:2:4:8:16,5,0,4,1
5,32,5,32,0,29,1,0,29,1,1,6,5,5,0:3:5:9:17,5,0,4,1
5,32,5,32,0,29,1,0,29,2,1,6,5,5,0:3:6:10:18,5,0,4,1
5,32,5,32,0,29,1,0,29,3,1,6,5,5,1:2:7:11:19,5,0,4,1
5,32,5,32,0,29,1,0,29,4,1,6,5,5,0:5:6:12:20,5,0,4,1
5,32,5,32,0,29,1,0,29,5,1,4,3,3,1:4:7,3,0,2,1
5,32,5,32,0,29,1,0,29,6,1,6,5,5,2:4:7:14:22,5,0,4,1
5,32,5,32,0,29,1,0,29,7,1,6,5,5,3:5:6:15:23,5,0,4,1
5,32,5,32,0,29,1,0,29,8,1,6,5,5,0:9:10:12:24,5,0,4,1
5,32,5,32,0,29,1,0,29,9,1,4,3,3,1:8:11,3,0,2,1
5,32,5,32,0,29,1,0,29,10,1,6,5,5,2:8:11:14:26,5,0,4,1
5,32,5,32,0,29,1,0,29,11,1,6,5,5,3:9:10:15:27,5,0,4,1
5,32,5,32,0,29,1,0,29,12,1,4,3,3,4:8:14,3,0,2,1
5,32,5,32,0,29,1,0,29,13,1,5,4,4,5:9:12:15,4,0,3,1
5,32,5,32,0,29,1,0,29,14,1,6,5,5,6:10:12:15:30,5,0,4,1
5,32,5,32,0,29,1,0,29,15,1,4,3,3,7:11:14,3,0,2,1
5,32,5,32,0,29,1,0,29,16,1,6,5,5,0:17:18:20:24,5,0,4,1
5,32,5,32,0,29,1,0,29,17,1,4,3,3,1:16:19,3,0,2,1
5,32,5,32,0,29,1,0,29,18,1,6,5,5,2:16:19:22:26,5,0,4,1
5,32,5,32,0,29,1,0,29,19,1,6,5,5,3:17:18:23:27,5,0,4,1
5,32,5,32,0,29,1,0,29,20,1,4,3,3,4:16:22,3,0,2,1
5,32,5,32,0,29,1,0,29,21,1,5,4,4,5:17:20:23,4,0,3,1
5,32,5,32,0,29,1,0,29,22,1,6,5,5,6:18:20:23:30,5,0,4,1
5,32,5,32,0,29,1,0,29,23,1,4,3,3,7:19:22,3,0,2,1
5,32,5,32,0,29,1,0,29,24,1,4,3,3,8:16:26,3,0,2,1
5,32,5,32,0,29,1,0,29,25,1,5,4,4,9:17:24:27,4,0,3,1
5,32,5,32,0,29,1,0,29,26,1,6,5,5,10:18:24:27:30,5,0,4,1
5,32,5,32,0,29,1,0,29,27,1,4,3,3,11:19:26,3,0,2,1
5,32,5,32,0,29,1,0,29,28,1,5,4,4,12:20:24:30,4,0,3,1
5,32,5,32,0,29,1,0,29,30,1,4,3,3,14:22:26,3,0,2,1
5,32,5,32,0,29,1,0,29,31,1,5,4,4,15:23:27:30,4,0,3,1
5,32,5,32,0,29,1,1,29,0:1,2,10,8,8,2:3:4:5:8:9:16:17,8,1,6,2
5,32,5,32,0,29,1,1,29,0:2,2,10,8,8,1:3:4:6:8:10:16:18,8,1,6,2
5,32,5,32,0,29,1,1,29,0:3,2,10,8,8,1:2:4:7:8:11:16:19,8,1,6,2
5,32,5,32,0,29,1,1,29,0:4,2,10,8,8,1:2:5:6:8:12:16:20,8,1,6,2
5,32,5,32,0,29,1,1,29,0:5,2,8,6,6,1:2:4:7:8:16,6,1,4,2
5,32,5,32,0,29,1,1,29,0:6,2,10,8,8,1:2:4:7:8:14:16:22,8,1,6,2
5,32,5,32,0,29,1,1,29,0:7,2,12,10,10,1:2:3:4:5:6:8:15:16:23,10,1,8,2
5,32,5,32,0,29,1,1,29,0:8,2,10,8,8,1:2:4:9:10:12:16:24,8,1,6,2
5,32,5,32,0,29,1,1,29,0:9,2,8,6,6,1:2:4:8:11:16,6,1,4,2
5,32,5,32,0,29,1,1,29,0:10,2,10,8,8,1:2:4:8:11:14:16:26,8,1,6,2
5,32,5,32,0,29,1,1,29,0:11,2,12,10,10,1:2:3:4:8:9:10:15:16:27,10,1,8,2
5,32,5,32,0,29,1,1,29,0:12,2,8,6,6,1:2:4:8:14:16,6,1,4,2
5,32,5,32,0,29,1,1,29,0:13,2,11,9,9,1:2:4:5:8:9:12:15:16,9,1,7,2
5,32,5,32,0,29,1,1,29,0:14,2,12,10,10,1:2:4:6:8:10:12:15:16:30,10,1,8,2
5,32,5,32,0,29,1,1,29,0:15,2,10,8,8,1:2:4:7:8:11:14:16,8,1,6,2
5,32,5,32,0,29,1,1,29,0:16,2,10,8,8,1:2:4:8:17:18:20:24,8,1,6,2
5,32,5,32,0,29,1,1,29,0:17,2,8,6,6,1:2:4:8:16:19,6,1,4,2
5,32,5,32,0,29,1,1,29,0:18,2,10,8,8,1:2:4:8:16:19:22:26,8,1,6,2
5,32,5,32,0,29,1,1,29,0:19,2,12,10,10,1:2:3:4:8:16:17:18:23:27,10,1,8,2
5,32,5,32,0,29,1,1,29,0:20,2,8,6,6,1:2:4:8:16:22,6,1,4,2
5,32,5,32,0,29,1,1,29,0:21,2,11,9,9,1:2:4:5:8:16:17:20:23,9,1,7,2
5,32,5,32,0,29,1,1,29,0:22,2,12,10,10,1:2:4:6:8:16:18:20:23:30,10,1,8,2
5,32,5,32,0,29,1,1,29,0:23,2,10,8,8,1:2:4:7:8:16:19:22,8,1,6,2
5,32,5,32,0,29,1,1,29,0:24,2,8,6,6,1:2:4:8:16:26,6,1,4,2
5,32,5,32,0,29,1,1,29,0:25,2,11,9,9,1:2:4:8:9:16:17:24:27,9,1,7,2
5,32,5,32,0,29,1,1,29,0:26,2,12,10,10,1:2:4:8:10:16:18:24:27:30,10,1,8,2
5,32,5,32,0,29,1,1,29,0:27,2,10,8,8,1:2:4:8:11:16:19:26,8,1,6,2
5,32,5,32,0,29,1,1,29,0:28,2,11,9,9,1:2:4:8:12:16:20:24:30,9,1,7,2
5,32,5,32,0,29,1,1,29,0:30,2,10,8,8,1:2:4:8:14:16:22:26,8,1,6,2
5,32,5,32,0,29,1,1,29,0:31,2,11,9,9,1:2:4:8:15:16:23:27:30,9,1,7,2
5,32,5,32,0,29,1,1,29,1:2,2,10,8,8,0:3:5:6:9:10:17:18,8,1,6,2
5,32,5,32,0,29,1,1,29,1:3,2,10,8,8,0:2:5:7:9:11:17:19,8,1,6,2
5,32,5,32,0,29,1,1,29,1:4,2,10,8,8,0:3:5:6:9:12:17:20,8,1,6,2
5,32,5,32,0,29,1,1,29,1:5,2,8,6,6,0:3:4:7:9:17,6,1,4,2
5,32,5,32,0,29,1,1,29,1:6,2,12,10,10,0:2:3:4:5:7:9:14:17:22,10,1,8,2
5,32,5,32,0,29,1,1,29,1:7,2,10,8,8,0:3:5:6:9:15:17:23,8,1,6,2
5,32,5,32,0,29,1,1,29,1:8,2,10,8,8,0:3:5:9:10:12:17:24,8,1,6,2
5,32,5,32,0,29,1,1,29,1:9,2,8,6,6,0:3:5:8:11:17,6,1,4,2
5,32,5,32,0,29,1,1,29,1:10,2,12,10,10,0:2:3:5:8:9:11:14:17:26,10,1,8,2
5,32,5,32,0,29,1,1,29,1:11,2,10,8,8,0:3:5:9:10:15:17:27,8,1,6,2
5,32,5,32,0,30,0,0,,,1,1,0,0,,0,0,0,0
5,32,5,32,0,30,0,1,,0,2,7,5,5,1:2:4:8:16,5,1,3,2
5,32,5,32,0,30,0,1,,1,2,7,5,5,0:3:5:9:17,5,1,3,2
5,32,5,32,0,30,0,1,,2,2,7,5,5,0:3:6:10:18,5,1,3,2
5,32,5,32,0,30,0,1,,3,2,7,5,5,1:2:7:11:19,5,1,3,2
5,32,5,32,0,30,0,1,,4,2,7,5,5,0:5:6:12:20,5,1,3,2
5,32,5,32,0,30,0,1,,5,2,7,5,5,1:4:7:13:21,5,1,3,2
5,32,5,32,0,30,0,1,,6,2,5,3,3,2:4:7,3,1,1,2
5,32,5,32,0,30,0,1,,7,2,7,5,5,3:5:6:15:23,5,1,3,2
5,32,5,32,0,30,0,1,,8,2,7,5,5,0:9:10:12:24,5,1,3,2
5,32,5,32,0,30,0,1,,9,2,7,5,5,1:8:11:13:25,5,1,3,2
5,32,5,32,0,30,0,1,,10,2,5,3,3,2:8:11,3,1,1,2
5,32,5,32,0,30,0,1,,11,2,7,5,5,3:9:10:15:27,5,1,3,2
5,32,5,32,0,30,0,1,,12,2,5,3,3,4:8:13,3,1,1,2
5,32,5,32,0,30,0,1,,13,2,7,5,5,5:9:12:15:29,5,1,3,2
5,32,5,32,0,30,0,1,,14,2,6,4,4,6:10:12:15,4,1,2,2
5,32,5,32,0,30,0,1,,15,2,5,3,3,7:11:13,3,1,1,2
5,32,5,32,0,30,0,1,,16,2,7,5,5,0:17:18:20:24,5,1,3,2
5,32,5,32,0,30,0,1,,17,2,7,5,5,1:16:19:21:25,5,1,3,2
5,32,5,32,0,30,0,1,,18,2,5,3,3,2:16:19,3,1,1,2
5,32,5,32,0,30,0,1,,19,2,7,5,5,3:17:18:23:27,5,1,3,2
5,32,5,32,0,30,0,1,,20,2,5,3,3,4:16:21,3,1,1,2
5,32,5,32,0,30,0,1,,21,2,7,5,5,5:17:20:23:29,5,1,3,2
5,32,5,32,0,30,0,1,,22,2,6,4,4,6:18:20:23,4,1,2,2
5,32,5,32,0,30,0,1,,23,2,5,3,3,7:19:21,3,1,1,2
5,32,5,32,0,30,0,1,,24,2,5,3,3,8:16:25,3,1,1,2
5,32,5,32,0,30,0,1,,25,2,7,5,5,9:17:24:27:29,5,1,3,2
5,32,5,32,0,30,0,1,,26,2,6,4,4,10:18:24:27,4,1,2,2
5,32,5,32,0,30,0,1,,27,2,5,3,3,11:19:25,3,1,1,2
5,32,5,32,0,30,0,1,,28,2,6,4,4,12:20:24:29,4,1,2,2
5,32,5,32,0,30,0,1,,29,2,5,3,3,13:21:25,3,1,1,2
5,32,5,32,0,30,0,1,,31,2,6,4,4,15:23:27:29,4,1,2,2
5,32,5,32,0,30,1,0,30,0,1,6,5,5,1:2:4:8:16,5,0,4,1
5,32,5,32,0,30,1,0,30,1,1,6,5,5,0:3:5:9:17,5,0,4,1
5,32,5,32,0,30,1,0,30,2,1,6,5,5,0:3:6:10:18,5,0,4,1
5,32,5,32,0,30,1,0,30,3,1,6,5,5,1:2:7:11:19,5,0,4,1
5,32,5,32,0,30,1,0,30,4,1,6,5,5,0:5:6:12:20,5,0,4,1
5,32,5,32,0,30,1,0,30,5,1,6,5,5,1:4:7:13:21,5,0,4,1
5,32,5,32,0,30,1,0,30,6,1,4,3,3,2:4:7,3,0,2,1
5,32,5,32,0,30,1,0,30,7,1,6,5,5,3:5:6:15:23,5,0,4,1
5,32,5,32,0,30,1,0,30,8,1,6,5,5,0:9:10:12:24,5,0,4,1
5,32,5,32,0,30,1,0,30,9,1,6,5,5,1:8:11:13:25,5,0,4,1
5,32,5,32,0,30,1,0,30,10,1,4,3,3,2:8:11,3,0,2,1
5,32,5,32,0,30,1,0,30,11,1,6,5,5,3:9:10:15:27,5,0,4,1
5,32,5,32,0,30,1,0,30,12,1,4,3,3,4:8:13,3,0,2,1
5,32,5,32,0,30,1,0,30,13,1,6,5,5,5:9:12:15:29,5,0,4,1
5,32,5,32,0,30,1,0,30,14,1,5,4,4,6:10:12:15,4,0,3,1
5,32,5,32,0,30,1,0,30,15,1,4,3,3,7:11:13,3,0,2,1
5,32,5,32,0,30,1,0,30,16,1,6,5,5,0:17:18:20:24,5,0,4,1
5,32,5,32,0,30,1,0,30,17,1,6,5,5,1:16:19:21:25,5,0,4,1
5,32,5,32,0,30,1,0,30,18,1,4,3,3,2:16:19,3,0,2,1
5,32,5,32,0,30,1,0,30,19,1,6,5,5,3:17:18:23:27,5,0,4,1
5,32,5,32,0,30,1,0,30,20,1,4,3,3,4:16:21,3,0,2,1
5,32,5,32,0,30,1,0,30,21,1,6,5,5,5:17:20:23:29,5,0,4,1
5,32,5,32,0,30,1,0,30,22,1,5,4,4,6:18:20:23,4,0,3,1
5,32,5,32,0,30,1,0,30,23,1,4,3,3,7:19:21,3,0,2,1
5,32,5,32,0,30,1,0,30,24,1,4,3,3,8:16:25,3,0,2,1
5,32,5,32,0,30,1,0,30,25,1,6,5,5,9:17:24:27:29,5,0,4,1
5,32,5,32,0,30,1,0,30,26,1,5,4,4,10:18:24:27,4,0,3,1
5,32,5,32,0,30,1,0,30,27,1,4,3,3,11:19:25,3,0,2,1
5,32,5,32,0,30,1,0,30,28,1,5,4,4,12:20:24:29,4,0,3,1
5,32,5,32,0,30,1,0,30,29,1,4,3,3,13:21:25,3,0,2,1
5,32,5,32,0,30,1,0,30,31,1,5,4,4,15:23:27:29,4,0,3,1
5,32,5,32,0,30,1,1,30,0:1,2,10,8,8,2:3:4:5:8:9:16:17,8,1,6,2
5,32,5,32,0,30,1,1,30,0:2,2,10,8,8,1:3:4:6:8:10:16:18,8,1,6,2
5,32,5,32,0,30,1,1,30,0:3,2,10,8,8,1:2:4:7:8:11:16:19,8,1,6,2
5,32,5,32,0,30,1,1,30,0:4,2,10,8,8,1:2:5:6:8:12:16:20,8,1,6,2
5,32,5,32,0,30,1,1,30,0:5,2,10,8,8,1:2:4:7:8:13:16:21,8,1,6,2
5,32,5,32,0,30,1,1,30,0:6,2,8,6,6,1:2:4:7:8:16,6,1,4,2
5,32,5,32,0,30,1,1,30,0:7,2,12,10,10,1:2:3:4:5:6:8:15:16:23,10,1,8,2
5,32,5,32,0,30,1,1,30,0:8,2,10,8,8,1:2:4:9:10:12:16:24,8,1,6,2
5,32,5,32,0,30,1,1,30,0:9,2,10,8,8,1:2:4:8:11:13:16:25,8,1,6,2
5,32,5,32,0,30,1,1,30,0:10,2,8,6,6,1:2:4:8:11:16,6,1,4,2
5,32,5,32,0,30,1,1,30,0:11,2,12,10,10,1:2:3:4:8:9:10:15:16:27,10,1,8,2
5,32,5,32,0,30,1,1,30,0:12,2,8,6,6,1:2:4:8:13:16,6,1,4,2
5,32,5,32,0,30,1,1,30,0:13,2,12,10,10,1:2:4:5:8:9:12:15:16:29,10,1,8,2
5,32,5,32,0,30,1,1,30,0:14,2,11,9,9,1:2:4:6:8:10:12:15:16,9,1,7,2
5,32,5,32,0,30,1,1,30,0:15,2,10,8,8,1:2:4:7:8:11:13:16,8,1,6,2
5,32,5,32,0,30,1,1,30,0:16,2,10,8,8,1:2:4:8:17:18:20:24,8,1,6,2
5,32,5,32,0,30,1,1,30,0:17,2,10,8,8,1:2:4:8:16:19:21:25,8,1,6,2
5,32,5,32,0,30,1,1,30,0:18,2,8,6,6,1:2:4:8:16:19,6,1,4,2
5,32,5,32,0,30,1,1,30,0:19,2,12,10,10,1:2:3:4:8:16:17:18:23:27,10,1,8,2
5,32,5,32,0,30,1,1,30,0:20,2,8,6,6,1:2:4:8:16:21,6,1,4,2
5,32,5,32,0,30,1,1,30,0:21,2,12,10,10,1:2:4:5:8:16:17:20:23:29,10,1,8,2
5,32,5,32,0,30,1,1,30,0:22,2,11,9,9,1:2:4:6:8:16:18:20:23,9,1,7,2
5,32,5,32,0,30,1,1,30,0:23,2,10,8,8,1:2:4:7:8:16:19:21,8,1,6,2
5,32,5,32,0,30,1,1,30,0:24,2,8,6,6,1:2:4:8:16:25,6,1,4,2
5,32,5,32,0,30,1,1,30,0:25,2,12,10,10,1:2:4:8:9:16:17:24:27:29,10,1,8,2
5,32,5,32,0,30,1,1,30,0:26,2,11,9,9,1:2:4:8:10:16:18:24:27,9,1,7,2
5,32,5,32,0,30,1,1,30,0:27,2,10,8,8,1:2:4:8:11:16:19:25,8,1,6,2
5,32,5,32,0,30,1,1,30,0:28,2,11,9,9,1:2:4:8:12:16:20:24:29,9,1,7,2
5,32,5,32,0,30,1,1,30,0:29,2,10,8,8,1:2:4:8:13:16:21:25,8,1,6,2
5,32,5,32,0,30,1,1,30,0:31,2,11,9,9,1:2:4:8:15:16:23:27:29,9,1,7,2
5,32,5,32,0,30,1,1,30,1:2,2,10,8,8,0:3:5:6:9:10:17:18,8,1,6,2
5,32,5,32,0,30,1,1,30,1:3,2,10,8,8,0:2:5:7:9:11:17:19,8,1,6,2
5,32,5,32,0,30,1,1,30,1:4,2,10,8,8,0:3:5:6:9:12:17:20,8,1,6,2
5,32,5,32,0,30,1,1,30,1:5,2,10,8,8,0:3:4:7:9:13:17:21,8,1,6,2
5,32,5,32,0,30,1,1,30,1:6,2,10,8,8,0:2:3:4:5:7:9:17,8,1,6,2
5,32,5,32,0,30,1,1,30,1:7,2,10,8,8,0:3:5:6:9:15:17:23,8,1,6,2
5,32,5,32,0,30,1,1,30,1:8,2,10,8,8,0:3:5:9:10:12:17:24,8,1,6,2
5,32,5,32,0,30,1,1,30,1:9,2,10,8,8,0:3:5:8:11:13:17:25,8,1,6,2
5,32,5,32,0,30,1,1,30,1:10,2,10,8,8,0:2:3:5:8:9:11:17,8,1,6,2
5,32,5,32,0,30,1,1,30,1:11,2,10,8,8,0:3:5:9:10:15:17:27,8,1,6,2
5,32,5,32,0,31,0,0,,,1,1,0,0,,0,0,0,0
5,32,5,32,0,31,0,1,,0,2,7,5,5,1:2:4:8:16,5,1,3,2
5,32,5,32,0,31,0,1,,1,2,7,5,5,0:3:5:9:17,5,1,3,2
5,32,5,32,0,31,0,1,,2,2,7,5,5,0:3:6:10:18,5,1,3,2
5,32,5,32,0,31,0,1,,3,2,7,5,5,1:2:7:11:19,5,1,3,2
5,32,5,32,0,31,0,1,,4,2,7,5,5,0:5:6:12:20,5,1,3,2
5,32,5,32,0,31,0,1,,5,2,7,5,5,1:4:7:13:21,5,1,3,2
5,32,5,32,0,31,0,1,,6,2,7,5,5,2:4:7:14:22,5,1,3,2
5,32,5,32,0,31,0,1,,7,2,5,3,3,3:5:6,3,1,1,2
5,32,5,32,0,31,0,1,,8,2,7,5,5,0:9:10:12:24,5,1,3,2
5,32,5,32,0,31,0,1,,9,2,7,5,5,1:8:11:13:25,5,1,3,2
5,32,5,32,0,31,0,1,,10,2,7,5,5,2:8:11:14:26,5,1,3,2
5,32,5,32,0,31,0,1,,11,2,5,3,3,3:9:10,3,1,1,2
5,32,5,32,0,31,0,1,,12,2,7,5,5,4:8:13:14:28,5,1,3,2
5,32,5,32,0,31,0,1,,13,2,5,3,3,5:9:12,3,1,1,2
5,32,5,32,0,31,0,1,,14,2,5,3,3,6:10:12,3,1,1,2
5,32,5,32,0,31,0,1,,15,2,6,4,4,7:11:13:14,4,1,2,2
5,32,5,32,0,31,0,1,,16,2,7,5,5,0:17:18:20:24,5,1,3,2
5,32,5,32,0,31,0,1,,17,2,7,5,5,1:16:19:21:25,5,1,3,2
5,32,5,32,0,31,0,1,,18,2,7,5,5,2:16:19:22:26,5,1,3,2
5,32,5,32,0,31,0,1,,19,2,5,3,3,3:17:18,3,1,1,2
5,32,5,32,0,31,0,1,,20,2,7,5,5,4:16:21:22:28,5,1,3,2
5,32,5,32,0,31,0,1,,21,2,5,3,3,5:17:20,3,1,1,2
5,32,5,32,0,31,0,1,,22,2,5,3,3,6:18:20,3,1,1,2
5,32,5,32,0,31,0,1,,23,2,6,4,4,7:19:21:22,4,1,2,2
5,32,5,32,0,31,0,1,,24,2,7,5,5,8:16:25:26:28,5,1,3,2
5,32,5,32,0,31,0,1,,25,2,5,3,3,9:17:24,3,1,1,2
5,32,5,32,0,31,0,1,,26,2,5,3,3,10:18:24,3,1,1,2
5,32,5,32,0,31,0,1,,27,2,6,4,4,11:19:25:26,4,1,2,2
5,32,5,32,0,31,0,1,,28,2,5,3,3,12:20:24,3,1,1,2
5,32,5,32,0,31,0,1,,29,2,6,4,4,13:21:25:28,4,1,2,2
5,32,5,32,0,31,0,1,,30,2,6,4,4,14:22:26:28,4,1,2,2
5,32,5,32,0,31,1,0,31,0,1,6,5,5,1:2:4:8:16,5,0,4,1
5,32,5,32,0,31,1,0,31,1,1,6,5,5,0:3:5:9:17,5,0,4,1
5,32,5,32,0,31,1,0,31,2,1,6,5,5,0:3:6:10:18,5,0,4,1
5,32,5,32,0,31,1,0,31,3,1,6,5,5,1:2:7:11:19,5,0,4,1
5,32,5,32,0,31,1,0,31,4,1,6,5,5,0:5:6:12:20,5,0,4,1
5,32,5,32,0,31,1,0,31,5,1,6,5,5,1:4:7:13:21,5,0,4,1
5,32,5,32,0,31,1,0,31,6,1,6,5,5,2:4:7:14:22,5,0,4,1
5,32,5,32,0,31,1,0,31,7,1,4,3,3,3:5:6,3,0,2,1
5,32,5,32,0,31,1,0,31,8,1,6,5,5,0:9:10:12:24,5,0,4,1
5,32,5,32,0,31,1,0,31,9,1,6,5,5,1:8:11:13:25,5,0,4,1
5,32,5,32,0,31,1,0,31,10,1,6,5,5,2:8:11:14:26,5,0,4,1
5,32,5,32,0,31,1,0,31,11,1,4,3,3,3:9:10,3,0,2,1
5,32,5,32,0,31,1,0,31,12,1,6,5,5,4:8:13:14:28,5,0,4,1
5,32,5,32,0,31,1,0,31,13,1,4,3,3,5:9:12,3,0,2,1
5,32,5,32,0,31,1,0,31,14,1,4,3,3,6:10:12,3,0,2,1
5,32,5,32,0,31,1,0,31,15,1,5,4,4,7:11:13:14,4,0,3,1
5,32,5,32,0,31,1,0,31,16,1,6,5,5,0:17:18:20:24,5,0,4,1
5,32,5,32,0,31,1,0,31,17,1,6,5,5,1:16:19:21:25,5,0,4,1
5,32,5,32,0,31,1,0,31,18,1,6,5,5,2:16:19:22:26,5,0,4,1
5,32,5,32,0,31,1,0,31,19,1,4,3,3,3:17:18,3,0,2,1
5,32,5,32,0,31,1,0,31,20,1,6,5,5,4:16:21:22:28,5,0,4,1
5,32,5,32,0,31,1,0,31,21,1,4,3,3,5:17:20,3,0,2,1
5,32,5,32,0,31,1,0,31,22,1,4,3,3,6:18:20,3,0,2,1
5,32,5,32,0,31,1,0,31,23,1,5,4,4,7:19:21:22,4,0,3,1
5,32,5,32,0,31,1,0,31,24,1,6,5,5,8:16:25:26:28,5,0,4,1
5,32,5,32,0,31,1,0,31,25,1,4,3,3,9:17:24,3,0,2,1
5,32,5,32,0,31,1,0,31,26,1,4,3,3,10:18:24,3,0,2,1
5,32,5,32,0,31,1,0,31,27,1,5,4,4,11:19:25:26,4,0,3,1
5,32,5,32,0,31,1,0,31,28,1,4,3,3,12:20:24,3,0,2,1
5,32,5,32,0,31,1,0,31,29,1,5,4,4,13:21:25:28,4,0,3,1
5,32,5,32,0,31,1,0,31,30,1,5,4,4,14:22:26:28,4,0,3,1
5,32,5,32,0,31,1,1,31,0:1,2,10,8,8,2:3:4:5:8:9:16:17,8,1,6,2
5,32,5,32,0,31,1,1,31,0:2,2,10,8,8,1:3:4:6:8:10:16:18,8,1,6,2
5,32,5,32,0,31,1,1,31,0:3,2,10,8,8,1:2:4:7:8:11:16:19,8,1,6,2
5,32,5,32,0,31,1,1,31,0:4,2,10,8,8,1:2:5:6:8:12:16:20,8,1,6,2
5,32,5,32,0,31,1,1,31,0:5,2,10,8,8,1:2:4:7:8:13:16:21,8,1,6,2
5,32,5,32,0,31,1,1,31,0:6,2,10,8,8,1:2:4:7:8:14:16:22,8,1,6,2
5,32,5,32,0,31,1,1,31,0:7,2,10,8,8,1:2:3:4:5:6:8:16,8,1,6,2
5,32,5,32,0,31,1,1,31,0:8,2,10,8,8,1:2:4:9:10:12:16:24,8,1,6,2
5,32,5,32,0,31,1,1,31,0:9,2,10,8,8,1:2:4:8:11:13:16:25,8,1,6,2
5,32,5,32,0,31,1,1,31,0:10,2,10,8,8,1:2:4:8:11:14:16:26,8,1,6,2
5,32,5,32,0,31,1,1,31,0:11,2,10,8,8,1:2:3:4:8:9:10:16,8,1,6,2
5,32,5,32,0,31,1,1,31,0:12,2,10,8,8,1:2:4:8:13:14:16:28,8,1,6,2
5,32,5,32,0,31,1,1,31,0:13,2,10,8,8,1:2:4:5:8:9:12:16,8,1,6,2
5,32,5,32,0,31,1,1,31,0:14,2,10,8,8,1:2:4:6:8:10:12:16,8,1,6,2
5,32,5,32,0,31,1,1,31,0:15,2,11,9,9,1:2:4:7:8:11:13:14:16,9,1,7,2
5,32,5,32,0,31,1,1,31,0:16,2,10,8,8,1:2:4:8:17:18:20:24,8,1,6,2
5,32,5,32,0,31,1,1,31,0:17,2,10,8,8,1:2:4:8:16:19:21:25,8,1,6,2
5,32,5,32,0,31,1,1,31,0:18,2,10,8,8,1:2:4:8:16:19:22:26,8,1,6,2
5,32,5,32,0,31,1,1,31,0:19,2,10,8,8,1:2:3:4:8:16:17:18,8,1,6,2
5,32,5,32,0,31,1,1,31,0:20,2,10,8,8,1:2:4:8:16:21:22:28,8,1,6,2
5,32,5,32,0,31,1,1,31,0:21,2,10,8,8,1:2:4:5:8:16:17:20,8,1,6,2
5,32,5,32,0,31,1,1,31,0:22,2,10,8,8,1:2:4:6:8:16:18:20,8,1,6,2
5,32,5,32,0,31,1,1,31,0:23,2,11,9,9,1:2:4:7:8:16:19:21:22,9,1,7,2
5,32,5,32,0,31,1,1,31,0:24,2,10,8,8,1:2:4:8:16:25:26:28,8,1,6,2
5,32,5,32,0,31,1,1,31,0:25,2,10,8,8,1:2:4:8:9:16:17:24,8,1,6,2
5,32,5,32,0,31,1,1,31,0:26,2,10,8,8,1:2:4:8:10:16:18:24,8,1,6,2
5,32,5,32,0,31,1,1,31,0:27,2,11,9,9,1:2:4:8:11:16:19:25:26,9,1,7,2
5,32,5,32,0,31,1,1,31,0:28,2,10,8,8,1:2:4:8:12:16:20:24,8,1,6,2
5,32,5,32,0,31,1,1,31,0:29,2,11,9,9,1:2:4:8:13:16:21:25:28,9,1,7,2
5,32,5,32,0,31,1,1,31,0:30,2,11,9,9,1:2:4:8:14:16:22:26:28,9,1,7,2
5,32,5,32,0,31,1,1,31,1:2,2,10,8,8,0:3:5:6:9:10:17:18,8,1,6,2
5,32,5,32,0,31,1,1,31,1:3,2,10,8,8,0:2:5:7:9:11:17:19,8,1,6,2
5,32,5,32,0,31,1,1,31,1:4,2,10,8,8,0:3:5:6:9:12:17:20,8,1,6,2
5,32,5,32,0,31,1,1,31,1:5,2,10,8,8,0:3:4:7:9:13:17:21,8,1,6,2
5,32,5,32,0,31,1,1,31,1:6,2,12,10,10,0:2:3:4:5:7:9:14:17:22,10,1,8,2
5,32,5,32,0,31,1,1,31,1:7,2,8,6,6,0:3:5:6:9:17,6,1,4,2
5,32,5,32,0,31,1,1,31,1:8,2,10,8,8,0:3:5:9:10:12:17:24,8,1,6,2
5,32,5,32,0,31,1,1,31,1:9,2,10,8,8,0:3:5:8:11:13:17:25,8,1,6,2
5,32,5,32,0,31,1,1,31,1:10,2,12,10,10,0:2:3:5:8:9:11:14:17:26,10,1,8,2
5,32,5,32,0,31,1,1,31,1:11,2,8,6,6,0:3:5:9:10:17,6,1,4,2
