depth,k,live_bits,live_rows,parity_zero_count,output_budget,kernel_dim_bound
11,2048,1,2,1022,1026,1
11,2048,1,2,1023,1025,1
11,2048,1,2,1024,1024,1
11,2048,1,2,1025,1023,0
11,2048,1,2,1026,1022,0
11,2048,2,4,1532,516,1
11,2048,2,4,1533,515,1
11,2048,2,4,1534,514,1
11,2048,2,4,1535,513,1
11,2048,2,4,1536,512,1
11,2048,2,4,1537,511,0
11,2048,2,4,1538,510,0
11,2048,2,4,1539,509,0
11,2048,2,4,1540,508,0
11,2048,3,8,1784,264,1
11,2048,3,8,1785,263,1
11,2048,3,8,1786,262,1
11,2048,3,8,1787,261,1
11,2048,3,8,1788,260,1
11,2048,3,8,1789,259,1
11,2048,3,8,1790,258,1
11,2048,3,8,1791,257,1
11,2048,3,8,1792,256,1
11,2048,3,8,1793,255,0
11,2048,3,8,1794,254,0
11,2048,3,8,1795,253,0
11,2048,3,8,1796,252,0
11,2048,3,8,1797,251,0
11,2048,3,8,1798,250,0
11,2048,3,8,1799,249,0
11,2048,3,8,1800,248,0
11,2048,4,16,1904,144,2
11,2048,4,16,1905,143,2
11,2048,4,16,1906,142,2
11,2048,4,16,1907,141,2
11,2048,4,16,1908,140,2
11,2048,4,16,1909,139,2
11,2048,4,16,1910,138,2
11,2048,4,16,1911,137,2
11,2048,4,16,1912,136,1
11,2048,4,16,1913,135,1
11,2048,4,16,1914,134,1
11,2048,4,16,1915,133,1
11,2048,4,16,1916,132,1
11,2048,4,16,1917,131,1
11,2048,4,16,1918,130,1
11,2048,4,16,1919,129,1
11,2048,4,16,1920,128,1
11,2048,4,16,1921,127,0
11,2048,4,16,1922,126,0
11,2048,4,16,1923,125,0
11,2048,4,16,1924,124,0
11,2048,4,16,1925,123,0
11,2048,4,16,1926,122,0
11,2048,4,16,1927,121,0
11,2048,4,16,1928,120,0
11,2048,4,16,1929,119,0
11,2048,4,16,1930,118,0
11,2048,4,16,1931,117,0
11,2048,4,16,1932,116,0
11,2048,4,16,1933,115,0
11,2048,4,16,1934,114,0
11,2048,4,16,1935,113,0
11,2048,4,16,1936,112,0
11,2048,5,32,1952,96,11
11,2048,5,32,1953,95,11
11,2048,5,32,1954,94,11
11,2048,5,32,1955,93,10
11,2048,5,32,1956,92,10
11,2048,5,32,1957,91,10
11,2048,5,32,1958,90,10
11,2048,5,32,1959,89,9
11,2048,5,32,1960,88,9
11,2048,5,32,1961,87,9
11,2048,5,32,1962,86,9
11,2048,5,32,1963,85,8
11,2048,5,32,1964,84,8
11,2048,5,32,1965,83,8
11,2048,5,32,1966,82,8
11,2048,5,32,1967,81,7
11,2048,5,32,1968,80,7
11,2048,5,32,1969,79,7
11,2048,5,32,1970,78,6
11,2048,5,32,1971,77,6
11,2048,5,32,1972,76,6
11,2048,5,32,1973,75,5
11,2048,5,32,1974,74,5
11,2048,5,32,1975,73,4
11,2048,5,32,1976,72,4
11,2048,5,32,1977,71,4
11,2048,5,32,1978,70,3
11,2048,5,32,1979,69,3
11,2048,5,32,1980,68,2
11,2048,5,32,1981,67,2
11,2048,5,32,1982,66,1
11,2048,5,32,1983,65,1
11,2048,5,32,1984,64,1
11,2048,5,32,1985,63,0
11,2048,5,32,1986,62,0
11,2048,5,32,1987,61,0
11,2048,5,32,1988,60,0
11,2048,5,32,1989,59,0
11,2048,5,32,1990,58,0
11,2048,5,32,1991,57,0
11,2048,5,32,1992,56,0
11,2048,5,32,1993,55,0
11,2048,5,32,1994,54,0
11,2048,5,32,1995,53,0
11,2048,5,32,1996,52,0
11,2048,5,32,1997,51,0
11,2048,5,32,1998,50,0
11,2048,5,32,1999,49,0
11,2048,5,32,2000,48,0
11,2048,5,32,2001,47,0
11,2048,5,32,2002,46,0
11,2048,5,32,2003,45,0
11,2048,5,32,2004,44,0
11,2048,5,32,2005,43,0
11,2048,5,32,2006,42,0
11,2048,5,32,2007,41,0
11,2048,5,32,2008,40,0
11,2048,5,32,2009,39,0
11,2048,5,32,2010,38,0
11,2048,5,32,2011,37,0
11,2048,5,32,2012,36,0
11,2048,5,32,2013,35,0
11,2048,5,32,2014,34,0
11,2048,5,32,2015,33,0
11,2048,5,32,2016,32,0
11,2048,6,64,1952,96,43
11,2048,6,64,1953,95,43
11,2048,6,64,1954,94,43
11,2048,6,64,1955,93,42
11,2048,6,64,1956,92,42
11,2048,6,64,1957,91,42
11,2048,6,64,1958,90,42
11,2048,6,64,1959,89,41
11,2048,6,64,1960,88,41
11,2048,6,64,1961,87,41
11,2048,6,64,1962,86,41
11,2048,6,64,1963,85,40
11,2048,6,64,1964,84,40
11,2048,6,64,1965,83,40
11,2048,6,64,1966,82,40
11,2048,6,64,1967,81,39
11,2048,6,64,1968,80,39
11,2048,6,64,1969,79,39
11,2048,6,64,1970,78,38
11,2048,6,64,1971,77,38
11,2048,6,64,1972,76,38
11,2048,6,64,1973,75,37
11,2048,6,64,1974,74,37
11,2048,6,64,1975,73,36
11,2048,6,64,1976,72,36
11,2048,6,64,1977,71,36
11,2048,6,64,1978,70,35
11,2048,6,64,1979,69,35
11,2048,6,64,1980,68,34
11,2048,6,64,1981,67,34
11,2048,6,64,1982,66,33
11,2048,6,64,1983,65,33
11,2048,6,64,1984,64,33
11,2048,6,64,1985,63,32
11,2048,6,64,1986,62,31
11,2048,6,64,1987,61,31
11,2048,6,64,1988,60,30
11,2048,6,64,1989,59,30
11,2048,6,64,1990,58,29
11,2048,6,64,1991,57,29
11,2048,6,64,1992,56,28
11,2048,6,64,1993,55,27
11,2048,6,64,1994,54,27
11,2048,6,64,1995,53,26
11,2048,6,64,1996,52,25
11,2048,6,64,1997,51,24
11,2048,6,64,1998,50,24
11,2048,6,64,1999,49,23
11,2048,6,64,2000,48,22
11,2048,6,64,2001,47,21
11,2048,6,64,2002,46,20
11,2048,6,64,2003,45,19
11,2048,6,64,2004,44,18
11,2048,6,64,2005,43,17
11,2048,6,64,2006,42,16
11,2048,6,64,2007,41,15
11,2048,6,64,2008,40,13
11,2048,6,64,2009,39,12
11,2048,6,64,2010,38,11
11,2048,6,64,2011,37,9
11,2048,6,64,2012,36,8
11,2048,6,64,2013,35,6
11,2048,6,64,2014,34,4
11,2048,6,64,2015,33,2
11,2048,6,64,2016,32,1
11,2048,6,64,2017,31,0
11,2048,6,64,2018,30,0
11,2048,6,64,2019,29,0
11,2048,6,64,2020,28,0
11,2048,6,64,2021,27,0
11,2048,6,64,2022,26,0
11,2048,6,64,2023,25,0
11,2048,6,64,2024,24,0
11,2048,6,64,2025,23,0
11,2048,6,64,2026,22,0
11,2048,6,64,2027,21,0
11,2048,6,64,2028,20,0
11,2048,6,64,2029,19,0
11,2048,6,64,2030,18,0
11,2048,6,64,2031,17,0
11,2048,6,64,2032,16,0
11,2048,6,64,2033,15,0
11,2048,6,64,2034,14,0
11,2048,6,64,2035,13,0
11,2048,6,64,2036,12,0
11,2048,6,64,2037,11,0
11,2048,6,64,2038,10,0
11,2048,6,64,2039,9,0
11,2048,6,64,2040,8,0
11,2048,6,64,2041,7,0
11,2048,6,64,2042,6,0
11,2048,6,64,2043,5,0
11,2048,6,64,2044,4,0
11,2048,6,64,2045,3,0
11,2048,6,64,2046,2,0
11,2048,6,64,2047,1,0
11,2048,6,64,2048,0,0
11,2048,7,128,1904,144,114
11,2048,7,128,1905,143,114
11,2048,7,128,1906,142,114
11,2048,7,128,1907,141,114
11,2048,7,128,1908,140,114
11,2048,7,128,1909,139,114
11,2048,7,128,1910,138,114
11,2048,7,128,1911,137,114
11,2048,7,128,1912,136,113
11,2048,7,128,1913,135,113
11,2048,7,128,1914,134,113
11,2048,7,128,1915,133,113
11,2048,7,128,1916,132,113
11,2048,7,128,1917,131,113
11,2048,7,128,1918,130,113
11,2048,7,128,1919,129,113
11,2048,7,128,1920,128,113
11,2048,7,128,1921,127,112
11,2048,7,128,1922,126,112
11,2048,7,128,1923,125,112
11,2048,7,128,1924,124,112
11,2048,7,128,1925,123,112
11,2048,7,128,1926,122,112
11,2048,7,128,1927,121,112
11,2048,7,128,1928,120,111
11,2048,7,128,1929,119,111
11,2048,7,128,1930,118,111
11,2048,7,128,1931,117,111
11,2048,7,128,1932,116,111
11,2048,7,128,1933,115,111
11,2048,7,128,1934,114,111
11,2048,7,128,1935,113,110
11,2048,7,128,1936,112,110
11,2048,7,128,1937,111,110
11,2048,7,128,1938,110,110
11,2048,7,128,1939,109,110
11,2048,7,128,1940,108,110
11,2048,7,128,1941,107,109
11,2048,7,128,1942,106,109
11,2048,7,128,1943,105,109
11,2048,7,128,1944,104,109
11,2048,7,128,1945,103,109
11,2048,7,128,1946,102,108
11,2048,7,128,1947,101,108
11,2048,7,128,1948,100,108
11,2048,7,128,1949,99,108
11,2048,7,128,1950,98,108
11,2048,7,128,1951,97,107
11,2048,7,128,1952,96,107
11,2048,7,128,1953,95,107
11,2048,7,128,1954,94,107
11,2048,7,128,1955,93,106
11,2048,7,128,1956,92,106
11,2048,7,128,1957,91,106
11,2048,7,128,1958,90,106
11,2048,7,128,1959,89,105
11,2048,7,128,1960,88,105
11,2048,7,128,1961,87,105
11,2048,7,128,1962,86,105
11,2048,7,128,1963,85,104
11,2048,7,128,1964,84,104
11,2048,7,128,1965,83,104
11,2048,7,128,1966,82,104
11,2048,7,128,1967,81,103
11,2048,7,128,1968,80,103
11,2048,7,128,1969,79,103
11,2048,7,128,1970,78,102
11,2048,7,128,1971,77,102
11,2048,7,128,1972,76,102
11,2048,7,128,1973,75,101
11,2048,7,128,1974,74,101
11,2048,7,128,1975,73,100
11,2048,7,128,1976,72,100
11,2048,7,128,1977,71,100
11,2048,7,128,1978,70,99
11,2048,7,128,1979,69,99
11,2048,7,128,1980,68,98
11,2048,7,128,1981,67,98
11,2048,7,128,1982,66,97
11,2048,7,128,1983,65,97
11,2048,7,128,1984,64,97
11,2048,7,128,1985,63,96
11,2048,7,128,1986,62,95
11,2048,7,128,1987,61,95
11,2048,7,128,1988,60,94
11,2048,7,128,1989,59,94
11,2048,7,128,1990,58,93
11,2048,7,128,1991,57,93
11,2048,7,128,1992,56,92
11,2048,7,128,1993,55,91
11,2048,7,128,1994,54,91
11,2048,7,128,1995,53,90
11,2048,7,128,1996,52,89
11,2048,7,128,1997,51,88
11,2048,7,128,1998,50,88
11,2048,7,128,1999,49,87
11,2048,7,128,2000,48,86
11,2048,7,128,2001,47,85
11,2048,7,128,2002,46,84
11,2048,7,128,2003,45,83
11,2048,7,128,2004,44,82
11,2048,7,128,2005,43,81
11,2048,7,128,2006,42,80
11,2048,7,128,2007,41,79
11,2048,7,128,2008,40,77
11,2048,7,128,2009,39,76
11,2048,7,128,2010,38,75
11,2048,7,128,2011,37,73
11,2048,7,128,2012,36,72
11,2048,7,128,2013,35,70
11,2048,7,128,2014,34,68
11,2048,7,128,2015,33,66
11,2048,7,128,2016,32,65
11,2048,7,128,2017,31,62
11,2048,7,128,2018,30,60
11,2048,7,128,2019,29,58
11,2048,7,128,2020,28,55
11,2048,7,128,2021,27,53
11,2048,7,128,2022,26,50
11,2048,7,128,2023,25,47
11,2048,7,128,2024,24,43
11,2048,7,128,2025,23,39
11,2048,7,128,2026,22,35
11,2048,7,128,2027,21,31
11,2048,7,128,2028,20,26
11,2048,7,128,2029,19,21
11,2048,7,128,2030,18,15
11,2048,7,128,2031,17,8
11,2048,7,128,2032,16,1
11,2048,7,128,2033,15,0
11,2048,7,128,2034,14,0
11,2048,7,128,2035,13,0
11,2048,7,128,2036,12,0
11,2048,7,128,2037,11,0
11,2048,7,128,2038,10,0
11,2048,7,128,2039,9,0
11,2048,7,128,2040,8,0
11,2048,7,128,2041,7,0
11,2048,7,128,2042,6,0
11,2048,7,128,2043,5,0
11,2048,7,128,2044,4,0
11,2048,7,128,2045,3,0
11,2048,7,128,2046,2,0
11,2048,7,128,2047,1,0
11,2048,7,128,2048,0,0
11,2048,8,256,1784,264,249
11,2048,8,256,1785,263,249
11,2048,8,256,1786,262,249
11,2048,8,256,1787,261,249
11,2048,8,256,1788,260,249
11,2048,8,256,1789,259,249
11,2048,8,256,1790,258,249
11,2048,8,256,1791,257,249
11,2048,8,256,1792,256,249
11,2048,8,256,1793,255,248
11,2048,8,256,1794,254,248
11,2048,8,256,1795,253,248
11,2048,8,256,1796,252,248
11,2048,8,256,1797,251,248
11,2048,8,256,1798,250,248
11,2048,8,256,1799,249,248
11,2048,8,256,1800,248,248
11,2048,8,256,1801,247,248
11,2048,8,256,1802,246,248
11,2048,8,256,1803,245,248
11,2048,8,256,1804,244,248
11,2048,8,256,1805,243,248
11,2048,8,256,1806,242,248
11,2048,8,256,1807,241,248
11,2048,8,256,1808,240,248
11,2048,8,256,1809,239,248
11,2048,8,256,1810,238,248
11,2048,8,256,1811,237,248
11,2048,8,256,1812,236,248
11,2048,8,256,1813,235,248
11,2048,8,256,1814,234,248
11,2048,8,256,1815,233,248
11,2048,8,256,1816,232,248
11,2048,8,256,1817,231,248
11,2048,8,256,1818,230,248
11,2048,8,256,1819,229,248
11,2048,8,256,1820,228,248
11,2048,8,256,1821,227,247
11,2048,8,256,1822,226,247
11,2048,8,256,1823,225,247
11,2048,8,256,1824,224,247
11,2048,8,256,1825,223,247
11,2048,8,256,1826,222,247
11,2048,8,256,1827,221,247
11,2048,8,256,1828,220,247
11,2048,8,256,1829,219,247
11,2048,8,256,1830,218,247
11,2048,8,256,1831,217,247
11,2048,8,256,1832,216,247
11,2048,8,256,1833,215,247
11,2048,8,256,1834,214,247
11,2048,8,256,1835,213,247
11,2048,8,256,1836,212,247
11,2048,8,256,1837,211,247
11,2048,8,256,1838,210,247
11,2048,8,256,1839,209,247
11,2048,8,256,1840,208,247
11,2048,8,256,1841,207,247
11,2048,8,256,1842,206,247
11,2048,8,256,1843,205,247
11,2048,8,256,1844,204,246
11,2048,8,256,1845,203,246
11,2048,8,256,1846,202,246
11,2048,8,256,1847,201,246
11,2048,8,256,1848,200,246
11,2048,8,256,1849,199,246
11,2048,8,256,1850,198,246
11,2048,8,256,1851,197,246
11,2048,8,256,1852,196,246
11,2048,8,256,1853,195,246
11,2048,8,256,1854,194,246
11,2048,8,256,1855,193,246
11,2048,8,256,1856,192,246
11,2048,8,256,1857,191,246
11,2048,8,256,1858,190,246
11,2048,8,256,1859,189,246
11,2048,8,256,1860,188,246
11,2048,8,256,1861,187,246
11,2048,8,256,1862,186,245
11,2048,8,256,1863,185,245
11,2048,8,256,1864,184,245
11,2048,8,256,1865,183,245
11,2048,8,256,1866,182,245
11,2048,8,256,1867,181,245
11,2048,8,256,1868,180,245
11,2048,8,256,1869,179,245
11,2048,8,256,1870,178,245
11,2048,8,256,1871,177,245
11,2048,8,256,1872,176,245
11,2048,8,256,1873,175,245
11,2048,8,256,1874,174,245
11,2048,8,256,1875,173,245
11,2048,8,256,1876,172,245
11,2048,8,256,1877,171,245
11,2048,8,256,1878,170,244
11,2048,8,256,1879,169,244
11,2048,8,256,1880,168,244
11,2048,8,256,1881,167,244
11,2048,8,256,1882,166,244
11,2048,8,256,1883,165,244
11,2048,8,256,1884,164,244
11,2048,8,256,1885,163,244
11,2048,8,256,1886,162,244
11,2048,8,256,1887,161,244
11,2048,8,256,1888,160,244
11,2048,8,256,1889,159,244
11,2048,8,256,1890,158,244
11,2048,8,256,1891,157,243
11,2048,8,256,1892,156,243
11,2048,8,256,1893,155,243
11,2048,8,256,1894,154,243
11,2048,8,256,1895,153,243
11,2048,8,256,1896,152,243
11,2048,8,256,1897,151,243
11,2048,8,256,1898,150,243
11,2048,8,256,1899,149,243
11,2048,8,256,1900,148,243
11,2048,8,256,1901,147,243
11,2048,8,256,1902,146,242
11,2048,8,256,1903,145,242
11,2048,8,256,1904,144,242
11,2048,8,256,1905,143,242
11,2048,8,256,1906,142,242
11,2048,8,256,1907,141,242
11,2048,8,256,1908,140,242
11,2048,8,256,1909,139,242
11,2048,8,256,1910,138,242
11,2048,8,256,1911,137,242
11,2048,8,256,1912,136,241
11,2048,8,256,1913,135,241
11,2048,8,256,1914,134,241
11,2048,8,256,1915,133,241
11,2048,8,256,1916,132,241
11,2048,8,256,1917,131,241
11,2048,8,256,1918,130,241
11,2048,8,256,1919,129,241
11,2048,8,256,1920,128,241
11,2048,8,256,1921,127,240
11,2048,8,256,1922,126,240
11,2048,8,256,1923,125,240
11,2048,8,256,1924,124,240
11,2048,8,256,1925,123,240
11,2048,8,256,1926,122,240
11,2048,8,256,1927,121,240
11,2048,8,256,1928,120,239
11,2048,8,256,1929,119,239
11,2048,8,256,1930,118,239
11,2048,8,256,1931,117,239
11,2048,8,256,1932,116,239
11,2048,8,256,1933,115,239
11,2048,8,256,1934,114,239
11,2048,8,256,1935,113,238
11,2048,8,256,1936,112,238
11,2048,8,256,1937,111,238
11,2048,8,256,1938,110,238
11,2048,8,256,1939,109,238
11,2048,8,256,1940,108,238
11,2048,8,256,1941,107,237
11,2048,8,256,1942,106,237
11,2048,8,256,1943,105,237
11,2048,8,256,1944,104,237
11,2048,8,256,1945,103,237
11,2048,8,256,1946,102,236
11,2048,8,256,1947,101,236
11,2048,8,256,1948,100,236
11,2048,8,256,1949,99,236
11,2048,8,256,1950,98,236
11,2048,8,256,1951,97,235
11,2048,8,256,1952,96,235
11,2048,8,256,1953,95,235
11,2048,8,256,1954,94,235
11,2048,8,256,1955,93,234
11,2048,8,256,1956,92,234
11,2048,8,256,1957,91,234
11,2048,8,256,1958,90,234
11,2048,8,256,1959,89,233
11,2048,8,256,1960,88,233
11,2048,8,256,1961,87,233
11,2048,8,256,1962,86,233
11,2048,8,256,1963,85,232
11,2048,8,256,1964,84,232
11,2048,8,256,1965,83,232
11,2048,8,256,1966,82,232
11,2048,8,256,1967,81,231
11,2048,8,256,1968,80,231
11,2048,8,256,1969,79,231
11,2048,8,256,1970,78,230
11,2048,8,256,1971,77,230
11,2048,8,256,1972,76,230
11,2048,8,256,1973,75,229
11,2048,8,256,1974,74,229
11,2048,8,256,1975,73,228
11,2048,8,256,1976,72,228
11,2048,8,256,1977,71,228
11,2048,8,256,1978,70,227
11,2048,8,256,1979,69,227
11,2048,8,256,1980,68,226
11,2048,8,256,1981,67,226
11,2048,8,256,1982,66,225
11,2048,8,256,1983,65,225
11,2048,8,256,1984,64,225
11,2048,8,256,1985,63,224
11,2048,8,256,1986,62,223
11,2048,8,256,1987,61,223
11,2048,8,256,1988,60,222
11,2048,8,256,1989,59,222
11,2048,8,256,1990,58,221
11,2048,8,256,1991,57,221
11,2048,8,256,1992,56,220
11,2048,8,256,1993,55,219
11,2048,8,256,1994,54,219
11,2048,8,256,1995,53,218
11,2048,8,256,1996,52,217
11,2048,8,256,1997,51,216
11,2048,8,256,1998,50,216
11,2048,8,256,1999,49,215
11,2048,8,256,2000,48,214
11,2048,8,256,2001,47,213
11,2048,8,256,2002,46,212
11,2048,8,256,2003,45,211
11,2048,8,256,2004,44,210
11,2048,8,256,2005,43,209
11,2048,8,256,2006,42,208
11,2048,8,256,2007,41,207
11,2048,8,256,2008,40,205
11,2048,8,256,2009,39,204
11,2048,8,256,2010,38,203
11,2048,8,256,2011,37,201
11,2048,8,256,2012,36,200
11,2048,8,256,2013,35,198
11,2048,8,256,2014,34,196
11,2048,8,256,2015,33,194
11,2048,8,256,2016,32,193
11,2048,8,256,2017,31,190
11,2048,8,256,2018,30,188
11,2048,8,256,2019,29,186
11,2048,8,256,2020,28,183
11,2048,8,256,2021,27,181
11,2048,8,256,2022,26,178
11,2048,8,256,2023,25,175
11,2048,8,256,2024,24,171
11,2048,8,256,2025,23,167
11,2048,8,256,2026,22,163
11,2048,8,256,2027,21,159
11,2048,8,256,2028,20,154
11,2048,8,256,2029,19,149
11,2048,8,256,2030,18,143
11,2048,8,256,2031,17,136
11,2048,8,256,2032,16,129
11,2048,8,256,2033,15,120
11,2048,8,256,2034,14,110
11,2048,8,256,2035,13,99
11,2048,8,256,2036,12,86
11,2048,8,256,2037,11,70
11,2048,8,256,2038,10,52
11,2048,8,256,2039,9,29
11,2048,8,256,2040,8,1
11,2048,8,256,2041,7,0
11,2048,8,256,2042,6,0
11,2048,8,256,2043,5,0
11,2048,8,256,2044,4,0
11,2048,8,256,2045,3,0
11,2048,8,256,2046,2,0
11,2048,8,256,2047,1,0
11,2048,8,256,2048,0,0
11,2048,9,512,1532,516,509
11,2048,9,512,1533,515,509
11,2048,9,512,1534,514,509
11,2048,9,512,1535,513,509
11,2048,9,512,1536,512,509
11,2048,9,512,1537,511,508
11,2048,9,512,1538,510,508
11,2048,9,512,1539,509,508
11,2048,9,512,1540,508,508
11,2048,9,512,1541,507,508
11,2048,9,512,1542,506,508
11,2048,9,512,1543,505,508
11,2048,9,512,1544,504,508
11,2048,9,512,1545,503,508
11,2048,9,512,1546,502,508
11,2048,9,512,1547,501,508
11,2048,9,512,1548,500,508
11,2048,9,512,1549,499,508
11,2048,9,512,1550,498,508
11,2048,9,512,1551,497,508
11,2048,9,512,1552,496,508
11,2048,9,512,1553,495,508
11,2048,9,512,1554,494,508
11,2048,9,512,1555,493,508
11,2048,9,512,1556,492,508
11,2048,9,512,1557,491,508
11,2048,9,512,1558,490,508
11,2048,9,512,1559,489,508
11,2048,9,512,1560,488,508
11,2048,9,512,1561,487,508
11,2048,9,512,1562,486,508
11,2048,9,512,1563,485,508
11,2048,9,512,1564,484,508
11,2048,9,512,1565,483,508
11,2048,9,512,1566,482,508
11,2048,9,512,1567,481,508
11,2048,9,512,1568,480,508
11,2048,9,512,1569,479,508
11,2048,9,512,1570,478,508
11,2048,9,512,1571,477,508
11,2048,9,512,1572,476,508
11,2048,9,512,1573,475,508
11,2048,9,512,1574,474,508
11,2048,9,512,1575,473,508
11,2048,9,512,1576,472,508
11,2048,9,512,1577,471,508
11,2048,9,512,1578,470,508
11,2048,9,512,1579,469,508
11,2048,9,512,1580,468,508
11,2048,9,512,1581,467,508
11,2048,9,512,1582,466,508
11,2048,9,512,1583,465,508
11,2048,9,512,1584,464,508
11,2048,9,512,1585,463,508
11,2048,9,512,1586,462,508
11,2048,9,512,1587,461,508
11,2048,9,512,1588,460,508
11,2048,9,512,1589,459,508
11,2048,9,512,1590,458,508
11,2048,9,512,1591,457,508
11,2048,9,512,1592,456,508
11,2048,9,512,1593,455,508
11,2048,9,512,1594,454,508
11,2048,9,512,1595,453,508
11,2048,9,512,1596,452,508
11,2048,9,512,1597,451,508
11,2048,9,512,1598,450,508
11,2048,9,512,1599,449,508
11,2048,9,512,1600,448,508
11,2048,9,512,1601,447,508
11,2048,9,512,1602,446,508
11,2048,9,512,1603,445,508
11,2048,9,512,1604,444,508
11,2048,9,512,1605,443,508
11,2048,9,512,1606,442,508
11,2048,9,512,1607,441,508
11,2048,9,512,1608,440,508
11,2048,9,512,1609,439,508
11,2048,9,512,1610,438,508
11,2048,9,512,1611,437,508
11,2048,9,512,1612,436,508
11,2048,9,512,1613,435,508
11,2048,9,512,1614,434,508
11,2048,9,512,1615,433,508
11,2048,9,512,1616,432,508
11,2048,9,512,1617,431,508
11,2048,9,512,1618,430,508
11,2048,9,512,1619,429,508
11,2048,9,512,1620,428,508
11,2048,9,512,1621,427,508
11,2048,9,512,1622,426,508
11,2048,9,512,1623,425,508
11,2048,9,512,1624,424,508
11,2048,9,512,1625,423,508
11,2048,9,512,1626,422,508
11,2048,9,512,1627,421,508
11,2048,9,512,1628,420,508
11,2048,9,512,1629,419,508
11,2048,9,512,1630,418,508
11,2048,9,512,1631,417,508
11,2048,9,512,1632,416,508
11,2048,9,512,1633,415,508
11,2048,9,512,1634,414,508
11,2048,9,512,1635,413,508
11,2048,9,512,1636,412,508
11,2048,9,512,1637,411,508
11,2048,9,512,1638,410,508
11,2048,9,512,1639,409,507
11,2048,9,512,1640,408,507
11,2048,9,512,1641,407,507
11,2048,9,512,1642,406,507
11,2048,9,512,1643,405,507
11,2048,9,512,1644,404,507
11,2048,9,512,1645,403,507
11,2048,9,512,1646,402,507
11,2048,9,512,1647,401,507
11,2048,9,512,1648,400,507
11,2048,9,512,1649,399,507
11,2048,9,512,1650,398,507
11,2048,9,512,1651,397,507
11,2048,9,512,1652,396,507
11,2048,9,512,1653,395,507
11,2048,9,512,1654,394,507
11,2048,9,512,1655,393,507
11,2048,9,512,1656,392,507
11,2048,9,512,1657,391,507
11,2048,9,512,1658,390,507
11,2048,9,512,1659,389,507
11,2048,9,512,1660,388,507
11,2048,9,512,1661,387,507
11,2048,9,512,1662,386,507
11,2048,9,512,1663,385,507
11,2048,9,512,1664,384,507
11,2048,9,512,1665,383,507
11,2048,9,512,1666,382,507
11,2048,9,512,1667,381,507
11,2048,9,512,1668,380,507
11,2048,9,512,1669,379,507
11,2048,9,512,1670,378,507
11,2048,9,512,1671,377,507
11,2048,9,512,1672,376,507
11,2048,9,512,1673,375,507
11,2048,9,512,1674,374,507
11,2048,9,512,1675,373,507
11,2048,9,512,1676,372,507
11,2048,9,512,1677,371,507
11,2048,9,512,1678,370,507
11,2048,9,512,1679,369,507
11,2048,9,512,1680,368,507
11,2048,9,512,1681,367,507
11,2048,9,512,1682,366,507
11,2048,9,512,1683,365,507
11,2048,9,512,1684,364,507
11,2048,9,512,1685,363,507
11,2048,9,512,1686,362,507
11,2048,9,512,1687,361,507
11,2048,9,512,1688,360,507
11,2048,9,512,1689,359,507
11,2048,9,512,1690,358,507
11,2048,9,512,1691,357,507
11,2048,9,512,1692,356,507
11,2048,9,512,1693,355,507
11,2048,9,512,1694,354,507
11,2048,9,512,1695,353,507
11,2048,9,512,1696,352,507
11,2048,9,512,1697,351,507
11,2048,9,512,1698,350,507
11,2048,9,512,1699,349,507
11,2048,9,512,1700,348,507
11,2048,9,512,1701,347,507
11,2048,9,512,1702,346,507
11,2048,9,512,1703,345,507
11,2048,9,512,1704,344,507
11,2048,9,512,1705,343,507
11,2048,9,512,1706,342,507
11,2048,9,512,1707,341,506
11,2048,9,512,1708,340,506
11,2048,9,512,1709,339,506
11,2048,9,512,1710,338,506
11,2048,9,512,1711,337,506
11,2048,9,512,1712,336,506
11,2048,9,512,1713,335,506
11,2048,9,512,1714,334,506
11,2048,9,512,1715,333,506
11,2048,9,512,1716,332,506
11,2048,9,512,1717,331,506
11,2048,9,512,1718,330,506
11,2048,9,512,1719,329,506
11,2048,9,512,1720,328,506
11,2048,9,512,1721,327,506
11,2048,9,512,1722,326,506
11,2048,9,512,1723,325,506
11,2048,9,512,1724,324,506
11,2048,9,512,1725,323,506
11,2048,9,512,1726,322,506
11,2048,9,512,1727,321,506
11,2048,9,512,1728,320,506
11,2048,9,512,1729,319,506
11,2048,9,512,1730,318,506
11,2048,9,512,1731,317,506
11,2048,9,512,1732,316,506
11,2048,9,512,1733,315,506
11,2048,9,512,1734,314,506
11,2048,9,512,1735,313,506
11,2048,9,512,1736,312,506
11,2048,9,512,1737,311,506
11,2048,9,512,1738,310,506
11,2048,9,512,1739,309,506
11,2048,9,512,1740,308,506
11,2048,9,512,1741,307,506
11,2048,9,512,1742,306,506
11,2048,9,512,1743,305,506
11,2048,9,512,1744,304,506
11,2048,9,512,1745,303,506
11,2048,9,512,1746,302,506
11,2048,9,512,1747,301,506
11,2048,9,512,1748,300,506
11,2048,9,512,1749,299,506
11,2048,9,512,1750,298,506
11,2048,9,512,1751,297,506
11,2048,9,512,1752,296,506
11,2048,9,512,1753,295,506
11,2048,9,512,1754,294,506
11,2048,9,512,1755,293,506
11,2048,9,512,1756,292,505
11,2048,9,512,1757,291,505
11,2048,9,512,1758,290,505
11,2048,9,512,1759,289,505
11,2048,9,512,1760,288,505
11,2048,9,512,1761,287,505
11,2048,9,512,1762,286,505
11,2048,9,512,1763,285,505
11,2048,9,512,1764,284,505
11,2048,9,512,1765,283,505
11,2048,9,512,1766,282,505
11,2048,9,512,1767,281,505
11,2048,9,512,1768,280,505
11,2048,9,512,1769,279,505
11,2048,9,512,1770,278,505
11,2048,9,512,1771,277,505
11,2048,9,512,1772,276,505
11,2048,9,512,1773,275,505
11,2048,9,512,1774,274,505
11,2048,9,512,1775,273,505
11,2048,9,512,1776,272,505
11,2048,9,512,1777,271,505
11,2048,9,512,1778,270,505
11,2048,9,512,1779,269,505
11,2048,9,512,1780,268,505
11,2048,9,512,1781,267,505
11,2048,9,512,1782,266,505
11,2048,9,512,1783,265,505
11,2048,9,512,1784,264,505
11,2048,9,512,1785,263,505
11,2048,9,512,1786,262,505
11,2048,9,512,1787,261,505
11,2048,9,512,1788,260,505
11,2048,9,512,1789,259,505
11,2048,9,512,1790,258,505
11,2048,9,512,1791,257,505
11,2048,9,512,1792,256,505
11,2048,9,512,1793,255,504
11,2048,9,512,1794,254,504
11,2048,9,512,1795,253,504
11,2048,9,512,1796,252,504
11,2048,9,512,1797,251,504
11,2048,9,512,1798,250,504
11,2048,9,512,1799,249,504
11,2048,9,512,1800,248,504
11,2048,9,512,1801,247,504
11,2048,9,512,1802,246,504
11,2048,9,512,1803,245,504
11,2048,9,512,1804,244,504
11,2048,9,512,1805,243,504
11,2048,9,512,1806,242,504
11,2048,9,512,1807,241,504
11,2048,9,512,1808,240,504
11,2048,9,512,1809,239,504
11,2048,9,512,1810,238,504
11,2048,9,512,1811,237,504
11,2048,9,512,1812,236,504
11,2048,9,512,1813,235,504
11,2048,9,512,1814,234,504
11,2048,9,512,1815,233,504
11,2048,9,512,1816,232,504
11,2048,9,512,1817,231,504
11,2048,9,512,1818,230,504
11,2048,9,512,1819,229,504
11,2048,9,512,1820,228,504
11,2048,9,512,1821,227,503
11,2048,9,512,1822,226,503
11,2048,9,512,1823,225,503
11,2048,9,512,1824,224,503
11,2048,9,512,1825,223,503
11,2048,9,512,1826,222,503
11,2048,9,512,1827,221,503
11,2048,9,512,1828,220,503
11,2048,9,512,1829,219,503
11,2048,9,512,1830,218,503
11,2048,9,512,1831,217,503
11,2048,9,512,1832,216,503
11,2048,9,512,1833,215,503
11,2048,9,512,1834,214,503
11,2048,9,512,1835,213,503
11,2048,9,512,1836,212,503
11,2048,9,512,1837,211,503
11,2048,9,512,1838,210,503
11,2048,9,512,1839,209,503
11,2048,9,512,1840,208,503
11,2048,9,512,1841,207,503
11,2048,9,512,1842,206,503
11,2048,9,512,1843,205,503
11,2048,9,512,1844,204,502
11,2048,9,512,1845,203,502
11,2048,9,512,1846,202,502
11,2048,9,512,1847,201,502
11,2048,9,512,1848,200,502
11,2048,9,512,1849,199,502
11,2048,9,512,1850,198,502
11,2048,9,512,1851,197,502
11,2048,9,512,1852,196,502
11,2048,9,512,1853,195,502
11,2048,9,512,1854,194,502
11,2048,9,512,1855,193,502
11,2048,9,512,1856,192,502
11,2048,9,512,1857,191,502
11,2048,9,512,1858,190,502
11,2048,9,512,1859,189,502
11,2048,9,512,1860,188,502
11,2048,9,512,1861,187,502
11,2048,9,512,1862,186,501
11,2048,9,512,1863,185,501
11,2048,9,512,1864,184,501
11,2048,9,512,1865,183,501
11,2048,9,512,1866,182,501
11,2048,9,512,1867,181,501
11,2048,9,512,1868,180,501
11,2048,9,512,1869,179,501
11,2048,9,512,1870,178,501
11,2048,9,512,1871,177,501
11,2048,9,512,1872,176,501
11,2048,9,512,1873,175,501
11,2048,9,512,1874,174,501
11,2048,9,512,1875,173,501
11,2048,9,512,1876,172,501
11,2048,9,512,1877,171,501
11,2048,9,512,1878,170,500
11,2048,9,512,1879,169,500
11,2048,9,512,1880,168,500
11,2048,9,512,1881,167,500
11,2048,9,512,1882,166,500
11,2048,9,512,1883,165,500
11,2048,9,512,1884,164,500
11,2048,9,512,1885,163,500
11,2048,9,512,1886,162,500
11,2048,9,512,1887,161,500
11,2048,9,512,1888,160,500
11,2048,9,512,1889,159,500
11,2048,9,512,1890,158,500
11,2048,9,512,1891,157,499
11,2048,9,512,1892,156,499
11,2048,9,512,1893,155,499
11,2048,9,512,1894,154,499
11,2048,9,512,1895,153,499
11,2048,9,512,1896,152,499
11,2048,9,512,1897,151,499
11,2048,9,512,1898,150,499
11,2048,9,512,1899,149,499
11,2048,9,512,1900,148,499
11,2048,9,512,1901,147,499
11,2048,9,512,1902,146,498
11,2048,9,512,1903,145,498
11,2048,9,512,1904,144,498
11,2048,9,512,1905,143,498
11,2048,9,512,1906,142,498
11,2048,9,512,1907,141,498
11,2048,9,512,1908,140,498
11,2048,9,512,1909,139,498
11,2048,9,512,1910,138,498
11,2048,9,512,1911,137,498
11,2048,9,512,1912,136,497
11,2048,9,512,1913,135,497
11,2048,9,512,1914,134,497
11,2048,9,512,1915,133,497
11,2048,9,512,1916,132,497
11,2048,9,512,1917,131,497
11,2048,9,512,1918,130,497
11,2048,9,512,1919,129,497
11,2048,9,512,1920,128,497
11,2048,9,512,1921,127,496
11,2048,9,512,1922,126,496
11,2048,9,512,1923,125,496
11,2048,9,512,1924,124,496
11,2048,9,512,1925,123,496
11,2048,9,512,1926,122,496
11,2048,9,512,1927,121,496
11,2048,9,512,1928,120,495
11,2048,9,512,1929,119,495
11,2048,9,512,1930,118,495
11,2048,9,512,1931,117,495
11,2048,9,512,1932,116,495
11,2048,9,512,1933,115,495
11,2048,9,512,1934,114,495
11,2048,9,512,1935,113,494
11,2048,9,512,1936,112,494
11,2048,9,512,1937,111,494
11,2048,9,512,1938,110,494
11,2048,9,512,1939,109,494
11,2048,9,512,1940,108,494
11,2048,9,512,1941,107,493
11,2048,9,512,1942,106,493
11,2048,9,512,1943,105,493
11,2048,9,512,1944,104,493
11,2048,9,512,1945,103,493
11,2048,9,512,1946,102,492
11,2048,9,512,1947,101,492
11,2048,9,512,1948,100,492
11,2048,9,512,1949,99,492
11,2048,9,512,1950,98,492
11,2048,9,512,1951,97,491
11,2048,9,512,1952,96,491
11,2048,9,512,1953,95,491
11,2048,9,512,1954,94,491
11,2048,9,512,1955,93,490
11,2048,9,512,1956,92,490
11,2048,9,512,1957,91,490
11,2048,9,512,1958,90,490
11,2048,9,512,1959,89,489
11,2048,9,512,1960,88,489
11,2048,9,512,1961,87,489
11,2048,9,512,1962,86,489
11,2048,9,512,1963,85,488
11,2048,9,512,1964,84,488
11,2048,9,512,1965,83,488
11,2048,9,512,1966,82,488
11,2048,9,512,1967,81,487
11,2048,9,512,1968,80,487
11,2048,9,512,1969,79,487
11,2048,9,512,1970,78,486
11,2048,9,512,1971,77,486
11,2048,9,512,1972,76,486
11,2048,9,512,1973,75,485
11,2048,9,512,1974,74,485
11,2048,9,512,1975,73,484
11,2048,9,512,1976,72,484
11,2048,9,512,1977,71,484
11,2048,9,512,1978,70,483
11,2048,9,512,1979,69,483
11,2048,9,512,1980,68,482
11,2048,9,512,1981,67,482
11,2048,9,512,1982,66,481
11,2048,9,512,1983,65,481
11,2048,9,512,1984,64,481
11,2048,9,512,1985,63,480
11,2048,9,512,1986,62,479
11,2048,9,512,1987,61,479
11,2048,9,512,1988,60,478
11,2048,9,512,1989,59,478
11,2048,9,512,1990,58,477
11,2048,9,512,1991,57,477
11,2048,9,512,1992,56,476
11,2048,9,512,1993,55,475
11,2048,9,512,1994,54,475
11,2048,9,512,1995,53,474
11,2048,9,512,1996,52,473
11,2048,9,512,1997,51,472
11,2048,9,512,1998,50,472
11,2048,9,512,1999,49,471
11,2048,9,512,2000,48,470
11,2048,9,512,2001,47,469
11,2048,9,512,2002,46,468
11,2048,9,512,2003,45,467
11,2048,9,512,2004,44,466
11,2048,9,512,2005,43,465
11,2048,9,512,2006,42,464
11,2048,9,512,2007,41,463
11,2048,9,512,2008,40,461
11,2048,9,512,2009,39,460
11,2048,9,512,2010,38,459
11,2048,9,512,2011,37,457
11,2048,9,512,2012,36,456
11,2048,9,512,2013,35,454
11,2048,9,512,2014,34,452
11,2048,9,512,2015,33,450
11,2048,9,512,2016,32,449
11,2048,9,512,2017,31,446
11,2048,9,512,2018,30,444
11,2048,9,512,2019,29,442
11,2048,9,512,2020,28,439
11,2048,9,512,2021,27,437
11,2048,9,512,2022,26,434
11,2048,9,512,2023,25,431
11,2048,9,512,2024,24,427
11,2048,9,512,2025,23,423
11,2048,9,512,2026,22,419
11,2048,9,512,2027,21,415
11,2048,9,512,2028,20,410
11,2048,9,512,2029,19,405
11,2048,9,512,2030,18,399
11,2048,9,512,2031,17,392
11,2048,9,512,2032,16,385
11,2048,9,512,2033,15,376
11,2048,9,512,2034,14,366
11,2048,9,512,2035,13,355
11,2048,9,512,2036,12,342
11,2048,9,512,2037,11,326
11,2048,9,512,2038,10,308
11,2048,9,512,2039,9,285
11,2048,9,512,2040,8,257
11,2048,9,512,2041,7,220
11,2048,9,512,2042,6,171
11,2048,9,512,2043,5,103
11,2048,9,512,2044,4,1
11,2048,9,512,2045,3,0
11,2048,9,512,2046,2,0
11,2048,9,512,2047,1,0
11,2048,9,512,2048,0,0
11,2048,10,1024,1022,1026,1023
11,2048,10,1024,1023,1025,1023
11,2048,10,1024,1024,1024,1023
11,2048,10,1024,1025,1023,1022
11,2048,10,1024,1026,1022,1022
11,2048,10,1024,1027,1021,1022
11,2048,10,1024,1028,1020,1022
11,2048,10,1024,1029,1019,1022
11,2048,10,1024,1030,1018,1022
11,2048,10,1024,1031,1017,1022
11,2048,10,1024,1032,1016,1022
11,2048,10,1024,1033,1015,1022
11,2048,10,1024,1034,1014,1022
11,2048,10,1024,1035,1013,1022
11,2048,10,1024,1036,1012,1022
11,2048,10,1024,1037,1011,1022
11,2048,10,1024,1038,1010,1022
11,2048,10,1024,1039,1009,1022
11,2048,10,1024,1040,1008,1022
11,2048,10,1024,1041,1007,1022
11,2048,10,1024,1042,1006,1022
11,2048,10,1024,1043,1005,1022
11,2048,10,1024,1044,1004,1022
11,2048,10,1024,1045,1003,1022
11,2048,10,1024,1046,1002,1022
11,2048,10,1024,1047,1001,1022
11,2048,10,1024,1048,1000,1022
11,2048,10,1024,1049,999,1022
11,2048,10,1024,1050,998,1022
11,2048,10,1024,1051,997,1022
11,2048,10,1024,1052,996,1022
11,2048,10,1024,1053,995,1022
11,2048,10,1024,1054,994,1022
11,2048,10,1024,1055,993,1022
11,2048,10,1024,1056,992,1022
11,2048,10,1024,1057,991,1022
11,2048,10,1024,1058,990,1022
11,2048,10,1024,1059,989,1022
11,2048,10,1024,1060,988,1022
11,2048,10,1024,1061,987,1022
11,2048,10,1024,1062,986,1022
11,2048,10,1024,1063,985,1022
11,2048,10,1024,1064,984,1022
11,2048,10,1024,1065,983,1022
11,2048,10,1024,1066,982,1022
11,2048,10,1024,1067,981,1022
11,2048,10,1024,1068,980,1022
11,2048,10,1024,1069,979,1022
11,2048,10,1024,1070,978,1022
11,2048,10,1024,1071,977,1022
11,2048,10,1024,1072,976,1022
11,2048,10,1024,1073,975,1022
11,2048,10,1024,1074,974,1022
11,2048,10,1024,1075,973,1022
11,2048,10,1024,1076,972,1022
11,2048,10,1024,1077,971,1022
11,2048,10,1024,1078,970,1022
11,2048,10,1024,1079,969,1022
11,2048,10,1024,1080,968,1022
11,2048,10,1024,1081,967,1022
11,2048,10,1024,1082,966,1022
11,2048,10,1024,1083,965,1022
11,2048,10,1024,1084,964,1022
11,2048,10,1024,1085,963,1022
11,2048,10,1024,1086,962,1022
11,2048,10,1024,1087,961,1022
11,2048,10,1024,1088,960,1022
11,2048,10,1024,1089,959,1022
11,2048,10,1024,1090,958,1022
11,2048,10,1024,1091,957,1022
11,2048,10,1024,1092,956,1022
11,2048,10,1024,1093,955,1022
11,2048,10,1024,1094,954,1022
11,2048,10,1024,1095,953,1022
11,2048,10,1024,1096,952,1022
11,2048,10,1024,1097,951,1022
11,2048,10,1024,1098,950,1022
11,2048,10,1024,1099,949,1022
11,2048,10,1024,1100,948,1022
11,2048,10,1024,1101,947,1022
11,2048,10,1024,1102,946,1022
11,2048,10,1024,1103,945,1022
11,2048,10,1024,1104,944,1022
11,2048,10,1024,1105,943,1022
11,2048,10,1024,1106,942,1022
11,2048,10,1024,1107,941,1022
11,2048,10,1024,1108,940,1022
11,2048,10,1024,1109,939,1022
11,2048,10,1024,1110,938,1022
11,2048,10,1024,1111,937,1022
11,2048,10,1024,1112,936,1022
11,2048,10,1024,1113,935,1022
11,2048,10,1024,1114,934,1022
11,2048,10,1024,1115,933,1022
11,2048,10,1024,1116,932,1022
11,2048,10,1024,1117,931,1022
11,2048,10,1024,1118,930,1022
11,2048,10,1024,1119,929,1022
11,2048,10,1024,1120,928,1022
11,2048,10,1024,1121,927,1022
11,2048,10,1024,1122,926,1022
11,2048,10,1024,1123,925,1022
11,2048,10,1024,1124,924,1022
11,2048,10,1024,1125,923,1022
11,2048,10,1024,1126,922,1022
11,2048,10,1024,1127,921,1022
11,2048,10,1024,1128,920,1022
11,2048,10,1024,1129,919,1022
11,2048,10,1024,1130,918,1022
11,2048,10,1024,1131,917,1022
11,2048,10,1024,1132,916,1022
11,2048,10,1024,1133,915,1022
11,2048,10,1024,1134,914,1022
11,2048,10,1024,1135,913,1022
11,2048,10,1024,1136,912,1022
11,2048,10,1024,1137,911,1022
11,2048,10,1024,1138,910,1022
11,2048,10,1024,1139,909,1022
11,2048,10,1024,1140,908,1022
11,2048,10,1024,1141,907,1022
11,2048,10,1024,1142,906,1022
11,2048,10,1024,1143,905,1022
11,2048,10,1024,1144,904,1022
11,2048,10,1024,1145,903,1022
11,2048,10,1024,1146,902,1022
11,2048,10,1024,1147,901,1022
11,2048,10,1024,1148,900,1022
11,2048,10,1024,1149,899,1022
11,2048,10,1024,1150,898,1022
11,2048,10,1024,1151,897,1022
11,2048,10,1024,1152,896,1022
11,2048,10,1024,1153,895,1022
11,2048,10,1024,1154,894,1022
11,2048,10,1024,1155,893,1022
11,2048,10,1024,1156,892,1022
11,2048,10,1024,1157,891,1022
11,2048,10,1024,1158,890,1022
11,2048,10,1024,1159,889,1022
11,2048,10,1024,1160,888,1022
11,2048,10,1024,1161,887,1022
11,2048,10,1024,1162,886,1022
11,2048,10,1024,1163,885,1022
11,2048,10,1024,1164,884,1022
11,2048,10,1024,1165,883,1022
11,2048,10,1024,1166,882,1022
11,2048,10,1024,1167,881,1022
11,2048,10,1024,1168,880,1022
11,2048,10,1024,1169,879,1022
11,2048,10,1024,1170,878,1022
11,2048,10,1024,1171,877,1022
11,2048,10,1024,1172,876,1022
11,2048,10,1024,1173,875,1022
11,2048,10,1024,1174,874,1022
11,2048,10,1024,1175,873,1022
11,2048,10,1024,1176,872,1022
11,2048,10,1024,1177,871,1022
11,2048,10,1024,1178,870,1022
11,2048,10,1024,1179,869,1022
11,2048,10,1024,1180,868,1022
11,2048,10,1024,1181,867,1022
11,2048,10,1024,1182,866,1022
11,2048,10,1024,1183,865,1022
11,2048,10,1024,1184,864,1022
11,2048,10,1024,1185,863,1022
11,2048,10,1024,1186,862,1022
11,2048,10,1024,1187,861,1022
11,2048,10,1024,1188,860,1022
11,2048,10,1024,1189,859,1022
11,2048,10,1024,1190,858,1022
11,2048,10,1024,1191,857,1022
11,2048,10,1024,1192,856,1022
11,2048,10,1024,1193,855,1022
11,2048,10,1024,1194,854,1022
11,2048,10,1024,1195,853,1022
11,2048,10,1024,1196,852,1022
11,2048,10,1024,1197,851,1022
11,2048,10,1024,1198,850,1022
11,2048,10,1024,1199,849,1022
11,2048,10,1024,1200,848,1022
11,2048,10,1024,1201,847,1022
11,2048,10,1024,1202,846,1022
11,2048,10,1024,1203,845,1022
11,2048,10,1024,1204,844,1022
11,2048,10,1024,1205,843,1022
11,2048,10,1024,1206,842,1022
11,2048,10,1024,1207,841,1022
11,2048,10,1024,1208,840,1022
11,2048,10,1024,1209,839,1022
11,2048,10,1024,1210,838,1022
11,2048,10,1024,1211,837,1022
11,2048,10,1024,1212,836,1022
11,2048,10,1024,1213,835,1022
11,2048,10,1024,1214,834,1022
11,2048,10,1024,1215,833,1022
11,2048,10,1024,1216,832,1022
11,2048,10,1024,1217,831,1022
11,2048,10,1024,1218,830,1022
11,2048,10,1024,1219,829,1022
11,2048,10,1024,1220,828,1022
11,2048,10,1024,1221,827,1022
11,2048,10,1024,1222,826,1022
11,2048,10,1024,1223,825,1022
11,2048,10,1024,1224,824,1022
11,2048,10,1024,1225,823,1022
11,2048,10,1024,1226,822,1022
11,2048,10,1024,1227,821,1022
11,2048,10,1024,1228,820,1022
11,2048,10,1024,1229,819,1022
11,2048,10,1024,1230,818,1022
11,2048,10,1024,1231,817,1022
11,2048,10,1024,1232,816,1022
11,2048,10,1024,1233,815,1022
11,2048,10,1024,1234,814,1022
11,2048,10,1024,1235,813,1022
11,2048,10,1024,1236,812,1022
11,2048,10,1024,1237,811,1022
11,2048,10,1024,1238,810,1022
11,2048,10,1024,1239,809,1022
11,2048,10,1024,1240,808,1022
11,2048,10,1024,1241,807,1022
11,2048,10,1024,1242,806,1022
11,2048,10,1024,1243,805,1022
11,2048,10,1024,1244,804,1022
11,2048,10,1024,1245,803,1022
11,2048,10,1024,1246,802,1022
11,2048,10,1024,1247,801,1022
11,2048,10,1024,1248,800,1022
11,2048,10,1024,1249,799,1022
11,2048,10,1024,1250,798,1022
11,2048,10,1024,1251,797,1022
11,2048,10,1024,1252,796,1022
11,2048,10,1024,1253,795,1022
11,2048,10,1024,1254,794,1022
11,2048,10,1024,1255,793,1022
11,2048,10,1024,1256,792,1022
11,2048,10,1024,1257,791,1022
11,2048,10,1024,1258,790,1022
11,2048,10,1024,1259,789,1022
11,2048,10,1024,1260,788,1022
11,2048,10,1024,1261,787,1022
11,2048,10,1024,1262,786,1022
11,2048,10,1024,1263,785,1022
11,2048,10,1024,1264,784,1022
11,2048,10,1024,1265,783,1022
11,2048,10,1024,1266,782,1022
11,2048,10,1024,1267,781,1022
11,2048,10,1024,1268,780,1022
11,2048,10,1024,1269,779,1022
11,2048,10,1024,1270,778,1022
11,2048,10,1024,1271,777,1022
11,2048,10,1024,1272,776,1022
11,2048,10,1024,1273,775,1022
11,2048,10,1024,1274,774,1022
11,2048,10,1024,1275,773,1022
11,2048,10,1024,1276,772,1022
11,2048,10,1024,1277,771,1022
11,2048,10,1024,1278,770,1022
11,2048,10,1024,1279,769,1022
11,2048,10,1024,1280,768,1022
11,2048,10,1024,1281,767,1022
11,2048,10,1024,1282,766,1022
11,2048,10,1024,1283,765,1022
11,2048,10,1024,1284,764,1022
11,2048,10,1024,1285,763,1022
11,2048,10,1024,1286,762,1022
11,2048,10,1024,1287,761,1022
11,2048,10,1024,1288,760,1022
11,2048,10,1024,1289,759,1022
11,2048,10,1024,1290,758,1022
11,2048,10,1024,1291,757,1022
11,2048,10,1024,1292,756,1022
11,2048,10,1024,1293,755,1022
11,2048,10,1024,1294,754,1022
11,2048,10,1024,1295,753,1022
11,2048,10,1024,1296,752,1022
11,2048,10,1024,1297,751,1022
11,2048,10,1024,1298,750,1022
11,2048,10,1024,1299,749,1022
11,2048,10,1024,1300,748,1022
11,2048,10,1024,1301,747,1022
11,2048,10,1024,1302,746,1022
11,2048,10,1024,1303,745,1022
11,2048,10,1024,1304,744,1022
11,2048,10,1024,1305,743,1022
11,2048,10,1024,1306,742,1022
11,2048,10,1024,1307,741,1022
11,2048,10,1024,1308,740,1022
11,2048,10,1024,1309,739,1022
11,2048,10,1024,1310,738,1022
11,2048,10,1024,1311,737,1022
11,2048,10,1024,1312,736,1022
11,2048,10,1024,1313,735,1022
11,2048,10,1024,1314,734,1022
11,2048,10,1024,1315,733,1022
11,2048,10,1024,1316,732,1022
11,2048,10,1024,1317,731,1022
11,2048,10,1024,1318,730,1022
11,2048,10,1024,1319,729,1022
11,2048,10,1024,1320,728,1022
11,2048,10,1024,1321,727,1022
11,2048,10,1024,1322,726,1022
11,2048,10,1024,1323,725,1022
11,2048,10,1024,1324,724,1022
11,2048,10,1024,1325,723,1022
11,2048,10,1024,1326,722,1022
11,2048,10,1024,1327,721,1022
11,2048,10,1024,1328,720,1022
11,2048,10,1024,1329,719,1022
11,2048,10,1024,1330,718,1022
11,2048,10,1024,1331,717,1022
11,2048,10,1024,1332,716,1022
11,2048,10,1024,1333,715,1022
11,2048,10,1024,1334,714,1022
11,2048,10,1024,1335,713,1022
11,2048,10,1024,1336,712,1022
11,2048,10,1024,1337,711,1022
11,2048,10,1024,1338,710,1022
11,2048,10,1024,1339,709,1022
11,2048,10,1024,1340,708,1022
11,2048,10,1024,1341,707,1022
11,2048,10,1024,1342,706,1022
11,2048,10,1024,1343,705,1022
11,2048,10,1024,1344,704,1022
11,2048,10,1024,1345,703,1022
11,2048,10,1024,1346,702,1022
11,2048,10,1024,1347,701,1022
11,2048,10,1024,1348,700,1022
11,2048,10,1024,1349,699,1022
11,2048,10,1024,1350,698,1022
11,2048,10,1024,1351,697,1022
11,2048,10,1024,1352,696,1022
11,2048,10,1024,1353,695,1022
11,2048,10,1024,1354,694,1022
11,2048,10,1024,1355,693,1022
11,2048,10,1024,1356,692,1022
11,2048,10,1024,1357,691,1022
11,2048,10,1024,1358,690,1022
11,2048,10,1024,1359,689,1022
11,2048,10,1024,1360,688,1022
11,2048,10,1024,1361,687,1022
11,2048,10,1024,1362,686,1022
11,2048,10,1024,1363,685,1022
11,2048,10,1024,1364,684,1022
11,2048,10,1024,1365,683,1022
11,2048,10,1024,1366,682,1021
11,2048,10,1024,1367,681,1021
11,2048,10,1024,1368,680,1021
11,2048,10,1024,1369,679,1021
11,2048,10,1024,1370,678,1021
11,2048,10,1024,1371,677,1021
11,2048,10,1024,1372,676,1021
11,2048,10,1024,1373,675,1021
11,2048,10,1024,1374,674,1021
11,2048,10,1024,1375,673,1021
11,2048,10,1024,1376,672,1021
11,2048,10,1024,1377,671,1021
11,2048,10,1024,1378,670,1021
11,2048,10,1024,1379,669,1021
11,2048,10,1024,1380,668,1021
11,2048,10,1024,1381,667,1021
11,2048,10,1024,1382,666,1021
11,2048,10,1024,1383,665,1021
11,2048,10,1024,1384,664,1021
11,2048,10,1024,1385,663,1021
11,2048,10,1024,1386,662,1021
11,2048,10,1024,1387,661,1021
11,2048,10,1024,1388,660,1021
11,2048,10,1024,1389,659,1021
11,2048,10,1024,1390,658,1021
11,2048,10,1024,1391,657,1021
11,2048,10,1024,1392,656,1021
11,2048,10,1024,1393,655,1021
11,2048,10,1024,1394,654,1021
11,2048,10,1024,1395,653,1021
11,2048,10,1024,1396,652,1021
11,2048,10,1024,1397,651,1021
11,2048,10,1024,1398,650,1021
11,2048,10,1024,1399,649,1021
11,2048,10,1024,1400,648,1021
11,2048,10,1024,1401,647,1021
11,2048,10,1024,1402,646,1021
11,2048,10,1024,1403,645,1021
11,2048,10,1024,1404,644,1021
11,2048,10,1024,1405,643,1021
11,2048,10,1024,1406,642,1021
11,2048,10,1024,1407,641,1021
11,2048,10,1024,1408,640,1021
11,2048,10,1024,1409,639,1021
11,2048,10,1024,1410,638,1021
11,2048,10,1024,1411,637,1021
11,2048,10,1024,1412,636,1021
11,2048,10,1024,1413,635,1021
11,2048,10,1024,1414,634,1021
11,2048,10,1024,1415,633,1021
11,2048,10,1024,1416,632,1021
11,2048,10,1024,1417,631,1021
11,2048,10,1024,1418,630,1021
11,2048,10,1024,1419,629,1021
11,2048,10,1024,1420,628,1021
11,2048,10,1024,1421,627,1021
11,2048,10,1024,1422,626,1021
11,2048,10,1024,1423,625,1021
11,2048,10,1024,1424,624,1021
11,2048,10,1024,1425,623,1021
11,2048,10,1024,1426,622,1021
11,2048,10,1024,1427,621,1021
11,2048,10,1024,1428,620,1021
11,2048,10,1024,1429,619,1021
11,2048,10,1024,1430,618,1021
11,2048,10,1024,1431,617,1021
11,2048,10,1024,1432,616,1021
11,2048,10,1024,1433,615,1021
11,2048,10,1024,1434,614,1021
11,2048,10,1024,1435,613,1021
11,2048,10,1024,1436,612,1021
11,2048,10,1024,1437,611,1021
11,2048,10,1024,1438,610,1021
11,2048,10,1024,1439,609,1021
11,2048,10,1024,1440,608,1021
11,2048,10,1024,1441,607,1021
11,2048,10,1024,1442,606,1021
11,2048,10,1024,1443,605,1021
11,2048,10,1024,1444,604,1021
11,2048,10,1024,1445,603,1021
11,2048,10,1024,1446,602,1021
11,2048,10,1024,1447,601,1021
11,2048,10,1024,1448,600,1021
11,2048,10,1024,1449,599,1021
11,2048,10,1024,1450,598,1021
11,2048,10,1024,1451,597,1021
11,2048,10,1024,1452,596,1021
11,2048,10,1024,1453,595,1021
11,2048,10,1024,1454,594,1021
11,2048,10,1024,1455,593,1021
11,2048,10,1024,1456,592,1021
11,2048,10,1024,1457,591,1021
11,2048,10,1024,1458,590,1021
11,2048,10,1024,1459,589,1021
11,2048,10,1024,1460,588,1021
11,2048,10,1024,1461,587,1021
11,2048,10,1024,1462,586,1021
11,2048,10,1024,1463,585,1021
11,2048,10,1024,1464,584,1021
11,2048,10,1024,1465,583,1021
11,2048,10,1024,1466,582,1021
11,2048,10,1024,1467,581,1021
11,2048,10,1024,1468,580,1021
11,2048,10,1024,1469,579,1021
11,2048,10,1024,1470,578,1021
11,2048,10,1024,1471,577,1021
11,2048,10,1024,1472,576,1021
11,2048,10,1024,1473,575,1021
11,2048,10,1024,1474,574,1021
11,2048,10,1024,1475,573,1021
11,2048,10,1024,1476,572,1021
11,2048,10,1024,1477,571,1021
11,2048,10,1024,1478,570,1021
11,2048,10,1024,1479,569,1021
11,2048,10,1024,1480,568,1021
11,2048,10,1024,1481,567,1021
11,2048,10,1024,1482,566,1021
11,2048,10,1024,1483,565,1021
11,2048,10,1024,1484,564,1021
11,2048,10,1024,1485,563,1021
11,2048,10,1024,1486,562,1021
11,2048,10,1024,1487,561,1021
11,2048,10,1024,1488,560,1021
11,2048,10,1024,1489,559,1021
11,2048,10,1024,1490,558,1021
11,2048,10,1024,1491,557,1021
11,2048,10,1024,1492,556,1021
11,2048,10,1024,1493,555,1021
11,2048,10,1024,1494,554,1021
11,2048,10,1024,1495,553,1021
11,2048,10,1024,1496,552,1021
11,2048,10,1024,1497,551,1021
11,2048,10,1024,1498,550,1021
11,2048,10,1024,1499,549,1021
11,2048,10,1024,1500,548,1021
11,2048,10,1024,1501,547,1021
11,2048,10,1024,1502,546,1021
11,2048,10,1024,1503,545,1021
11,2048,10,1024,1504,544,1021
11,2048,10,1024,1505,543,1021
11,2048,10,1024,1506,542,1021
11,2048,10,1024,1507,541,1021
11,2048,10,1024,1508,540,1021
11,2048,10,1024,1509,539,1021
11,2048,10,1024,1510,538,1021
11,2048,10,1024,1511,537,1021
11,2048,10,1024,1512,536,1021
11,2048,10,1024,1513,535,1021
11,2048,10,1024,1514,534,1021
11,2048,10,1024,1515,533,1021
11,2048,10,1024,1516,532,1021
11,2048,10,1024,1517,531,1021
11,2048,10,1024,1518,530,1021
11,2048,10,1024,1519,529,1021
11,2048,10,1024,1520,528,1021
11,2048,10,1024,1521,527,1021
11,2048,10,1024,1522,526,1021
11,2048,10,1024,1523,525,1021
11,2048,10,1024,1524,524,1021
11,2048,10,1024,1525,523,1021
11,2048,10,1024,1526,522,1021
11,2048,10,1024,1527,521,1021
11,2048,10,1024,1528,520,1021
11,2048,10,1024,1529,519,1021
11,2048,10,1024,1530,518,1021
11,2048,10,1024,1531,517,1021
11,2048,10,1024,1532,516,1021
11,2048,10,1024,1533,515,1021
11,2048,10,1024,1534,514,1021
11,2048,10,1024,1535,513,1021
11,2048,10,1024,1536,512,1021
11,2048,10,1024,1537,511,1020
11,2048,10,1024,1538,510,1020
11,2048,10,1024,1539,509,1020
11,2048,10,1024,1540,508,1020
11,2048,10,1024,1541,507,1020
11,2048,10,1024,1542,506,1020
11,2048,10,1024,1543,505,1020
11,2048,10,1024,1544,504,1020
11,2048,10,1024,1545,503,1020
11,2048,10,1024,1546,502,1020
11,2048,10,1024,1547,501,1020
11,2048,10,1024,1548,500,1020
11,2048,10,1024,1549,499,1020
11,2048,10,1024,1550,498,1020
11,2048,10,1024,1551,497,1020
11,2048,10,1024,1552,496,1020
11,2048,10,1024,1553,495,1020
11,2048,10,1024,1554,494,1020
11,2048,10,1024,1555,493,1020
11,2048,10,1024,1556,492,1020
11,2048,10,1024,1557,491,1020
11,2048,10,1024,1558,490,1020
11,2048,10,1024,1559,489,1020
11,2048,10,1024,1560,488,1020
11,2048,10,1024,1561,487,1020
11,2048,10,1024,1562,486,1020
11,2048,10,1024,1563,485,1020
11,2048,10,1024,1564,484,1020
11,2048,10,1024,1565,483,1020
11,2048,10,1024,1566,482,1020
11,2048,10,1024,1567,481,1020
11,2048,10,1024,1568,480,1020
11,2048,10,1024,1569,479,1020
11,2048,10,1024,1570,478,1020
11,2048,10,1024,1571,477,1020
11,2048,10,1024,1572,476,1020
11,2048,10,1024,1573,475,1020
11,2048,10,1024,1574,474,1020
11,2048,10,1024,1575,473,1020
11,2048,10,1024,1576,472,1020
11,2048,10,1024,1577,471,1020
11,2048,10,1024,1578,470,1020
11,2048,10,1024,1579,469,1020
11,2048,10,1024,1580,468,1020
11,2048,10,1024,1581,467,1020
11,2048,10,1024,1582,466,1020
11,2048,10,1024,1583,465,1020
11,2048,10,1024,1584,464,1020
11,2048,10,1024,1585,463,1020
11,2048,10,1024,1586,462,1020
11,2048,10,1024,1587,461,1020
11,2048,10,1024,1588,460,1020
11,2048,10,1024,1589,459,1020
11,2048,10,1024,1590,458,1020
11,2048,10,1024,1591,457,1020
11,2048,10,1024,1592,456,1020
11,2048,10,1024,1593,455,1020
11,2048,10,1024,1594,454,1020
11,2048,10,1024,1595,453,1020
11,2048,10,1024,1596,452,1020
11,2048,10,1024,1597,451,1020
11,2048,10,1024,1598,450,1020
11,2048,10,1024,1599,449,1020
11,2048,10,1024,1600,448,1020
11,2048,10,1024,1601,447,1020
11,2048,10,1024,1602,446,1020
11,2048,10,1024,1603,445,1020
11,2048,10,1024,1604,444,1020
11,2048,10,1024,1605,443,1020
11,2048,10,1024,1606,442,1020
11,2048,10,1024,1607,441,1020
11,2048,10,1024,1608,440,1020
11,2048,10,1024,1609,439,1020
11,2048,10,1024,1610,438,1020
11,2048,10,1024,1611,437,1020
11,2048,10,1024,1612,436,1020
11,2048,10,1024,1613,435,1020
11,2048,10,1024,1614,434,1020
11,2048,10,1024,1615,433,1020
11,2048,10,1024,1616,432,1020
11,2048,10,1024,1617,431,1020
11,2048,10,1024,1618,430,1020
11,2048,10,1024,1619,429,1020
11,2048,10,1024,1620,428,1020
11,2048,10,1024,1621,427,1020
11,2048,10,1024,1622,426,1020
11,2048,10,1024,1623,425,1020
11,2048,10,1024,1624,424,1020
11,2048,10,1024,1625,423,1020
11,2048,10,1024,1626,422,1020
11,2048,10,1024,1627,421,1020
11,2048,10,1024,1628,420,1020
11,2048,10,1024,1629,419,1020
11,2048,10,1024,1630,418,1020
11,2048,10,1024,1631,417,1020
11,2048,10,1024,1632,416,1020
11,2048,10,1024,1633,415,1020
11,2048,10,1024,1634,414,1020
11,2048,10,1024,1635,413,1020
11,2048,10,1024,1636,412,1020
11,2048,10,1024,1637,411,1020
11,2048,10,1024,1638,410,1020
11,2048,10,1024,1639,409,1019
11,2048,10,1024,1640,408,1019
11,2048,10,1024,1641,407,1019
11,2048,10,1024,1642,406,1019
11,2048,10,1024,1643,405,1019
11,2048,10,1024,1644,404,1019
11,2048,10,1024,1645,403,1019
11,2048,10,1024,1646,402,1019
11,2048,10,1024,1647,401,1019
11,2048,10,1024,1648,400,1019
11,2048,10,1024,1649,399,1019
11,2048,10,1024,1650,398,1019
11,2048,10,1024,1651,397,1019
11,2048,10,1024,1652,396,1019
11,2048,10,1024,1653,395,1019
11,2048,10,1024,1654,394,1019
11,2048,10,1024,1655,393,1019
11,2048,10,1024,1656,392,1019
11,2048,10,1024,1657,391,1019
11,2048,10,1024,1658,390,1019
11,2048,10,1024,1659,389,1019
11,2048,10,1024,1660,388,1019
11,2048,10,1024,1661,387,1019
11,2048,10,1024,1662,386,1019
11,2048,10,1024,1663,385,1019
11,2048,10,1024,1664,384,1019
11,2048,10,1024,1665,383,1019
11,2048,10,1024,1666,382,1019
11,2048,10,1024,1667,381,1019
11,2048,10,1024,1668,380,1019
11,2048,10,1024,1669,379,1019
11,2048,10,1024,1670,378,1019
11,2048,10,1024,1671,377,1019
11,2048,10,1024,1672,376,1019
11,2048,10,1024,1673,375,1019
11,2048,10,1024,1674,374,1019
11,2048,10,1024,1675,373,1019
11,2048,10,1024,1676,372,1019
11,2048,10,1024,1677,371,1019
11,2048,10,1024,1678,370,1019
11,2048,10,1024,1679,369,1019
11,2048,10,1024,1680,368,1019
11,2048,10,1024,1681,367,1019
11,2048,10,1024,1682,366,1019
11,2048,10,1024,1683,365,1019
11,2048,10,1024,1684,364,1019
11,2048,10,1024,1685,363,1019
11,2048,10,1024,1686,362,1019
11,2048,10,1024,1687,361,1019
11,2048,10,1024,1688,360,1019
11,2048,10,1024,1689,359,1019
11,2048,10,1024,1690,358,1019
11,2048,10,1024,1691,357,1019
11,2048,10,1024,1692,356,1019
11,2048,10,1024,1693,355,1019
11,2048,10,1024,1694,354,1019
11,2048,10,1024,1695,353,1019
11,2048,10,1024,1696,352,1019
11,2048,10,1024,1697,351,1019
11,2048,10,1024,1698,350,1019
11,2048,10,1024,1699,349,1019
11,2048,10,1024,1700,348,1019
11,2048,10,1024,1701,347,1019
11,2048,10,1024,1702,346,1019
11,2048,10,1024,1703,345,1019
11,2048,10,1024,1704,344,1019
11,2048,10,1024,1705,343,1019
11,2048,10,1024,1706,342,1019
11,2048,10,1024,1707,341,1018
11,2048,10,1024,1708,340,1018
11,2048,10,1024,1709,339,1018
11,2048,10,1024,1710,338,1018
11,2048,10,1024,1711,337,1018
11,2048,10,1024,1712,336,1018
11,2048,10,1024,1713,335,1018
11,2048,10,1024,1714,334,1018
11,2048,10,1024,1715,333,1018
11,2048,10,1024,1716,332,1018
11,2048,10,1024,1717,331,1018
11,2048,10,1024,1718,330,1018
11,2048,10,1024,1719,329,1018
11,2048,10,1024,1720,328,1018
11,2048,10,1024,1721,327,1018
11,2048,10,1024,1722,326,1018
11,2048,10,1024,1723,325,1018
11,2048,10,1024,1724,324,1018
11,2048,10,1024,1725,323,1018
11,2048,10,1024,1726,322,1018
11,2048,10,1024,1727,321,1018
11,2048,10,1024,1728,320,1018
11,2048,10,1024,1729,319,1018
11,2048,10,1024,1730,318,1018
11,2048,10,1024,1731,317,1018
11,2048,10,1024,1732,316,1018
11,2048,10,1024,1733,315,1018
11,2048,10,1024,1734,314,1018
11,2048,10,1024,1735,313,1018
11,2048,10,1024,1736,312,1018
11,2048,10,1024,1737,311,1018
11,2048,10,1024,1738,310,1018
11,2048,10,1024,1739,309,1018
11,2048,10,1024,1740,308,1018
11,2048,10,1024,1741,307,1018
11,2048,10,1024,1742,306,1018
11,2048,10,1024,1743,305,1018
11,2048,10,1024,1744,304,1018
11,2048,10,1024,1745,303,1018
11,2048,10,1024,1746,302,1018
11,2048,10,1024,1747,301,1018
11,2048,10,1024,1748,300,1018
11,2048,10,1024,1749,299,1018
11,2048,10,1024,1750,298,1018
11,2048,10,1024,1751,297,1018
11,2048,10,1024,1752,296,1018
11,2048,10,1024,1753,295,1018
11,2048,10,1024,1754,294,1018
11,2048,10,1024,1755,293,1018
11,2048,10,1024,1756,292,1017
11,2048,10,1024,1757,291,1017
11,2048,10,1024,1758,290,1017
11,2048,10,1024,1759,289,1017
11,2048,10,1024,1760,288,1017
11,2048,10,1024,1761,287,1017
11,2048,10,1024,1762,286,1017
11,2048,10,1024,1763,285,1017
11,2048,10,1024,1764,284,1017
11,2048,10,1024,1765,283,1017
11,2048,10,1024,1766,282,1017
11,2048,10,1024,1767,281,1017
11,2048,10,1024,1768,280,1017
11,2048,10,1024,1769,279,1017
11,2048,10,1024,1770,278,1017
11,2048,10,1024,1771,277,1017
11,2048,10,1024,1772,276,1017
11,2048,10,1024,1773,275,1017
11,2048,10,1024,1774,274,1017
11,2048,10,1024,1775,273,1017
11,2048,10,1024,1776,272,1017
11,2048,10,1024,1777,271,1017
11,2048,10,1024,1778,270,1017
11,2048,10,1024,1779,269,1017
11,2048,10,1024,1780,268,1017
11,2048,10,1024,1781,267,1017
11,2048,10,1024,1782,266,1017
11,2048,10,1024,1783,265,1017
11,2048,10,1024,1784,264,1017
11,2048,10,1024,1785,263,1017
11,2048,10,1024,1786,262,1017
11,2048,10,1024,1787,261,1017
11,2048,10,1024,1788,260,1017
11,2048,10,1024,1789,259,1017
11,2048,10,1024,1790,258,1017
11,2048,10,1024,1791,257,1017
11,2048,10,1024,1792,256,1017
11,2048,10,1024,1793,255,1016
11,2048,10,1024,1794,254,1016
11,2048,10,1024,1795,253,1016
11,2048,10,1024,1796,252,1016
11,2048,10,1024,1797,251,1016
11,2048,10,1024,1798,250,1016
11,2048,10,1024,1799,249,1016
11,2048,10,1024,1800,248,1016
11,2048,10,1024,1801,247,1016
11,2048,10,1024,1802,246,1016
11,2048,10,1024,1803,245,1016
11,2048,10,1024,1804,244,1016
11,2048,10,1024,1805,243,1016
11,2048,10,1024,1806,242,1016
11,2048,10,1024,1807,241,1016
11,2048,10,1024,1808,240,1016
11,2048,10,1024,1809,239,1016
11,2048,10,1024,1810,238,1016
11,2048,10,1024,1811,237,1016
11,2048,10,1024,1812,236,1016
11,2048,10,1024,1813,235,1016
11,2048,10,1024,1814,234,1016
11,2048,10,1024,1815,233,1016
11,2048,10,1024,1816,232,1016
11,2048,10,1024,1817,231,1016
11,2048,10,1024,1818,230,1016
11,2048,10,1024,1819,229,1016
11,2048,10,1024,1820,228,1016
11,2048,10,1024,1821,227,1015
11,2048,10,1024,1822,226,1015
11,2048,10,1024,1823,225,1015
11,2048,10,1024,1824,224,1015
11,2048,10,1024,1825,223,1015
11,2048,10,1024,1826,222,1015
11,2048,10,1024,1827,221,1015
11,2048,10,1024,1828,220,1015
11,2048,10,1024,1829,219,1015
11,2048,10,1024,1830,218,1015
11,2048,10,1024,1831,217,1015
11,2048,10,1024,1832,216,1015
11,2048,10,1024,1833,215,1015
11,2048,10,1024,1834,214,1015
11,2048,10,1024,1835,213,1015
11,2048,10,1024,1836,212,1015
11,2048,10,1024,1837,211,1015
11,2048,10,1024,1838,210,1015
11,2048,10,1024,1839,209,1015
11,2048,10,1024,1840,208,1015
11,2048,10,1024,1841,207,1015
11,2048,10,1024,1842,206,1015
11,2048,10,1024,1843,205,1015
11,2048,10,1024,1844,204,1014
11,2048,10,1024,1845,203,1014
11,2048,10,1024,1846,202,1014
11,2048,10,1024,1847,201,1014
11,2048,10,1024,1848,200,1014
11,2048,10,1024,1849,199,1014
11,2048,10,1024,1850,198,1014
11,2048,10,1024,1851,197,1014
11,2048,10,1024,1852,196,1014
11,2048,10,1024,1853,195,1014
11,2048,10,1024,1854,194,1014
11,2048,10,1024,1855,193,1014
11,2048,10,1024,1856,192,1014
11,2048,10,1024,1857,191,1014
11,2048,10,1024,1858,190,1014
11,2048,10,1024,1859,189,1014
11,2048,10,1024,1860,188,1014
11,2048,10,1024,1861,187,1014
11,2048,10,1024,1862,186,1013
11,2048,10,1024,1863,185,1013
11,2048,10,1024,1864,184,1013
11,2048,10,1024,1865,183,1013
11,2048,10,1024,1866,182,1013
11,2048,10,1024,1867,181,1013
11,2048,10,1024,1868,180,1013
11,2048,10,1024,1869,179,1013
11,2048,10,1024,1870,178,1013
11,2048,10,1024,1871,177,1013
11,2048,10,1024,1872,176,1013
11,2048,10,1024,1873,175,1013
11,2048,10,1024,1874,174,1013
11,2048,10,1024,1875,173,1013
11,2048,10,1024,1876,172,1013
11,2048,10,1024,1877,171,1013
11,2048,10,1024,1878,170,1012
11,2048,10,1024,1879,169,1012
11,2048,10,1024,1880,168,1012
11,2048,10,1024,1881,167,1012
11,2048,10,1024,1882,166,1012
11,2048,10,1024,1883,165,1012
11,2048,10,1024,1884,164,1012
11,2048,10,1024,1885,163,1012
11,2048,10,1024,1886,162,1012
11,2048,10,1024,1887,161,1012
11,2048,10,1024,1888,160,1012
11,2048,10,1024,1889,159,1012
11,2048,10,1024,1890,158,1012
11,2048,10,1024,1891,157,1011
11,2048,10,1024,1892,156,1011
11,2048,10,1024,1893,155,1011
11,2048,10,1024,1894,154,1011
11,2048,10,1024,1895,153,1011
11,2048,10,1024,1896,152,1011
11,2048,10,1024,1897,151,1011
11,2048,10,1024,1898,150,1011
11,2048,10,1024,1899,149,1011
11,2048,10,1024,1900,148,1011
11,2048,10,1024,1901,147,1011
11,2048,10,1024,1902,146,1010
11,2048,10,1024,1903,145,1010
11,2048,10,1024,1904,144,1010
11,2048,10,1024,1905,143,1010
11,2048,10,1024,1906,142,1010
11,2048,10,1024,1907,141,1010
11,2048,10,1024,1908,140,1010
11,2048,10,1024,1909,139,1010
11,2048,10,1024,1910,138,1010
11,2048,10,1024,1911,137,1010
11,2048,10,1024,1912,136,1009
11,2048,10,1024,1913,135,1009
11,2048,10,1024,1914,134,1009
11,2048,10,1024,1915,133,1009
11,2048,10,1024,1916,132,1009
11,2048,10,1024,1917,131,1009
11,2048,10,1024,1918,130,1009
11,2048,10,1024,1919,129,1009
11,2048,10,1024,1920,128,1009
11,2048,10,1024,1921,127,1008
11,2048,10,1024,1922,126,1008
11,2048,10,1024,1923,125,1008
11,2048,10,1024,1924,124,1008
11,2048,10,1024,1925,123,1008
11,2048,10,1024,1926,122,1008
11,2048,10,1024,1927,121,1008
11,2048,10,1024,1928,120,1007
11,2048,10,1024,1929,119,1007
11,2048,10,1024,1930,118,1007
11,2048,10,1024,1931,117,1007
11,2048,10,1024,1932,116,1007
11,2048,10,1024,1933,115,1007
11,2048,10,1024,1934,114,1007
11,2048,10,1024,1935,113,1006
11,2048,10,1024,1936,112,1006
11,2048,10,1024,1937,111,1006
11,2048,10,1024,1938,110,1006
11,2048,10,1024,1939,109,1006
11,2048,10,1024,1940,108,1006
11,2048,10,1024,1941,107,1005
11,2048,10,1024,1942,106,1005
11,2048,10,1024,1943,105,1005
11,2048,10,1024,1944,104,1005
11,2048,10,1024,1945,103,1005
11,2048,10,1024,1946,102,1004
11,2048,10,1024,1947,101,1004
11,2048,10,1024,1948,100,1004
11,2048,10,1024,1949,99,1004
11,2048,10,1024,1950,98,1004
11,2048,10,1024,1951,97,1003
11,2048,10,1024,1952,96,1003
11,2048,10,1024,1953,95,1003
11,2048,10,1024,1954,94,1003
11,2048,10,1024,1955,93,1002
11,2048,10,1024,1956,92,1002
11,2048,10,1024,1957,91,1002
11,2048,10,1024,1958,90,1002
11,2048,10,1024,1959,89,1001
11,2048,10,1024,1960,88,1001
11,2048,10,1024,1961,87,1001
11,2048,10,1024,1962,86,1001
11,2048,10,1024,1963,85,1000
11,2048,10,1024,1964,84,1000
11,2048,10,1024,1965,83,1000
11,2048,10,1024,1966,82,1000
11,2048,10,1024,1967,81,999
11,2048,10,1024,1968,80,999
11,2048,10,1024,1969,79,999
11,2048,10,1024,1970,78,998
11,2048,10,1024,1971,77,998
11,2048,10,1024,1972,76,998
11,2048,10,1024,1973,75,997
11,2048,10,1024,1974,74,997
11,2048,10,1024,1975,73,996
11,2048,10,1024,1976,72,996
11,2048,10,1024,1977,71,996
11,2048,10,1024,1978,70,995
11,2048,10,1024,1979,69,995
11,2048,10,1024,1980,68,994
11,2048,10,1024,1981,67,994
11,2048,10,1024,1982,66,993
11,2048,10,1024,1983,65,993
11,2048,10,1024,1984,64,993
11,2048,10,1024,1985,63,992
11,2048,10,1024,1986,62,991
11,2048,10,1024,1987,61,991
11,2048,10,1024,1988,60,990
11,2048,10,1024,1989,59,990
11,2048,10,1024,1990,58,989
11,2048,10,1024,1991,57,989
11,2048,10,1024,1992,56,988
11,2048,10,1024,1993,55,987
11,2048,10,1024,1994,54,987
11,2048,10,1024,1995,53,986
11,2048,10,1024,1996,52,985
11,2048,10,1024,1997,51,984
11,2048,10,1024,1998,50,984
11,2048,10,1024,1999,49,983
11,2048,10,1024,2000,48,982
11,2048,10,1024,2001,47,981
11,2048,10,1024,2002,46,980
11,2048,10,1024,2003,45,979
11,2048,10,1024,2004,44,978
11,2048,10,1024,2005,43,977
11,2048,10,1024,2006,42,976
11,2048,10,1024,2007,41,975
11,2048,10,1024,2008,40,973
11,2048,10,1024,2009,39,972
11,2048,10,1024,2010,38,971
11,2048,10,1024,2011,37,969
11,2048,10,1024,2012,36,968
11,2048,10,1024,2013,35,966
11,2048,10,1024,2014,34,964
11,2048,10,1024,2015,33,962
11,2048,10,1024,2016,32,961
11,2048,10,1024,2017,31,958
11,2048,10,1024,2018,30,956
11,2048,10,1024,2019,29,954
11,2048,10,1024,2020,28,951
11,2048,10,1024,2021,27,949
11,2048,10,1024,2022,26,946
11,2048,10,1024,2023,25,943
11,2048,10,1024,2024,24,939
11,2048,10,1024,2025,23,935
11,2048,10,1024,2026,22,931
11,2048,10,1024,2027,21,927
11,2048,10,1024,2028,20,922
11,2048,10,1024,2029,19,917
11,2048,10,1024,2030,18,911
11,2048,10,1024,2031,17,904
11,2048,10,1024,2032,16,897
11,2048,10,1024,2033,15,888
11,2048,10,1024,2034,14,878
11,2048,10,1024,2035,13,867
11,2048,10,1024,2036,12,854
11,2048,10,1024,2037,11,838
11,2048,10,1024,2038,10,820
11,2048,10,1024,2039,9,797
11,2048,10,1024,2040,8,769
11,2048,10,1024,2041,7,732
11,2048,10,1024,2042,6,683
11,2048,10,1024,2043,5,615
11,2048,10,1024,2044,4,513
11,2048,10,1024,2045,3,342
11,2048,10,1024,2046,2,1
11,2048,10,1024,2047,1,0
11,2048,10,1024,2048,0,0
11,2048,11,2048,0,2048,2048
11,2048,11,2048,1,2047,2047
11,2048,11,2048,2,2046,2047
11,2048,11,2048,3,2045,2047
11,2048,11,2048,4,2044,2047
11,2048,11,2048,5,2043,2047
11,2048,11,2048,6,2042,2047
11,2048,11,2048,7,2041,2047
11,2048,11,2048,8,2040,2047
11,2048,11,2048,9,2039,2047
11,2048,11,2048,10,2038,2047
11,2048,11,2048,11,2037,2047
11,2048,11,2048,12,2036,2047
11,2048,11,2048,13,2035,2047
11,2048,11,2048,14,2034,2047
11,2048,11,2048,15,2033,2047
11,2048,11,2048,16,2032,2047
11,2048,11,2048,17,2031,2047
11,2048,11,2048,18,2030,2047
11,2048,11,2048,19,2029,2047
11,2048,11,2048,20,2028,2047
11,2048,11,2048,21,2027,2047
11,2048,11,2048,22,2026,2047
11,2048,11,2048,23,2025,2047
11,2048,11,2048,24,2024,2047
11,2048,11,2048,25,2023,2047
11,2048,11,2048,26,2022,2047
11,2048,11,2048,27,2021,2047
11,2048,11,2048,28,2020,2047
11,2048,11,2048,29,2019,2047
11,2048,11,2048,30,2018,2047
11,2048,11,2048,31,2017,2047
11,2048,11,2048,32,2016,2047
11,2048,11,2048,33,2015,2047
11,2048,11,2048,34,2014,2047
11,2048,11,2048,35,2013,2047
11,2048,11,2048,36,2012,2047
11,2048,11,2048,37,2011,2047
11,2048,11,2048,38,2010,2047
11,2048,11,2048,39,2009,2047
11,2048,11,2048,40,2008,2047
11,2048,11,2048,41,2007,2047
11,2048,11,2048,42,2006,2047
11,2048,11,2048,43,2005,2047
11,2048,11,2048,44,2004,2047
11,2048,11,2048,45,2003,2047
11,2048,11,2048,46,2002,2047
11,2048,11,2048,47,2001,2047
11,2048,11,2048,48,2000,2047
11,2048,11,2048,49,1999,2047
11,2048,11,2048,50,1998,2047
11,2048,11,2048,51,1997,2047
11,2048,11,2048,52,1996,2047
11,2048,11,2048,53,1995,2047
11,2048,11,2048,54,1994,2047
11,2048,11,2048,55,1993,2047
11,2048,11,2048,56,1992,2047
11,2048,11,2048,57,1991,2047
11,2048,11,2048,58,1990,2047
11,2048,11,2048,59,1989,2047
11,2048,11,2048,60,1988,2047
11,2048,11,2048,61,1987,2047
11,2048,11,2048,62,1986,2047
11,2048,11,2048,63,1985,2047
11,2048,11,2048,64,1984,2047
11,2048,11,2048,65,1983,2047
11,2048,11,2048,66,1982,2047
11,2048,11,2048,67,1981,2047
11,2048,11,2048,68,1980,2047
11,2048,11,2048,69,1979,2047
11,2048,11,2048,70,1978,2047
11,2048,11,2048,71,1977,2047
11,2048,11,2048,72,1976,2047
11,2048,11,2048,73,1975,2047
11,2048,11,2048,74,1974,2047
11,2048,11,2048,75,1973,2047
11,2048,11,2048,76,1972,2047
11,2048,11,2048,77,1971,2047
11,2048,11,2048,78,1970,2047
11,2048,11,2048,79,1969,2047
11,2048,11,2048,80,1968,2047
11,2048,11,2048,81,1967,2047
11,2048,11,2048,82,1966,2047
11,2048,11,2048,83,1965,2047
11,2048,11,2048,84,1964,2047
11,2048,11,2048,85,1963,2047
11,2048,11,2048,86,1962,2047
11,2048,11,2048,87,1961,2047
11,2048,11,2048,88,1960,2047
11,2048,11,2048,89,1959,2047
11,2048,11,2048,90,1958,2047
11,2048,11,2048,91,1957,2047
11,2048,11,2048,92,1956,2047
11,2048,11,2048,93,1955,2047
11,2048,11,2048,94,1954,2047
11,2048,11,2048,95,1953,2047
11,2048,11,2048,96,1952,2047
11,2048,11,2048,97,1951,2047
11,2048,11,2048,98,1950,2047
11,2048,11,2048,99,1949,2047
11,2048,11,2048,100,1948,2047
11,2048,11,2048,101,1947,2047
11,2048,11,2048,102,1946,2047
11,2048,11,2048,103,1945,2047
11,2048,11,2048,104,1944,2047
11,2048,11,2048,105,1943,2047
11,2048,11,2048,106,1942,2047
11,2048,11,2048,107,1941,2047
11,2048,11,2048,108,1940,2047
11,2048,11,2048,109,1939,2047
11,2048,11,2048,110,1938,2047
11,2048,11,2048,111,1937,2047
11,2048,11,2048,112,1936,2047
11,2048,11,2048,113,1935,2047
11,2048,11,2048,114,1934,2047
11,2048,11,2048,115,1933,2047
11,2048,11,2048,116,1932,2047
11,2048,11,2048,117,1931,2047
11,2048,11,2048,118,1930,2047
11,2048,11,2048,119,1929,2047
11,2048,11,2048,120,1928,2047
11,2048,11,2048,121,1927,2047
11,2048,11,2048,122,1926,2047
11,2048,11,2048,123,1925,2047
11,2048,11,2048,124,1924,2047
11,2048,11,2048,125,1923,2047
11,2048,11,2048,126,1922,2047
11,2048,11,2048,127,1921,2047
11,2048,11,2048,128,1920,2047
11,2048,11,2048,129,1919,2047
11,2048,11,2048,130,1918,2047
11,2048,11,2048,131,1917,2047
11,2048,11,2048,132,1916,2047
11,2048,11,2048,133,1915,2047
11,2048,11,2048,134,1914,2047
11,2048,11,2048,135,1913,2047
11,2048,11,2048,136,1912,2047
11,2048,11,2048,137,1911,2047
11,2048,11,2048,138,1910,2047
11,2048,11,2048,139,1909,2047
11,2048,11,2048,140,1908,2047
11,2048,11,2048,141,1907,2047
11,2048,11,2048,142,1906,2047
11,2048,11,2048,143,1905,2047
11,2048,11,2048,144,1904,2047
11,2048,11,2048,145,1903,2047
11,2048,11,2048,146,1902,2047
11,2048,11,2048,147,1901,2047
11,2048,11,2048,148,1900,2047
11,2048,11,2048,149,1899,2047
11,2048,11,2048,150,1898,2047
11,2048,11,2048,151,1897,2047
11,2048,11,2048,152,1896,2047
11,2048,11,2048,153,1895,2047
11,2048,11,2048,154,1894,2047
11,2048,11,2048,155,1893,2047
11,2048,11,2048,156,1892,2047
11,2048,11,2048,157,1891,2047
11,2048,11,2048,158,1890,2047
11,2048,11,2048,159,1889,2047
11,2048,11,2048,160,1888,2047
11,2048,11,2048,161,1887,2047
11,2048,11,2048,162,1886,2047
11,2048,11,2048,163,1885,2047
11,2048,11,2048,164,1884,2047
11,2048,11,2048,165,1883,2047
11,2048,11,2048,166,1882,2047
11,2048,11,2048,167,1881,2047
11,2048,11,2048,168,1880,2047
11,2048,11,2048,169,1879,2047
11,2048,11,2048,170,1878,2047
11,2048,11,2048,171,1877,2047
11,2048,11,2048,172,1876,2047
11,2048,11,2048,173,1875,2047
11,2048,11,2048,174,1874,2047
11,2048,11,2048,175,1873,2047
11,2048,11,2048,176,1872,2047
11,2048,11,2048,177,1871,2047
11,2048,11,2048,178,1870,2047
11,2048,11,2048,179,1869,2047
11,2048,11,2048,180,1868,2047
11,2048,11,2048,181,1867,2047
11,2048,11,2048,182,1866,2047
11,2048,11,2048,183,1865,2047
11,2048,11,2048,184,1864,2047
11,2048,11,2048,185,1863,2047
11,2048,11,2048,186,1862,2047
11,2048,11,2048,187,1861,2047
11,2048,11,2048,188,1860,2047
11,2048,11,2048,189,1859,2047
11,2048,11,2048,190,1858,2047
11,2048,11,2048,191,1857,2047
11,2048,11,2048,192,1856,2047
11,2048,11,2048,193,1855,2047
11,2048,11,2048,194,1854,2047
11,2048,11,2048,195,1853,2047
11,2048,11,2048,196,1852,2047
11,2048,11,2048,197,1851,2047
11,2048,11,2048,198,1850,2047
11,2048,11,2048,199,1849,2047
11,2048,11,2048,200,1848,2047
11,2048,11,2048,201,1847,2047
11,2048,11,2048,202,1846,2047
11,2048,11,2048,203,1845,2047
11,2048,11,2048,204,1844,2047
11,2048,11,2048,205,1843,2047
11,2048,11,2048,206,1842,2047
11,2048,11,2048,207,1841,2047
11,2048,11,2048,208,1840,2047
11,2048,11,2048,209,1839,2047
11,2048,11,2048,210,1838,2047
11,2048,11,2048,211,1837,2047
11,2048,11,2048,212,1836,2047
11,2048,11,2048,213,1835,2047
11,2048,11,2048,214,1834,2047
11,2048,11,2048,215,1833,2047
11,2048,11,2048,216,1832,2047
11,2048,11,2048,217,1831,2047
11,2048,11,2048,218,1830,2047
11,2048,11,2048,219,1829,2047
11,2048,11,2048,220,1828,2047
11,2048,11,2048,221,1827,2047
11,2048,11,2048,222,1826,2047
11,2048,11,2048,223,1825,2047
11,2048,11,2048,224,1824,2047
11,2048,11,2048,225,1823,2047
11,2048,11,2048,226,1822,2047
11,2048,11,2048,227,1821,2047
11,2048,11,2048,228,1820,2047
11,2048,11,2048,229,1819,2047
11,2048,11,2048,230,1818,2047
11,2048,11,2048,231,1817,2047
11,2048,11,2048,232,1816,2047
11,2048,11,2048,233,1815,2047
11,2048,11,2048,234,1814,2047
11,2048,11,2048,235,1813,2047
11,2048,11,2048,236,1812,2047
11,2048,11,2048,237,1811,2047
11,2048,11,2048,238,1810,2047
11,2048,11,2048,239,1809,2047
11,2048,11,2048,240,1808,2047
11,2048,11,2048,241,1807,2047
11,2048,11,2048,242,1806,2047
11,2048,11,2048,243,1805,2047
11,2048,11,2048,244,1804,2047
11,2048,11,2048,245,1803,2047
11,2048,11,2048,246,1802,2047
11,2048,11,2048,247,1801,2047
11,2048,11,2048,248,1800,2047
11,2048,11,2048,249,1799,2047
11,2048,11,2048,250,1798,2047
11,2048,11,2048,251,1797,2047
11,2048,11,2048,252,1796,2047
11,2048,11,2048,253,1795,2047
11,2048,11,2048,254,1794,2047
11,2048,11,2048,255,1793,2047
11,2048,11,2048,256,1792,2047
11,2048,11,2048,257,1791,2047
11,2048,11,2048,258,1790,2047
11,2048,11,2048,259,1789,2047
11,2048,11,2048,260,1788,2047
11,2048,11,2048,261,1787,2047
11,2048,11,2048,262,1786,2047
11,2048,11,2048,263,1785,2047
11,2048,11,2048,264,1784,2047
11,2048,11,2048,265,1783,2047
11,2048,11,2048,266,1782,2047
11,2048,11,2048,267,1781,2047
11,2048,11,2048,268,1780,2047
11,2048,11,2048,269,1779,2047
11,2048,11,2048,270,1778,2047
11,2048,11,2048,271,1777,2047
11,2048,11,2048,272,1776,2047
11,2048,11,2048,273,1775,2047
11,2048,11,2048,274,1774,2047
11,2048,11,2048,275,1773,2047
11,2048,11,2048,276,1772,2047
11,2048,11,2048,277,1771,2047
11,2048,11,2048,278,1770,2047
11,2048,11,2048,279,1769,2047
11,2048,11,2048,280,1768,2047
11,2048,11,2048,281,1767,2047
11,2048,11,2048,282,1766,2047
11,2048,11,2048,283,1765,2047
11,2048,11,2048,284,1764,2047
11,2048,11,2048,285,1763,2047
11,2048,11,2048,286,1762,2047
11,2048,11,2048,287,1761,2047
11,2048,11,2048,288,1760,2047
11,2048,11,2048,289,1759,2047
11,2048,11,2048,290,1758,2047
11,2048,11,2048,291,1757,2047
11,2048,11,2048,292,1756,2047
11,2048,11,2048,293,1755,2047
11,2048,11,2048,294,1754,2047
11,2048,11,2048,295,1753,2047
11,2048,11,2048,296,1752,2047
11,2048,11,2048,297,1751,2047
11,2048,11,2048,298,1750,2047
11,2048,11,2048,299,1749,2047
11,2048,11,2048,300,1748,2047
11,2048,11,2048,301,1747,2047
11,2048,11,2048,302,1746,2047
11,2048,11,2048,303,1745,2047
11,2048,11,2048,304,1744,2047
11,2048,11,2048,305,1743,2047
11,2048,11,2048,306,1742,2047
11,2048,11,2048,307,1741,2047
11,2048,11,2048,308,1740,2047
11,2048,11,2048,309,1739,2047
11,2048,11,2048,310,1738,2047
11,2048,11,2048,311,1737,2047
11,2048,11,2048,312,1736,2047
11,2048,11,2048,313,1735,2047
11,2048,11,2048,314,1734,2047
11,2048,11,2048,315,1733,2047
11,2048,11,2048,316,1732,2047
11,2048,11,2048,317,1731,2047
11,2048,11,2048,318,1730,2047
11,2048,11,2048,319,1729,2047
11,2048,11,2048,320,1728,2047
11,2048,11,2048,321,1727,2047
11,2048,11,2048,322,1726,2047
11,2048,11,2048,323,1725,2047
11,2048,11,2048,324,1724,2047
11,2048,11,2048,325,1723,2047
11,2048,11,2048,326,1722,2047
11,2048,11,2048,327,1721,2047
11,2048,11,2048,328,1720,2047
11,2048,11,2048,329,1719,2047
11,2048,11,2048,330,1718,2047
11,2048,11,2048,331,1717,2047
11,2048,11,2048,332,1716,2047
11,2048,11,2048,333,1715,2047
11,2048,11,2048,334,1714,2047
11,2048,11,2048,335,1713,2047
11,2048,11,2048,336,1712,2047
11,2048,11,2048,337,1711,2047
11,2048,11,2048,338,1710,2047
11,2048,11,2048,339,1709,2047
11,2048,11,2048,340,1708,2047
11,2048,11,2048,341,1707,2047
11,2048,11,2048,342,1706,2047
11,2048,11,2048,343,1705,2047
11,2048,11,2048,344,1704,2047
11,2048,11,2048,345,1703,2047
11,2048,11,2048,346,1702,2047
11,2048,11,2048,347,1701,2047
11,2048,11,2048,348,1700,2047
11,2048,11,2048,349,1699,2047
11,2048,11,2048,350,1698,2047
11,2048,11,2048,351,1697,2047
11,2048,11,2048,352,1696,2047
11,2048,11,2048,353,1695,2047
11,2048,11,2048,354,1694,2047
11,2048,11,2048,355,1693,2047
11,2048,11,2048,356,1692,2047
11,2048,11,2048,357,1691,2047
11,2048,11,2048,358,1690,2047
11,2048,11,2048,359,1689,2047
11,2048,11,2048,360,1688,2047
11,2048,11,2048,361,1687,2047
11,2048,11,2048,362,1686,2047
11,2048,11,2048,363,1685,2047
11,2048,11,2048,364,1684,2047
11,2048,11,2048,365,1683,2047
11,2048,11,2048,366,1682,2047
11,2048,11,2048,367,1681,2047
11,2048,11,2048,368,1680,2047
11,2048,11,2048,369,1679,2047
11,2048,11,2048,370,1678,2047
11,2048,11,2048,371,1677,2047
11,2048,11,2048,372,1676,2047
11,2048,11,2048,373,1675,2047
11,2048,11,2048,374,1674,2047
11,2048,11,2048,375,1673,2047
11,2048,11,2048,376,1672,2047
11,2048,11,2048,377,1671,2047
11,2048,11,2048,378,1670,2047
11,2048,11,2048,379,1669,2047
11,2048,11,2048,380,1668,2047
11,2048,11,2048,381,1667,2047
11,2048,11,2048,382,1666,2047
11,2048,11,2048,383,1665,2047
11,2048,11,2048,384,1664,2047
11,2048,11,2048,385,1663,2047
11,2048,11,2048,386,1662,2047
11,2048,11,2048,387,1661,2047
11,2048,11,2048,388,1660,2047
11,2048,11,2048,389,1659,2047
11,2048,11,2048,390,1658,2047
11,2048,11,2048,391,1657,2047
11,2048,11,2048,392,1656,2047
11,2048,11,2048,393,1655,2047
11,2048,11,2048,394,1654,2047
11,2048,11,2048,395,1653,2047
11,2048,11,2048,396,1652,2047
11,2048,11,2048,397,1651,2047
11,2048,11,2048,398,1650,2047
11,2048,11,2048,399,1649,2047
11,2048,11,2048,400,1648,2047
11,2048,11,2048,401,1647,2047
11,2048,11,2048,402,1646,2047
11,2048,11,2048,403,1645,2047
11,2048,11,2048,404,1644,2047
11,2048,11,2048,405,1643,2047
11,2048,11,2048,406,1642,2047
11,2048,11,2048,407,1641,2047
11,2048,11,2048,408,1640,2047
11,2048,11,2048,409,1639,2047
11,2048,11,2048,410,1638,2047
11,2048,11,2048,411,1637,2047
11,2048,11,2048,412,1636,2047
11,2048,11,2048,413,1635,2047
11,2048,11,2048,414,1634,2047
11,2048,11,2048,415,1633,2047
11,2048,11,2048,416,1632,2047
11,2048,11,2048,417,1631,2047
11,2048,11,2048,418,1630,2047
11,2048,11,2048,419,1629,2047
11,2048,11,2048,420,1628,2047
11,2048,11,2048,421,1627,2047
11,2048,11,2048,422,1626,2047
11,2048,11,2048,423,1625,2047
11,2048,11,2048,424,1624,2047
11,2048,11,2048,425,1623,2047
11,2048,11,2048,426,1622,2047
11,2048,11,2048,427,1621,2047
11,2048,11,2048,428,1620,2047
11,2048,11,2048,429,1619,2047
11,2048,11,2048,430,1618,2047
11,2048,11,2048,431,1617,2047
11,2048,11,2048,432,1616,2047
11,2048,11,2048,433,1615,2047
11,2048,11,2048,434,1614,2047
11,2048,11,2048,435,1613,2047
11,2048,11,2048,436,1612,2047
11,2048,11,2048,437,1611,2047
11,2048,11,2048,438,1610,2047
11,2048,11,2048,439,1609,2047
11,2048,11,2048,440,1608,2047
11,2048,11,2048,441,1607,2047
11,2048,11,2048,442,1606,2047
11,2048,11,2048,443,1605,2047
11,2048,11,2048,444,1604,2047
11,2048,11,2048,445,1603,2047
11,2048,11,2048,446,1602,2047
11,2048,11,2048,447,1601,2047
11,2048,11,2048,448,1600,2047
11,2048,11,2048,449,1599,2047
11,2048,11,2048,450,1598,2047
11,2048,11,2048,451,1597,2047
11,2048,11,2048,452,1596,2047
11,2048,11,2048,453,1595,2047
11,2048,11,2048,454,1594,2047
11,2048,11,2048,455,1593,2047
11,2048,11,2048,456,1592,2047
11,2048,11,2048,457,1591,2047
11,2048,11,2048,458,1590,2047
11,2048,11,2048,459,1589,2047
11,2048,11,2048,460,1588,2047
11,2048,11,2048,461,1587,2047
11,2048,11,2048,462,1586,2047
11,2048,11,2048,463,1585,2047
11,2048,11,2048,464,1584,2047
11,2048,11,2048,465,1583,2047
11,2048,11,2048,466,1582,2047
11,2048,11,2048,467,1581,2047
11,2048,11,2048,468,1580,2047
11,2048,11,2048,469,1579,2047
11,2048,11,2048,470,1578,2047
11,2048,11,2048,471,1577,2047
11,2048,11,2048,472,1576,2047
11,2048,11,2048,473,1575,2047
11,2048,11,2048,474,1574,2047
11,2048,11,2048,475,1573,2047
11,2048,11,2048,476,1572,2047
11,2048,11,2048,477,1571,2047
11,2048,11,2048,478,1570,2047
11,2048,11,2048,479,1569,2047
11,2048,11,2048,480,1568,2047
11,2048,11,2048,481,1567,2047
11,2048,11,2048,482,1566,2047
11,2048,11,2048,483,1565,2047
11,2048,11,2048,484,1564,2047
11,2048,11,2048,485,1563,2047
11,2048,11,2048,486,1562,2047
11,2048,11,2048,487,1561,2047
11,2048,11,2048,488,1560,2047
11,2048,11,2048,489,1559,2047
11,2048,11,2048,490,1558,2047
11,2048,11,2048,491,1557,2047
11,2048,11,2048,492,1556,2047
11,2048,11,2048,493,1555,2047
11,2048,11,2048,494,1554,2047
11,2048,11,2048,495,1553,2047
11,2048,11,2048,496,1552,2047
11,2048,11,2048,497,1551,2047
11,2048,11,2048,498,1550,2047
11,2048,11,2048,499,1549,2047
11,2048,11,2048,500,1548,2047
11,2048,11,2048,501,1547,2047
11,2048,11,2048,502,1546,2047
11,2048,11,2048,503,1545,2047
11,2048,11,2048,504,1544,2047
11,2048,11,2048,505,1543,2047
11,2048,11,2048,506,1542,2047
11,2048,11,2048,507,1541,2047
11,2048,11,2048,508,1540,2047
11,2048,11,2048,509,1539,2047
11,2048,11,2048,510,1538,2047
11,2048,11,2048,511,1537,2047
11,2048,11,2048,512,1536,2047
11,2048,11,2048,513,1535,2047
11,2048,11,2048,514,1534,2047
11,2048,11,2048,515,1533,2047
11,2048,11,2048,516,1532,2047
11,2048,11,2048,517,1531,2047
11,2048,11,2048,518,1530,2047
11,2048,11,2048,519,1529,2047
11,2048,11,2048,520,1528,2047
11,2048,11,2048,521,1527,2047
11,2048,11,2048,522,1526,2047
11,2048,11,2048,523,1525,2047
11,2048,11,2048,524,1524,2047
11,2048,11,2048,525,1523,2047
11,2048,11,2048,526,1522,2047
11,2048,11,2048,527,1521,2047
11,2048,11,2048,528,1520,2047
11,2048,11,2048,529,1519,2047
11,2048,11,2048,530,1518,2047
11,2048,11,2048,531,1517,2047
11,2048,11,2048,532,1516,2047
11,2048,11,2048,533,1515,2047
11,2048,11,2048,534,1514,2047
11,2048,11,2048,535,1513,2047
11,2048,11,2048,536,1512,2047
11,2048,11,2048,537,1511,2047
11,2048,11,2048,538,1510,2047
11,2048,11,2048,539,1509,2047
11,2048,11,2048,540,1508,2047
11,2048,11,2048,541,1507,2047
11,2048,11,2048,542,1506,2047
11,2048,11,2048,543,1505,2047
11,2048,11,2048,544,1504,2047
11,2048,11,2048,545,1503,2047
11,2048,11,2048,546,1502,2047
11,2048,11,2048,547,1501,2047
11,2048,11,2048,548,1500,2047
11,2048,11,2048,549,1499,2047
11,2048,11,2048,550,1498,2047
11,2048,11,2048,551,1497,2047
11,2048,11,2048,552,1496,2047
11,2048,11,2048,553,1495,2047
11,2048,11,2048,554,1494,2047
11,2048,11,2048,555,1493,2047
11,2048,11,2048,556,1492,2047
11,2048,11,2048,557,1491,2047
11,2048,11,2048,558,1490,2047
11,2048,11,2048,559,1489,2047
11,2048,11,2048,560,1488,2047
11,2048,11,2048,561,1487,2047
11,2048,11,2048,562,1486,2047
11,2048,11,2048,563,1485,2047
11,2048,11,2048,564,1484,2047
11,2048,11,2048,565,1483,2047
11,2048,11,2048,566,1482,2047
11,2048,11,2048,567,1481,2047
11,2048,11,2048,568,1480,2047
11,2048,11,2048,569,1479,2047
11,2048,11,2048,570,1478,2047
11,2048,11,2048,571,1477,2047
11,2048,11,2048,572,1476,2047
11,2048,11,2048,573,1475,2047
11,2048,11,2048,574,1474,2047
11,2048,11,2048,575,1473,2047
11,2048,11,2048,576,1472,2047
11,2048,11,2048,577,1471,2047
11,2048,11,2048,578,1470,2047
11,2048,11,2048,579,1469,2047
11,2048,11,2048,580,1468,2047
11,2048,11,2048,581,1467,2047
11,2048,11,2048,582,1466,2047
11,2048,11,2048,583,1465,2047
11,2048,11,2048,584,1464,2047
11,2048,11,2048,585,1463,2047
11,2048,11,2048,586,1462,2047
11,2048,11,2048,587,1461,2047
11,2048,11,2048,588,1460,2047
11,2048,11,2048,589,1459,2047
11,2048,11,2048,590,1458,2047
11,2048,11,2048,591,1457,2047
11,2048,11,2048,592,1456,2047
11,2048,11,2048,593,1455,2047
11,2048,11,2048,594,1454,2047
11,2048,11,2048,595,1453,2047
11,2048,11,2048,596,1452,2047
11,2048,11,2048,597,1451,2047
11,2048,11,2048,598,1450,2047
11,2048,11,2048,599,1449,2047
11,2048,11,2048,600,1448,2047
11,2048,11,2048,601,1447,2047
11,2048,11,2048,602,1446,2047
11,2048,11,2048,603,1445,2047
11,2048,11,2048,604,1444,2047
11,2048,11,2048,605,1443,2047
11,2048,11,2048,606,1442,2047
11,2048,11,2048,607,1441,2047
11,2048,11,2048,608,1440,2047
11,2048,11,2048,609,1439,2047
11,2048,11,2048,610,1438,2047
11,2048,11,2048,611,1437,2047
11,2048,11,2048,612,1436,2047
11,2048,11,2048,613,1435,2047
11,2048,11,2048,614,1434,2047
11,2048,11,2048,615,1433,2047
11,2048,11,2048,616,1432,2047
11,2048,11,2048,617,1431,2047
11,2048,11,2048,618,1430,2047
11,2048,11,2048,619,1429,2047
11,2048,11,2048,620,1428,2047
11,2048,11,2048,621,1427,2047
11,2048,11,2048,622,1426,2047
11,2048,11,2048,623,1425,2047
11,2048,11,2048,624,1424,2047
11,2048,11,2048,625,1423,2047
11,2048,11,2048,626,1422,2047
11,2048,11,2048,627,1421,2047
11,2048,11,2048,628,1420,2047
11,2048,11,2048,629,1419,2047
11,2048,11,2048,630,1418,2047
11,2048,11,2048,631,1417,2047
11,2048,11,2048,632,1416,2047
11,2048,11,2048,633,1415,2047
11,2048,11,2048,634,1414,2047
11,2048,11,2048,635,1413,2047
11,2048,11,2048,636,1412,2047
11,2048,11,2048,637,1411,2047
11,2048,11,2048,638,1410,2047
11,2048,11,2048,639,1409,2047
11,2048,11,2048,640,1408,2047
11,2048,11,2048,641,1407,2047
11,2048,11,2048,642,1406,2047
11,2048,11,2048,643,1405,2047
11,2048,11,2048,644,1404,2047
11,2048,11,2048,645,1403,2047
11,2048,11,2048,646,1402,2047
11,2048,11,2048,647,1401,2047
11,2048,11,2048,648,1400,2047
11,2048,11,2048,649,1399,2047
11,2048,11,2048,650,1398,2047
11,2048,11,2048,651,1397,2047
11,2048,11,2048,652,1396,2047
11,2048,11,2048,653,1395,2047
11,2048,11,2048,654,1394,2047
11,2048,11,2048,655,1393,2047
11,2048,11,2048,656,1392,2047
11,2048,11,2048,657,1391,2047
11,2048,11,2048,658,1390,2047
11,2048,11,2048,659,1389,2047
11,2048,11,2048,660,1388,2047
11,2048,11,2048,661,1387,2047
11,2048,11,2048,662,1386,2047
11,2048,11,2048,663,1385,2047
11,2048,11,2048,664,1384,2047
11,2048,11,2048,665,1383,2047
11,2048,11,2048,666,1382,2047
11,2048,11,2048,667,1381,2047
11,2048,11,2048,668,1380,2047
11,2048,11,2048,669,1379,2047
11,2048,11,2048,670,1378,2047
11,2048,11,2048,671,1377,2047
11,2048,11,2048,672,1376,2047
11,2048,11,2048,673,1375,2047
11,2048,11,2048,674,1374,2047
11,2048,11,2048,675,1373,2047
11,2048,11,2048,676,1372,2047
11,2048,11,2048,677,1371,2047
11,2048,11,2048,678,1370,2047
11,2048,11,2048,679,1369,2047
11,2048,11,2048,680,1368,2047
11,2048,11,2048,681,1367,2047
11,2048,11,2048,682,1366,2047
11,2048,11,2048,683,1365,2047
11,2048,11,2048,684,1364,2047
11,2048,11,2048,685,1363,2047
11,2048,11,2048,686,1362,2047
11,2048,11,2048,687,1361,2047
11,2048,11,2048,688,1360,2047
11,2048,11,2048,689,1359,2047
11,2048,11,2048,690,1358,2047
11,2048,11,2048,691,1357,2047
11,2048,11,2048,692,1356,2047
11,2048,11,2048,693,1355,2047
11,2048,11,2048,694,1354,2047
11,2048,11,2048,695,1353,2047
11,2048,11,2048,696,1352,2047
11,2048,11,2048,697,1351,2047
11,2048,11,2048,698,1350,2047
11,2048,11,2048,699,1349,2047
11,2048,11,2048,700,1348,2047
11,2048,11,2048,701,1347,2047
11,2048,11,2048,702,1346,2047
11,2048,11,2048,703,1345,2047
11,2048,11,2048,704,1344,2047
11,2048,11,2048,705,1343,2047
11,2048,11,2048,706,1342,2047
11,2048,11,2048,707,1341,2047
11,2048,11,2048,708,1340,2047
11,2048,11,2048,709,1339,2047
11,2048,11,2048,710,1338,2047
11,2048,11,2048,711,1337,2047
11,2048,11,2048,712,1336,2047
11,2048,11,2048,713,1335,2047
11,2048,11,2048,714,1334,2047
11,2048,11,2048,715,1333,2047
11,2048,11,2048,716,1332,2047
11,2048,11,2048,717,1331,2047
11,2048,11,2048,718,1330,2047
11,2048,11,2048,719,1329,2047
11,2048,11,2048,720,1328,2047
11,2048,11,2048,721,1327,2047
11,2048,11,2048,722,1326,2047
11,2048,11,2048,723,1325,2047
11,2048,11,2048,724,1324,2047
11,2048,11,2048,725,1323,2047
11,2048,11,2048,726,1322,2047
11,2048,11,2048,727,1321,2047
11,2048,11,2048,728,1320,2047
11,2048,11,2048,729,1319,2047
11,2048,11,2048,730,1318,2047
11,2048,11,2048,731,1317,2047
11,2048,11,2048,732,1316,2047
11,2048,11,2048,733,1315,2047
11,2048,11,2048,734,1314,2047
11,2048,11,2048,735,1313,2047
11,2048,11,2048,736,1312,2047
11,2048,11,2048,737,1311,2047
11,2048,11,2048,738,1310,2047
11,2048,11,2048,739,1309,2047
11,2048,11,2048,740,1308,2047
11,2048,11,2048,741,1307,2047
11,2048,11,2048,742,1306,2047
11,2048,11,2048,743,1305,2047
11,2048,11,2048,744,1304,2047
11,2048,11,2048,745,1303,2047
11,2048,11,2048,746,1302,2047
11,2048,11,2048,747,1301,2047
11,2048,11,2048,748,1300,2047
11,2048,11,2048,749,1299,2047
11,2048,11,2048,750,1298,2047
11,2048,11,2048,751,1297,2047
11,2048,11,2048,752,1296,2047
11,2048,11,2048,753,1295,2047
11,2048,11,2048,754,1294,2047
11,2048,11,2048,755,1293,2047
11,2048,11,2048,756,1292,2047
11,2048,11,2048,757,1291,2047
11,2048,11,2048,758,1290,2047
11,2048,11,2048,759,1289,2047
11,2048,11,2048,760,1288,2047
11,2048,11,2048,761,1287,2047
11,2048,11,2048,762,1286,2047
11,2048,11,2048,763,1285,2047
11,2048,11,2048,764,1284,2047
11,2048,11,2048,765,1283,2047
11,2048,11,2048,766,1282,2047
11,2048,11,2048,767,1281,2047
11,2048,11,2048,768,1280,2047
11,2048,11,2048,769,1279,2047
11,2048,11,2048,770,1278,2047
11,2048,11,2048,771,1277,2047
11,2048,11,2048,772,1276,2047
11,2048,11,2048,773,1275,2047
11,2048,11,2048,774,1274,2047
11,2048,11,2048,775,1273,2047
11,2048,11,2048,776,1272,2047
11,2048,11,2048,777,1271,2047
11,2048,11,2048,778,1270,2047
11,2048,11,2048,779,1269,2047
11,2048,11,2048,780,1268,2047
11,2048,11,2048,781,1267,2047
11,2048,11,2048,782,1266,2047
11,2048,11,2048,783,1265,2047
11,2048,11,2048,784,1264,2047
11,2048,11,2048,785,1263,2047
11,2048,11,2048,786,1262,2047
11,2048,11,2048,787,1261,2047
11,2048,11,2048,788,1260,2047
11,2048,11,2048,789,1259,2047
11,2048,11,2048,790,1258,2047
11,2048,11,2048,791,1257,2047
11,2048,11,2048,792,1256,2047
11,2048,11,2048,793,1255,2047
11,2048,11,2048,794,1254,2047
11,2048,11,2048,795,1253,2047
11,2048,11,2048,796,1252,2047
11,2048,11,2048,797,1251,2047
11,2048,11,2048,798,1250,2047
11,2048,11,2048,799,1249,2047
11,2048,11,2048,800,1248,2047
11,2048,11,2048,801,1247,2047
11,2048,11,2048,802,1246,2047
11,2048,11,2048,803,1245,2047
11,2048,11,2048,804,1244,2047
11,2048,11,2048,805,1243,2047
11,2048,11,2048,806,1242,2047
11,2048,11,2048,807,1241,2047
11,2048,11,2048,808,1240,2047
11,2048,11,2048,809,1239,2047
11,2048,11,2048,810,1238,2047
11,2048,11,2048,811,1237,2047
11,2048,11,2048,812,1236,2047
11,2048,11,2048,813,1235,2047
11,2048,11,2048,814,1234,2047
11,2048,11,2048,815,1233,2047
11,2048,11,2048,816,1232,2047
11,2048,11,2048,817,1231,2047
11,2048,11,2048,818,1230,2047
11,2048,11,2048,819,1229,2047
11,2048,11,2048,820,1228,2047
11,2048,11,2048,821,1227,2047
11,2048,11,2048,822,1226,2047
11,2048,11,2048,823,1225,2047
11,2048,11,2048,824,1224,2047
11,2048,11,2048,825,1223,2047
11,2048,11,2048,826,1222,2047
11,2048,11,2048,827,1221,2047
11,2048,11,2048,828,1220,2047
11,2048,11,2048,829,1219,2047
11,2048,11,2048,830,1218,2047
11,2048,11,2048,831,1217,2047
11,2048,11,2048,832,1216,2047
11,2048,11,2048,833,1215,2047
11,2048,11,2048,834,1214,2047
11,2048,11,2048,835,1213,2047
11,2048,11,2048,836,1212,2047
11,2048,11,2048,837,1211,2047
11,2048,11,2048,838,1210,2047
11,2048,11,2048,839,1209,2047
11,2048,11,2048,840,1208,2047
11,2048,11,2048,841,1207,2047
11,2048,11,2048,842,1206,2047
11,2048,11,2048,843,1205,2047
11,2048,11,2048,844,1204,2047
11,2048,11,2048,845,1203,2047
11,2048,11,2048,846,1202,2047
11,2048,11,2048,847,1201,2047
11,2048,11,2048,848,1200,2047
11,2048,11,2048,849,1199,2047
11,2048,11,2048,850,1198,2047
11,2048,11,2048,851,1197,2047
11,2048,11,2048,852,1196,2047
11,2048,11,2048,853,1195,2047
11,2048,11,2048,854,1194,2047
11,2048,11,2048,855,1193,2047
11,2048,11,2048,856,1192,2047
11,2048,11,2048,857,1191,2047
11,2048,11,2048,858,1190,2047
11,2048,11,2048,859,1189,2047
11,2048,11,2048,860,1188,2047
11,2048,11,2048,861,1187,2047
11,2048,11,2048,862,1186,2047
11,2048,11,2048,863,1185,2047
11,2048,11,2048,864,1184,2047
11,2048,11,2048,865,1183,2047
11,2048,11,2048,866,1182,2047
11,2048,11,2048,867,1181,2047
11,2048,11,2048,868,1180,2047
11,2048,11,2048,869,1179,2047
11,2048,11,2048,870,1178,2047
11,2048,11,2048,871,1177,2047
11,2048,11,2048,872,1176,2047
11,2048,11,2048,873,1175,2047
11,2048,11,2048,874,1174,2047
11,2048,11,2048,875,1173,2047
11,2048,11,2048,876,1172,2047
11,2048,11,2048,877,1171,2047
11,2048,11,2048,878,1170,2047
11,2048,11,2048,879,1169,2047
11,2048,11,2048,880,1168,2047
11,2048,11,2048,881,1167,2047
11,2048,11,2048,882,1166,2047
11,2048,11,2048,883,1165,2047
11,2048,11,2048,884,1164,2047
11,2048,11,2048,885,1163,2047
11,2048,11,2048,886,1162,2047
11,2048,11,2048,887,1161,2047
11,2048,11,2048,888,1160,2047
11,2048,11,2048,889,1159,2047
11,2048,11,2048,890,1158,2047
11,2048,11,2048,891,1157,2047
11,2048,11,2048,892,1156,2047
11,2048,11,2048,893,1155,2047
11,2048,11,2048,894,1154,2047
11,2048,11,2048,895,1153,2047
11,2048,11,2048,896,1152,2047
11,2048,11,2048,897,1151,2047
11,2048,11,2048,898,1150,2047
11,2048,11,2048,899,1149,2047
11,2048,11,2048,900,1148,2047
11,2048,11,2048,901,1147,2047
11,2048,11,2048,902,1146,2047
11,2048,11,2048,903,1145,2047
11,2048,11,2048,904,1144,2047
11,2048,11,2048,905,1143,2047
11,2048,11,2048,906,1142,2047
11,2048,11,2048,907,1141,2047
11,2048,11,2048,908,1140,2047
11,2048,11,2048,909,1139,2047
11,2048,11,2048,910,1138,2047
11,2048,11,2048,911,1137,2047
11,2048,11,2048,912,1136,2047
11,2048,11,2048,913,1135,2047
11,2048,11,2048,914,1134,2047
11,2048,11,2048,915,1133,2047
11,2048,11,2048,916,1132,2047
11,2048,11,2048,917,1131,2047
11,2048,11,2048,918,1130,2047
11,2048,11,2048,919,1129,2047
11,2048,11,2048,920,1128,2047
11,2048,11,2048,921,1127,2047
11,2048,11,2048,922,1126,2047
11,2048,11,2048,923,1125,2047
11,2048,11,2048,924,1124,2047
11,2048,11,2048,925,1123,2047
11,2048,11,2048,926,1122,2047
11,2048,11,2048,927,1121,2047
11,2048,11,2048,928,1120,2047
11,2048,11,2048,929,1119,2047
11,2048,11,2048,930,1118,2047
11,2048,11,2048,931,1117,2047
11,2048,11,2048,932,1116,2047
11,2048,11,2048,933,1115,2047
11,2048,11,2048,934,1114,2047
11,2048,11,2048,935,1113,2047
11,2048,11,2048,936,1112,2047
11,2048,11,2048,937,1111,2047
11,2048,11,2048,938,1110,2047
11,2048,11,2048,939,1109,2047
11,2048,11,2048,940,1108,2047
11,2048,11,2048,941,1107,2047
11,2048,11,2048,942,1106,2047
11,2048,11,2048,943,1105,2047
11,2048,11,2048,944,1104,2047
11,2048,11,2048,945,1103,2047
11,2048,11,2048,946,1102,2047
11,2048,11,2048,947,1101,2047
11,2048,11,2048,948,1100,2047
11,2048,11,2048,949,1099,2047
11,2048,11,2048,950,1098,2047
11,2048,11,2048,951,1097,2047
11,2048,11,2048,952,1096,2047
11,2048,11,2048,953,1095,2047
11,2048,11,2048,954,1094,2047
11,2048,11,2048,955,1093,2047
11,2048,11,2048,956,1092,2047
11,2048,11,2048,957,1091,2047
11,2048,11,2048,958,1090,2047
11,2048,11,2048,959,1089,2047
11,2048,11,2048,960,1088,2047
11,2048,11,2048,961,1087,2047
11,2048,11,2048,962,1086,2047
11,2048,11,2048,963,1085,2047
11,2048,11,2048,964,1084,2047
11,2048,11,2048,965,1083,2047
11,2048,11,2048,966,1082,2047
11,2048,11,2048,967,1081,2047
11,2048,11,2048,968,1080,2047
11,2048,11,2048,969,1079,2047
11,2048,11,2048,970,1078,2047
11,2048,11,2048,971,1077,2047
11,2048,11,2048,972,1076,2047
11,2048,11,2048,973,1075,2047
11,2048,11,2048,974,1074,2047
11,2048,11,2048,975,1073,2047
11,2048,11,2048,976,1072,2047
11,2048,11,2048,977,1071,2047
11,2048,11,2048,978,1070,2047
11,2048,11,2048,979,1069,2047
11,2048,11,2048,980,1068,2047
11,2048,11,2048,981,1067,2047
11,2048,11,2048,982,1066,2047
11,2048,11,2048,983,1065,2047
11,2048,11,2048,984,1064,2047
11,2048,11,2048,985,1063,2047
11,2048,11,2048,986,1062,2047
11,2048,11,2048,987,1061,2047
11,2048,11,2048,988,1060,2047
11,2048,11,2048,989,1059,2047
11,2048,11,2048,990,1058,2047
11,2048,11,2048,991,1057,2047
11,2048,11,2048,992,1056,2047
11,2048,11,2048,993,1055,2047
11,2048,11,2048,994,1054,2047
11,2048,11,2048,995,1053,2047
11,2048,11,2048,996,1052,2047
11,2048,11,2048,997,1051,2047
11,2048,11,2048,998,1050,2047
11,2048,11,2048,999,1049,2047
11,2048,11,2048,1000,1048,2047
11,2048,11,2048,1001,1047,2047
11,2048,11,2048,1002,1046,2047
11,2048,11,2048,1003,1045,2047
11,2048,11,2048,1004,1044,2047
11,2048,11,2048,1005,1043,2047
11,2048,11,2048,1006,1042,2047
11,2048,11,2048,1007,1041,2047
11,2048,11,2048,1008,1040,2047
11,2048,11,2048,1009,1039,2047
11,2048,11,2048,1010,1038,2047
11,2048,11,2048,1011,1037,2047
11,2048,11,2048,1012,1036,2047
11,2048,11,2048,1013,1035,2047
11,2048,11,2048,1014,1034,2047
11,2048,11,2048,1015,1033,2047
11,2048,11,2048,1016,1032,2047
11,2048,11,2048,1017,1031,2047
11,2048,11,2048,1018,1030,2047
11,2048,11,2048,1019,1029,2047
11,2048,11,2048,1020,1028,2047
11,2048,11,2048,1021,1027,2047
11,2048,11,2048,1022,1026,2047
11,2048,11,2048,1023,1025,2047
11,2048,11,2048,1024,1024,2047
11,2048,11,2048,1025,1023,2046
11,2048,11,2048,1026,1022,2046
11,2048,11,2048,1027,1021,2046
11,2048,11,2048,1028,1020,2046
11,2048,11,2048,1029,1019,2046
11,2048,11,2048,1030,1018,2046
11,2048,11,2048,1031,1017,2046
11,2048,11,2048,1032,1016,2046
11,2048,11,2048,1033,1015,2046
11,2048,11,2048,1034,1014,2046
11,2048,11,2048,1035,1013,2046
11,2048,11,2048,1036,1012,2046
11,2048,11,2048,1037,1011,2046
11,2048,11,2048,1038,1010,2046
11,2048,11,2048,1039,1009,2046
11,2048,11,2048,1040,1008,2046
11,2048,11,2048,1041,1007,2046
11,2048,11,2048,1042,1006,2046
11,2048,11,2048,1043,1005,2046
11,2048,11,2048,1044,1004,2046
11,2048,11,2048,1045,1003,2046
11,2048,11,2048,1046,1002,2046
11,2048,11,2048,1047,1001,2046
11,2048,11,2048,1048,1000,2046
11,2048,11,2048,1049,999,2046
11,2048,11,2048,1050,998,2046
11,2048,11,2048,1051,997,2046
11,2048,11,2048,1052,996,2046
11,2048,11,2048,1053,995,2046
11,2048,11,2048,1054,994,2046
11,2048,11,2048,1055,993,2046
11,2048,11,2048,1056,992,2046
11,2048,11,2048,1057,991,2046
11,2048,11,2048,1058,990,2046
11,2048,11,2048,1059,989,2046
11,2048,11,2048,1060,988,2046
11,2048,11,2048,1061,987,2046
11,2048,11,2048,1062,986,2046
11,2048,11,2048,1063,985,2046
11,2048,11,2048,1064,984,2046
11,2048,11,2048,1065,983,2046
11,2048,11,2048,1066,982,2046
11,2048,11,2048,1067,981,2046
11,2048,11,2048,1068,980,2046
11,2048,11,2048,1069,979,2046
11,2048,11,2048,1070,978,2046
11,2048,11,2048,1071,977,2046
11,2048,11,2048,1072,976,2046
11,2048,11,2048,1073,975,2046
11,2048,11,2048,1074,974,2046
11,2048,11,2048,1075,973,2046
11,2048,11,2048,1076,972,2046
11,2048,11,2048,1077,971,2046
11,2048,11,2048,1078,970,2046
11,2048,11,2048,1079,969,2046
11,2048,11,2048,1080,968,2046
11,2048,11,2048,1081,967,2046
11,2048,11,2048,1082,966,2046
11,2048,11,2048,1083,965,2046
11,2048,11,2048,1084,964,2046
11,2048,11,2048,1085,963,2046
11,2048,11,2048,1086,962,2046
11,2048,11,2048,1087,961,2046
11,2048,11,2048,1088,960,2046
11,2048,11,2048,1089,959,2046
11,2048,11,2048,1090,958,2046
11,2048,11,2048,1091,957,2046
11,2048,11,2048,1092,956,2046
11,2048,11,2048,1093,955,2046
11,2048,11,2048,1094,954,2046
11,2048,11,2048,1095,953,2046
11,2048,11,2048,1096,952,2046
11,2048,11,2048,1097,951,2046
11,2048,11,2048,1098,950,2046
11,2048,11,2048,1099,949,2046
11,2048,11,2048,1100,948,2046
11,2048,11,2048,1101,947,2046
11,2048,11,2048,1102,946,2046
11,2048,11,2048,1103,945,2046
11,2048,11,2048,1104,944,2046
11,2048,11,2048,1105,943,2046
11,2048,11,2048,1106,942,2046
11,2048,11,2048,1107,941,2046
11,2048,11,2048,1108,940,2046
11,2048,11,2048,1109,939,2046
11,2048,11,2048,1110,938,2046
11,2048,11,2048,1111,937,2046
11,2048,11,2048,1112,936,2046
11,2048,11,2048,1113,935,2046
11,2048,11,2048,1114,934,2046
11,2048,11,2048,1115,933,2046
11,2048,11,2048,1116,932,2046
11,2048,11,2048,1117,931,2046
11,2048,11,2048,1118,930,2046
11,2048,11,2048,1119,929,2046
11,2048,11,2048,1120,928,2046
11,2048,11,2048,1121,927,2046
11,2048,11,2048,1122,926,2046
11,2048,11,2048,1123,925,2046
11,2048,11,2048,1124,924,2046
11,2048,11,2048,1125,923,2046
11,2048,11,2048,1126,922,2046
11,2048,11,2048,1127,921,2046
11,2048,11,2048,1128,920,2046
11,2048,11,2048,1129,919,2046
11,2048,11,2048,1130,918,2046
11,2048,11,2048,1131,917,2046
11,2048,11,2048,1132,916,2046
11,2048,11,2048,1133,915,2046
11,2048,11,2048,1134,914,2046
11,2048,11,2048,1135,913,2046
11,2048,11,2048,1136,912,2046
11,2048,11,2048,1137,911,2046
11,2048,11,2048,1138,910,2046
11,2048,11,2048,1139,909,2046
11,2048,11,2048,1140,908,2046
11,2048,11,2048,1141,907,2046
11,2048,11,2048,1142,906,2046
11,2048,11,2048,1143,905,2046
11,2048,11,2048,1144,904,2046
11,2048,11,2048,1145,903,2046
11,2048,11,2048,1146,902,2046
11,2048,11,2048,1147,901,2046
11,2048,11,2048,1148,900,2046
11,2048,11,2048,1149,899,2046
11,2048,11,2048,1150,898,2046
11,2048,11,2048,1151,897,2046
11,2048,11,2048,1152,896,2046
11,2048,11,2048,1153,895,2046
11,2048,11,2048,1154,894,2046
11,2048,11,2048,1155,893,2046
11,2048,11,2048,1156,892,2046
11,2048,11,2048,1157,891,2046
11,2048,11,2048,1158,890,2046
11,2048,11,2048,1159,889,2046
11,2048,11,2048,1160,888,2046
11,2048,11,2048,1161,887,2046
11,2048,11,2048,1162,886,2046
11,2048,11,2048,1163,885,2046
11,2048,11,2048,1164,884,2046
11,2048,11,2048,1165,883,2046
11,2048,11,2048,1166,882,2046
11,2048,11,2048,1167,881,2046
11,2048,11,2048,1168,880,2046
11,2048,11,2048,1169,879,2046
11,2048,11,2048,1170,878,2046
11,2048,11,2048,1171,877,2046
11,2048,11,2048,1172,876,2046
11,2048,11,2048,1173,875,2046
11,2048,11,2048,1174,874,2046
11,2048,11,2048,1175,873,2046
11,2048,11,2048,1176,872,2046
11,2048,11,2048,1177,871,2046
11,2048,11,2048,1178,870,2046
11,2048,11,2048,1179,869,2046
11,2048,11,2048,1180,868,2046
11,2048,11,2048,1181,867,2046
11,2048,11,2048,1182,866,2046
11,2048,11,2048,1183,865,2046
11,2048,11,2048,1184,864,2046
11,2048,11,2048,1185,863,2046
11,2048,11,2048,1186,862,2046
11,2048,11,2048,1187,861,2046
11,2048,11,2048,1188,860,2046
11,2048,11,2048,1189,859,2046
11,2048,11,2048,1190,858,2046
11,2048,11,2048,1191,857,2046
11,2048,11,2048,1192,856,2046
11,2048,11,2048,1193,855,2046
11,2048,11,2048,1194,854,2046
11,2048,11,2048,1195,853,2046
11,2048,11,2048,1196,852,2046
11,2048,11,2048,1197,851,2046
11,2048,11,2048,1198,850,2046
11,2048,11,2048,1199,849,2046
11,2048,11,2048,1200,848,2046
11,2048,11,2048,1201,847,2046
11,2048,11,2048,1202,846,2046
11,2048,11,2048,1203,845,2046
11,2048,11,2048,1204,844,2046
11,2048,11,2048,1205,843,2046
11,2048,11,2048,1206,842,2046
11,2048,11,2048,1207,841,2046
11,2048,11,2048,1208,840,2046
11,2048,11,2048,1209,839,2046
11,2048,11,2048,1210,838,2046
11,2048,11,2048,1211,837,2046
11,2048,11,2048,1212,836,2046
11,2048,11,2048,1213,835,2046
11,2048,11,2048,1214,834,2046
11,2048,11,2048,1215,833,2046
11,2048,11,2048,1216,832,2046
11,2048,11,2048,1217,831,2046
11,2048,11,2048,1218,830,2046
11,2048,11,2048,1219,829,2046
11,2048,11,2048,1220,828,2046
11,2048,11,2048,1221,827,2046
11,2048,11,2048,1222,826,2046
11,2048,11,2048,1223,825,2046
11,2048,11,2048,1224,824,2046
11,2048,11,2048,1225,823,2046
11,2048,11,2048,1226,822,2046
11,2048,11,2048,1227,821,2046
11,2048,11,2048,1228,820,2046
11,2048,11,2048,1229,819,2046
11,2048,11,2048,1230,818,2046
11,2048,11,2048,1231,817,2046
11,2048,11,2048,1232,816,2046
11,2048,11,2048,1233,815,2046
11,2048,11,2048,1234,814,2046
11,2048,11,2048,1235,813,2046
11,2048,11,2048,1236,812,2046
11,2048,11,2048,1237,811,2046
11,2048,11,2048,1238,810,2046
11,2048,11,2048,1239,809,2046
11,2048,11,2048,1240,808,2046
11,2048,11,2048,1241,807,2046
11,2048,11,2048,1242,806,2046
11,2048,11,2048,1243,805,2046
11,2048,11,2048,1244,804,2046
11,2048,11,2048,1245,803,2046
11,2048,11,2048,1246,802,2046
11,2048,11,2048,1247,801,2046
11,2048,11,2048,1248,800,2046
11,2048,11,2048,1249,799,2046
11,2048,11,2048,1250,798,2046
11,2048,11,2048,1251,797,2046
11,2048,11,2048,1252,796,2046
11,2048,11,2048,1253,795,2046
11,2048,11,2048,1254,794,2046
11,2048,11,2048,1255,793,2046
11,2048,11,2048,1256,792,2046
11,2048,11,2048,1257,791,2046
11,2048,11,2048,1258,790,2046
11,2048,11,2048,1259,789,2046
11,2048,11,2048,1260,788,2046
11,2048,11,2048,1261,787,2046
11,2048,11,2048,1262,786,2046
11,2048,11,2048,1263,785,2046
11,2048,11,2048,1264,784,2046
11,2048,11,2048,1265,783,2046
11,2048,11,2048,1266,782,2046
11,2048,11,2048,1267,781,2046
11,2048,11,2048,1268,780,2046
11,2048,11,2048,1269,779,2046
11,2048,11,2048,1270,778,2046
11,2048,11,2048,1271,777,2046
11,2048,11,2048,1272,776,2046
11,2048,11,2048,1273,775,2046
11,2048,11,2048,1274,774,2046
11,2048,11,2048,1275,773,2046
11,2048,11,2048,1276,772,2046
11,2048,11,2048,1277,771,2046
11,2048,11,2048,1278,770,2046
11,2048,11,2048,1279,769,2046
11,2048,11,2048,1280,768,2046
11,2048,11,2048,1281,767,2046
11,2048,11,2048,1282,766,2046
11,2048,11,2048,1283,765,2046
11,2048,11,2048,1284,764,2046
11,2048,11,2048,1285,763,2046
11,2048,11,2048,1286,762,2046
11,2048,11,2048,1287,761,2046
11,2048,11,2048,1288,760,2046
11,2048,11,2048,1289,759,2046
11,2048,11,2048,1290,758,2046
11,2048,11,2048,1291,757,2046
11,2048,11,2048,1292,756,2046
11,2048,11,2048,1293,755,2046
11,2048,11,2048,1294,754,2046
11,2048,11,2048,1295,753,2046
11,2048,11,2048,1296,752,2046
11,2048,11,2048,1297,751,2046
11,2048,11,2048,1298,750,2046
11,2048,11,2048,1299,749,2046
11,2048,11,2048,1300,748,2046
11,2048,11,2048,1301,747,2046
11,2048,11,2048,1302,746,2046
11,2048,11,2048,1303,745,2046
11,2048,11,2048,1304,744,2046
11,2048,11,2048,1305,743,2046
11,2048,11,2048,1306,742,2046
11,2048,11,2048,1307,741,2046
11,2048,11,2048,1308,740,2046
11,2048,11,2048,1309,739,2046
11,2048,11,2048,1310,738,2046
11,2048,11,2048,1311,737,2046
11,2048,11,2048,1312,736,2046
11,2048,11,2048,1313,735,2046
11,2048,11,2048,1314,734,2046
11,2048,11,2048,1315,733,2046
11,2048,11,2048,1316,732,2046
11,2048,11,2048,1317,731,2046
11,2048,11,2048,1318,730,2046
11,2048,11,2048,1319,729,2046
11,2048,11,2048,1320,728,2046
11,2048,11,2048,1321,727,2046
11,2048,11,2048,1322,726,2046
11,2048,11,2048,1323,725,2046
11,2048,11,2048,1324,724,2046
11,2048,11,2048,1325,723,2046
11,2048,11,2048,1326,722,2046
11,2048,11,2048,1327,721,2046
11,2048,11,2048,1328,720,2046
11,2048,11,2048,1329,719,2046
11,2048,11,2048,1330,718,2046
11,2048,11,2048,1331,717,2046
11,2048,11,2048,1332,716,2046
11,2048,11,2048,1333,715,2046
11,2048,11,2048,1334,714,2046
11,2048,11,2048,1335,713,2046
11,2048,11,2048,1336,712,2046
11,2048,11,2048,1337,711,2046
11,2048,11,2048,1338,710,2046
11,2048,11,2048,1339,709,2046
11,2048,11,2048,1340,708,2046
11,2048,11,2048,1341,707,2046
11,2048,11,2048,1342,706,2046
11,2048,11,2048,1343,705,2046
11,2048,11,2048,1344,704,2046
11,2048,11,2048,1345,703,2046
11,2048,11,2048,1346,702,2046
11,2048,11,2048,1347,701,2046
11,2048,11,2048,1348,700,2046
11,2048,11,2048,1349,699,2046
11,2048,11,2048,1350,698,2046
11,2048,11,2048,1351,697,2046
11,2048,11,2048,1352,696,2046
11,2048,11,2048,1353,695,2046
11,2048,11,2048,1354,694,2046
11,2048,11,2048,1355,693,2046
11,2048,11,2048,1356,692,2046
11,2048,11,2048,1357,691,2046
11,2048,11,2048,1358,690,2046
11,2048,11,2048,1359,689,2046
11,2048,11,2048,1360,688,2046
11,2048,11,2048,1361,687,2046
11,2048,11,2048,1362,686,2046
11,2048,11,2048,1363,685,2046
11,2048,11,2048,1364,684,2046
11,2048,11,2048,1365,683,2046
11,2048,11,2048,1366,682,2045
11,2048,11,2048,1367,681,2045
11,2048,11,2048,1368,680,2045
11,2048,11,2048,1369,679,2045
11,2048,11,2048,1370,678,2045
11,2048,11,2048,1371,677,2045
11,2048,11,2048,1372,676,2045
11,2048,11,2048,1373,675,2045
11,2048,11,2048,1374,674,2045
11,2048,11,2048,1375,673,2045
11,2048,11,2048,1376,672,2045
11,2048,11,2048,1377,671,2045
11,2048,11,2048,1378,670,2045
11,2048,11,2048,1379,669,2045
11,2048,11,2048,1380,668,2045
11,2048,11,2048,1381,667,2045
11,2048,11,2048,1382,666,2045
11,2048,11,2048,1383,665,2045
11,2048,11,2048,1384,664,2045
11,2048,11,2048,1385,663,2045
11,2048,11,2048,1386,662,2045
11,2048,11,2048,1387,661,2045
11,2048,11,2048,1388,660,2045
11,2048,11,2048,1389,659,2045
11,2048,11,2048,1390,658,2045
11,2048,11,2048,1391,657,2045
11,2048,11,2048,1392,656,2045
11,2048,11,2048,1393,655,2045
11,2048,11,2048,1394,654,2045
11,2048,11,2048,1395,653,2045
11,2048,11,2048,1396,652,2045
11,2048,11,2048,1397,651,2045
11,2048,11,2048,1398,650,2045
11,2048,11,2048,1399,649,2045
11,2048,11,2048,1400,648,2045
11,2048,11,2048,1401,647,2045
11,2048,11,2048,1402,646,2045
11,2048,11,2048,1403,645,2045
11,2048,11,2048,1404,644,2045
11,2048,11,2048,1405,643,2045
11,2048,11,2048,1406,642,2045
11,2048,11,2048,1407,641,2045
11,2048,11,2048,1408,640,2045
11,2048,11,2048,1409,639,2045
11,2048,11,2048,1410,638,2045
11,2048,11,2048,1411,637,2045
11,2048,11,2048,1412,636,2045
11,2048,11,2048,1413,635,2045
11,2048,11,2048,1414,634,2045
11,2048,11,2048,1415,633,2045
11,2048,11,2048,1416,632,2045
11,2048,11,2048,1417,631,2045
11,2048,11,2048,1418,630,2045
11,2048,11,2048,1419,629,2045
11,2048,11,2048,1420,628,2045
11,2048,11,2048,1421,627,2045
11,2048,11,2048,1422,626,2045
11,2048,11,2048,1423,625,2045
11,2048,11,2048,1424,624,2045
11,2048,11,2048,1425,623,2045
11,2048,11,2048,1426,622,2045
11,2048,11,2048,1427,621,2045
11,2048,11,2048,1428,620,2045
11,2048,11,2048,1429,619,2045
11,2048,11,2048,1430,618,2045
11,2048,11,2048,1431,617,2045
11,2048,11,2048,1432,616,2045
11,2048,11,2048,1433,615,2045
11,2048,11,2048,1434,614,2045
11,2048,11,2048,1435,613,2045
11,2048,11,2048,1436,612,2045
11,2048,11,2048,1437,611,2045
11,2048,11,2048,1438,610,2045
11,2048,11,2048,1439,609,2045
11,2048,11,2048,1440,608,2045
11,2048,11,2048,1441,607,2045
11,2048,11,2048,1442,606,2045
11,2048,11,2048,1443,605,2045
11,2048,11,2048,1444,604,2045
11,2048,11,2048,1445,603,2045
11,2048,11,2048,1446,602,2045
11,2048,11,2048,1447,601,2045
11,2048,11,2048,1448,600,2045
11,2048,11,2048,1449,599,2045
11,2048,11,2048,1450,598,2045
11,2048,11,2048,1451,597,2045
11,2048,11,2048,1452,596,2045
11,2048,11,2048,1453,595,2045
11,2048,11,2048,1454,594,2045
11,2048,11,2048,1455,593,2045
11,2048,11,2048,1456,592,2045
11,2048,11,2048,1457,591,2045
11,2048,11,2048,1458,590,2045
11,2048,11,2048,1459,589,2045
11,2048,11,2048,1460,588,2045
11,2048,11,2048,1461,587,2045
11,2048,11,2048,1462,586,2045
11,2048,11,2048,1463,585,2045
11,2048,11,2048,1464,584,2045
11,2048,11,2048,1465,583,2045
11,2048,11,2048,1466,582,2045
11,2048,11,2048,1467,581,2045
11,2048,11,2048,1468,580,2045
11,2048,11,2048,1469,579,2045
11,2048,11,2048,1470,578,2045
11,2048,11,2048,1471,577,2045
11,2048,11,2048,1472,576,2045
11,2048,11,2048,1473,575,2045
11,2048,11,2048,1474,574,2045
11,2048,11,2048,1475,573,2045
11,2048,11,2048,1476,572,2045
11,2048,11,2048,1477,571,2045
11,2048,11,2048,1478,570,2045
11,2048,11,2048,1479,569,2045
11,2048,11,2048,1480,568,2045
11,2048,11,2048,1481,567,2045
11,2048,11,2048,1482,566,2045
11,2048,11,2048,1483,565,2045
11,2048,11,2048,1484,564,2045
11,2048,11,2048,1485,563,2045
11,2048,11,2048,1486,562,2045
11,2048,11,2048,1487,561,2045
11,2048,11,2048,1488,560,2045
11,2048,11,2048,1489,559,2045
11,2048,11,2048,1490,558,2045
11,2048,11,2048,1491,557,2045
11,2048,11,2048,1492,556,2045
11,2048,11,2048,1493,555,2045
11,2048,11,2048,1494,554,2045
11,2048,11,2048,1495,553,2045
11,2048,11,2048,1496,552,2045
11,2048,11,2048,1497,551,2045
11,2048,11,2048,1498,550,2045
11,2048,11,2048,1499,549,2045
11,2048,11,2048,1500,548,2045
11,2048,11,2048,1501,547,2045
11,2048,11,2048,1502,546,2045
11,2048,11,2048,1503,545,2045
11,2048,11,2048,1504,544,2045
11,2048,11,2048,1505,543,2045
11,2048,11,2048,1506,542,2045
11,2048,11,2048,1507,541,2045
11,2048,11,2048,1508,540,2045
11,2048,11,2048,1509,539,2045
11,2048,11,2048,1510,538,2045
11,2048,11,2048,1511,537,2045
11,2048,11,2048,1512,536,2045
11,2048,11,2048,1513,535,2045
11,2048,11,2048,1514,534,2045
11,2048,11,2048,1515,533,2045
11,2048,11,2048,1516,532,2045
11,2048,11,2048,1517,531,2045
11,2048,11,2048,1518,530,2045
11,2048,11,2048,1519,529,2045
11,2048,11,2048,1520,528,2045
11,2048,11,2048,1521,527,2045
11,2048,11,2048,1522,526,2045
11,2048,11,2048,1523,525,2045
11,2048,11,2048,1524,524,2045
11,2048,11,2048,1525,523,2045
11,2048,11,2048,1526,522,2045
11,2048,11,2048,1527,521,2045
11,2048,11,2048,1528,520,2045
11,2048,11,2048,1529,519,2045
11,2048,11,2048,1530,518,2045
11,2048,11,2048,1531,517,2045
11,2048,11,2048,1532,516,2045
11,2048,11,2048,1533,515,2045
11,2048,11,2048,1534,514,2045
11,2048,11,2048,1535,513,2045
11,2048,11,2048,1536,512,2045
11,2048,11,2048,1537,511,2044
11,2048,11,2048,1538,510,2044
11,2048,11,2048,1539,509,2044
11,2048,11,2048,1540,508,2044
11,2048,11,2048,1541,507,2044
11,2048,11,2048,1542,506,2044
11,2048,11,2048,1543,505,2044
11,2048,11,2048,1544,504,2044
11,2048,11,2048,1545,503,2044
11,2048,11,2048,1546,502,2044
11,2048,11,2048,1547,501,2044
11,2048,11,2048,1548,500,2044
11,2048,11,2048,1549,499,2044
11,2048,11,2048,1550,498,2044
11,2048,11,2048,1551,497,2044
11,2048,11,2048,1552,496,2044
11,2048,11,2048,1553,495,2044
11,2048,11,2048,1554,494,2044
11,2048,11,2048,1555,493,2044
11,2048,11,2048,1556,492,2044
11,2048,11,2048,1557,491,2044
11,2048,11,2048,1558,490,2044
11,2048,11,2048,1559,489,2044
11,2048,11,2048,1560,488,2044
11,2048,11,2048,1561,487,2044
11,2048,11,2048,1562,486,2044
11,2048,11,2048,1563,485,2044
11,2048,11,2048,1564,484,2044
11,2048,11,2048,1565,483,2044
11,2048,11,2048,1566,482,2044
11,2048,11,2048,1567,481,2044
11,2048,11,2048,1568,480,2044
11,2048,11,2048,1569,479,2044
11,2048,11,2048,1570,478,2044
11,2048,11,2048,1571,477,2044
11,2048,11,2048,1572,476,2044
11,2048,11,2048,1573,475,2044
11,2048,11,2048,1574,474,2044
11,2048,11,2048,1575,473,2044
11,2048,11,2048,1576,472,2044
11,2048,11,2048,1577,471,2044
11,2048,11,2048,1578,470,2044
11,2048,11,2048,1579,469,2044
11,2048,11,2048,1580,468,2044
11,2048,11,2048,1581,467,2044
11,2048,11,2048,1582,466,2044
11,2048,11,2048,1583,465,2044
11,2048,11,2048,1584,464,2044
11,2048,11,2048,1585,463,2044
11,2048,11,2048,1586,462,2044
11,2048,11,2048,1587,461,2044
11,2048,11,2048,1588,460,2044
11,2048,11,2048,1589,459,2044
11,2048,11,2048,1590,458,2044
11,2048,11,2048,1591,457,2044
11,2048,11,2048,1592,456,2044
11,2048,11,2048,1593,455,2044
11,2048,11,2048,1594,454,2044
11,2048,11,2048,1595,453,2044
11,2048,11,2048,1596,452,2044
11,2048,11,2048,1597,451,2044
11,2048,11,2048,1598,450,2044
11,2048,11,2048,1599,449,2044
11,2048,11,2048,1600,448,2044
11,2048,11,2048,1601,447,2044
11,2048,11,2048,1602,446,2044
11,2048,11,2048,1603,445,2044
11,2048,11,2048,1604,444,2044
11,2048,11,2048,1605,443,2044
11,2048,11,2048,1606,442,2044
11,2048,11,2048,1607,441,2044
11,2048,11,2048,1608,440,2044
11,2048,11,2048,1609,439,2044
11,2048,11,2048,1610,438,2044
11,2048,11,2048,1611,437,2044
11,2048,11,2048,1612,436,2044
11,2048,11,2048,1613,435,2044
11,2048,11,2048,1614,434,2044
11,2048,11,2048,1615,433,2044
11,2048,11,2048,1616,432,2044
11,2048,11,2048,1617,431,2044
11,2048,11,2048,1618,430,2044
11,2048,11,2048,1619,429,2044
11,2048,11,2048,1620,428,2044
11,2048,11,2048,1621,427,2044
11,2048,11,2048,1622,426,2044
11,2048,11,2048,1623,425,2044
11,2048,11,2048,1624,424,2044
11,2048,11,2048,1625,423,2044
11,2048,11,2048,1626,422,2044
11,2048,11,2048,1627,421,2044
11,2048,11,2048,1628,420,2044
11,2048,11,2048,1629,419,2044
11,2048,11,2048,1630,418,2044
11,2048,11,2048,1631,417,2044
11,2048,11,2048,1632,416,2044
11,2048,11,2048,1633,415,2044
11,2048,11,2048,1634,414,2044
11,2048,11,2048,1635,413,2044
11,2048,11,2048,1636,412,2044
11,2048,11,2048,1637,411,2044
11,2048,11,2048,1638,410,2044
11,2048,11,2048,1639,409,2043
11,2048,11,2048,1640,408,2043
11,2048,11,2048,1641,407,2043
11,2048,11,2048,1642,406,2043
11,2048,11,2048,1643,405,2043
11,2048,11,2048,1644,404,2043
11,2048,11,2048,1645,403,2043
11,2048,11,2048,1646,402,2043
11,2048,11,2048,1647,401,2043
11,2048,11,2048,1648,400,2043
11,2048,11,2048,1649,399,2043
11,2048,11,2048,1650,398,2043
11,2048,11,2048,1651,397,2043
11,2048,11,2048,1652,396,2043
11,2048,11,2048,1653,395,2043
11,2048,11,2048,1654,394,2043
11,2048,11,2048,1655,393,2043
11,2048,11,2048,1656,392,2043
11,2048,11,2048,1657,391,2043
11,2048,11,2048,1658,390,2043
11,2048,11,2048,1659,389,2043
11,2048,11,2048,1660,388,2043
11,2048,11,2048,1661,387,2043
11,2048,11,2048,1662,386,2043
11,2048,11,2048,1663,385,2043
11,2048,11,2048,1664,384,2043
11,2048,11,2048,1665,383,2043
11,2048,11,2048,1666,382,2043
11,2048,11,2048,1667,381,2043
11,2048,11,2048,1668,380,2043
11,2048,11,2048,1669,379,2043
11,2048,11,2048,1670,378,2043
11,2048,11,2048,1671,377,2043
11,2048,11,2048,1672,376,2043
11,2048,11,2048,1673,375,2043
11,2048,11,2048,1674,374,2043
11,2048,11,2048,1675,373,2043
11,2048,11,2048,1676,372,2043
11,2048,11,2048,1677,371,2043
11,2048,11,2048,1678,370,2043
11,2048,11,2048,1679,369,2043
11,2048,11,2048,1680,368,2043
11,2048,11,2048,1681,367,2043
11,2048,11,2048,1682,366,2043
11,2048,11,2048,1683,365,2043
11,2048,11,2048,1684,364,2043
11,2048,11,2048,1685,363,2043
11,2048,11,2048,1686,362,2043
11,2048,11,2048,1687,361,2043
11,2048,11,2048,1688,360,2043
11,2048,11,2048,1689,359,2043
11,2048,11,2048,1690,358,2043
11,2048,11,2048,1691,357,2043
11,2048,11,2048,1692,356,2043
11,2048,11,2048,1693,355,2043
11,2048,11,2048,1694,354,2043
11,2048,11,2048,1695,353,2043
11,2048,11,2048,1696,352,2043
11,2048,11,2048,1697,351,2043
11,2048,11,2048,1698,350,2043
11,2048,11,2048,1699,349,2043
11,2048,11,2048,1700,348,2043
11,2048,11,2048,1701,347,2043
11,2048,11,2048,1702,346,2043
11,2048,11,2048,1703,345,2043
11,2048,11,2048,1704,344,2043
11,2048,11,2048,1705,343,2043
11,2048,11,2048,1706,342,2043
11,2048,11,2048,1707,341,2042
11,2048,11,2048,1708,340,2042
11,2048,11,2048,1709,339,2042
11,2048,11,2048,1710,338,2042
11,2048,11,2048,1711,337,2042
11,2048,11,2048,1712,336,2042
11,2048,11,2048,1713,335,2042
11,2048,11,2048,1714,334,2042
11,2048,11,2048,1715,333,2042
11,2048,11,2048,1716,332,2042
11,2048,11,2048,1717,331,2042
11,2048,11,2048,1718,330,2042
11,2048,11,2048,1719,329,2042
11,2048,11,2048,1720,328,2042
11,2048,11,2048,1721,327,2042
11,2048,11,2048,1722,326,2042
11,2048,11,2048,1723,325,2042
11,2048,11,2048,1724,324,2042
11,2048,11,2048,1725,323,2042
11,2048,11,2048,1726,322,2042
11,2048,11,2048,1727,321,2042
11,2048,11,2048,1728,320,2042
11,2048,11,2048,1729,319,2042
11,2048,11,2048,1730,318,2042
11,2048,11,2048,1731,317,2042
11,2048,11,2048,1732,316,2042
11,2048,11,2048,1733,315,2042
11,2048,11,2048,1734,314,2042
11,2048,11,2048,1735,313,2042
11,2048,11,2048,1736,312,2042
11,2048,11,2048,1737,311,2042
11,2048,11,2048,1738,310,2042
11,2048,11,2048,1739,309,2042
11,2048,11,2048,1740,308,2042
11,2048,11,2048,1741,307,2042
11,2048,11,2048,1742,306,2042
11,2048,11,2048,1743,305,2042
11,2048,11,2048,1744,304,2042
11,2048,11,2048,1745,303,2042
11,2048,11,2048,1746,302,2042
11,2048,11,2048,1747,301,2042
11,2048,11,2048,1748,300,2042
11,2048,11,2048,1749,299,2042
11,2048,11,2048,1750,298,2042
11,2048,11,2048,1751,297,2042
11,2048,11,2048,1752,296,2042
11,2048,11,2048,1753,295,2042
11,2048,11,2048,1754,294,2042
11,2048,11,2048,1755,293,2042
11,2048,11,2048,1756,292,2041
11,2048,11,2048,1757,291,2041
11,2048,11,2048,1758,290,2041
11,2048,11,2048,1759,289,2041
11,2048,11,2048,1760,288,2041
11,2048,11,2048,1761,287,2041
11,2048,11,2048,1762,286,2041
11,2048,11,2048,1763,285,2041
11,2048,11,2048,1764,284,2041
11,2048,11,2048,1765,283,2041
11,2048,11,2048,1766,282,2041
11,2048,11,2048,1767,281,2041
11,2048,11,2048,1768,280,2041
11,2048,11,2048,1769,279,2041
11,2048,11,2048,1770,278,2041
11,2048,11,2048,1771,277,2041
11,2048,11,2048,1772,276,2041
11,2048,11,2048,1773,275,2041
11,2048,11,2048,1774,274,2041
11,2048,11,2048,1775,273,2041
11,2048,11,2048,1776,272,2041
11,2048,11,2048,1777,271,2041
11,2048,11,2048,1778,270,2041
11,2048,11,2048,1779,269,2041
11,2048,11,2048,1780,268,2041
11,2048,11,2048,1781,267,2041
11,2048,11,2048,1782,266,2041
11,2048,11,2048,1783,265,2041
11,2048,11,2048,1784,264,2041
11,2048,11,2048,1785,263,2041
11,2048,11,2048,1786,262,2041
11,2048,11,2048,1787,261,2041
11,2048,11,2048,1788,260,2041
11,2048,11,2048,1789,259,2041
11,2048,11,2048,1790,258,2041
11,2048,11,2048,1791,257,2041
11,2048,11,2048,1792,256,2041
11,2048,11,2048,1793,255,2040
11,2048,11,2048,1794,254,2040
11,2048,11,2048,1795,253,2040
11,2048,11,2048,1796,252,2040
11,2048,11,2048,1797,251,2040
11,2048,11,2048,1798,250,2040
11,2048,11,2048,1799,249,2040
11,2048,11,2048,1800,248,2040
11,2048,11,2048,1801,247,2040
11,2048,11,2048,1802,246,2040
11,2048,11,2048,1803,245,2040
11,2048,11,2048,1804,244,2040
11,2048,11,2048,1805,243,2040
11,2048,11,2048,1806,242,2040
11,2048,11,2048,1807,241,2040
11,2048,11,2048,1808,240,2040
11,2048,11,2048,1809,239,2040
11,2048,11,2048,1810,238,2040
11,2048,11,2048,1811,237,2040
11,2048,11,2048,1812,236,2040
11,2048,11,2048,1813,235,2040
11,2048,11,2048,1814,234,2040
11,2048,11,2048,1815,233,2040
11,2048,11,2048,1816,232,2040
11,2048,11,2048,1817,231,2040
11,2048,11,2048,1818,230,2040
11,2048,11,2048,1819,229,2040
11,2048,11,2048,1820,228,2040
11,2048,11,2048,1821,227,2039
11,2048,11,2048,1822,226,2039
11,2048,11,2048,1823,225,2039
11,2048,11,2048,1824,224,2039
11,2048,11,2048,1825,223,2039
11,2048,11,2048,1826,222,2039
11,2048,11,2048,1827,221,2039
11,2048,11,2048,1828,220,2039
11,2048,11,2048,1829,219,2039
11,2048,11,2048,1830,218,2039
11,2048,11,2048,1831,217,2039
11,2048,11,2048,1832,216,2039
11,2048,11,2048,1833,215,2039
11,2048,11,2048,1834,214,2039
11,2048,11,2048,1835,213,2039
11,2048,11,2048,1836,212,2039
11,2048,11,2048,1837,211,2039
11,2048,11,2048,1838,210,2039
11,2048,11,2048,1839,209,2039
11,2048,11,2048,1840,208,2039
11,2048,11,2048,1841,207,2039
11,2048,11,2048,1842,206,2039
11,2048,11,2048,1843,205,2039
11,2048,11,2048,1844,204,2038
11,2048,11,2048,1845,203,2038
11,2048,11,2048,1846,202,2038
11,2048,11,2048,1847,201,2038
11,2048,11,2048,1848,200,2038
11,2048,11,2048,1849,199,2038
11,2048,11,2048,1850,198,2038
11,2048,11,2048,1851,197,2038
11,2048,11,2048,1852,196,2038
11,2048,11,2048,1853,195,2038
11,2048,11,2048,1854,194,2038
11,2048,11,2048,1855,193,2038
11,2048,11,2048,1856,192,2038
11,2048,11,2048,1857,191,2038
11,2048,11,2048,1858,190,2038
11,2048,11,2048,1859,189,2038
11,2048,11,2048,1860,188,2038
11,2048,11,2048,1861,187,2038
11,2048,11,2048,1862,186,2037
11,2048,11,2048,1863,185,2037
11,2048,11,2048,1864,184,2037
11,2048,11,2048,1865,183,2037
11,2048,11,2048,1866,182,2037
11,2048,11,2048,1867,181,2037
11,2048,11,2048,1868,180,2037
11,2048,11,2048,1869,179,2037
11,2048,11,2048,1870,178,2037
11,2048,11,2048,1871,177,2037
11,2048,11,2048,1872,176,2037
11,2048,11,2048,1873,175,2037
11,2048,11,2048,1874,174,2037
11,2048,11,2048,1875,173,2037
11,2048,11,2048,1876,172,2037
11,2048,11,2048,1877,171,2037
11,2048,11,2048,1878,170,2036
11,2048,11,2048,1879,169,2036
11,2048,11,2048,1880,168,2036
11,2048,11,2048,1881,167,2036
11,2048,11,2048,1882,166,2036
11,2048,11,2048,1883,165,2036
11,2048,11,2048,1884,164,2036
11,2048,11,2048,1885,163,2036
11,2048,11,2048,1886,162,2036
11,2048,11,2048,1887,161,2036
11,2048,11,2048,1888,160,2036
11,2048,11,2048,1889,159,2036
11,2048,11,2048,1890,158,2036
11,2048,11,2048,1891,157,2035
11,2048,11,2048,1892,156,2035
11,2048,11,2048,1893,155,2035
11,2048,11,2048,1894,154,2035
11,2048,11,2048,1895,153,2035
11,2048,11,2048,1896,152,2035
11,2048,11,2048,1897,151,2035
11,2048,11,2048,1898,150,2035
11,2048,11,2048,1899,149,2035
11,2048,11,2048,1900,148,2035
11,2048,11,2048,1901,147,2035
11,2048,11,2048,1902,146,2034
11,2048,11,2048,1903,145,2034
11,2048,11,2048,1904,144,2034
11,2048,11,2048,1905,143,2034
11,2048,11,2048,1906,142,2034
11,2048,11,2048,1907,141,2034
11,2048,11,2048,1908,140,2034
11,2048,11,2048,1909,139,2034
11,2048,11,2048,1910,138,2034
11,2048,11,2048,1911,137,2034
11,2048,11,2048,1912,136,2033
11,2048,11,2048,1913,135,2033
11,2048,11,2048,1914,134,2033
11,2048,11,2048,1915,133,2033
11,2048,11,2048,1916,132,2033
11,2048,11,2048,1917,131,2033
11,2048,11,2048,1918,130,2033
11,2048,11,2048,1919,129,2033
11,2048,11,2048,1920,128,2033
11,2048,11,2048,1921,127,2032
11,2048,11,2048,1922,126,2032
11,2048,11,2048,1923,125,2032
11,2048,11,2048,1924,124,2032
11,2048,11,2048,1925,123,2032
11,2048,11,2048,1926,122,2032
11,2048,11,2048,1927,121,2032
11,2048,11,2048,1928,120,2031
11,2048,11,2048,1929,119,2031
11,2048,11,2048,1930,118,2031
11,2048,11,2048,1931,117,2031
11,2048,11,2048,1932,116,2031
11,2048,11,2048,1933,115,2031
11,2048,11,2048,1934,114,2031
11,2048,11,2048,1935,113,2030
11,2048,11,2048,1936,112,2030
11,2048,11,2048,1937,111,2030
11,2048,11,2048,1938,110,2030
11,2048,11,2048,1939,109,2030
11,2048,11,2048,1940,108,2030
11,2048,11,2048,1941,107,2029
11,2048,11,2048,1942,106,2029
11,2048,11,2048,1943,105,2029
11,2048,11,2048,1944,104,2029
11,2048,11,2048,1945,103,2029
11,2048,11,2048,1946,102,2028
11,2048,11,2048,1947,101,2028
11,2048,11,2048,1948,100,2028
11,2048,11,2048,1949,99,2028
11,2048,11,2048,1950,98,2028
11,2048,11,2048,1951,97,2027
11,2048,11,2048,1952,96,2027
11,2048,11,2048,1953,95,2027
11,2048,11,2048,1954,94,2027
11,2048,11,2048,1955,93,2026
11,2048,11,2048,1956,92,2026
11,2048,11,2048,1957,91,2026
11,2048,11,2048,1958,90,2026
11,2048,11,2048,1959,89,2025
11,2048,11,2048,1960,88,2025
11,2048,11,2048,1961,87,2025
11,2048,11,2048,1962,86,2025
11,2048,11,2048,1963,85,2024
11,2048,11,2048,1964,84,2024
11,2048,11,2048,1965,83,2024
11,2048,11,2048,1966,82,2024
11,2048,11,2048,1967,81,2023
11,2048,11,2048,1968,80,2023
11,2048,11,2048,1969,79,2023
11,2048,11,2048,1970,78,2022
11,2048,11,2048,1971,77,2022
11,2048,11,2048,1972,76,2022
11,2048,11,2048,1973,75,2021
11,2048,11,2048,1974,74,2021
11,2048,11,2048,1975,73,2020
11,2048,11,2048,1976,72,2020
11,2048,11,2048,1977,71,2020
11,2048,11,2048,1978,70,2019
11,2048,11,2048,1979,69,2019
11,2048,11,2048,1980,68,2018
11,2048,11,2048,1981,67,2018
11,2048,11,2048,1982,66,2017
11,2048,11,2048,1983,65,2017
11,2048,11,2048,1984,64,2017
11,2048,11,2048,1985,63,2016
11,2048,11,2048,1986,62,2015
11,2048,11,2048,1987,61,2015
11,2048,11,2048,1988,60,2014
11,2048,11,2048,1989,59,2014
11,2048,11,2048,1990,58,2013
11,2048,11,2048,1991,57,2013
11,2048,11,2048,1992,56,2012
11,2048,11,2048,1993,55,2011
11,2048,11,2048,1994,54,2011
11,2048,11,2048,1995,53,2010
11,2048,11,2048,1996,52,2009
11,2048,11,2048,1997,51,2008
11,2048,11,2048,1998,50,2008
11,2048,11,2048,1999,49,2007
11,2048,11,2048,2000,48,2006
11,2048,11,2048,2001,47,2005
11,2048,11,2048,2002,46,2004
11,2048,11,2048,2003,45,2003
11,2048,11,2048,2004,44,2002
11,2048,11,2048,2005,43,2001
11,2048,11,2048,2006,42,2000
11,2048,11,2048,2007,41,1999
11,2048,11,2048,2008,40,1997
11,2048,11,2048,2009,39,1996
11,2048,11,2048,2010,38,1995
11,2048,11,2048,2011,37,1993
11,2048,11,2048,2012,36,1992
11,2048,11,2048,2013,35,1990
11,2048,11,2048,2014,34,1988
11,2048,11,2048,2015,33,1986
11,2048,11,2048,2016,32,1985
11,2048,11,2048,2017,31,1982
11,2048,11,2048,2018,30,1980
11,2048,11,2048,2019,29,1978
11,2048,11,2048,2020,28,1975
11,2048,11,2048,2021,27,1973
11,2048,11,2048,2022,26,1970
11,2048,11,2048,2023,25,1967
11,2048,11,2048,2024,24,1963
11,2048,11,2048,2025,23,1959
11,2048,11,2048,2026,22,1955
11,2048,11,2048,2027,21,1951
11,2048,11,2048,2028,20,1946
11,2048,11,2048,2029,19,1941
11,2048,11,2048,2030,18,1935
11,2048,11,2048,2031,17,1928
11,2048,11,2048,2032,16,1921
11,2048,11,2048,2033,15,1912
11,2048,11,2048,2034,14,1902
11,2048,11,2048,2035,13,1891
11,2048,11,2048,2036,12,1878
11,2048,11,2048,2037,11,1862
11,2048,11,2048,2038,10,1844
11,2048,11,2048,2039,9,1821
11,2048,11,2048,2040,8,1793
11,2048,11,2048,2041,7,1756
11,2048,11,2048,2042,6,1707
11,2048,11,2048,2043,5,1639
11,2048,11,2048,2044,4,1537
11,2048,11,2048,2045,3,1366
11,2048,11,2048,2046,2,1025
11,2048,11,2048,2047,1,1
11,2048,11,2048,2048,0,0
