round,k,parity_n,support,threshold,distance_at_support,relative_distance_at_support
0,1,7,1,1,8,1
1,2,14,1,2,14,0.875
1,2,14,2,3,14,0.875
2,4,28,1,4,26,0.8125
2,4,28,2,6,25,0.78125
2,4,28,3,6,26,0.8125
2,4,28,4,7,26,0.8125
3,8,56,1,8,50,0.78125
3,8,56,2,12,47,0.734375
3,8,56,3,12,48,0.75
3,8,56,4,14,47,0.734375
3,8,56,5,14,48,0.75
3,8,56,6,15,48,0.75
3,8,56,7,15,49,0.765625
3,8,56,8,16,49,0.765625
4,16,112,1,17,97,0.7578125
4,16,112,2,25,90,0.703125
4,16,112,3,25,91,0.7109375
4,16,112,4,29,88,0.6875
4,16,112,5,29,89,0.6953125
4,16,112,6,31,88,0.6875
4,16,112,7,31,89,0.6953125
4,16,112,8,33,88,0.6875
4,16,112,9,33,89,0.6953125
4,16,112,10,33,90,0.703125
4,16,112,11,33,91,0.7109375
4,16,112,12,33,92,0.71875
4,16,112,13,33,93,0.7265625
4,16,112,14,33,94,0.734375
4,16,112,15,33,95,0.7421875
4,16,112,16,34,95,0.7421875
5,32,224,1,35,191,0.74609375
5,32,224,2,51,176,0.6875
5,32,224,3,51,177,0.69140625
5,32,224,4,59,170,0.6640625
5,32,224,5,59,171,0.66796875
5,32,224,6,63,168,0.65625
5,32,224,7,63,169,0.66015625
5,32,224,8,67,166,0.6484375
5,32,224,9,67,167,0.65234375
5,32,224,10,67,168,0.65625
5,32,224,11,67,169,0.66015625
5,32,224,12,67,170,0.6640625
5,32,224,13,67,171,0.66796875
5,32,224,14,67,172,0.671875
5,32,224,15,67,173,0.67578125
5,32,224,16,69,172,0.671875
5,32,224,17,69,173,0.67578125
5,32,224,18,69,174,0.6796875
5,32,224,19,69,175,0.68359375
5,32,224,20,69,176,0.6875
5,32,224,21,69,177,0.69140625
5,32,224,22,69,178,0.6953125
5,32,224,23,69,179,0.69921875
5,32,224,24,70,179,0.69921875
5,32,224,25,70,180,0.703125
5,32,224,26,70,181,0.70703125
5,32,224,27,70,182,0.7109375
5,32,224,28,70,183,0.71484375
5,32,224,29,70,184,0.71875
5,32,224,30,70,185,0.72265625
5,32,224,31,70,186,0.7265625
5,32,224,32,71,186,0.7265625
6,64,448,1,71,379,0.740234375
6,64,448,2,104,347,0.677734375
6,64,448,3,104,348,0.6796875
6,64,448,4,120,333,0.650390625
6,64,448,5,120,334,0.65234375
6,64,448,6,128,327,0.638671875
6,64,448,7,128,328,0.640625
6,64,448,8,136,321,0.626953125
6,64,448,9,136,322,0.62890625
6,64,448,10,136,323,0.630859375
6,64,448,11,136,324,0.6328125
6,64,448,12,136,325,0.634765625
6,64,448,13,136,326,0.63671875
6,64,448,14,136,327,0.638671875
6,64,448,15,136,328,0.640625
6,64,448,16,140,325,0.634765625
6,64,448,17,140,326,0.63671875
6,64,448,18,140,327,0.638671875
6,64,448,19,140,328,0.640625
6,64,448,20,140,329,0.642578125
6,64,448,21,140,330,0.64453125
6,64,448,22,140,331,0.646484375
6,64,448,23,140,332,0.6484375
6,64,448,24,142,331,0.646484375
6,64,448,25,142,332,0.6484375
6,64,448,26,142,333,0.650390625
6,64,448,27,142,334,0.65234375
6,64,448,28,142,335,0.654296875
6,64,448,29,142,336,0.65625
6,64,448,30,142,337,0.658203125
6,64,448,31,142,338,0.66015625
6,64,448,32,144,337,0.658203125
6,64,448,33,144,338,0.66015625
6,64,448,34,144,339,0.662109375
6,64,448,35,144,340,0.6640625
6,64,448,36,144,341,0.666015625
6,64,448,37,144,342,0.66796875
6,64,448,38,144,343,0.669921875
6,64,448,39,144,344,0.671875
6,64,448,40,144,345,0.673828125
6,64,448,41,144,346,0.67578125
6,64,448,42,144,347,0.677734375
6,64,448,43,144,348,0.6796875
6,64,448,44,144,349,0.681640625
6,64,448,45,144,350,0.68359375
6,64,448,46,144,351,0.685546875
6,64,448,47,144,352,0.6875
6,64,448,48,144,353,0.689453125
6,64,448,49,144,354,0.69140625
6,64,448,50,144,355,0.693359375
6,64,448,51,144,356,0.6953125
6,64,448,52,144,357,0.697265625
6,64,448,53,144,358,0.69921875
6,64,448,54,144,359,0.701171875
6,64,448,55,144,360,0.703125
6,64,448,56,145,360,0.703125
6,64,448,57,145,361,0.705078125
6,64,448,58,145,362,0.70703125
6,64,448,59,145,363,0.708984375
6,64,448,60,145,364,0.7109375
6,64,448,61,145,365,0.712890625
6,64,448,62,145,366,0.71484375
6,64,448,63,145,367,0.716796875
6,64,448,64,146,367,0.716796875
7,128,896,1,145,753,0.7353515625
7,128,896,2,211,688,0.671875
7,128,896,3,211,689,0.6728515625
7,128,896,4,244,657,0.6416015625
7,128,896,5,244,658,0.642578125
7,128,896,6,260,643,0.6279296875
7,128,896,7,260,644,0.62890625
7,128,896,8,276,629,0.6142578125
7,128,896,9,276,630,0.615234375
7,128,896,10,276,631,0.6162109375
7,128,896,11,276,632,0.6171875
7,128,896,12,276,633,0.6181640625
7,128,896,13,276,634,0.619140625
7,128,896,14,276,635,0.6201171875
7,128,896,15,276,636,0.62109375
7,128,896,16,284,629,0.6142578125
7,128,896,17,284,630,0.615234375
7,128,896,18,284,631,0.6162109375
7,128,896,19,284,632,0.6171875
7,128,896,20,284,633,0.6181640625
7,128,896,21,284,634,0.619140625
7,128,896,22,284,635,0.6201171875
7,128,896,23,284,636,0.62109375
7,128,896,24,288,633,0.6181640625
7,128,896,25,288,634,0.619140625
7,128,896,26,288,635,0.6201171875
7,128,896,27,288,636,0.62109375
7,128,896,28,288,637,0.6220703125
7,128,896,29,288,638,0.623046875
7,128,896,30,288,639,0.6240234375
7,128,896,31,288,640,0.625
7,128,896,32,292,637,0.6220703125
7,128,896,33,292,638,0.623046875
7,128,896,34,292,639,0.6240234375
7,128,896,35,292,640,0.625
7,128,896,36,292,641,0.6259765625
7,128,896,37,292,642,0.626953125
7,128,896,38,292,643,0.6279296875
7,128,896,39,292,644,0.62890625
7,128,896,40,292,645,0.6298828125
7,128,896,41,292,646,0.630859375
7,128,896,42,292,647,0.6318359375
7,128,896,43,292,648,0.6328125
7,128,896,44,292,649,0.6337890625
7,128,896,45,292,650,0.634765625
7,128,896,46,292,651,0.6357421875
7,128,896,47,292,652,0.63671875
7,128,896,48,292,653,0.6376953125
7,128,896,49,292,654,0.638671875
7,128,896,50,292,655,0.6396484375
7,128,896,51,292,656,0.640625
7,128,896,52,292,657,0.6416015625
7,128,896,53,292,658,0.642578125
7,128,896,54,292,659,0.6435546875
7,128,896,55,292,660,0.64453125
7,128,896,56,294,659,0.6435546875
7,128,896,57,294,660,0.64453125
7,128,896,58,294,661,0.6455078125
7,128,896,59,294,662,0.646484375
7,128,896,60,294,663,0.6474609375
7,128,896,61,294,664,0.6484375
7,128,896,62,294,665,0.6494140625
7,128,896,63,294,666,0.650390625
7,128,896,64,296,665,0.6494140625
7,128,896,65,296,666,0.650390625
7,128,896,66,296,667,0.6513671875
7,128,896,67,296,668,0.65234375
7,128,896,68,296,669,0.6533203125
7,128,896,69,296,670,0.654296875
7,128,896,70,296,671,0.6552734375
7,128,896,71,296,672,0.65625
7,128,896,72,296,673,0.6572265625
7,128,896,73,296,674,0.658203125
7,128,896,74,296,675,0.6591796875
7,128,896,75,296,676,0.66015625
7,128,896,76,296,677,0.6611328125
7,128,896,77,296,678,0.662109375
7,128,896,78,296,679,0.6630859375
7,128,896,79,296,680,0.6640625
7,128,896,80,296,681,0.6650390625
7,128,896,81,296,682,0.666015625
7,128,896,82,296,683,0.6669921875
7,128,896,83,296,684,0.66796875
7,128,896,84,296,685,0.6689453125
7,128,896,85,296,686,0.669921875
7,128,896,86,296,687,0.6708984375
7,128,896,87,296,688,0.671875
7,128,896,88,296,689,0.6728515625
7,128,896,89,296,690,0.673828125
7,128,896,90,296,691,0.6748046875
7,128,896,91,296,692,0.67578125
7,128,896,92,296,693,0.6767578125
7,128,896,93,296,694,0.677734375
7,128,896,94,296,695,0.6787109375
7,128,896,95,296,696,0.6796875
7,128,896,96,297,696,0.6796875
7,128,896,97,297,697,0.6806640625
7,128,896,98,297,698,0.681640625
7,128,896,99,297,699,0.6826171875
7,128,896,100,297,700,0.68359375
7,128,896,101,297,701,0.6845703125
7,128,896,102,297,702,0.685546875
7,128,896,103,297,703,0.6865234375
7,128,896,104,297,704,0.6875
7,128,896,105,297,705,0.6884765625
7,128,896,106,297,706,0.689453125
7,128,896,107,297,707,0.6904296875
7,128,896,108,297,708,0.69140625
7,128,896,109,297,709,0.6923828125
7,128,896,110,297,710,0.693359375
7,128,896,111,297,711,0.6943359375
7,128,896,112,298,711,0.6943359375
7,128,896,113,298,712,0.6953125
7,128,896,114,298,713,0.6962890625
7,128,896,115,298,714,0.697265625
7,128,896,116,298,715,0.6982421875
7,128,896,117,298,716,0.69921875
7,128,896,118,298,717,0.7001953125
7,128,896,119,298,718,0.701171875
7,128,896,120,298,719,0.7021484375
7,128,896,121,298,720,0.703125
7,128,896,122,298,721,0.7041015625
7,128,896,123,298,722,0.705078125
7,128,896,124,298,723,0.7060546875
7,128,896,125,298,724,0.70703125
7,128,896,126,298,725,0.7080078125
7,128,896,127,298,726,0.708984375
7,128,896,128,299,726,0.708984375
8,256,1792,1,295,1499,0.73193359375
8,256,1792,2,428,1367,0.66748046875
8,256,1792,3,428,1368,0.66796875
8,256,1792,4,495,1302,0.6357421875
8,256,1792,5,495,1303,0.63623046875
8,256,1792,6,527,1272,0.62109375
8,256,1792,7,527,1273,0.62158203125
8,256,1792,8,559,1242,0.6064453125
8,256,1792,9,559,1243,0.60693359375
8,256,1792,10,559,1244,0.607421875
8,256,1792,11,559,1245,0.60791015625
8,256,1792,12,559,1246,0.6083984375
8,256,1792,13,559,1247,0.60888671875
8,256,1792,14,559,1248,0.609375
8,256,1792,15,559,1249,0.60986328125
8,256,1792,16,576,1233,0.60205078125
8,256,1792,17,576,1234,0.6025390625
8,256,1792,18,576,1235,0.60302734375
8,256,1792,19,576,1236,0.603515625
8,256,1792,20,576,1237,0.60400390625
8,256,1792,21,576,1238,0.6044921875
8,256,1792,22,576,1239,0.60498046875
8,256,1792,23,576,1240,0.60546875
8,256,1792,24,584,1233,0.60205078125
8,256,1792,25,584,1234,0.6025390625
8,256,1792,26,584,1235,0.60302734375
8,256,1792,27,584,1236,0.603515625
8,256,1792,28,584,1237,0.60400390625
8,256,1792,29,584,1238,0.6044921875
8,256,1792,30,584,1239,0.60498046875
8,256,1792,31,584,1240,0.60546875
8,256,1792,32,592,1233,0.60205078125
8,256,1792,33,592,1234,0.6025390625
8,256,1792,34,592,1235,0.60302734375
8,256,1792,35,592,1236,0.603515625
8,256,1792,36,592,1237,0.60400390625
8,256,1792,37,592,1238,0.6044921875
8,256,1792,38,592,1239,0.60498046875
8,256,1792,39,592,1240,0.60546875
8,256,1792,40,592,1241,0.60595703125
8,256,1792,41,592,1242,0.6064453125
8,256,1792,42,592,1243,0.60693359375
8,256,1792,43,592,1244,0.607421875
8,256,1792,44,592,1245,0.60791015625
8,256,1792,45,592,1246,0.6083984375
8,256,1792,46,592,1247,0.60888671875
8,256,1792,47,592,1248,0.609375
8,256,1792,48,592,1249,0.60986328125
8,256,1792,49,592,1250,0.6103515625
8,256,1792,50,592,1251,0.61083984375
8,256,1792,51,592,1252,0.611328125
8,256,1792,52,592,1253,0.61181640625
8,256,1792,53,592,1254,0.6123046875
8,256,1792,54,592,1255,0.61279296875
8,256,1792,55,592,1256,0.61328125
8,256,1792,56,596,1253,0.61181640625
8,256,1792,57,596,1254,0.6123046875
8,256,1792,58,596,1255,0.61279296875
8,256,1792,59,596,1256,0.61328125
8,256,1792,60,596,1257,0.61376953125
8,256,1792,61,596,1258,0.6142578125
8,256,1792,62,596,1259,0.61474609375
8,256,1792,63,596,1260,0.615234375
8,256,1792,64,600,1257,0.61376953125
8,256,1792,65,600,1258,0.6142578125
8,256,1792,66,600,1259,0.61474609375
8,256,1792,67,600,1260,0.615234375
8,256,1792,68,600,1261,0.61572265625
8,256,1792,69,600,1262,0.6162109375
8,256,1792,70,600,1263,0.61669921875
8,256,1792,71,600,1264,0.6171875
8,256,1792,72,600,1265,0.61767578125
8,256,1792,73,600,1266,0.6181640625
8,256,1792,74,600,1267,0.61865234375
8,256,1792,75,600,1268,0.619140625
8,256,1792,76,600,1269,0.61962890625
8,256,1792,77,600,1270,0.6201171875
8,256,1792,78,600,1271,0.62060546875
8,256,1792,79,600,1272,0.62109375
8,256,1792,80,600,1273,0.62158203125
8,256,1792,81,600,1274,0.6220703125
8,256,1792,82,600,1275,0.62255859375
8,256,1792,83,600,1276,0.623046875
8,256,1792,84,600,1277,0.62353515625
8,256,1792,85,600,1278,0.6240234375
8,256,1792,86,600,1279,0.62451171875
8,256,1792,87,600,1280,0.625
8,256,1792,88,600,1281,0.62548828125
8,256,1792,89,600,1282,0.6259765625
8,256,1792,90,600,1283,0.62646484375
8,256,1792,91,600,1284,0.626953125
8,256,1792,92,600,1285,0.62744140625
8,256,1792,93,600,1286,0.6279296875
8,256,1792,94,600,1287,0.62841796875
8,256,1792,95,600,1288,0.62890625
8,256,1792,96,602,1287,0.62841796875
8,256,1792,97,602,1288,0.62890625
8,256,1792,98,602,1289,0.62939453125
8,256,1792,99,602,1290,0.6298828125
8,256,1792,100,602,1291,0.63037109375
8,256,1792,101,602,1292,0.630859375
8,256,1792,102,602,1293,0.63134765625
8,256,1792,103,602,1294,0.6318359375
8,256,1792,104,602,1295,0.63232421875
8,256,1792,105,602,1296,0.6328125
8,256,1792,106,602,1297,0.63330078125
8,256,1792,107,602,1298,0.6337890625
8,256,1792,108,602,1299,0.63427734375
8,256,1792,109,602,1300,0.634765625
8,256,1792,110,602,1301,0.63525390625
8,256,1792,111,602,1302,0.6357421875
8,256,1792,112,604,1301,0.63525390625
8,256,1792,113,604,1302,0.6357421875
8,256,1792,114,604,1303,0.63623046875
8,256,1792,115,604,1304,0.63671875
8,256,1792,116,604,1305,0.63720703125
8,256,1792,117,604,1306,0.6376953125
8,256,1792,118,604,1307,0.63818359375
8,256,1792,119,604,1308,0.638671875
8,256,1792,120,604,1309,0.63916015625
8,256,1792,121,604,1310,0.6396484375
8,256,1792,122,604,1311,0.64013671875
8,256,1792,123,604,1312,0.640625
8,256,1792,124,604,1313,0.64111328125
8,256,1792,125,604,1314,0.6416015625
8,256,1792,126,604,1315,0.64208984375
8,256,1792,127,604,1316,0.642578125
8,256,1792,128,606,1315,0.64208984375
8,256,1792,129,606,1316,0.642578125
8,256,1792,130,606,1317,0.64306640625
8,256,1792,131,606,1318,0.6435546875
8,256,1792,132,606,1319,0.64404296875
8,256,1792,133,606,1320,0.64453125
8,256,1792,134,606,1321,0.64501953125
8,256,1792,135,606,1322,0.6455078125
8,256,1792,136,606,1323,0.64599609375
8,256,1792,137,606,1324,0.646484375
8,256,1792,138,606,1325,0.64697265625
8,256,1792,139,606,1326,0.6474609375
8,256,1792,140,606,1327,0.64794921875
8,256,1792,141,606,1328,0.6484375
8,256,1792,142,606,1329,0.64892578125
8,256,1792,143,606,1330,0.6494140625
8,256,1792,144,606,1331,0.64990234375
8,256,1792,145,606,1332,0.650390625
8,256,1792,146,606,1333,0.65087890625
8,256,1792,147,606,1334,0.6513671875
8,256,1792,148,606,1335,0.65185546875
8,256,1792,149,606,1336,0.65234375
8,256,1792,150,606,1337,0.65283203125
8,256,1792,151,606,1338,0.6533203125
8,256,1792,152,606,1339,0.65380859375
8,256,1792,153,606,1340,0.654296875
8,256,1792,154,606,1341,0.65478515625
8,256,1792,155,606,1342,0.6552734375
8,256,1792,156,606,1343,0.65576171875
8,256,1792,157,606,1344,0.65625
8,256,1792,158,606,1345,0.65673828125
8,256,1792,159,606,1346,0.6572265625
8,256,1792,160,607,1346,0.6572265625
8,256,1792,161,607,1347,0.65771484375
8,256,1792,162,607,1348,0.658203125
8,256,1792,163,607,1349,0.65869140625
8,256,1792,164,607,1350,0.6591796875
8,256,1792,165,607,1351,0.65966796875
8,256,1792,166,607,1352,0.66015625
8,256,1792,167,607,1353,0.66064453125
8,256,1792,168,607,1354,0.6611328125
8,256,1792,169,607,1355,0.66162109375
8,256,1792,170,607,1356,0.662109375
8,256,1792,171,607,1357,0.66259765625
8,256,1792,172,607,1358,0.6630859375
8,256,1792,173,607,1359,0.66357421875
8,256,1792,174,607,1360,0.6640625
8,256,1792,175,607,1361,0.66455078125
8,256,1792,176,607,1362,0.6650390625
8,256,1792,177,607,1363,0.66552734375
8,256,1792,178,608,1363,0.66552734375
8,256,1792,179,608,1364,0.666015625
8,256,1792,180,608,1365,0.66650390625
8,256,1792,181,608,1366,0.6669921875
8,256,1792,182,608,1367,0.66748046875
8,256,1792,183,608,1368,0.66796875
8,256,1792,184,608,1369,0.66845703125
8,256,1792,185,608,1370,0.6689453125
8,256,1792,186,608,1371,0.66943359375
8,256,1792,187,608,1372,0.669921875
8,256,1792,188,608,1373,0.67041015625
8,256,1792,189,608,1374,0.6708984375
8,256,1792,190,608,1375,0.67138671875
8,256,1792,191,608,1376,0.671875
8,256,1792,192,608,1377,0.67236328125
8,256,1792,193,608,1378,0.6728515625
8,256,1792,194,608,1379,0.67333984375
8,256,1792,195,608,1380,0.673828125
8,256,1792,196,608,1381,0.67431640625
8,256,1792,197,608,1382,0.6748046875
8,256,1792,198,608,1383,0.67529296875
8,256,1792,199,608,1384,0.67578125
8,256,1792,200,608,1385,0.67626953125
8,256,1792,201,608,1386,0.6767578125
8,256,1792,202,608,1387,0.67724609375
8,256,1792,203,608,1388,0.677734375
8,256,1792,204,608,1389,0.67822265625
8,256,1792,205,608,1390,0.6787109375
8,256,1792,206,608,1391,0.67919921875
8,256,1792,207,608,1392,0.6796875
8,256,1792,208,609,1392,0.6796875
8,256,1792,209,609,1393,0.68017578125
8,256,1792,210,609,1394,0.6806640625
8,256,1792,211,609,1395,0.68115234375
8,256,1792,212,609,1396,0.681640625
8,256,1792,213,609,1397,0.68212890625
8,256,1792,214,609,1398,0.6826171875
8,256,1792,215,609,1399,0.68310546875
8,256,1792,216,609,1400,0.68359375
8,256,1792,217,609,1401,0.68408203125
8,256,1792,218,609,1402,0.6845703125
8,256,1792,219,609,1403,0.68505859375
8,256,1792,220,609,1404,0.685546875
8,256,1792,221,609,1405,0.68603515625
8,256,1792,222,609,1406,0.6865234375
8,256,1792,223,609,1407,0.68701171875
8,256,1792,224,610,1407,0.68701171875
8,256,1792,225,610,1408,0.6875
8,256,1792,226,610,1409,0.68798828125
8,256,1792,227,610,1410,0.6884765625
8,256,1792,228,610,1411,0.68896484375
8,256,1792,229,610,1412,0.689453125
8,256,1792,230,610,1413,0.68994140625
8,256,1792,231,610,1414,0.6904296875
8,256,1792,232,610,1415,0.69091796875
8,256,1792,233,610,1416,0.69140625
8,256,1792,234,610,1417,0.69189453125
8,256,1792,235,610,1418,0.6923828125
8,256,1792,236,610,1419,0.69287109375
8,256,1792,237,610,1420,0.693359375
8,256,1792,238,610,1421,0.69384765625
8,256,1792,239,610,1422,0.6943359375
8,256,1792,240,611,1422,0.6943359375
8,256,1792,241,611,1423,0.69482421875
8,256,1792,242,611,1424,0.6953125
8,256,1792,243,611,1425,0.69580078125
8,256,1792,244,611,1426,0.6962890625
8,256,1792,245,611,1427,0.69677734375
8,256,1792,246,611,1428,0.697265625
8,256,1792,247,611,1429,0.69775390625
8,256,1792,248,611,1430,0.6982421875
8,256,1792,249,611,1431,0.69873046875
8,256,1792,250,611,1432,0.69921875
8,256,1792,251,611,1433,0.69970703125
8,256,1792,252,611,1434,0.7001953125
8,256,1792,253,611,1435,0.70068359375
8,256,1792,254,611,1436,0.701171875
8,256,1792,255,611,1437,0.70166015625
8,256,1792,256,612,1437,0.70166015625
9,512,3584,1,600,2986,0.72900390625
9,512,3584,2,868,2719,0.663818359375
9,512,3584,3,868,2720,0.6640625
9,512,3584,4,1003,2586,0.63134765625
9,512,3584,5,1003,2587,0.631591796875
9,512,3584,6,1068,2523,0.615966796875
9,512,3584,7,1068,2524,0.6162109375
9,512,3584,8,1132,2461,0.600830078125
9,512,3584,9,1132,2462,0.60107421875
9,512,3584,10,1132,2463,0.601318359375
9,512,3584,11,1132,2464,0.6015625
9,512,3584,12,1132,2465,0.601806640625
9,512,3584,13,1132,2466,0.60205078125
9,512,3584,14,1132,2467,0.602294921875
9,512,3584,15,1132,2468,0.6025390625
9,512,3584,16,1167,2434,0.59423828125
9,512,3584,17,1167,2435,0.594482421875
9,512,3584,18,1167,2436,0.5947265625
9,512,3584,19,1167,2437,0.594970703125
9,512,3584,20,1167,2438,0.59521484375
9,512,3584,21,1167,2439,0.595458984375
9,512,3584,22,1167,2440,0.595703125
9,512,3584,23,1167,2441,0.595947265625
9,512,3584,24,1183,2426,0.59228515625
9,512,3584,25,1183,2427,0.592529296875
9,512,3584,26,1183,2428,0.5927734375
9,512,3584,27,1183,2429,0.593017578125
9,512,3584,28,1183,2430,0.59326171875
9,512,3584,29,1183,2431,0.593505859375
9,512,3584,30,1183,2432,0.59375
9,512,3584,31,1183,2433,0.593994140625
9,512,3584,32,1199,2418,0.59033203125
9,512,3584,33,1199,2419,0.590576171875
9,512,3584,34,1199,2420,0.5908203125
9,512,3584,35,1199,2421,0.591064453125
9,512,3584,36,1199,2422,0.59130859375
9,512,3584,37,1199,2423,0.591552734375
9,512,3584,38,1199,2424,0.591796875
9,512,3584,39,1199,2425,0.592041015625
9,512,3584,40,1199,2426,0.59228515625
9,512,3584,41,1199,2427,0.592529296875
9,512,3584,42,1199,2428,0.5927734375
9,512,3584,43,1199,2429,0.593017578125
9,512,3584,44,1199,2430,0.59326171875
9,512,3584,45,1199,2431,0.593505859375
9,512,3584,46,1199,2432,0.59375
9,512,3584,47,1199,2433,0.593994140625
9,512,3584,48,1199,2434,0.59423828125
9,512,3584,49,1199,2435,0.594482421875
9,512,3584,50,1200,2435,0.594482421875
9,512,3584,51,1200,2436,0.5947265625
9,512,3584,52,1200,2437,0.594970703125
9,512,3584,53,1200,2438,0.59521484375
9,512,3584,54,1200,2439,0.595458984375
9,512,3584,55,1200,2440,0.595703125
9,512,3584,56,1208,2433,0.593994140625
9,512,3584,57,1208,2434,0.59423828125
9,512,3584,58,1208,2435,0.594482421875
9,512,3584,59,1208,2436,0.5947265625
9,512,3584,60,1208,2437,0.594970703125
9,512,3584,61,1208,2438,0.59521484375
9,512,3584,62,1208,2439,0.595458984375
9,512,3584,63,1208,2440,0.595703125
9,512,3584,64,1216,2433,0.593994140625
9,512,3584,65,1216,2434,0.59423828125
9,512,3584,66,1216,2435,0.594482421875
9,512,3584,67,1216,2436,0.5947265625
9,512,3584,68,1216,2437,0.594970703125
9,512,3584,69,1216,2438,0.59521484375
9,512,3584,70,1216,2439,0.595458984375
9,512,3584,71,1216,2440,0.595703125
9,512,3584,72,1216,2441,0.595947265625
9,512,3584,73,1216,2442,0.59619140625
9,512,3584,74,1216,2443,0.596435546875
9,512,3584,75,1216,2444,0.5966796875
9,512,3584,76,1216,2445,0.596923828125
9,512,3584,77,1216,2446,0.59716796875
9,512,3584,78,1216,2447,0.597412109375
9,512,3584,79,1216,2448,0.59765625
9,512,3584,80,1216,2449,0.597900390625
9,512,3584,81,1216,2450,0.59814453125
9,512,3584,82,1216,2451,0.598388671875
9,512,3584,83,1216,2452,0.5986328125
9,512,3584,84,1216,2453,0.598876953125
9,512,3584,85,1216,2454,0.59912109375
9,512,3584,86,1216,2455,0.599365234375
9,512,3584,87,1216,2456,0.599609375
9,512,3584,88,1216,2457,0.599853515625
9,512,3584,89,1216,2458,0.60009765625
9,512,3584,90,1216,2459,0.600341796875
9,512,3584,91,1216,2460,0.6005859375
9,512,3584,92,1216,2461,0.600830078125
9,512,3584,93,1216,2462,0.60107421875
9,512,3584,94,1216,2463,0.601318359375
9,512,3584,95,1216,2464,0.6015625
9,512,3584,96,1220,2461,0.600830078125
9,512,3584,97,1220,2462,0.60107421875
9,512,3584,98,1220,2463,0.601318359375
9,512,3584,99,1220,2464,0.6015625
9,512,3584,100,1220,2465,0.601806640625
9,512,3584,101,1220,2466,0.60205078125
9,512,3584,102,1220,2467,0.602294921875
9,512,3584,103,1220,2468,0.6025390625
9,512,3584,104,1220,2469,0.602783203125
9,512,3584,105,1220,2470,0.60302734375
9,512,3584,106,1220,2471,0.603271484375
9,512,3584,107,1220,2472,0.603515625
9,512,3584,108,1220,2473,0.603759765625
9,512,3584,109,1220,2474,0.60400390625
9,512,3584,110,1220,2475,0.604248046875
9,512,3584,111,1220,2476,0.6044921875
9,512,3584,112,1224,2473,0.603759765625
9,512,3584,113,1224,2474,0.60400390625
9,512,3584,114,1224,2475,0.604248046875
9,512,3584,115,1224,2476,0.6044921875
9,512,3584,116,1224,2477,0.604736328125
9,512,3584,117,1224,2478,0.60498046875
9,512,3584,118,1224,2479,0.605224609375
9,512,3584,119,1224,2480,0.60546875
9,512,3584,120,1224,2481,0.605712890625
9,512,3584,121,1224,2482,0.60595703125
9,512,3584,122,1224,2483,0.606201171875
9,512,3584,123,1224,2484,0.6064453125
9,512,3584,124,1224,2485,0.606689453125
9,512,3584,125,1224,2486,0.60693359375
9,512,3584,126,1224,2487,0.607177734375
9,512,3584,127,1224,2488,0.607421875
9,512,3584,128,1228,2485,0.606689453125
9,512,3584,129,1228,2486,0.60693359375
9,512,3584,130,1228,2487,0.607177734375
9,512,3584,131,1228,2488,0.607421875
9,512,3584,132,1228,2489,0.607666015625
9,512,3584,133,1228,2490,0.60791015625
9,512,3584,134,1228,2491,0.608154296875
9,512,3584,135,1228,2492,0.6083984375
9,512,3584,136,1228,2493,0.608642578125
9,512,3584,137,1228,2494,0.60888671875
9,512,3584,138,1228,2495,0.609130859375
9,512,3584,139,1228,2496,0.609375
9,512,3584,140,1228,2497,0.609619140625
9,512,3584,141,1228,2498,0.60986328125
9,512,3584,142,1228,2499,0.610107421875
9,512,3584,143,1228,2500,0.6103515625
9,512,3584,144,1228,2501,0.610595703125
9,512,3584,145,1228,2502,0.61083984375
9,512,3584,146,1228,2503,0.611083984375
9,512,3584,147,1228,2504,0.611328125
9,512,3584,148,1228,2505,0.611572265625
9,512,3584,149,1228,2506,0.61181640625
9,512,3584,150,1228,2507,0.612060546875
9,512,3584,151,1228,2508,0.6123046875
9,512,3584,152,1228,2509,0.612548828125
9,512,3584,153,1228,2510,0.61279296875
9,512,3584,154,1228,2511,0.613037109375
9,512,3584,155,1228,2512,0.61328125
9,512,3584,156,1228,2513,0.613525390625
9,512,3584,157,1228,2514,0.61376953125
9,512,3584,158,1228,2515,0.614013671875
9,512,3584,159,1228,2516,0.6142578125
9,512,3584,160,1230,2515,0.614013671875
9,512,3584,161,1230,2516,0.6142578125
9,512,3584,162,1230,2517,0.614501953125
9,512,3584,163,1230,2518,0.61474609375
9,512,3584,164,1230,2519,0.614990234375
9,512,3584,165,1230,2520,0.615234375
9,512,3584,166,1230,2521,0.615478515625
9,512,3584,167,1230,2522,0.61572265625
9,512,3584,168,1230,2523,0.615966796875
9,512,3584,169,1230,2524,0.6162109375
9,512,3584,170,1230,2525,0.616455078125
9,512,3584,171,1230,2526,0.61669921875
9,512,3584,172,1230,2527,0.616943359375
9,512,3584,173,1230,2528,0.6171875
9,512,3584,174,1230,2529,0.617431640625
9,512,3584,175,1230,2530,0.61767578125
9,512,3584,176,1230,2531,0.617919921875
9,512,3584,177,1230,2532,0.6181640625
9,512,3584,178,1232,2531,0.617919921875
9,512,3584,179,1232,2532,0.6181640625
9,512,3584,180,1232,2533,0.618408203125
9,512,3584,181,1232,2534,0.61865234375
9,512,3584,182,1232,2535,0.618896484375
9,512,3584,183,1232,2536,0.619140625
9,512,3584,184,1232,2537,0.619384765625
9,512,3584,185,1232,2538,0.61962890625
9,512,3584,186,1232,2539,0.619873046875
9,512,3584,187,1232,2540,0.6201171875
9,512,3584,188,1232,2541,0.620361328125
9,512,3584,189,1232,2542,0.62060546875
9,512,3584,190,1232,2543,0.620849609375
9,512,3584,191,1232,2544,0.62109375
9,512,3584,192,1232,2545,0.621337890625
9,512,3584,193,1232,2546,0.62158203125
9,512,3584,194,1232,2547,0.621826171875
9,512,3584,195,1232,2548,0.6220703125
9,512,3584,196,1232,2549,0.622314453125
9,512,3584,197,1232,2550,0.62255859375
9,512,3584,198,1232,2551,0.622802734375
9,512,3584,199,1232,2552,0.623046875
9,512,3584,200,1232,2553,0.623291015625
9,512,3584,201,1232,2554,0.62353515625
9,512,3584,202,1232,2555,0.623779296875
9,512,3584,203,1232,2556,0.6240234375
9,512,3584,204,1232,2557,0.624267578125
9,512,3584,205,1232,2558,0.62451171875
9,512,3584,206,1232,2559,0.624755859375
9,512,3584,207,1232,2560,0.625
9,512,3584,208,1234,2559,0.624755859375
9,512,3584,209,1234,2560,0.625
9,512,3584,210,1234,2561,0.625244140625
9,512,3584,211,1234,2562,0.62548828125
9,512,3584,212,1234,2563,0.625732421875
9,512,3584,213,1234,2564,0.6259765625
9,512,3584,214,1234,2565,0.626220703125
9,512,3584,215,1234,2566,0.62646484375
9,512,3584,216,1234,2567,0.626708984375
9,512,3584,217,1234,2568,0.626953125
9,512,3584,218,1234,2569,0.627197265625
9,512,3584,219,1234,2570,0.62744140625
9,512,3584,220,1234,2571,0.627685546875
9,512,3584,221,1234,2572,0.6279296875
9,512,3584,222,1234,2573,0.628173828125
9,512,3584,223,1234,2574,0.62841796875
9,512,3584,224,1235,2574,0.62841796875
9,512,3584,225,1235,2575,0.628662109375
9,512,3584,226,1235,2576,0.62890625
9,512,3584,227,1235,2577,0.629150390625
9,512,3584,228,1235,2578,0.62939453125
9,512,3584,229,1235,2579,0.629638671875
9,512,3584,230,1235,2580,0.6298828125
9,512,3584,231,1235,2581,0.630126953125
9,512,3584,232,1235,2582,0.63037109375
9,512,3584,233,1235,2583,0.630615234375
9,512,3584,234,1235,2584,0.630859375
9,512,3584,235,1235,2585,0.631103515625
9,512,3584,236,1235,2586,0.63134765625
9,512,3584,237,1235,2587,0.631591796875
9,512,3584,238,1235,2588,0.6318359375
9,512,3584,239,1235,2589,0.632080078125
9,512,3584,240,1237,2588,0.6318359375
9,512,3584,241,1237,2589,0.632080078125
9,512,3584,242,1237,2590,0.63232421875
9,512,3584,243,1237,2591,0.632568359375
9,512,3584,244,1237,2592,0.6328125
9,512,3584,245,1237,2593,0.633056640625
9,512,3584,246,1237,2594,0.63330078125
9,512,3584,247,1237,2595,0.633544921875
9,512,3584,248,1237,2596,0.6337890625
9,512,3584,249,1237,2597,0.634033203125
9,512,3584,250,1237,2598,0.63427734375
9,512,3584,251,1237,2599,0.634521484375
9,512,3584,252,1237,2600,0.634765625
9,512,3584,253,1237,2601,0.635009765625
9,512,3584,254,1237,2602,0.63525390625
9,512,3584,255,1237,2603,0.635498046875
9,512,3584,256,1239,2602,0.63525390625
9,512,3584,257,1239,2603,0.635498046875
9,512,3584,258,1239,2604,0.6357421875
9,512,3584,259,1239,2605,0.635986328125
9,512,3584,260,1239,2606,0.63623046875
9,512,3584,261,1239,2607,0.636474609375
9,512,3584,262,1239,2608,0.63671875
9,512,3584,263,1239,2609,0.636962890625
9,512,3584,264,1239,2610,0.63720703125
9,512,3584,265,1239,2611,0.637451171875
9,512,3584,266,1239,2612,0.6376953125
9,512,3584,267,1239,2613,0.637939453125
9,512,3584,268,1239,2614,0.63818359375
9,512,3584,269,1239,2615,0.638427734375
9,512,3584,270,1239,2616,0.638671875
9,512,3584,271,1239,2617,0.638916015625
9,512,3584,272,1239,2618,0.63916015625
9,512,3584,273,1239,2619,0.639404296875
9,512,3584,274,1239,2620,0.6396484375
9,512,3584,275,1239,2621,0.639892578125
9,512,3584,276,1239,2622,0.64013671875
9,512,3584,277,1239,2623,0.640380859375
9,512,3584,278,1239,2624,0.640625
9,512,3584,279,1239,2625,0.640869140625
9,512,3584,280,1239,2626,0.64111328125
9,512,3584,281,1239,2627,0.641357421875
9,512,3584,282,1239,2628,0.6416015625
9,512,3584,283,1239,2629,0.641845703125
9,512,3584,284,1239,2630,0.64208984375
9,512,3584,285,1239,2631,0.642333984375
9,512,3584,286,1239,2632,0.642578125
9,512,3584,287,1239,2633,0.642822265625
9,512,3584,288,1240,2633,0.642822265625
9,512,3584,289,1240,2634,0.64306640625
9,512,3584,290,1240,2635,0.643310546875
9,512,3584,291,1240,2636,0.6435546875
9,512,3584,292,1240,2637,0.643798828125
9,512,3584,293,1240,2638,0.64404296875
9,512,3584,294,1240,2639,0.644287109375
9,512,3584,295,1240,2640,0.64453125
9,512,3584,296,1240,2641,0.644775390625
9,512,3584,297,1240,2642,0.64501953125
9,512,3584,298,1240,2643,0.645263671875
9,512,3584,299,1240,2644,0.6455078125
9,512,3584,300,1240,2645,0.645751953125
9,512,3584,301,1240,2646,0.64599609375
9,512,3584,302,1240,2647,0.646240234375
9,512,3584,303,1240,2648,0.646484375
9,512,3584,304,1240,2649,0.646728515625
9,512,3584,305,1240,2650,0.64697265625
9,512,3584,306,1241,2650,0.64697265625
9,512,3584,307,1241,2651,0.647216796875
9,512,3584,308,1241,2652,0.6474609375
9,512,3584,309,1241,2653,0.647705078125
9,512,3584,310,1241,2654,0.64794921875
9,512,3584,311,1241,2655,0.648193359375
9,512,3584,312,1241,2656,0.6484375
9,512,3584,313,1241,2657,0.648681640625
9,512,3584,314,1241,2658,0.64892578125
9,512,3584,315,1241,2659,0.649169921875
9,512,3584,316,1241,2660,0.6494140625
9,512,3584,317,1241,2661,0.649658203125
9,512,3584,318,1241,2662,0.64990234375
9,512,3584,319,1241,2663,0.650146484375
9,512,3584,320,1242,2663,0.650146484375
9,512,3584,321,1242,2664,0.650390625
9,512,3584,322,1242,2665,0.650634765625
9,512,3584,323,1242,2666,0.65087890625
9,512,3584,324,1242,2667,0.651123046875
9,512,3584,325,1242,2668,0.6513671875
9,512,3584,326,1242,2669,0.651611328125
9,512,3584,327,1242,2670,0.65185546875
9,512,3584,328,1242,2671,0.652099609375
9,512,3584,329,1242,2672,0.65234375
9,512,3584,330,1242,2673,0.652587890625
9,512,3584,331,1242,2674,0.65283203125
9,512,3584,332,1242,2675,0.653076171875
9,512,3584,333,1242,2676,0.6533203125
9,512,3584,334,1242,2677,0.653564453125
9,512,3584,335,1242,2678,0.65380859375
9,512,3584,336,1242,2679,0.654052734375
9,512,3584,337,1242,2680,0.654296875
9,512,3584,338,1243,2680,0.654296875
9,512,3584,339,1243,2681,0.654541015625
9,512,3584,340,1243,2682,0.65478515625
9,512,3584,341,1243,2683,0.655029296875
9,512,3584,342,1243,2684,0.6552734375
9,512,3584,343,1243,2685,0.655517578125
9,512,3584,344,1243,2686,0.65576171875
9,512,3584,345,1243,2687,0.656005859375
9,512,3584,346,1243,2688,0.65625
9,512,3584,347,1243,2689,0.656494140625
9,512,3584,348,1243,2690,0.65673828125
9,512,3584,349,1243,2691,0.656982421875
9,512,3584,350,1243,2692,0.6572265625
9,512,3584,351,1243,2693,0.657470703125
9,512,3584,352,1243,2694,0.65771484375
9,512,3584,353,1243,2695,0.657958984375
9,512,3584,354,1243,2696,0.658203125
9,512,3584,355,1243,2697,0.658447265625
9,512,3584,356,1244,2697,0.658447265625
9,512,3584,357,1244,2698,0.65869140625
9,512,3584,358,1244,2699,0.658935546875
9,512,3584,359,1244,2700,0.6591796875
9,512,3584,360,1244,2701,0.659423828125
9,512,3584,361,1244,2702,0.65966796875
9,512,3584,362,1244,2703,0.659912109375
9,512,3584,363,1244,2704,0.66015625
9,512,3584,364,1244,2705,0.660400390625
9,512,3584,365,1244,2706,0.66064453125
9,512,3584,366,1244,2707,0.660888671875
9,512,3584,367,1244,2708,0.6611328125
9,512,3584,368,1244,2709,0.661376953125
9,512,3584,369,1244,2710,0.66162109375
9,512,3584,370,1244,2711,0.661865234375
9,512,3584,371,1244,2712,0.662109375
9,512,3584,372,1244,2713,0.662353515625
9,512,3584,373,1244,2714,0.66259765625
9,512,3584,374,1244,2715,0.662841796875
9,512,3584,375,1244,2716,0.6630859375
9,512,3584,376,1244,2717,0.663330078125
9,512,3584,377,1244,2718,0.66357421875
9,512,3584,378,1244,2719,0.663818359375
9,512,3584,379,1244,2720,0.6640625
9,512,3584,380,1244,2721,0.664306640625
9,512,3584,381,1244,2722,0.66455078125
9,512,3584,382,1244,2723,0.664794921875
9,512,3584,383,1244,2724,0.6650390625
9,512,3584,384,1244,2725,0.665283203125
9,512,3584,385,1244,2726,0.66552734375
9,512,3584,386,1245,2726,0.66552734375
9,512,3584,387,1245,2727,0.665771484375
9,512,3584,388,1245,2728,0.666015625
9,512,3584,389,1245,2729,0.666259765625
9,512,3584,390,1245,2730,0.66650390625
9,512,3584,391,1245,2731,0.666748046875
9,512,3584,392,1245,2732,0.6669921875
9,512,3584,393,1245,2733,0.667236328125
9,512,3584,394,1245,2734,0.66748046875
9,512,3584,395,1245,2735,0.667724609375
9,512,3584,396,1245,2736,0.66796875
9,512,3584,397,1245,2737,0.668212890625
9,512,3584,398,1245,2738,0.66845703125
9,512,3584,399,1245,2739,0.668701171875
9,512,3584,400,1245,2740,0.6689453125
9,512,3584,401,1245,2741,0.669189453125
9,512,3584,402,1245,2742,0.66943359375
9,512,3584,403,1245,2743,0.669677734375
9,512,3584,404,1245,2744,0.669921875
9,512,3584,405,1245,2745,0.670166015625
9,512,3584,406,1245,2746,0.67041015625
9,512,3584,407,1245,2747,0.670654296875
9,512,3584,408,1245,2748,0.6708984375
9,512,3584,409,1245,2749,0.671142578125
9,512,3584,410,1245,2750,0.67138671875
9,512,3584,411,1245,2751,0.671630859375
9,512,3584,412,1245,2752,0.671875
9,512,3584,413,1245,2753,0.672119140625
9,512,3584,414,1245,2754,0.67236328125
9,512,3584,415,1245,2755,0.672607421875
9,512,3584,416,1246,2755,0.672607421875
9,512,3584,417,1246,2756,0.6728515625
9,512,3584,418,1246,2757,0.673095703125
9,512,3584,419,1246,2758,0.67333984375
9,512,3584,420,1246,2759,0.673583984375
9,512,3584,421,1246,2760,0.673828125
9,512,3584,422,1246,2761,0.674072265625
9,512,3584,423,1246,2762,0.67431640625
9,512,3584,424,1246,2763,0.674560546875
9,512,3584,425,1246,2764,0.6748046875
9,512,3584,426,1246,2765,0.675048828125
9,512,3584,427,1246,2766,0.67529296875
9,512,3584,428,1246,2767,0.675537109375
9,512,3584,429,1246,2768,0.67578125
9,512,3584,430,1246,2769,0.676025390625
9,512,3584,431,1246,2770,0.67626953125
9,512,3584,432,1247,2770,0.67626953125
9,512,3584,433,1247,2771,0.676513671875
9,512,3584,434,1247,2772,0.6767578125
9,512,3584,435,1247,2773,0.677001953125
9,512,3584,436,1247,2774,0.67724609375
9,512,3584,437,1247,2775,0.677490234375
9,512,3584,438,1247,2776,0.677734375
9,512,3584,439,1247,2777,0.677978515625
9,512,3584,440,1247,2778,0.67822265625
9,512,3584,441,1247,2779,0.678466796875
9,512,3584,442,1247,2780,0.6787109375
9,512,3584,443,1247,2781,0.678955078125
9,512,3584,444,1247,2782,0.67919921875
9,512,3584,445,1247,2783,0.679443359375
9,512,3584,446,1247,2784,0.6796875
9,512,3584,447,1247,2785,0.679931640625
9,512,3584,448,1248,2785,0.679931640625
9,512,3584,449,1248,2786,0.68017578125
9,512,3584,450,1248,2787,0.680419921875
9,512,3584,451,1248,2788,0.6806640625
9,512,3584,452,1248,2789,0.680908203125
9,512,3584,453,1248,2790,0.68115234375
9,512,3584,454,1248,2791,0.681396484375
9,512,3584,455,1248,2792,0.681640625
9,512,3584,456,1248,2793,0.681884765625
9,512,3584,457,1248,2794,0.68212890625
9,512,3584,458,1248,2795,0.682373046875
9,512,3584,459,1248,2796,0.6826171875
9,512,3584,460,1248,2797,0.682861328125
9,512,3584,461,1248,2798,0.68310546875
9,512,3584,462,1248,2799,0.683349609375
9,512,3584,463,1248,2800,0.68359375
9,512,3584,464,1248,2801,0.683837890625
9,512,3584,465,1248,2802,0.68408203125
9,512,3584,466,1248,2803,0.684326171875
9,512,3584,467,1248,2804,0.6845703125
9,512,3584,468,1248,2805,0.684814453125
9,512,3584,469,1248,2806,0.68505859375
9,512,3584,470,1248,2807,0.685302734375
9,512,3584,471,1248,2808,0.685546875
9,512,3584,472,1248,2809,0.685791015625
9,512,3584,473,1248,2810,0.68603515625
9,512,3584,474,1248,2811,0.686279296875
9,512,3584,475,1248,2812,0.6865234375
9,512,3584,476,1248,2813,0.686767578125
9,512,3584,477,1248,2814,0.68701171875
9,512,3584,478,1248,2815,0.687255859375
9,512,3584,479,1248,2816,0.6875
9,512,3584,480,1249,2816,0.6875
9,512,3584,481,1249,2817,0.687744140625
9,512,3584,482,1249,2818,0.68798828125
9,512,3584,483,1249,2819,0.688232421875
9,512,3584,484,1249,2820,0.6884765625
9,512,3584,485,1249,2821,0.688720703125
9,512,3584,486,1249,2822,0.68896484375
9,512,3584,487,1249,2823,0.689208984375
9,512,3584,488,1249,2824,0.689453125
9,512,3584,489,1249,2825,0.689697265625
9,512,3584,490,1249,2826,0.68994140625
9,512,3584,491,1249,2827,0.690185546875
9,512,3584,492,1249,2828,0.6904296875
9,512,3584,493,1249,2829,0.690673828125
9,512,3584,494,1249,2830,0.69091796875
9,512,3584,495,1249,2831,0.691162109375
9,512,3584,496,1250,2831,0.691162109375
9,512,3584,497,1250,2832,0.69140625
9,512,3584,498,1250,2833,0.691650390625
9,512,3584,499,1250,2834,0.69189453125
9,512,3584,500,1250,2835,0.692138671875
9,512,3584,501,1250,2836,0.6923828125
9,512,3584,502,1250,2837,0.692626953125
9,512,3584,503,1250,2838,0.69287109375
9,512,3584,504,1250,2839,0.693115234375
9,512,3584,505,1250,2840,0.693359375
9,512,3584,506,1250,2841,0.693603515625
9,512,3584,507,1250,2842,0.69384765625
9,512,3584,508,1250,2843,0.694091796875
9,512,3584,509,1250,2844,0.6943359375
9,512,3584,510,1250,2845,0.694580078125
9,512,3584,511,1250,2846,0.69482421875
9,512,3584,512,1250,2847,0.695068359375
10,1024,7168,1,1220,5950,0.726318359375
10,1024,7168,2,1761,5410,0.660400390625
10,1024,7168,3,1761,5411,0.6605224609375
10,1024,7168,4,2032,5141,0.6275634765625
10,1024,7168,5,2032,5142,0.627685546875
10,1024,7168,6,2163,5012,0.61181640625
10,1024,7168,7,2163,5013,0.6119384765625
10,1024,7168,8,2292,4885,0.5963134765625
10,1024,7168,9,2292,4886,0.596435546875
10,1024,7168,10,2292,4887,0.5965576171875
10,1024,7168,11,2292,4888,0.5966796875
10,1024,7168,12,2292,4889,0.5968017578125
10,1024,7168,13,2292,4890,0.596923828125
10,1024,7168,14,2292,4891,0.5970458984375
10,1024,7168,15,2292,4892,0.59716796875
10,1024,7168,16,2362,4823,0.5887451171875
10,1024,7168,17,2363,4823,0.5887451171875
10,1024,7168,18,2363,4824,0.5888671875
10,1024,7168,19,2363,4825,0.5889892578125
10,1024,7168,20,2363,4826,0.589111328125
10,1024,7168,21,2363,4827,0.5892333984375
10,1024,7168,22,2363,4828,0.58935546875
10,1024,7168,23,2363,4829,0.5894775390625
10,1024,7168,24,2395,4798,0.585693359375
10,1024,7168,25,2395,4799,0.5858154296875
10,1024,7168,26,2395,4800,0.5859375
10,1024,7168,27,2395,4801,0.5860595703125
10,1024,7168,28,2395,4802,0.586181640625
10,1024,7168,29,2395,4803,0.5863037109375
10,1024,7168,30,2395,4804,0.58642578125
10,1024,7168,31,2395,4805,0.5865478515625
10,1024,7168,32,2427,4774,0.582763671875
10,1024,7168,33,2427,4775,0.5828857421875
10,1024,7168,34,2427,4776,0.5830078125
10,1024,7168,35,2427,4777,0.5831298828125
10,1024,7168,36,2427,4778,0.583251953125
10,1024,7168,37,2427,4779,0.5833740234375
10,1024,7168,38,2428,4779,0.5833740234375
10,1024,7168,39,2428,4780,0.58349609375
10,1024,7168,40,2428,4781,0.5836181640625
10,1024,7168,41,2428,4782,0.583740234375
10,1024,7168,42,2428,4783,0.5838623046875
10,1024,7168,43,2428,4784,0.583984375
10,1024,7168,44,2428,4785,0.5841064453125
10,1024,7168,45,2428,4786,0.584228515625
10,1024,7168,46,2428,4787,0.5843505859375
10,1024,7168,47,2428,4788,0.58447265625
10,1024,7168,48,2428,4789,0.5845947265625
10,1024,7168,49,2428,4790,0.584716796875
10,1024,7168,50,2430,4789,0.5845947265625
10,1024,7168,51,2430,4790,0.584716796875
10,1024,7168,52,2430,4791,0.5848388671875
10,1024,7168,53,2430,4792,0.5849609375
10,1024,7168,54,2430,4793,0.5850830078125
10,1024,7168,55,2430,4794,0.585205078125
10,1024,7168,56,2446,4779,0.5833740234375
10,1024,7168,57,2446,4780,0.58349609375
10,1024,7168,58,2446,4781,0.5836181640625
10,1024,7168,59,2446,4782,0.583740234375
10,1024,7168,60,2446,4783,0.5838623046875
10,1024,7168,61,2446,4784,0.583984375
10,1024,7168,62,2446,4785,0.5841064453125
10,1024,7168,63,2446,4786,0.584228515625
10,1024,7168,64,2462,4771,0.5823974609375
10,1024,7168,65,2462,4772,0.58251953125
10,1024,7168,66,2462,4773,0.5826416015625
10,1024,7168,67,2462,4774,0.582763671875
10,1024,7168,68,2462,4775,0.5828857421875
10,1024,7168,69,2462,4776,0.5830078125
10,1024,7168,70,2462,4777,0.5831298828125
10,1024,7168,71,2462,4778,0.583251953125
10,1024,7168,72,2463,4778,0.583251953125
10,1024,7168,73,2463,4779,0.5833740234375
10,1024,7168,74,2463,4780,0.58349609375
10,1024,7168,75,2463,4781,0.5836181640625
10,1024,7168,76,2463,4782,0.583740234375
10,1024,7168,77,2463,4783,0.5838623046875
10,1024,7168,78,2463,4784,0.583984375
10,1024,7168,79,2463,4785,0.5841064453125
10,1024,7168,80,2463,4786,0.584228515625
10,1024,7168,81,2463,4787,0.5843505859375
10,1024,7168,82,2463,4788,0.58447265625
10,1024,7168,83,2463,4789,0.5845947265625
10,1024,7168,84,2463,4790,0.584716796875
10,1024,7168,85,2463,4791,0.5848388671875
10,1024,7168,86,2463,4792,0.5849609375
10,1024,7168,87,2463,4793,0.5850830078125
10,1024,7168,88,2463,4794,0.585205078125
10,1024,7168,89,2463,4795,0.5853271484375
10,1024,7168,90,2463,4796,0.58544921875
10,1024,7168,91,2463,4797,0.5855712890625
10,1024,7168,92,2463,4798,0.585693359375
10,1024,7168,93,2463,4799,0.5858154296875
10,1024,7168,94,2463,4800,0.5859375
10,1024,7168,95,2463,4801,0.5860595703125
10,1024,7168,96,2471,4794,0.585205078125
10,1024,7168,97,2471,4795,0.5853271484375
10,1024,7168,98,2471,4796,0.58544921875
10,1024,7168,99,2471,4797,0.5855712890625
10,1024,7168,100,2471,4798,0.585693359375
10,1024,7168,101,2471,4799,0.5858154296875
10,1024,7168,102,2471,4800,0.5859375
10,1024,7168,103,2471,4801,0.5860595703125
10,1024,7168,104,2471,4802,0.586181640625
10,1024,7168,105,2471,4803,0.5863037109375
10,1024,7168,106,2471,4804,0.58642578125
10,1024,7168,107,2471,4805,0.5865478515625
10,1024,7168,108,2471,4806,0.586669921875
10,1024,7168,109,2471,4807,0.5867919921875
10,1024,7168,110,2471,4808,0.5869140625
10,1024,7168,111,2471,4809,0.5870361328125
10,1024,7168,112,2479,4802,0.586181640625
10,1024,7168,113,2479,4803,0.5863037109375
10,1024,7168,114,2479,4804,0.58642578125
10,1024,7168,115,2479,4805,0.5865478515625
10,1024,7168,116,2479,4806,0.586669921875
10,1024,7168,117,2479,4807,0.5867919921875
10,1024,7168,118,2479,4808,0.5869140625
10,1024,7168,119,2479,4809,0.5870361328125
10,1024,7168,120,2479,4810,0.587158203125
10,1024,7168,121,2479,4811,0.5872802734375
10,1024,7168,122,2479,4812,0.58740234375
10,1024,7168,123,2479,4813,0.5875244140625
10,1024,7168,124,2479,4814,0.587646484375
10,1024,7168,125,2479,4815,0.5877685546875
10,1024,7168,126,2479,4816,0.587890625
10,1024,7168,127,2480,4816,0.587890625
10,1024,7168,128,2488,4809,0.5870361328125
10,1024,7168,129,2488,4810,0.587158203125
10,1024,7168,130,2488,4811,0.5872802734375
10,1024,7168,131,2488,4812,0.58740234375
10,1024,7168,132,2488,4813,0.5875244140625
10,1024,7168,133,2488,4814,0.587646484375
10,1024,7168,134,2488,4815,0.5877685546875
10,1024,7168,135,2488,4816,0.587890625
10,1024,7168,136,2488,4817,0.5880126953125
10,1024,7168,137,2488,4818,0.588134765625
10,1024,7168,138,2488,4819,0.5882568359375
10,1024,7168,139,2488,4820,0.58837890625
10,1024,7168,140,2488,4821,0.5885009765625
10,1024,7168,141,2488,4822,0.588623046875
10,1024,7168,142,2488,4823,0.5887451171875
10,1024,7168,143,2488,4824,0.5888671875
10,1024,7168,144,2488,4825,0.5889892578125
10,1024,7168,145,2488,4826,0.589111328125
10,1024,7168,146,2488,4827,0.5892333984375
10,1024,7168,147,2488,4828,0.58935546875
10,1024,7168,148,2488,4829,0.5894775390625
10,1024,7168,149,2488,4830,0.589599609375
10,1024,7168,150,2488,4831,0.5897216796875
10,1024,7168,151,2488,4832,0.58984375
10,1024,7168,152,2488,4833,0.5899658203125
10,1024,7168,153,2488,4834,0.590087890625
10,1024,7168,154,2488,4835,0.5902099609375
10,1024,7168,155,2488,4836,0.59033203125
10,1024,7168,156,2488,4837,0.5904541015625
10,1024,7168,157,2488,4838,0.590576171875
10,1024,7168,158,2488,4839,0.5906982421875
10,1024,7168,159,2488,4840,0.5908203125
10,1024,7168,160,2492,4837,0.5904541015625
10,1024,7168,161,2492,4838,0.590576171875
10,1024,7168,162,2492,4839,0.5906982421875
10,1024,7168,163,2492,4840,0.5908203125
10,1024,7168,164,2492,4841,0.5909423828125
10,1024,7168,165,2492,4842,0.591064453125
10,1024,7168,166,2492,4843,0.5911865234375
10,1024,7168,167,2492,4844,0.59130859375
10,1024,7168,168,2492,4845,0.5914306640625
10,1024,7168,169,2492,4846,0.591552734375
10,1024,7168,170,2492,4847,0.5916748046875
10,1024,7168,171,2492,4848,0.591796875
10,1024,7168,172,2492,4849,0.5919189453125
10,1024,7168,173,2492,4850,0.592041015625
10,1024,7168,174,2492,4851,0.5921630859375
10,1024,7168,175,2492,4852,0.59228515625
10,1024,7168,176,2492,4853,0.5924072265625
10,1024,7168,177,2492,4854,0.592529296875
10,1024,7168,178,2496,4851,0.5921630859375
10,1024,7168,179,2496,4852,0.59228515625
10,1024,7168,180,2496,4853,0.5924072265625
10,1024,7168,181,2496,4854,0.592529296875
10,1024,7168,182,2496,4855,0.5926513671875
10,1024,7168,183,2496,4856,0.5927734375
10,1024,7168,184,2496,4857,0.5928955078125
10,1024,7168,185,2496,4858,0.593017578125
10,1024,7168,186,2496,4859,0.5931396484375
10,1024,7168,187,2496,4860,0.59326171875
10,1024,7168,188,2496,4861,0.5933837890625
10,1024,7168,189,2496,4862,0.593505859375
10,1024,7168,190,2496,4863,0.5936279296875
10,1024,7168,191,2496,4864,0.59375
10,1024,7168,192,2496,4865,0.5938720703125
10,1024,7168,193,2496,4866,0.593994140625
10,1024,7168,194,2496,4867,0.5941162109375
10,1024,7168,195,2496,4868,0.59423828125
10,1024,7168,196,2496,4869,0.5943603515625
10,1024,7168,197,2496,4870,0.594482421875
10,1024,7168,198,2496,4871,0.5946044921875
10,1024,7168,199,2496,4872,0.5947265625
10,1024,7168,200,2496,4873,0.5948486328125
10,1024,7168,201,2496,4874,0.594970703125
10,1024,7168,202,2496,4875,0.5950927734375
10,1024,7168,203,2496,4876,0.59521484375
10,1024,7168,204,2496,4877,0.5953369140625
10,1024,7168,205,2496,4878,0.595458984375
10,1024,7168,206,2496,4879,0.5955810546875
10,1024,7168,207,2496,4880,0.595703125
10,1024,7168,208,2500,4877,0.5953369140625
10,1024,7168,209,2500,4878,0.595458984375
10,1024,7168,210,2500,4879,0.5955810546875
10,1024,7168,211,2500,4880,0.595703125
10,1024,7168,212,2500,4881,0.5958251953125
10,1024,7168,213,2500,4882,0.595947265625
10,1024,7168,214,2500,4883,0.5960693359375
10,1024,7168,215,2500,4884,0.59619140625
10,1024,7168,216,2500,4885,0.5963134765625
10,1024,7168,217,2500,4886,0.596435546875
10,1024,7168,218,2500,4887,0.5965576171875
10,1024,7168,219,2500,4888,0.5966796875
10,1024,7168,220,2500,4889,0.5968017578125
10,1024,7168,221,2500,4890,0.596923828125
10,1024,7168,222,2500,4891,0.5970458984375
10,1024,7168,223,2500,4892,0.59716796875
10,1024,7168,224,2502,4891,0.5970458984375
10,1024,7168,225,2502,4892,0.59716796875
10,1024,7168,226,2502,4893,0.5972900390625
10,1024,7168,227,2502,4894,0.597412109375
10,1024,7168,228,2502,4895,0.5975341796875
10,1024,7168,229,2502,4896,0.59765625
10,1024,7168,230,2502,4897,0.5977783203125
10,1024,7168,231,2502,4898,0.597900390625
10,1024,7168,232,2502,4899,0.5980224609375
10,1024,7168,233,2502,4900,0.59814453125
10,1024,7168,234,2502,4901,0.5982666015625
10,1024,7168,235,2502,4902,0.598388671875
10,1024,7168,236,2502,4903,0.5985107421875
10,1024,7168,237,2502,4904,0.5986328125
10,1024,7168,238,2502,4905,0.5987548828125
10,1024,7168,239,2502,4906,0.598876953125
10,1024,7168,240,2506,4903,0.5985107421875
10,1024,7168,241,2506,4904,0.5986328125
10,1024,7168,242,2506,4905,0.5987548828125
10,1024,7168,243,2506,4906,0.598876953125
10,1024,7168,244,2506,4907,0.5989990234375
10,1024,7168,245,2506,4908,0.59912109375
10,1024,7168,246,2506,4909,0.5992431640625
10,1024,7168,247,2506,4910,0.599365234375
10,1024,7168,248,2506,4911,0.5994873046875
10,1024,7168,249,2506,4912,0.599609375
10,1024,7168,250,2506,4913,0.5997314453125
10,1024,7168,251,2506,4914,0.599853515625
10,1024,7168,252,2506,4915,0.5999755859375
10,1024,7168,253,2506,4916,0.60009765625
10,1024,7168,254,2506,4917,0.6002197265625
10,1024,7168,255,2506,4918,0.600341796875
10,1024,7168,256,2510,4915,0.5999755859375
10,1024,7168,257,2510,4916,0.60009765625
10,1024,7168,258,2510,4917,0.6002197265625
10,1024,7168,259,2510,4918,0.600341796875
10,1024,7168,260,2510,4919,0.6004638671875
10,1024,7168,261,2510,4920,0.6005859375
10,1024,7168,262,2510,4921,0.6007080078125
10,1024,7168,263,2510,4922,0.600830078125
10,1024,7168,264,2510,4923,0.6009521484375
10,1024,7168,265,2510,4924,0.60107421875
10,1024,7168,266,2510,4925,0.6011962890625
10,1024,7168,267,2510,4926,0.601318359375
10,1024,7168,268,2510,4927,0.6014404296875
10,1024,7168,269,2510,4928,0.6015625
10,1024,7168,270,2510,4929,0.6016845703125
10,1024,7168,271,2510,4930,0.601806640625
10,1024,7168,272,2510,4931,0.6019287109375
10,1024,7168,273,2510,4932,0.60205078125
10,1024,7168,274,2510,4933,0.6021728515625
10,1024,7168,275,2510,4934,0.602294921875
10,1024,7168,276,2510,4935,0.6024169921875
10,1024,7168,277,2510,4936,0.6025390625
10,1024,7168,278,2510,4937,0.6026611328125
10,1024,7168,279,2510,4938,0.602783203125
10,1024,7168,280,2510,4939,0.6029052734375
10,1024,7168,281,2510,4940,0.60302734375
10,1024,7168,282,2510,4941,0.6031494140625
10,1024,7168,283,2510,4942,0.603271484375
10,1024,7168,284,2510,4943,0.6033935546875
10,1024,7168,285,2510,4944,0.603515625
10,1024,7168,286,2510,4945,0.6036376953125
10,1024,7168,287,2510,4946,0.603759765625
10,1024,7168,288,2512,4945,0.6036376953125
10,1024,7168,289,2512,4946,0.603759765625
10,1024,7168,290,2512,4947,0.6038818359375
10,1024,7168,291,2512,4948,0.60400390625
10,1024,7168,292,2512,4949,0.6041259765625
10,1024,7168,293,2512,4950,0.604248046875
10,1024,7168,294,2512,4951,0.6043701171875
10,1024,7168,295,2512,4952,0.6044921875
10,1024,7168,296,2512,4953,0.6046142578125
10,1024,7168,297,2512,4954,0.604736328125
10,1024,7168,298,2512,4955,0.6048583984375
10,1024,7168,299,2512,4956,0.60498046875
10,1024,7168,300,2512,4957,0.6051025390625
10,1024,7168,301,2512,4958,0.605224609375
10,1024,7168,302,2512,4959,0.6053466796875
10,1024,7168,303,2512,4960,0.60546875
10,1024,7168,304,2512,4961,0.6055908203125
10,1024,7168,305,2512,4962,0.605712890625
10,1024,7168,306,2514,4961,0.6055908203125
10,1024,7168,307,2514,4962,0.605712890625
10,1024,7168,308,2514,4963,0.6058349609375
10,1024,7168,309,2514,4964,0.60595703125
10,1024,7168,310,2514,4965,0.6060791015625
10,1024,7168,311,2514,4966,0.606201171875
10,1024,7168,312,2514,4967,0.6063232421875
10,1024,7168,313,2514,4968,0.6064453125
10,1024,7168,314,2514,4969,0.6065673828125
10,1024,7168,315,2514,4970,0.606689453125
10,1024,7168,316,2514,4971,0.6068115234375
10,1024,7168,317,2514,4972,0.60693359375
10,1024,7168,318,2514,4973,0.6070556640625
10,1024,7168,319,2514,4974,0.607177734375
10,1024,7168,320,2516,4973,0.6070556640625
10,1024,7168,321,2516,4974,0.607177734375
10,1024,7168,322,2516,4975,0.6072998046875
10,1024,7168,323,2516,4976,0.607421875
10,1024,7168,324,2516,4977,0.6075439453125
10,1024,7168,325,2516,4978,0.607666015625
10,1024,7168,326,2516,4979,0.6077880859375
10,1024,7168,327,2516,4980,0.60791015625
10,1024,7168,328,2516,4981,0.6080322265625
10,1024,7168,329,2516,4982,0.608154296875
10,1024,7168,330,2516,4983,0.6082763671875
10,1024,7168,331,2516,4984,0.6083984375
10,1024,7168,332,2516,4985,0.6085205078125
10,1024,7168,333,2516,4986,0.608642578125
10,1024,7168,334,2516,4987,0.6087646484375
10,1024,7168,335,2516,4988,0.60888671875
10,1024,7168,336,2516,4989,0.6090087890625
10,1024,7168,337,2516,4990,0.609130859375
10,1024,7168,338,2518,4989,0.6090087890625
10,1024,7168,339,2518,4990,0.609130859375
10,1024,7168,340,2518,4991,0.6092529296875
10,1024,7168,341,2518,4992,0.609375
10,1024,7168,342,2518,4993,0.6094970703125
10,1024,7168,343,2518,4994,0.609619140625
10,1024,7168,344,2518,4995,0.6097412109375
10,1024,7168,345,2518,4996,0.60986328125
10,1024,7168,346,2518,4997,0.6099853515625
10,1024,7168,347,2518,4998,0.610107421875
10,1024,7168,348,2518,4999,0.6102294921875
10,1024,7168,349,2518,5000,0.6103515625
10,1024,7168,350,2518,5001,0.6104736328125
10,1024,7168,351,2518,5002,0.610595703125
10,1024,7168,352,2518,5003,0.6107177734375
10,1024,7168,353,2518,5004,0.61083984375
10,1024,7168,354,2518,5005,0.6109619140625
10,1024,7168,355,2518,5006,0.611083984375
10,1024,7168,356,2520,5005,0.6109619140625
10,1024,7168,357,2520,5006,0.611083984375
10,1024,7168,358,2520,5007,0.6112060546875
10,1024,7168,359,2520,5008,0.611328125
10,1024,7168,360,2520,5009,0.6114501953125
10,1024,7168,361,2520,5010,0.611572265625
10,1024,7168,362,2520,5011,0.6116943359375
10,1024,7168,363,2520,5012,0.61181640625
10,1024,7168,364,2520,5013,0.6119384765625
10,1024,7168,365,2520,5014,0.612060546875
10,1024,7168,366,2520,5015,0.6121826171875
10,1024,7168,367,2520,5016,0.6123046875
10,1024,7168,368,2520,5017,0.6124267578125
10,1024,7168,369,2520,5018,0.612548828125
10,1024,7168,370,2520,5019,0.6126708984375
10,1024,7168,371,2520,5020,0.61279296875
10,1024,7168,372,2520,5021,0.6129150390625
10,1024,7168,373,2520,5022,0.613037109375
10,1024,7168,374,2520,5023,0.6131591796875
10,1024,7168,375,2520,5024,0.61328125
10,1024,7168,376,2520,5025,0.6134033203125
10,1024,7168,377,2520,5026,0.613525390625
10,1024,7168,378,2520,5027,0.6136474609375
10,1024,7168,379,2520,5028,0.61376953125
10,1024,7168,380,2520,5029,0.6138916015625
10,1024,7168,381,2520,5030,0.614013671875
10,1024,7168,382,2520,5031,0.6141357421875
10,1024,7168,383,2520,5032,0.6142578125
10,1024,7168,384,2520,5033,0.6143798828125
10,1024,7168,385,2520,5034,0.614501953125
10,1024,7168,386,2522,5033,0.6143798828125
10,1024,7168,387,2522,5034,0.614501953125
10,1024,7168,388,2522,5035,0.6146240234375
10,1024,7168,389,2522,5036,0.61474609375
10,1024,7168,390,2522,5037,0.6148681640625
10,1024,7168,391,2522,5038,0.614990234375
10,1024,7168,392,2522,5039,0.6151123046875
10,1024,7168,393,2522,5040,0.615234375
10,1024,7168,394,2522,5041,0.6153564453125
10,1024,7168,395,2522,5042,0.615478515625
10,1024,7168,396,2522,5043,0.6156005859375
10,1024,7168,397,2522,5044,0.61572265625
10,1024,7168,398,2522,5045,0.6158447265625
10,1024,7168,399,2522,5046,0.615966796875
10,1024,7168,400,2522,5047,0.6160888671875
10,1024,7168,401,2522,5048,0.6162109375
10,1024,7168,402,2522,5049,0.6163330078125
10,1024,7168,403,2522,5050,0.616455078125
10,1024,7168,404,2522,5051,0.6165771484375
10,1024,7168,405,2522,5052,0.61669921875
10,1024,7168,406,2522,5053,0.6168212890625
10,1024,7168,407,2522,5054,0.616943359375
10,1024,7168,408,2522,5055,0.6170654296875
10,1024,7168,409,2522,5056,0.6171875
10,1024,7168,410,2522,5057,0.6173095703125
10,1024,7168,411,2522,5058,0.617431640625
10,1024,7168,412,2522,5059,0.6175537109375
10,1024,7168,413,2522,5060,0.61767578125
10,1024,7168,414,2522,5061,0.6177978515625
10,1024,7168,415,2522,5062,0.617919921875
10,1024,7168,416,2523,5062,0.617919921875
10,1024,7168,417,2523,5063,0.6180419921875
10,1024,7168,418,2523,5064,0.6181640625
10,1024,7168,419,2523,5065,0.6182861328125
10,1024,7168,420,2523,5066,0.618408203125
10,1024,7168,421,2523,5067,0.6185302734375
10,1024,7168,422,2523,5068,0.61865234375
10,1024,7168,423,2523,5069,0.6187744140625
10,1024,7168,424,2523,5070,0.618896484375
10,1024,7168,425,2523,5071,0.6190185546875
10,1024,7168,426,2523,5072,0.619140625
10,1024,7168,427,2523,5073,0.6192626953125
10,1024,7168,428,2523,5074,0.619384765625
10,1024,7168,429,2523,5075,0.6195068359375
10,1024,7168,430,2523,5076,0.61962890625
10,1024,7168,431,2523,5077,0.6197509765625
10,1024,7168,432,2525,5076,0.61962890625
10,1024,7168,433,2525,5077,0.6197509765625
10,1024,7168,434,2525,5078,0.619873046875
10,1024,7168,435,2525,5079,0.6199951171875
10,1024,7168,436,2525,5080,0.6201171875
10,1024,7168,437,2525,5081,0.6202392578125
10,1024,7168,438,2525,5082,0.620361328125
10,1024,7168,439,2525,5083,0.6204833984375
10,1024,7168,440,2525,5084,0.62060546875
10,1024,7168,441,2525,5085,0.6207275390625
10,1024,7168,442,2525,5086,0.620849609375
10,1024,7168,443,2525,5087,0.6209716796875
10,1024,7168,444,2525,5088,0.62109375
10,1024,7168,445,2525,5089,0.6212158203125
10,1024,7168,446,2525,5090,0.621337890625
10,1024,7168,447,2525,5091,0.6214599609375
10,1024,7168,448,2527,5090,0.621337890625
10,1024,7168,449,2527,5091,0.6214599609375
10,1024,7168,450,2527,5092,0.62158203125
10,1024,7168,451,2527,5093,0.6217041015625
10,1024,7168,452,2527,5094,0.621826171875
10,1024,7168,453,2527,5095,0.6219482421875
10,1024,7168,454,2527,5096,0.6220703125
10,1024,7168,455,2527,5097,0.6221923828125
10,1024,7168,456,2527,5098,0.622314453125
10,1024,7168,457,2527,5099,0.6224365234375
10,1024,7168,458,2527,5100,0.62255859375
10,1024,7168,459,2527,5101,0.6226806640625
10,1024,7168,460,2527,5102,0.622802734375
10,1024,7168,461,2527,5103,0.6229248046875
10,1024,7168,462,2527,5104,0.623046875
10,1024,7168,463,2527,5105,0.6231689453125
10,1024,7168,464,2527,5106,0.623291015625
10,1024,7168,465,2527,5107,0.6234130859375
10,1024,7168,466,2527,5108,0.62353515625
10,1024,7168,467,2527,5109,0.6236572265625
10,1024,7168,468,2527,5110,0.623779296875
10,1024,7168,469,2527,5111,0.6239013671875
10,1024,7168,470,2527,5112,0.6240234375
10,1024,7168,471,2527,5113,0.6241455078125
10,1024,7168,472,2527,5114,0.624267578125
10,1024,7168,473,2527,5115,0.6243896484375
10,1024,7168,474,2527,5116,0.62451171875
10,1024,7168,475,2527,5117,0.6246337890625
10,1024,7168,476,2527,5118,0.624755859375
10,1024,7168,477,2527,5119,0.6248779296875
10,1024,7168,478,2527,5120,0.625
10,1024,7168,479,2527,5121,0.6251220703125
10,1024,7168,480,2528,5121,0.6251220703125
10,1024,7168,481,2528,5122,0.625244140625
10,1024,7168,482,2528,5123,0.6253662109375
10,1024,7168,483,2528,5124,0.62548828125
10,1024,7168,484,2528,5125,0.6256103515625
10,1024,7168,485,2528,5126,0.625732421875
10,1024,7168,486,2528,5127,0.6258544921875
10,1024,7168,487,2528,5128,0.6259765625
10,1024,7168,488,2528,5129,0.6260986328125
10,1024,7168,489,2528,5130,0.626220703125
10,1024,7168,490,2528,5131,0.6263427734375
10,1024,7168,491,2528,5132,0.62646484375
10,1024,7168,492,2528,5133,0.6265869140625
10,1024,7168,493,2528,5134,0.626708984375
10,1024,7168,494,2528,5135,0.6268310546875
10,1024,7168,495,2528,5136,0.626953125
10,1024,7168,496,2529,5136,0.626953125
10,1024,7168,497,2529,5137,0.6270751953125
10,1024,7168,498,2529,5138,0.627197265625
10,1024,7168,499,2529,5139,0.6273193359375
10,1024,7168,500,2529,5140,0.62744140625
10,1024,7168,501,2529,5141,0.6275634765625
10,1024,7168,502,2529,5142,0.627685546875
10,1024,7168,503,2529,5143,0.6278076171875
10,1024,7168,504,2529,5144,0.6279296875
10,1024,7168,505,2529,5145,0.6280517578125
10,1024,7168,506,2529,5146,0.628173828125
10,1024,7168,507,2529,5147,0.6282958984375
10,1024,7168,508,2529,5148,0.62841796875
10,1024,7168,509,2529,5149,0.6285400390625
10,1024,7168,510,2529,5150,0.628662109375
10,1024,7168,511,2529,5151,0.6287841796875
10,1024,7168,512,2531,5150,0.628662109375
10,1024,7168,513,2531,5151,0.6287841796875
10,1024,7168,514,2531,5152,0.62890625
10,1024,7168,515,2531,5153,0.6290283203125
10,1024,7168,516,2531,5154,0.629150390625
10,1024,7168,517,2531,5155,0.6292724609375
10,1024,7168,518,2531,5156,0.62939453125
10,1024,7168,519,2531,5157,0.6295166015625
10,1024,7168,520,2531,5158,0.629638671875
10,1024,7168,521,2531,5159,0.6297607421875
10,1024,7168,522,2531,5160,0.6298828125
10,1024,7168,523,2531,5161,0.6300048828125
10,1024,7168,524,2531,5162,0.630126953125
10,1024,7168,525,2531,5163,0.6302490234375
10,1024,7168,526,2531,5164,0.63037109375
10,1024,7168,527,2531,5165,0.6304931640625
10,1024,7168,528,2531,5166,0.630615234375
10,1024,7168,529,2531,5167,0.6307373046875
10,1024,7168,530,2531,5168,0.630859375
10,1024,7168,531,2531,5169,0.6309814453125
10,1024,7168,532,2531,5170,0.631103515625
10,1024,7168,533,2531,5171,0.6312255859375
10,1024,7168,534,2531,5172,0.63134765625
10,1024,7168,535,2531,5173,0.6314697265625
10,1024,7168,536,2531,5174,0.631591796875
10,1024,7168,537,2531,5175,0.6317138671875
10,1024,7168,538,2531,5176,0.6318359375
10,1024,7168,539,2531,5177,0.6319580078125
10,1024,7168,540,2531,5178,0.632080078125
10,1024,7168,541,2531,5179,0.6322021484375
10,1024,7168,542,2531,5180,0.63232421875
10,1024,7168,543,2531,5181,0.6324462890625
10,1024,7168,544,2532,5181,0.6324462890625
10,1024,7168,545,2532,5182,0.632568359375
10,1024,7168,546,2532,5183,0.6326904296875
10,1024,7168,547,2532,5184,0.6328125
10,1024,7168,548,2532,5185,0.6329345703125
10,1024,7168,549,2532,5186,0.633056640625
10,1024,7168,550,2532,5187,0.6331787109375
10,1024,7168,551,2532,5188,0.63330078125
10,1024,7168,552,2532,5189,0.6334228515625
10,1024,7168,553,2532,5190,0.633544921875
10,1024,7168,554,2532,5191,0.6336669921875
10,1024,7168,555,2532,5192,0.6337890625
10,1024,7168,556,2532,5193,0.6339111328125
10,1024,7168,557,2532,5194,0.634033203125
10,1024,7168,558,2532,5195,0.6341552734375
10,1024,7168,559,2532,5196,0.63427734375
10,1024,7168,560,2532,5197,0.6343994140625
10,1024,7168,561,2532,5198,0.634521484375
10,1024,7168,562,2532,5199,0.6346435546875
10,1024,7168,563,2533,5199,0.6346435546875
10,1024,7168,564,2533,5200,0.634765625
10,1024,7168,565,2533,5201,0.6348876953125
10,1024,7168,566,2533,5202,0.635009765625
10,1024,7168,567,2533,5203,0.6351318359375
10,1024,7168,568,2533,5204,0.63525390625
10,1024,7168,569,2533,5205,0.6353759765625
10,1024,7168,570,2533,5206,0.635498046875
10,1024,7168,571,2533,5207,0.6356201171875
10,1024,7168,572,2533,5208,0.6357421875
10,1024,7168,573,2533,5209,0.6358642578125
10,1024,7168,574,2533,5210,0.635986328125
10,1024,7168,575,2533,5211,0.6361083984375
10,1024,7168,576,2534,5211,0.6361083984375
10,1024,7168,577,2534,5212,0.63623046875
10,1024,7168,578,2534,5213,0.6363525390625
10,1024,7168,579,2534,5214,0.636474609375
10,1024,7168,580,2534,5215,0.6365966796875
10,1024,7168,581,2534,5216,0.63671875
10,1024,7168,582,2534,5217,0.6368408203125
10,1024,7168,583,2534,5218,0.636962890625
10,1024,7168,584,2534,5219,0.6370849609375
10,1024,7168,585,2534,5220,0.63720703125
10,1024,7168,586,2534,5221,0.6373291015625
10,1024,7168,587,2534,5222,0.637451171875
10,1024,7168,588,2534,5223,0.6375732421875
10,1024,7168,589,2534,5224,0.6376953125
10,1024,7168,590,2534,5225,0.6378173828125
10,1024,7168,591,2534,5226,0.637939453125
10,1024,7168,592,2534,5227,0.6380615234375
10,1024,7168,593,2534,5228,0.63818359375
10,1024,7168,594,2535,5228,0.63818359375
10,1024,7168,595,2535,5229,0.6383056640625
10,1024,7168,596,2535,5230,0.638427734375
10,1024,7168,597,2535,5231,0.6385498046875
10,1024,7168,598,2535,5232,0.638671875
10,1024,7168,599,2535,5233,0.6387939453125
10,1024,7168,600,2535,5234,0.638916015625
10,1024,7168,601,2535,5235,0.6390380859375
10,1024,7168,602,2535,5236,0.63916015625
10,1024,7168,603,2535,5237,0.6392822265625
10,1024,7168,604,2535,5238,0.639404296875
10,1024,7168,605,2535,5239,0.6395263671875
10,1024,7168,606,2535,5240,0.6396484375
10,1024,7168,607,2535,5241,0.6397705078125
10,1024,7168,608,2536,5241,0.6397705078125
10,1024,7168,609,2536,5242,0.639892578125
10,1024,7168,610,2536,5243,0.6400146484375
10,1024,7168,611,2536,5244,0.64013671875
10,1024,7168,612,2536,5245,0.6402587890625
10,1024,7168,613,2536,5246,0.640380859375
10,1024,7168,614,2536,5247,0.6405029296875
10,1024,7168,615,2536,5248,0.640625
10,1024,7168,616,2536,5249,0.6407470703125
10,1024,7168,617,2536,5250,0.640869140625
10,1024,7168,618,2536,5251,0.6409912109375
10,1024,7168,619,2536,5252,0.64111328125
10,1024,7168,620,2536,5253,0.6412353515625
10,1024,7168,621,2536,5254,0.641357421875
10,1024,7168,622,2536,5255,0.6414794921875
10,1024,7168,623,2536,5256,0.6416015625
10,1024,7168,624,2536,5257,0.6417236328125
10,1024,7168,625,2536,5258,0.641845703125
10,1024,7168,626,2537,5258,0.641845703125
10,1024,7168,627,2537,5259,0.6419677734375
10,1024,7168,628,2537,5260,0.64208984375
10,1024,7168,629,2537,5261,0.6422119140625
10,1024,7168,630,2537,5262,0.642333984375
10,1024,7168,631,2537,5263,0.6424560546875
10,1024,7168,632,2537,5264,0.642578125
10,1024,7168,633,2537,5265,0.6427001953125
10,1024,7168,634,2537,5266,0.642822265625
10,1024,7168,635,2537,5267,0.6429443359375
10,1024,7168,636,2537,5268,0.64306640625
10,1024,7168,637,2537,5269,0.6431884765625
10,1024,7168,638,2537,5270,0.643310546875
10,1024,7168,639,2537,5271,0.6434326171875
10,1024,7168,640,2538,5271,0.6434326171875
10,1024,7168,641,2538,5272,0.6435546875
10,1024,7168,642,2538,5273,0.6436767578125
10,1024,7168,643,2538,5274,0.643798828125
10,1024,7168,644,2538,5275,0.6439208984375
10,1024,7168,645,2538,5276,0.64404296875
10,1024,7168,646,2538,5277,0.6441650390625
10,1024,7168,647,2538,5278,0.644287109375
10,1024,7168,648,2538,5279,0.6444091796875
10,1024,7168,649,2538,5280,0.64453125
10,1024,7168,650,2538,5281,0.6446533203125
10,1024,7168,651,2538,5282,0.644775390625
10,1024,7168,652,2538,5283,0.6448974609375
10,1024,7168,653,2538,5284,0.64501953125
10,1024,7168,654,2539,5284,0.64501953125
10,1024,7168,655,2539,5285,0.6451416015625
10,1024,7168,656,2539,5286,0.645263671875
10,1024,7168,657,2539,5287,0.6453857421875
10,1024,7168,658,2539,5288,0.6455078125
10,1024,7168,659,2539,5289,0.6456298828125
10,1024,7168,660,2539,5290,0.645751953125
10,1024,7168,661,2539,5291,0.6458740234375
10,1024,7168,662,2539,5292,0.64599609375
10,1024,7168,663,2539,5293,0.6461181640625
10,1024,7168,664,2539,5294,0.646240234375
10,1024,7168,665,2539,5295,0.6463623046875
10,1024,7168,666,2539,5296,0.646484375
10,1024,7168,667,2540,5296,0.646484375
10,1024,7168,668,2540,5297,0.6466064453125
10,1024,7168,669,2540,5298,0.646728515625
10,1024,7168,670,2540,5299,0.6468505859375
10,1024,7168,671,2540,5300,0.64697265625
10,1024,7168,672,2540,5301,0.6470947265625
10,1024,7168,673,2540,5302,0.647216796875
10,1024,7168,674,2540,5303,0.6473388671875
10,1024,7168,675,2540,5304,0.6474609375
10,1024,7168,676,2541,5304,0.6474609375
10,1024,7168,677,2541,5305,0.6475830078125
10,1024,7168,678,2541,5306,0.647705078125
10,1024,7168,679,2541,5307,0.6478271484375
10,1024,7168,680,2541,5308,0.64794921875
10,1024,7168,681,2541,5309,0.6480712890625
10,1024,7168,682,2541,5310,0.648193359375
10,1024,7168,683,2541,5311,0.6483154296875
10,1024,7168,684,2541,5312,0.6484375
10,1024,7168,685,2541,5313,0.6485595703125
10,1024,7168,686,2541,5314,0.648681640625
10,1024,7168,687,2541,5315,0.6488037109375
10,1024,7168,688,2541,5316,0.64892578125
10,1024,7168,689,2541,5317,0.6490478515625
10,1024,7168,690,2541,5318,0.649169921875
10,1024,7168,691,2541,5319,0.6492919921875
10,1024,7168,692,2541,5320,0.6494140625
10,1024,7168,693,2541,5321,0.6495361328125
10,1024,7168,694,2542,5321,0.6495361328125
10,1024,7168,695,2542,5322,0.649658203125
10,1024,7168,696,2542,5323,0.6497802734375
10,1024,7168,697,2542,5324,0.64990234375
10,1024,7168,698,2542,5325,0.6500244140625
10,1024,7168,699,2542,5326,0.650146484375
10,1024,7168,700,2542,5327,0.6502685546875
10,1024,7168,701,2542,5328,0.650390625
10,1024,7168,702,2542,5329,0.6505126953125
10,1024,7168,703,2542,5330,0.650634765625
10,1024,7168,704,2542,5331,0.6507568359375
10,1024,7168,705,2542,5332,0.65087890625
10,1024,7168,706,2542,5333,0.6510009765625
10,1024,7168,707,2542,5334,0.651123046875
10,1024,7168,708,2542,5335,0.6512451171875
10,1024,7168,709,2542,5336,0.6513671875
10,1024,7168,710,2542,5337,0.6514892578125
10,1024,7168,711,2542,5338,0.651611328125
10,1024,7168,712,2543,5338,0.651611328125
10,1024,7168,713,2543,5339,0.6517333984375
10,1024,7168,714,2543,5340,0.65185546875
10,1024,7168,715,2543,5341,0.6519775390625
10,1024,7168,716,2543,5342,0.652099609375
10,1024,7168,717,2543,5343,0.6522216796875
10,1024,7168,718,2543,5344,0.65234375
10,1024,7168,719,2543,5345,0.6524658203125
10,1024,7168,720,2543,5346,0.652587890625
10,1024,7168,721,2543,5347,0.6527099609375
10,1024,7168,722,2543,5348,0.65283203125
10,1024,7168,723,2543,5349,0.6529541015625
10,1024,7168,724,2543,5350,0.653076171875
10,1024,7168,725,2543,5351,0.6531982421875
10,1024,7168,726,2543,5352,0.6533203125
10,1024,7168,727,2543,5353,0.6534423828125
10,1024,7168,728,2543,5354,0.653564453125
10,1024,7168,729,2543,5355,0.6536865234375
10,1024,7168,730,2543,5356,0.65380859375
10,1024,7168,731,2543,5357,0.6539306640625
10,1024,7168,732,2543,5358,0.654052734375
10,1024,7168,733,2543,5359,0.6541748046875
10,1024,7168,734,2543,5360,0.654296875
10,1024,7168,735,2543,5361,0.6544189453125
10,1024,7168,736,2543,5362,0.654541015625
10,1024,7168,737,2543,5363,0.6546630859375
10,1024,7168,738,2543,5364,0.65478515625
10,1024,7168,739,2543,5365,0.6549072265625
10,1024,7168,740,2543,5366,0.655029296875
10,1024,7168,741,2543,5367,0.6551513671875
10,1024,7168,742,2544,5367,0.6551513671875
10,1024,7168,743,2544,5368,0.6552734375
10,1024,7168,744,2544,5369,0.6553955078125
10,1024,7168,745,2544,5370,0.655517578125
10,1024,7168,746,2544,5371,0.6556396484375
10,1024,7168,747,2544,5372,0.65576171875
10,1024,7168,748,2544,5373,0.6558837890625
10,1024,7168,749,2544,5374,0.656005859375
10,1024,7168,750,2544,5375,0.6561279296875
10,1024,7168,751,2544,5376,0.65625
10,1024,7168,752,2544,5377,0.6563720703125
10,1024,7168,753,2544,5378,0.656494140625
10,1024,7168,754,2544,5379,0.6566162109375
10,1024,7168,755,2544,5380,0.65673828125
10,1024,7168,756,2544,5381,0.6568603515625
10,1024,7168,757,2544,5382,0.656982421875
10,1024,7168,758,2544,5383,0.6571044921875
10,1024,7168,759,2544,5384,0.6572265625
10,1024,7168,760,2544,5385,0.6573486328125
10,1024,7168,761,2544,5386,0.657470703125
10,1024,7168,762,2544,5387,0.6575927734375
10,1024,7168,763,2544,5388,0.65771484375
10,1024,7168,764,2544,5389,0.6578369140625
10,1024,7168,765,2544,5390,0.657958984375
10,1024,7168,766,2544,5391,0.6580810546875
10,1024,7168,767,2544,5392,0.658203125
10,1024,7168,768,2544,5393,0.6583251953125
10,1024,7168,769,2544,5394,0.658447265625
10,1024,7168,770,2544,5395,0.6585693359375
10,1024,7168,771,2544,5396,0.65869140625
10,1024,7168,772,2545,5396,0.65869140625
10,1024,7168,773,2545,5397,0.6588134765625
10,1024,7168,774,2545,5398,0.658935546875
10,1024,7168,775,2545,5399,0.6590576171875
10,1024,7168,776,2545,5400,0.6591796875
10,1024,7168,777,2545,5401,0.6593017578125
10,1024,7168,778,2545,5402,0.659423828125
10,1024,7168,779,2545,5403,0.6595458984375
10,1024,7168,780,2545,5404,0.65966796875
10,1024,7168,781,2545,5405,0.6597900390625
10,1024,7168,782,2545,5406,0.659912109375
10,1024,7168,783,2545,5407,0.6600341796875
10,1024,7168,784,2545,5408,0.66015625
10,1024,7168,785,2545,5409,0.6602783203125
10,1024,7168,786,2545,5410,0.660400390625
10,1024,7168,787,2545,5411,0.6605224609375
10,1024,7168,788,2545,5412,0.66064453125
10,1024,7168,789,2545,5413,0.6607666015625
10,1024,7168,790,2545,5414,0.660888671875
10,1024,7168,791,2545,5415,0.6610107421875
10,1024,7168,792,2545,5416,0.6611328125
10,1024,7168,793,2545,5417,0.6612548828125
10,1024,7168,794,2545,5418,0.661376953125
10,1024,7168,795,2545,5419,0.6614990234375
10,1024,7168,796,2545,5420,0.66162109375
10,1024,7168,797,2545,5421,0.6617431640625
10,1024,7168,798,2545,5422,0.661865234375
10,1024,7168,799,2545,5423,0.6619873046875
10,1024,7168,800,2545,5424,0.662109375
10,1024,7168,801,2545,5425,0.6622314453125
10,1024,7168,802,2546,5425,0.6622314453125
10,1024,7168,803,2546,5426,0.662353515625
10,1024,7168,804,2546,5427,0.6624755859375
10,1024,7168,805,2546,5428,0.66259765625
10,1024,7168,806,2546,5429,0.6627197265625
10,1024,7168,807,2546,5430,0.662841796875
10,1024,7168,808,2546,5431,0.6629638671875
10,1024,7168,809,2546,5432,0.6630859375
10,1024,7168,810,2546,5433,0.6632080078125
10,1024,7168,811,2546,5434,0.663330078125
10,1024,7168,812,2546,5435,0.6634521484375
10,1024,7168,813,2546,5436,0.66357421875
10,1024,7168,814,2546,5437,0.6636962890625
10,1024,7168,815,2546,5438,0.663818359375
10,1024,7168,816,2546,5439,0.6639404296875
10,1024,7168,817,2546,5440,0.6640625
10,1024,7168,818,2546,5441,0.6641845703125
10,1024,7168,819,2546,5442,0.664306640625
10,1024,7168,820,2546,5443,0.6644287109375
10,1024,7168,821,2546,5444,0.66455078125
10,1024,7168,822,2546,5445,0.6646728515625
10,1024,7168,823,2546,5446,0.664794921875
10,1024,7168,824,2546,5447,0.6649169921875
10,1024,7168,825,2546,5448,0.6650390625
10,1024,7168,826,2546,5449,0.6651611328125
10,1024,7168,827,2546,5450,0.665283203125
10,1024,7168,828,2547,5450,0.665283203125
10,1024,7168,829,2547,5451,0.6654052734375
10,1024,7168,830,2547,5452,0.66552734375
10,1024,7168,831,2547,5453,0.6656494140625
10,1024,7168,832,2547,5454,0.665771484375
10,1024,7168,833,2547,5455,0.6658935546875
10,1024,7168,834,2547,5456,0.666015625
10,1024,7168,835,2547,5457,0.6661376953125
10,1024,7168,836,2547,5458,0.666259765625
10,1024,7168,837,2547,5459,0.6663818359375
10,1024,7168,838,2547,5460,0.66650390625
10,1024,7168,839,2547,5461,0.6666259765625
10,1024,7168,840,2547,5462,0.666748046875
10,1024,7168,841,2547,5463,0.6668701171875
10,1024,7168,842,2547,5464,0.6669921875
10,1024,7168,843,2547,5465,0.6671142578125
10,1024,7168,844,2547,5466,0.667236328125
10,1024,7168,845,2547,5467,0.6673583984375
10,1024,7168,846,2547,5468,0.66748046875
10,1024,7168,847,2547,5469,0.6676025390625
10,1024,7168,848,2548,5469,0.6676025390625
10,1024,7168,849,2548,5470,0.667724609375
10,1024,7168,850,2548,5471,0.6678466796875
10,1024,7168,851,2548,5472,0.66796875
10,1024,7168,852,2548,5473,0.6680908203125
10,1024,7168,853,2548,5474,0.668212890625
10,1024,7168,854,2548,5475,0.6683349609375
10,1024,7168,855,2548,5476,0.66845703125
10,1024,7168,856,2548,5477,0.6685791015625
10,1024,7168,857,2548,5478,0.668701171875
10,1024,7168,858,2548,5479,0.6688232421875
10,1024,7168,859,2548,5480,0.6689453125
10,1024,7168,860,2548,5481,0.6690673828125
10,1024,7168,861,2548,5482,0.669189453125
10,1024,7168,862,2548,5483,0.6693115234375
10,1024,7168,863,2548,5484,0.66943359375
10,1024,7168,864,2549,5484,0.66943359375
10,1024,7168,865,2549,5485,0.6695556640625
10,1024,7168,866,2549,5486,0.669677734375
10,1024,7168,867,2549,5487,0.6697998046875
10,1024,7168,868,2549,5488,0.669921875
10,1024,7168,869,2549,5489,0.6700439453125
10,1024,7168,870,2549,5490,0.670166015625
10,1024,7168,871,2549,5491,0.6702880859375
10,1024,7168,872,2549,5492,0.67041015625
10,1024,7168,873,2549,5493,0.6705322265625
10,1024,7168,874,2549,5494,0.670654296875
10,1024,7168,875,2549,5495,0.6707763671875
10,1024,7168,876,2549,5496,0.6708984375
10,1024,7168,877,2549,5497,0.6710205078125
10,1024,7168,878,2549,5498,0.671142578125
10,1024,7168,879,2549,5499,0.6712646484375
10,1024,7168,880,2549,5500,0.67138671875
10,1024,7168,881,2549,5501,0.6715087890625
10,1024,7168,882,2549,5502,0.671630859375
10,1024,7168,883,2549,5503,0.6717529296875
10,1024,7168,884,2549,5504,0.671875
10,1024,7168,885,2549,5505,0.6719970703125
10,1024,7168,886,2549,5506,0.672119140625
10,1024,7168,887,2549,5507,0.6722412109375
10,1024,7168,888,2549,5508,0.67236328125
10,1024,7168,889,2549,5509,0.6724853515625
10,1024,7168,890,2549,5510,0.672607421875
10,1024,7168,891,2549,5511,0.6727294921875
10,1024,7168,892,2549,5512,0.6728515625
10,1024,7168,893,2549,5513,0.6729736328125
10,1024,7168,894,2549,5514,0.673095703125
10,1024,7168,895,2549,5515,0.6732177734375
10,1024,7168,896,2550,5515,0.6732177734375
10,1024,7168,897,2550,5516,0.67333984375
10,1024,7168,898,2550,5517,0.6734619140625
10,1024,7168,899,2550,5518,0.673583984375
10,1024,7168,900,2550,5519,0.6737060546875
10,1024,7168,901,2550,5520,0.673828125
10,1024,7168,902,2550,5521,0.6739501953125
10,1024,7168,903,2550,5522,0.674072265625
10,1024,7168,904,2550,5523,0.6741943359375
10,1024,7168,905,2550,5524,0.67431640625
10,1024,7168,906,2550,5525,0.6744384765625
10,1024,7168,907,2550,5526,0.674560546875
10,1024,7168,908,2550,5527,0.6746826171875
10,1024,7168,909,2550,5528,0.6748046875
10,1024,7168,910,2550,5529,0.6749267578125
10,1024,7168,911,2550,5530,0.675048828125
10,1024,7168,912,2550,5531,0.6751708984375
10,1024,7168,913,2550,5532,0.67529296875
10,1024,7168,914,2550,5533,0.6754150390625
10,1024,7168,915,2550,5534,0.675537109375
10,1024,7168,916,2550,5535,0.6756591796875
10,1024,7168,917,2550,5536,0.67578125
10,1024,7168,918,2550,5537,0.6759033203125
10,1024,7168,919,2550,5538,0.676025390625
10,1024,7168,920,2550,5539,0.6761474609375
10,1024,7168,921,2550,5540,0.67626953125
10,1024,7168,922,2550,5541,0.6763916015625
10,1024,7168,923,2550,5542,0.676513671875
10,1024,7168,924,2550,5543,0.6766357421875
10,1024,7168,925,2550,5544,0.6767578125
10,1024,7168,926,2550,5545,0.6768798828125
10,1024,7168,927,2550,5546,0.677001953125
10,1024,7168,928,2551,5546,0.677001953125
10,1024,7168,929,2551,5547,0.6771240234375
10,1024,7168,930,2551,5548,0.67724609375
10,1024,7168,931,2551,5549,0.6773681640625
10,1024,7168,932,2551,5550,0.677490234375
10,1024,7168,933,2551,5551,0.6776123046875
10,1024,7168,934,2551,5552,0.677734375
10,1024,7168,935,2551,5553,0.6778564453125
10,1024,7168,936,2551,5554,0.677978515625
10,1024,7168,937,2551,5555,0.6781005859375
10,1024,7168,938,2551,5556,0.67822265625
10,1024,7168,939,2551,5557,0.6783447265625
10,1024,7168,940,2551,5558,0.678466796875
10,1024,7168,941,2551,5559,0.6785888671875
10,1024,7168,942,2551,5560,0.6787109375
10,1024,7168,943,2551,5561,0.6788330078125
10,1024,7168,944,2551,5562,0.678955078125
10,1024,7168,945,2551,5563,0.6790771484375
10,1024,7168,946,2551,5564,0.67919921875
10,1024,7168,947,2551,5565,0.6793212890625
10,1024,7168,948,2551,5566,0.679443359375
10,1024,7168,949,2551,5567,0.6795654296875
10,1024,7168,950,2551,5568,0.6796875
10,1024,7168,951,2551,5569,0.6798095703125
10,1024,7168,952,2551,5570,0.679931640625
10,1024,7168,953,2551,5571,0.6800537109375
10,1024,7168,954,2551,5572,0.68017578125
10,1024,7168,955,2551,5573,0.6802978515625
10,1024,7168,956,2551,5574,0.680419921875
10,1024,7168,957,2551,5575,0.6805419921875
10,1024,7168,958,2551,5576,0.6806640625
10,1024,7168,959,2551,5577,0.6807861328125
10,1024,7168,960,2551,5578,0.680908203125
10,1024,7168,961,2551,5579,0.6810302734375
10,1024,7168,962,2551,5580,0.68115234375
10,1024,7168,963,2551,5581,0.6812744140625
10,1024,7168,964,2551,5582,0.681396484375
10,1024,7168,965,2551,5583,0.6815185546875
10,1024,7168,966,2551,5584,0.681640625
10,1024,7168,967,2551,5585,0.6817626953125
10,1024,7168,968,2551,5586,0.681884765625
10,1024,7168,969,2551,5587,0.6820068359375
10,1024,7168,970,2551,5588,0.68212890625
10,1024,7168,971,2551,5589,0.6822509765625
10,1024,7168,972,2551,5590,0.682373046875
10,1024,7168,973,2551,5591,0.6824951171875
10,1024,7168,974,2551,5592,0.6826171875
10,1024,7168,975,2551,5593,0.6827392578125
10,1024,7168,976,2552,5593,0.6827392578125
10,1024,7168,977,2552,5594,0.682861328125
10,1024,7168,978,2552,5595,0.6829833984375
10,1024,7168,979,2552,5596,0.68310546875
10,1024,7168,980,2552,5597,0.6832275390625
10,1024,7168,981,2552,5598,0.683349609375
10,1024,7168,982,2552,5599,0.6834716796875
10,1024,7168,983,2552,5600,0.68359375
10,1024,7168,984,2552,5601,0.6837158203125
10,1024,7168,985,2552,5602,0.683837890625
10,1024,7168,986,2552,5603,0.6839599609375
10,1024,7168,987,2552,5604,0.68408203125
10,1024,7168,988,2552,5605,0.6842041015625
10,1024,7168,989,2552,5606,0.684326171875
10,1024,7168,990,2552,5607,0.6844482421875
10,1024,7168,991,2552,5608,0.6845703125
10,1024,7168,992,2553,5608,0.6845703125
10,1024,7168,993,2553,5609,0.6846923828125
10,1024,7168,994,2553,5610,0.684814453125
10,1024,7168,995,2553,5611,0.6849365234375
10,1024,7168,996,2553,5612,0.68505859375
10,1024,7168,997,2553,5613,0.6851806640625
10,1024,7168,998,2553,5614,0.685302734375
10,1024,7168,999,2553,5615,0.6854248046875
10,1024,7168,1000,2553,5616,0.685546875
10,1024,7168,1001,2553,5617,0.6856689453125
10,1024,7168,1002,2553,5618,0.685791015625
10,1024,7168,1003,2553,5619,0.6859130859375
10,1024,7168,1004,2553,5620,0.68603515625
10,1024,7168,1005,2553,5621,0.6861572265625
10,1024,7168,1006,2553,5622,0.686279296875
10,1024,7168,1007,2553,5623,0.6864013671875
10,1024,7168,1008,2553,5624,0.6865234375
10,1024,7168,1009,2553,5625,0.6866455078125
10,1024,7168,1010,2553,5626,0.686767578125
10,1024,7168,1011,2553,5627,0.6868896484375
10,1024,7168,1012,2553,5628,0.68701171875
10,1024,7168,1013,2553,5629,0.6871337890625
10,1024,7168,1014,2553,5630,0.687255859375
10,1024,7168,1015,2553,5631,0.6873779296875
10,1024,7168,1016,2553,5632,0.6875
10,1024,7168,1017,2553,5633,0.6876220703125
10,1024,7168,1018,2553,5634,0.687744140625
10,1024,7168,1019,2553,5635,0.6878662109375
10,1024,7168,1020,2553,5636,0.68798828125
10,1024,7168,1021,2553,5637,0.6881103515625
10,1024,7168,1022,2553,5638,0.688232421875
10,1024,7168,1023,2553,5639,0.6883544921875
10,1024,7168,1024,2553,5640,0.6884765625
11,2048,14336,1,2480,11858,0.7237548828125
11,2048,14336,2,3571,10768,0.6572265625
11,2048,14336,3,3571,10769,0.65728759765625
11,2048,14336,4,4116,10225,0.62408447265625
11,2048,14336,5,4116,10226,0.6241455078125
11,2048,14336,6,4380,9963,0.60809326171875
11,2048,14336,7,4380,9964,0.608154296875
11,2048,14336,8,4639,9706,0.5924072265625
11,2048,14336,9,4639,9707,0.59246826171875
11,2048,14336,10,4639,9708,0.592529296875
11,2048,14336,11,4639,9709,0.59259033203125
11,2048,14336,12,4639,9710,0.5926513671875
11,2048,14336,13,4639,9711,0.59271240234375
11,2048,14336,14,4640,9711,0.59271240234375
11,2048,14336,15,4640,9712,0.5927734375
11,2048,14336,16,4780,9573,0.58428955078125
11,2048,14336,17,4782,9572,0.584228515625
11,2048,14336,18,4782,9573,0.58428955078125
11,2048,14336,19,4782,9574,0.5843505859375
11,2048,14336,20,4782,9575,0.58441162109375
11,2048,14336,21,4782,9576,0.58447265625
11,2048,14336,22,4783,9576,0.58447265625
11,2048,14336,23,4783,9577,0.58453369140625
11,2048,14336,24,4847,9514,0.5806884765625
11,2048,14336,25,4847,9515,0.58074951171875
11,2048,14336,26,4847,9516,0.580810546875
11,2048,14336,27,4847,9517,0.58087158203125
11,2048,14336,28,4847,9518,0.5809326171875
11,2048,14336,29,4847,9519,0.58099365234375
11,2048,14336,30,4847,9520,0.5810546875
11,2048,14336,31,4847,9521,0.58111572265625
11,2048,14336,32,4911,9458,0.5772705078125
11,2048,14336,33,4912,9458,0.5772705078125
11,2048,14336,34,4912,9459,0.57733154296875
11,2048,14336,35,4912,9460,0.577392578125
11,2048,14336,36,4912,9461,0.57745361328125
11,2048,14336,37,4912,9462,0.5775146484375
11,2048,14336,38,4914,9461,0.57745361328125
11,2048,14336,39,4914,9462,0.5775146484375
11,2048,14336,40,4914,9463,0.57757568359375
11,2048,14336,41,4914,9464,0.57763671875
11,2048,14336,42,4914,9465,0.57769775390625
11,2048,14336,43,4914,9466,0.5777587890625
11,2048,14336,44,4914,9467,0.57781982421875
11,2048,14336,45,4914,9468,0.577880859375
11,2048,14336,46,4914,9469,0.57794189453125
11,2048,14336,47,4914,9470,0.5780029296875
11,2048,14336,48,4914,9471,0.57806396484375
11,2048,14336,49,4914,9472,0.578125
11,2048,14336,50,4918,9469,0.57794189453125
11,2048,14336,51,4918,9470,0.5780029296875
11,2048,14336,52,4918,9471,0.57806396484375
11,2048,14336,53,4918,9472,0.578125
11,2048,14336,54,4918,9473,0.57818603515625
11,2048,14336,55,4918,9474,0.5782470703125
11,2048,14336,56,4951,9442,0.5762939453125
11,2048,14336,57,4951,9443,0.57635498046875
11,2048,14336,58,4951,9444,0.576416015625
11,2048,14336,59,4951,9445,0.57647705078125
11,2048,14336,60,4951,9446,0.5765380859375
11,2048,14336,61,4951,9447,0.57659912109375
11,2048,14336,62,4951,9448,0.57666015625
11,2048,14336,63,4951,9449,0.57672119140625
11,2048,14336,64,4983,9418,0.5748291015625
11,2048,14336,65,4983,9419,0.57489013671875
11,2048,14336,66,4983,9420,0.574951171875
11,2048,14336,67,4983,9421,0.57501220703125
11,2048,14336,68,4983,9422,0.5750732421875
11,2048,14336,69,4983,9423,0.57513427734375
11,2048,14336,70,4983,9424,0.5751953125
11,2048,14336,71,4983,9425,0.57525634765625
11,2048,14336,72,4985,9424,0.5751953125
11,2048,14336,73,4985,9425,0.57525634765625
11,2048,14336,74,4985,9426,0.5753173828125
11,2048,14336,75,4985,9427,0.57537841796875
11,2048,14336,76,4985,9428,0.575439453125
11,2048,14336,77,4985,9429,0.57550048828125
11,2048,14336,78,4985,9430,0.5755615234375
11,2048,14336,79,4985,9431,0.57562255859375
11,2048,14336,80,4985,9432,0.57568359375
11,2048,14336,81,4985,9433,0.57574462890625
11,2048,14336,82,4985,9434,0.5758056640625
11,2048,14336,83,4985,9435,0.57586669921875
11,2048,14336,84,4986,9435,0.57586669921875
11,2048,14336,85,4986,9436,0.575927734375
11,2048,14336,86,4986,9437,0.57598876953125
11,2048,14336,87,4986,9438,0.5760498046875
11,2048,14336,88,4986,9439,0.57611083984375
11,2048,14336,89,4986,9440,0.576171875
11,2048,14336,90,4986,9441,0.57623291015625
11,2048,14336,91,4986,9442,0.5762939453125
11,2048,14336,92,4986,9443,0.57635498046875
11,2048,14336,93,4986,9444,0.576416015625
11,2048,14336,94,4986,9445,0.57647705078125
11,2048,14336,95,4986,9446,0.5765380859375
11,2048,14336,96,5002,9431,0.57562255859375
11,2048,14336,97,5002,9432,0.57568359375
11,2048,14336,98,5002,9433,0.57574462890625
11,2048,14336,99,5002,9434,0.5758056640625
11,2048,14336,100,5002,9435,0.57586669921875
11,2048,14336,101,5002,9436,0.575927734375
11,2048,14336,102,5002,9437,0.57598876953125
11,2048,14336,103,5002,9438,0.5760498046875
11,2048,14336,104,5002,9439,0.57611083984375
11,2048,14336,105,5002,9440,0.576171875
11,2048,14336,106,5002,9441,0.57623291015625
11,2048,14336,107,5002,9442,0.5762939453125
11,2048,14336,108,5002,9443,0.57635498046875
11,2048,14336,109,5002,9444,0.576416015625
11,2048,14336,110,5002,9445,0.57647705078125
11,2048,14336,111,5002,9446,0.5765380859375
11,2048,14336,112,5018,9431,0.57562255859375
11,2048,14336,113,5018,9432,0.57568359375
11,2048,14336,114,5018,9433,0.57574462890625
11,2048,14336,115,5018,9434,0.5758056640625
11,2048,14336,116,5018,9435,0.57586669921875
11,2048,14336,117,5019,9435,0.57586669921875
11,2048,14336,118,5019,9436,0.575927734375
11,2048,14336,119,5019,9437,0.57598876953125
11,2048,14336,120,5019,9438,0.5760498046875
11,2048,14336,121,5019,9439,0.57611083984375
11,2048,14336,122,5019,9440,0.576171875
11,2048,14336,123,5019,9441,0.57623291015625
11,2048,14336,124,5019,9442,0.5762939453125
11,2048,14336,125,5019,9443,0.57635498046875
11,2048,14336,126,5019,9444,0.576416015625
11,2048,14336,127,5021,9443,0.57635498046875
11,2048,14336,128,5037,9428,0.575439453125
11,2048,14336,129,5037,9429,0.57550048828125
11,2048,14336,130,5037,9430,0.5755615234375
11,2048,14336,131,5037,9431,0.57562255859375
11,2048,14336,132,5037,9432,0.57568359375
11,2048,14336,133,5037,9433,0.57574462890625
11,2048,14336,134,5037,9434,0.5758056640625
11,2048,14336,135,5037,9435,0.57586669921875
11,2048,14336,136,5037,9436,0.575927734375
11,2048,14336,137,5037,9437,0.57598876953125
11,2048,14336,138,5037,9438,0.5760498046875
11,2048,14336,139,5037,9439,0.57611083984375
11,2048,14336,140,5037,9440,0.576171875
11,2048,14336,141,5037,9441,0.57623291015625
11,2048,14336,142,5037,9442,0.5762939453125
11,2048,14336,143,5037,9443,0.57635498046875
11,2048,14336,144,5037,9444,0.576416015625
11,2048,14336,145,5037,9445,0.57647705078125
11,2048,14336,146,5037,9446,0.5765380859375
11,2048,14336,147,5037,9447,0.57659912109375
11,2048,14336,148,5037,9448,0.57666015625
11,2048,14336,149,5037,9449,0.57672119140625
11,2048,14336,150,5037,9450,0.5767822265625
11,2048,14336,151,5037,9451,0.57684326171875
11,2048,14336,152,5037,9452,0.576904296875
11,2048,14336,153,5037,9453,0.57696533203125
11,2048,14336,154,5037,9454,0.5770263671875
11,2048,14336,155,5037,9455,0.57708740234375
11,2048,14336,156,5037,9456,0.5771484375
11,2048,14336,157,5037,9457,0.57720947265625
11,2048,14336,158,5038,9457,0.57720947265625
11,2048,14336,159,5038,9458,0.5772705078125
11,2048,14336,160,5046,9451,0.57684326171875
11,2048,14336,161,5046,9452,0.576904296875
11,2048,14336,162,5046,9453,0.57696533203125
11,2048,14336,163,5046,9454,0.5770263671875
11,2048,14336,164,5046,9455,0.57708740234375
11,2048,14336,165,5046,9456,0.5771484375
11,2048,14336,166,5046,9457,0.57720947265625
11,2048,14336,167,5046,9458,0.5772705078125
11,2048,14336,168,5046,9459,0.57733154296875
11,2048,14336,169,5046,9460,0.577392578125
11,2048,14336,170,5046,9461,0.57745361328125
11,2048,14336,171,5046,9462,0.5775146484375
11,2048,14336,172,5046,9463,0.57757568359375
11,2048,14336,173,5046,9464,0.57763671875
11,2048,14336,174,5046,9465,0.57769775390625
11,2048,14336,175,5046,9466,0.5777587890625
11,2048,14336,176,5046,9467,0.57781982421875
11,2048,14336,177,5046,9468,0.577880859375
11,2048,14336,178,5054,9461,0.57745361328125
11,2048,14336,179,5054,9462,0.5775146484375
11,2048,14336,180,5054,9463,0.57757568359375
11,2048,14336,181,5054,9464,0.57763671875
11,2048,14336,182,5054,9465,0.57769775390625
11,2048,14336,183,5054,9466,0.5777587890625
11,2048,14336,184,5054,9467,0.57781982421875
11,2048,14336,185,5054,9468,0.577880859375
11,2048,14336,186,5054,9469,0.57794189453125
11,2048,14336,187,5054,9470,0.5780029296875
11,2048,14336,188,5054,9471,0.57806396484375
11,2048,14336,189,5054,9472,0.578125
11,2048,14336,190,5054,9473,0.57818603515625
11,2048,14336,191,5054,9474,0.5782470703125
11,2048,14336,192,5054,9475,0.57830810546875
11,2048,14336,193,5054,9476,0.578369140625
11,2048,14336,194,5054,9477,0.57843017578125
11,2048,14336,195,5054,9478,0.5784912109375
11,2048,14336,196,5054,9479,0.57855224609375
11,2048,14336,197,5054,9480,0.57861328125
11,2048,14336,198,5054,9481,0.57867431640625
11,2048,14336,199,5054,9482,0.5787353515625
11,2048,14336,200,5054,9483,0.57879638671875
11,2048,14336,201,5054,9484,0.578857421875
11,2048,14336,202,5054,9485,0.57891845703125
11,2048,14336,203,5054,9486,0.5789794921875
11,2048,14336,204,5054,9487,0.57904052734375
11,2048,14336,205,5054,9488,0.5791015625
11,2048,14336,206,5054,9489,0.57916259765625
11,2048,14336,207,5054,9490,0.5792236328125
11,2048,14336,208,5063,9482,0.5787353515625
11,2048,14336,209,5063,9483,0.57879638671875
11,2048,14336,210,5063,9484,0.578857421875
11,2048,14336,211,5063,9485,0.57891845703125
11,2048,14336,212,5063,9486,0.5789794921875
11,2048,14336,213,5063,9487,0.57904052734375
11,2048,14336,214,5063,9488,0.5791015625
11,2048,14336,215,5063,9489,0.57916259765625
11,2048,14336,216,5063,9490,0.5792236328125
11,2048,14336,217,5063,9491,0.57928466796875
11,2048,14336,218,5063,9492,0.579345703125
11,2048,14336,219,5063,9493,0.57940673828125
11,2048,14336,220,5063,9494,0.5794677734375
11,2048,14336,221,5063,9495,0.57952880859375
11,2048,14336,222,5063,9496,0.57958984375
11,2048,14336,223,5063,9497,0.57965087890625
11,2048,14336,224,5067,9494,0.5794677734375
11,2048,14336,225,5067,9495,0.57952880859375
11,2048,14336,226,5067,9496,0.57958984375
11,2048,14336,227,5067,9497,0.57965087890625
11,2048,14336,228,5067,9498,0.5797119140625
11,2048,14336,229,5067,9499,0.57977294921875
11,2048,14336,230,5067,9500,0.579833984375
11,2048,14336,231,5067,9501,0.57989501953125
11,2048,14336,232,5067,9502,0.5799560546875
11,2048,14336,233,5067,9503,0.58001708984375
11,2048,14336,234,5067,9504,0.580078125
11,2048,14336,235,5067,9505,0.58013916015625
11,2048,14336,236,5067,9506,0.5802001953125
11,2048,14336,237,5067,9507,0.58026123046875
11,2048,14336,238,5067,9508,0.580322265625
11,2048,14336,239,5067,9509,0.58038330078125
11,2048,14336,240,5075,9502,0.5799560546875
11,2048,14336,241,5075,9503,0.58001708984375
11,2048,14336,242,5075,9504,0.580078125
11,2048,14336,243,5075,9505,0.58013916015625
11,2048,14336,244,5075,9506,0.5802001953125
11,2048,14336,245,5075,9507,0.58026123046875
11,2048,14336,246,5075,9508,0.580322265625
11,2048,14336,247,5075,9509,0.58038330078125
11,2048,14336,248,5075,9510,0.5804443359375
11,2048,14336,249,5075,9511,0.58050537109375
11,2048,14336,250,5075,9512,0.58056640625
11,2048,14336,251,5075,9513,0.58062744140625
11,2048,14336,252,5075,9514,0.5806884765625
11,2048,14336,253,5075,9515,0.58074951171875
11,2048,14336,254,5075,9516,0.580810546875
11,2048,14336,255,5075,9517,0.58087158203125
11,2048,14336,256,5083,9510,0.5804443359375
11,2048,14336,257,5083,9511,0.58050537109375
11,2048,14336,258,5083,9512,0.58056640625
11,2048,14336,259,5083,9513,0.58062744140625
11,2048,14336,260,5083,9514,0.5806884765625
11,2048,14336,261,5083,9515,0.58074951171875
11,2048,14336,262,5083,9516,0.580810546875
11,2048,14336,263,5083,9517,0.58087158203125
11,2048,14336,264,5083,9518,0.5809326171875
11,2048,14336,265,5083,9519,0.58099365234375
11,2048,14336,266,5083,9520,0.5810546875
11,2048,14336,267,5083,9521,0.58111572265625
11,2048,14336,268,5083,9522,0.5811767578125
11,2048,14336,269,5083,9523,0.58123779296875
11,2048,14336,270,5083,9524,0.581298828125
11,2048,14336,271,5083,9525,0.58135986328125
11,2048,14336,272,5083,9526,0.5814208984375
11,2048,14336,273,5083,9527,0.58148193359375
11,2048,14336,274,5084,9527,0.58148193359375
11,2048,14336,275,5084,9528,0.58154296875
11,2048,14336,276,5084,9529,0.58160400390625
11,2048,14336,277,5084,9530,0.5816650390625
11,2048,14336,278,5084,9531,0.58172607421875
11,2048,14336,279,5084,9532,0.581787109375
11,2048,14336,280,5084,9533,0.58184814453125
11,2048,14336,281,5084,9534,0.5819091796875
11,2048,14336,282,5084,9535,0.58197021484375
11,2048,14336,283,5084,9536,0.58203125
11,2048,14336,284,5084,9537,0.58209228515625
11,2048,14336,285,5084,9538,0.5821533203125
11,2048,14336,286,5084,9539,0.58221435546875
11,2048,14336,287,5084,9540,0.582275390625
11,2048,14336,288,5088,9537,0.58209228515625
11,2048,14336,289,5088,9538,0.5821533203125
11,2048,14336,290,5088,9539,0.58221435546875
11,2048,14336,291,5088,9540,0.582275390625
11,2048,14336,292,5088,9541,0.58233642578125
11,2048,14336,293,5088,9542,0.5823974609375
11,2048,14336,294,5088,9543,0.58245849609375
11,2048,14336,295,5088,9544,0.58251953125
11,2048,14336,296,5088,9545,0.58258056640625
11,2048,14336,297,5088,9546,0.5826416015625
11,2048,14336,298,5088,9547,0.58270263671875
11,2048,14336,299,5088,9548,0.582763671875
11,2048,14336,300,5088,9549,0.58282470703125
11,2048,14336,301,5088,9550,0.5828857421875
11,2048,14336,302,5088,9551,0.58294677734375
11,2048,14336,303,5088,9552,0.5830078125
11,2048,14336,304,5088,9553,0.58306884765625
11,2048,14336,305,5088,9554,0.5831298828125
11,2048,14336,306,5092,9551,0.58294677734375
11,2048,14336,307,5092,9552,0.5830078125
11,2048,14336,308,5092,9553,0.58306884765625
11,2048,14336,309,5092,9554,0.5831298828125
11,2048,14336,310,5092,9555,0.58319091796875
11,2048,14336,311,5092,9556,0.583251953125
11,2048,14336,312,5092,9557,0.58331298828125
11,2048,14336,313,5092,9558,0.5833740234375
11,2048,14336,314,5092,9559,0.58343505859375
11,2048,14336,315,5092,9560,0.58349609375
11,2048,14336,316,5092,9561,0.58355712890625
11,2048,14336,317,5092,9562,0.5836181640625
11,2048,14336,318,5092,9563,0.58367919921875
11,2048,14336,319,5092,9564,0.583740234375
11,2048,14336,320,5096,9561,0.58355712890625
11,2048,14336,321,5096,9562,0.5836181640625
11,2048,14336,322,5096,9563,0.58367919921875
11,2048,14336,323,5096,9564,0.583740234375
11,2048,14336,324,5096,9565,0.58380126953125
11,2048,14336,325,5096,9566,0.5838623046875
11,2048,14336,326,5096,9567,0.58392333984375
11,2048,14336,327,5096,9568,0.583984375
11,2048,14336,328,5096,9569,0.58404541015625
11,2048,14336,329,5096,9570,0.5841064453125
11,2048,14336,330,5096,9571,0.58416748046875
11,2048,14336,331,5096,9572,0.584228515625
11,2048,14336,332,5096,9573,0.58428955078125
11,2048,14336,333,5096,9574,0.5843505859375
11,2048,14336,334,5096,9575,0.58441162109375
11,2048,14336,335,5096,9576,0.58447265625
11,2048,14336,336,5096,9577,0.58453369140625
11,2048,14336,337,5096,9578,0.5845947265625
11,2048,14336,338,5100,9575,0.58441162109375
11,2048,14336,339,5100,9576,0.58447265625
11,2048,14336,340,5100,9577,0.58453369140625
11,2048,14336,341,5100,9578,0.5845947265625
11,2048,14336,342,5100,9579,0.58465576171875
11,2048,14336,343,5100,9580,0.584716796875
11,2048,14336,344,5100,9581,0.58477783203125
11,2048,14336,345,5100,9582,0.5848388671875
11,2048,14336,346,5100,9583,0.58489990234375
11,2048,14336,347,5100,9584,0.5849609375
11,2048,14336,348,5100,9585,0.58502197265625
11,2048,14336,349,5100,9586,0.5850830078125
11,2048,14336,350,5100,9587,0.58514404296875
11,2048,14336,351,5100,9588,0.585205078125
11,2048,14336,352,5100,9589,0.58526611328125
11,2048,14336,353,5100,9590,0.5853271484375
11,2048,14336,354,5100,9591,0.58538818359375
11,2048,14336,355,5100,9592,0.58544921875
11,2048,14336,356,5104,9589,0.58526611328125
11,2048,14336,357,5104,9590,0.5853271484375
11,2048,14336,358,5104,9591,0.58538818359375
11,2048,14336,359,5104,9592,0.58544921875
11,2048,14336,360,5104,9593,0.58551025390625
11,2048,14336,361,5104,9594,0.5855712890625
11,2048,14336,362,5104,9595,0.58563232421875
11,2048,14336,363,5104,9596,0.585693359375
11,2048,14336,364,5104,9597,0.58575439453125
11,2048,14336,365,5104,9598,0.5858154296875
11,2048,14336,366,5104,9599,0.58587646484375
11,2048,14336,367,5104,9600,0.5859375
11,2048,14336,368,5104,9601,0.58599853515625
11,2048,14336,369,5104,9602,0.5860595703125
11,2048,14336,370,5104,9603,0.58612060546875
11,2048,14336,371,5104,9604,0.586181640625
11,2048,14336,372,5104,9605,0.58624267578125
11,2048,14336,373,5104,9606,0.5863037109375
11,2048,14336,374,5104,9607,0.58636474609375
11,2048,14336,375,5105,9607,0.58636474609375
11,2048,14336,376,5105,9608,0.58642578125
11,2048,14336,377,5105,9609,0.58648681640625
11,2048,14336,378,5105,9610,0.5865478515625
11,2048,14336,379,5105,9611,0.58660888671875
11,2048,14336,380,5105,9612,0.586669921875
11,2048,14336,381,5105,9613,0.58673095703125
11,2048,14336,382,5105,9614,0.5867919921875
11,2048,14336,383,5105,9615,0.58685302734375
11,2048,14336,384,5105,9616,0.5869140625
11,2048,14336,385,5105,9617,0.58697509765625
11,2048,14336,386,5109,9614,0.5867919921875
11,2048,14336,387,5109,9615,0.58685302734375
11,2048,14336,388,5109,9616,0.5869140625
11,2048,14336,389,5109,9617,0.58697509765625
11,2048,14336,390,5109,9618,0.5870361328125
11,2048,14336,391,5109,9619,0.58709716796875
11,2048,14336,392,5109,9620,0.587158203125
11,2048,14336,393,5109,9621,0.58721923828125
11,2048,14336,394,5109,9622,0.5872802734375
11,2048,14336,395,5109,9623,0.58734130859375
11,2048,14336,396,5109,9624,0.58740234375
11,2048,14336,397,5109,9625,0.58746337890625
11,2048,14336,398,5109,9626,0.5875244140625
11,2048,14336,399,5109,9627,0.58758544921875
11,2048,14336,400,5109,9628,0.587646484375
11,2048,14336,401,5109,9629,0.58770751953125
11,2048,14336,402,5109,9630,0.5877685546875
11,2048,14336,403,5109,9631,0.58782958984375
11,2048,14336,404,5109,9632,0.587890625
11,2048,14336,405,5109,9633,0.58795166015625
11,2048,14336,406,5109,9634,0.5880126953125
11,2048,14336,407,5109,9635,0.58807373046875
11,2048,14336,408,5109,9636,0.588134765625
11,2048,14336,409,5109,9637,0.58819580078125
11,2048,14336,410,5109,9638,0.5882568359375
11,2048,14336,411,5109,9639,0.58831787109375
11,2048,14336,412,5109,9640,0.58837890625
11,2048,14336,413,5109,9641,0.58843994140625
11,2048,14336,414,5109,9642,0.5885009765625
11,2048,14336,415,5109,9643,0.58856201171875
11,2048,14336,416,5111,9642,0.5885009765625
11,2048,14336,417,5111,9643,0.58856201171875
11,2048,14336,418,5111,9644,0.588623046875
11,2048,14336,419,5111,9645,0.58868408203125
11,2048,14336,420,5111,9646,0.5887451171875
11,2048,14336,421,5111,9647,0.58880615234375
11,2048,14336,422,5111,9648,0.5888671875
11,2048,14336,423,5111,9649,0.58892822265625
11,2048,14336,424,5111,9650,0.5889892578125
11,2048,14336,425,5111,9651,0.58905029296875
11,2048,14336,426,5111,9652,0.589111328125
11,2048,14336,427,5111,9653,0.58917236328125
11,2048,14336,428,5111,9654,0.5892333984375
11,2048,14336,429,5111,9655,0.58929443359375
11,2048,14336,430,5111,9656,0.58935546875
11,2048,14336,431,5111,9657,0.58941650390625
11,2048,14336,432,5115,9654,0.5892333984375
11,2048,14336,433,5115,9655,0.58929443359375
11,2048,14336,434,5115,9656,0.58935546875
11,2048,14336,435,5115,9657,0.58941650390625
11,2048,14336,436,5115,9658,0.5894775390625
11,2048,14336,437,5115,9659,0.58953857421875
11,2048,14336,438,5115,9660,0.589599609375
11,2048,14336,439,5115,9661,0.58966064453125
11,2048,14336,440,5115,9662,0.5897216796875
11,2048,14336,441,5115,9663,0.58978271484375
11,2048,14336,442,5115,9664,0.58984375
11,2048,14336,443,5115,9665,0.58990478515625
11,2048,14336,444,5115,9666,0.5899658203125
11,2048,14336,445,5115,9667,0.59002685546875
11,2048,14336,446,5115,9668,0.590087890625
11,2048,14336,447,5115,9669,0.59014892578125
11,2048,14336,448,5119,9666,0.5899658203125
11,2048,14336,449,5119,9667,0.59002685546875
11,2048,14336,450,5119,9668,0.590087890625
11,2048,14336,451,5119,9669,0.59014892578125
11,2048,14336,452,5119,9670,0.5902099609375
11,2048,14336,453,5119,9671,0.59027099609375
11,2048,14336,454,5119,9672,0.59033203125
11,2048,14336,455,5119,9673,0.59039306640625
11,2048,14336,456,5119,9674,0.5904541015625
11,2048,14336,457,5119,9675,0.59051513671875
11,2048,14336,458,5119,9676,0.590576171875
11,2048,14336,459,5119,9677,0.59063720703125
11,2048,14336,460,5119,9678,0.5906982421875
11,2048,14336,461,5119,9679,0.59075927734375
11,2048,14336,462,5119,9680,0.5908203125
11,2048,14336,463,5119,9681,0.59088134765625
11,2048,14336,464,5119,9682,0.5909423828125
11,2048,14336,465,5119,9683,0.59100341796875
11,2048,14336,466,5119,9684,0.591064453125
11,2048,14336,467,5119,9685,0.59112548828125
11,2048,14336,468,5119,9686,0.5911865234375
11,2048,14336,469,5119,9687,0.59124755859375
11,2048,14336,470,5119,9688,0.59130859375
11,2048,14336,471,5119,9689,0.59136962890625
11,2048,14336,472,5119,9690,0.5914306640625
11,2048,14336,473,5119,9691,0.59149169921875
11,2048,14336,474,5119,9692,0.591552734375
11,2048,14336,475,5119,9693,0.59161376953125
11,2048,14336,476,5119,9694,0.5916748046875
11,2048,14336,477,5119,9695,0.59173583984375
11,2048,14336,478,5119,9696,0.591796875
11,2048,14336,479,5119,9697,0.59185791015625
11,2048,14336,480,5121,9696,0.591796875
11,2048,14336,481,5121,9697,0.59185791015625
11,2048,14336,482,5121,9698,0.5919189453125
11,2048,14336,483,5121,9699,0.59197998046875
11,2048,14336,484,5121,9700,0.592041015625
11,2048,14336,485,5121,9701,0.59210205078125
11,2048,14336,486,5121,9702,0.5921630859375
11,2048,14336,487,5121,9703,0.59222412109375
11,2048,14336,488,5121,9704,0.59228515625
11,2048,14336,489,5121,9705,0.59234619140625
11,2048,14336,490,5121,9706,0.5924072265625
11,2048,14336,491,5121,9707,0.59246826171875
11,2048,14336,492,5121,9708,0.592529296875
11,2048,14336,493,5121,9709,0.59259033203125
11,2048,14336,494,5121,9710,0.5926513671875
11,2048,14336,495,5121,9711,0.59271240234375
11,2048,14336,496,5123,9710,0.5926513671875
11,2048,14336,497,5123,9711,0.59271240234375
11,2048,14336,498,5123,9712,0.5927734375
11,2048,14336,499,5123,9713,0.59283447265625
11,2048,14336,500,5123,9714,0.5928955078125
11,2048,14336,501,5123,9715,0.59295654296875
11,2048,14336,502,5123,9716,0.593017578125
11,2048,14336,503,5123,9717,0.59307861328125
11,2048,14336,504,5123,9718,0.5931396484375
11,2048,14336,505,5123,9719,0.59320068359375
11,2048,14336,506,5123,9720,0.59326171875
11,2048,14336,507,5123,9721,0.59332275390625
11,2048,14336,508,5123,9722,0.5933837890625
11,2048,14336,509,5123,9723,0.59344482421875
11,2048,14336,510,5123,9724,0.593505859375
11,2048,14336,511,5123,9725,0.59356689453125
11,2048,14336,512,5127,9722,0.5933837890625
11,2048,14336,513,5127,9723,0.59344482421875
11,2048,14336,514,5127,9724,0.593505859375
11,2048,14336,515,5127,9725,0.59356689453125
11,2048,14336,516,5127,9726,0.5936279296875
11,2048,14336,517,5127,9727,0.59368896484375
11,2048,14336,518,5127,9728,0.59375
11,2048,14336,519,5127,9729,0.59381103515625
11,2048,14336,520,5127,9730,0.5938720703125
11,2048,14336,521,5127,9731,0.59393310546875
11,2048,14336,522,5127,9732,0.593994140625
11,2048,14336,523,5127,9733,0.59405517578125
11,2048,14336,524,5127,9734,0.5941162109375
11,2048,14336,525,5127,9735,0.59417724609375
11,2048,14336,526,5127,9736,0.59423828125
11,2048,14336,527,5127,9737,0.59429931640625
11,2048,14336,528,5127,9738,0.5943603515625
11,2048,14336,529,5127,9739,0.59442138671875
11,2048,14336,530,5127,9740,0.594482421875
11,2048,14336,531,5127,9741,0.59454345703125
11,2048,14336,532,5127,9742,0.5946044921875
11,2048,14336,533,5127,9743,0.59466552734375
11,2048,14336,534,5127,9744,0.5947265625
11,2048,14336,535,5127,9745,0.59478759765625
11,2048,14336,536,5127,9746,0.5948486328125
11,2048,14336,537,5127,9747,0.59490966796875
11,2048,14336,538,5127,9748,0.594970703125
11,2048,14336,539,5127,9749,0.59503173828125
11,2048,14336,540,5127,9750,0.5950927734375
11,2048,14336,541,5127,9751,0.59515380859375
11,2048,14336,542,5127,9752,0.59521484375
11,2048,14336,543,5127,9753,0.59527587890625
11,2048,14336,544,5129,9752,0.59521484375
11,2048,14336,545,5129,9753,0.59527587890625
11,2048,14336,546,5129,9754,0.5953369140625
11,2048,14336,547,5129,9755,0.59539794921875
11,2048,14336,548,5129,9756,0.595458984375
11,2048,14336,549,5129,9757,0.59552001953125
11,2048,14336,550,5129,9758,0.5955810546875
11,2048,14336,551,5129,9759,0.59564208984375
11,2048,14336,552,5129,9760,0.595703125
11,2048,14336,553,5129,9761,0.59576416015625
11,2048,14336,554,5129,9762,0.5958251953125
11,2048,14336,555,5129,9763,0.59588623046875
11,2048,14336,556,5129,9764,0.595947265625
11,2048,14336,557,5129,9765,0.59600830078125
11,2048,14336,558,5129,9766,0.5960693359375
11,2048,14336,559,5129,9767,0.59613037109375
11,2048,14336,560,5129,9768,0.59619140625
11,2048,14336,561,5129,9769,0.59625244140625
11,2048,14336,562,5129,9770,0.5963134765625
11,2048,14336,563,5131,9769,0.59625244140625
11,2048,14336,564,5131,9770,0.5963134765625
11,2048,14336,565,5131,9771,0.59637451171875
11,2048,14336,566,5131,9772,0.596435546875
11,2048,14336,567,5131,9773,0.59649658203125
11,2048,14336,568,5131,9774,0.5965576171875
11,2048,14336,569,5131,9775,0.59661865234375
11,2048,14336,570,5131,9776,0.5966796875
11,2048,14336,571,5131,9777,0.59674072265625
11,2048,14336,572,5131,9778,0.5968017578125
11,2048,14336,573,5131,9779,0.59686279296875
11,2048,14336,574,5131,9780,0.596923828125
11,2048,14336,575,5131,9781,0.59698486328125
11,2048,14336,576,5133,9780,0.596923828125
11,2048,14336,577,5133,9781,0.59698486328125
11,2048,14336,578,5133,9782,0.5970458984375
11,2048,14336,579,5133,9783,0.59710693359375
11,2048,14336,580,5133,9784,0.59716796875
11,2048,14336,581,5133,9785,0.59722900390625
11,2048,14336,582,5133,9786,0.5972900390625
11,2048,14336,583,5133,9787,0.59735107421875
11,2048,14336,584,5133,9788,0.597412109375
11,2048,14336,585,5133,9789,0.59747314453125
11,2048,14336,586,5133,9790,0.5975341796875
11,2048,14336,587,5133,9791,0.59759521484375
11,2048,14336,588,5133,9792,0.59765625
11,2048,14336,589,5133,9793,0.59771728515625
11,2048,14336,590,5133,9794,0.5977783203125
11,2048,14336,591,5133,9795,0.59783935546875
11,2048,14336,592,5133,9796,0.597900390625
11,2048,14336,593,5133,9797,0.59796142578125
11,2048,14336,594,5135,9796,0.597900390625
11,2048,14336,595,5135,9797,0.59796142578125
11,2048,14336,596,5135,9798,0.5980224609375
11,2048,14336,597,5135,9799,0.59808349609375
11,2048,14336,598,5135,9800,0.59814453125
11,2048,14336,599,5135,9801,0.59820556640625
11,2048,14336,600,5135,9802,0.5982666015625
11,2048,14336,601,5135,9803,0.59832763671875
11,2048,14336,602,5135,9804,0.598388671875
11,2048,14336,603,5135,9805,0.59844970703125
11,2048,14336,604,5135,9806,0.5985107421875
11,2048,14336,605,5135,9807,0.59857177734375
11,2048,14336,606,5135,9808,0.5986328125
11,2048,14336,607,5135,9809,0.59869384765625
11,2048,14336,608,5137,9808,0.5986328125
11,2048,14336,609,5137,9809,0.59869384765625
11,2048,14336,610,5137,9810,0.5987548828125
11,2048,14336,611,5137,9811,0.59881591796875
11,2048,14336,612,5137,9812,0.598876953125
11,2048,14336,613,5137,9813,0.59893798828125
11,2048,14336,614,5137,9814,0.5989990234375
11,2048,14336,615,5137,9815,0.59906005859375
11,2048,14336,616,5137,9816,0.59912109375
11,2048,14336,617,5137,9817,0.59918212890625
11,2048,14336,618,5137,9818,0.5992431640625
11,2048,14336,619,5137,9819,0.59930419921875
11,2048,14336,620,5137,9820,0.599365234375
11,2048,14336,621,5137,9821,0.59942626953125
11,2048,14336,622,5137,9822,0.5994873046875
11,2048,14336,623,5137,9823,0.59954833984375
11,2048,14336,624,5137,9824,0.599609375
11,2048,14336,625,5137,9825,0.59967041015625
11,2048,14336,626,5139,9824,0.599609375
11,2048,14336,627,5139,9825,0.59967041015625
11,2048,14336,628,5139,9826,0.5997314453125
11,2048,14336,629,5139,9827,0.59979248046875
11,2048,14336,630,5139,9828,0.599853515625
11,2048,14336,631,5139,9829,0.59991455078125
11,2048,14336,632,5139,9830,0.5999755859375
11,2048,14336,633,5139,9831,0.60003662109375
11,2048,14336,634,5139,9832,0.60009765625
11,2048,14336,635,5139,9833,0.60015869140625
11,2048,14336,636,5139,9834,0.6002197265625
11,2048,14336,637,5139,9835,0.60028076171875
11,2048,14336,638,5139,9836,0.600341796875
11,2048,14336,639,5139,9837,0.60040283203125
11,2048,14336,640,5141,9836,0.600341796875
11,2048,14336,641,5141,9837,0.60040283203125
11,2048,14336,642,5141,9838,0.6004638671875
11,2048,14336,643,5141,9839,0.60052490234375
11,2048,14336,644,5141,9840,0.6005859375
11,2048,14336,645,5141,9841,0.60064697265625
11,2048,14336,646,5141,9842,0.6007080078125
11,2048,14336,647,5141,9843,0.60076904296875
11,2048,14336,648,5141,9844,0.600830078125
11,2048,14336,649,5141,9845,0.60089111328125
11,2048,14336,650,5141,9846,0.6009521484375
11,2048,14336,651,5141,9847,0.60101318359375
11,2048,14336,652,5141,9848,0.60107421875
11,2048,14336,653,5141,9849,0.60113525390625
11,2048,14336,654,5143,9848,0.60107421875
11,2048,14336,655,5143,9849,0.60113525390625
11,2048,14336,656,5143,9850,0.6011962890625
11,2048,14336,657,5143,9851,0.60125732421875
11,2048,14336,658,5143,9852,0.601318359375
11,2048,14336,659,5143,9853,0.60137939453125
11,2048,14336,660,5143,9854,0.6014404296875
11,2048,14336,661,5143,9855,0.60150146484375
11,2048,14336,662,5143,9856,0.6015625
11,2048,14336,663,5143,9857,0.60162353515625
11,2048,14336,664,5143,9858,0.6016845703125
11,2048,14336,665,5143,9859,0.60174560546875
11,2048,14336,666,5143,9860,0.601806640625
11,2048,14336,667,5145,9859,0.60174560546875
11,2048,14336,668,5145,9860,0.601806640625
11,2048,14336,669,5145,9861,0.60186767578125
11,2048,14336,670,5145,9862,0.6019287109375
11,2048,14336,671,5145,9863,0.60198974609375
11,2048,14336,672,5145,9864,0.60205078125
11,2048,14336,673,5145,9865,0.60211181640625
11,2048,14336,674,5145,9866,0.6021728515625
11,2048,14336,675,5145,9867,0.60223388671875
11,2048,14336,676,5146,9867,0.60223388671875
11,2048,14336,677,5146,9868,0.602294921875
11,2048,14336,678,5146,9869,0.60235595703125
11,2048,14336,679,5146,9870,0.6024169921875
11,2048,14336,680,5146,9871,0.60247802734375
11,2048,14336,681,5146,9872,0.6025390625
11,2048,14336,682,5146,9873,0.60260009765625
11,2048,14336,683,5146,9874,0.6026611328125
11,2048,14336,684,5146,9875,0.60272216796875
11,2048,14336,685,5146,9876,0.602783203125
11,2048,14336,686,5146,9877,0.60284423828125
11,2048,14336,687,5146,9878,0.6029052734375
11,2048,14336,688,5146,9879,0.60296630859375
11,2048,14336,689,5146,9880,0.60302734375
11,2048,14336,690,5146,9881,0.60308837890625
11,2048,14336,691,5146,9882,0.6031494140625
11,2048,14336,692,5146,9883,0.60321044921875
11,2048,14336,693,5146,9884,0.603271484375
11,2048,14336,694,5148,9883,0.60321044921875
11,2048,14336,695,5148,9884,0.603271484375
11,2048,14336,696,5148,9885,0.60333251953125
11,2048,14336,697,5148,9886,0.6033935546875
11,2048,14336,698,5148,9887,0.60345458984375
11,2048,14336,699,5148,9888,0.603515625
11,2048,14336,700,5148,9889,0.60357666015625
11,2048,14336,701,5148,9890,0.6036376953125
11,2048,14336,702,5148,9891,0.60369873046875
11,2048,14336,703,5148,9892,0.603759765625
11,2048,14336,704,5148,9893,0.60382080078125
11,2048,14336,705,5148,9894,0.6038818359375
11,2048,14336,706,5148,9895,0.60394287109375
11,2048,14336,707,5148,9896,0.60400390625
11,2048,14336,708,5148,9897,0.60406494140625
11,2048,14336,709,5148,9898,0.6041259765625
11,2048,14336,710,5148,9899,0.60418701171875
11,2048,14336,711,5148,9900,0.604248046875
11,2048,14336,712,5150,9899,0.60418701171875
11,2048,14336,713,5150,9900,0.604248046875
11,2048,14336,714,5150,9901,0.60430908203125
11,2048,14336,715,5150,9902,0.6043701171875
11,2048,14336,716,5150,9903,0.60443115234375
11,2048,14336,717,5150,9904,0.6044921875
11,2048,14336,718,5150,9905,0.60455322265625
11,2048,14336,719,5150,9906,0.6046142578125
11,2048,14336,720,5150,9907,0.60467529296875
11,2048,14336,721,5150,9908,0.604736328125
11,2048,14336,722,5150,9909,0.60479736328125
11,2048,14336,723,5150,9910,0.6048583984375
11,2048,14336,724,5150,9911,0.60491943359375
11,2048,14336,725,5150,9912,0.60498046875
11,2048,14336,726,5150,9913,0.60504150390625
11,2048,14336,727,5150,9914,0.6051025390625
11,2048,14336,728,5150,9915,0.60516357421875
11,2048,14336,729,5150,9916,0.605224609375
11,2048,14336,730,5150,9917,0.60528564453125
11,2048,14336,731,5150,9918,0.6053466796875
11,2048,14336,732,5150,9919,0.60540771484375
11,2048,14336,733,5150,9920,0.60546875
11,2048,14336,734,5150,9921,0.60552978515625
11,2048,14336,735,5150,9922,0.6055908203125
11,2048,14336,736,5150,9923,0.60565185546875
11,2048,14336,737,5150,9924,0.605712890625
11,2048,14336,738,5150,9925,0.60577392578125
11,2048,14336,739,5150,9926,0.6058349609375
11,2048,14336,740,5150,9927,0.60589599609375
11,2048,14336,741,5150,9928,0.60595703125
11,2048,14336,742,5152,9927,0.60589599609375
11,2048,14336,743,5152,9928,0.60595703125
11,2048,14336,744,5152,9929,0.60601806640625
11,2048,14336,745,5152,9930,0.6060791015625
11,2048,14336,746,5152,9931,0.60614013671875
11,2048,14336,747,5152,9932,0.606201171875
11,2048,14336,748,5152,9933,0.60626220703125
11,2048,14336,749,5152,9934,0.6063232421875
11,2048,14336,750,5152,9935,0.60638427734375
11,2048,14336,751,5152,9936,0.6064453125
11,2048,14336,752,5152,9937,0.60650634765625
11,2048,14336,753,5152,9938,0.6065673828125
11,2048,14336,754,5152,9939,0.60662841796875
11,2048,14336,755,5152,9940,0.606689453125
11,2048,14336,756,5152,9941,0.60675048828125
11,2048,14336,757,5152,9942,0.6068115234375
11,2048,14336,758,5152,9943,0.60687255859375
11,2048,14336,759,5152,9944,0.60693359375
11,2048,14336,760,5152,9945,0.60699462890625
11,2048,14336,761,5152,9946,0.6070556640625
11,2048,14336,762,5152,9947,0.60711669921875
11,2048,14336,763,5152,9948,0.607177734375
11,2048,14336,764,5152,9949,0.60723876953125
11,2048,14336,765,5152,9950,0.6072998046875
11,2048,14336,766,5152,9951,0.60736083984375
11,2048,14336,767,5152,9952,0.607421875
11,2048,14336,768,5152,9953,0.60748291015625
11,2048,14336,769,5152,9954,0.6075439453125
11,2048,14336,770,5152,9955,0.60760498046875
11,2048,14336,771,5152,9956,0.607666015625
11,2048,14336,772,5153,9956,0.607666015625
11,2048,14336,773,5153,9957,0.60772705078125
11,2048,14336,774,5153,9958,0.6077880859375
11,2048,14336,775,5153,9959,0.60784912109375
11,2048,14336,776,5153,9960,0.60791015625
11,2048,14336,777,5153,9961,0.60797119140625
11,2048,14336,778,5153,9962,0.6080322265625
11,2048,14336,779,5153,9963,0.60809326171875
11,2048,14336,780,5153,9964,0.608154296875
11,2048,14336,781,5153,9965,0.60821533203125
11,2048,14336,782,5153,9966,0.6082763671875
11,2048,14336,783,5153,9967,0.60833740234375
11,2048,14336,784,5153,9968,0.6083984375
11,2048,14336,785,5153,9969,0.60845947265625
11,2048,14336,786,5153,9970,0.6085205078125
11,2048,14336,787,5153,9971,0.60858154296875
11,2048,14336,788,5153,9972,0.608642578125
11,2048,14336,789,5153,9973,0.60870361328125
11,2048,14336,790,5153,9974,0.6087646484375
11,2048,14336,791,5153,9975,0.60882568359375
11,2048,14336,792,5153,9976,0.60888671875
11,2048,14336,793,5153,9977,0.60894775390625
11,2048,14336,794,5153,9978,0.6090087890625
11,2048,14336,795,5153,9979,0.60906982421875
11,2048,14336,796,5153,9980,0.609130859375
11,2048,14336,797,5153,9981,0.60919189453125
11,2048,14336,798,5153,9982,0.6092529296875
11,2048,14336,799,5153,9983,0.60931396484375
11,2048,14336,800,5153,9984,0.609375
11,2048,14336,801,5153,9985,0.60943603515625
11,2048,14336,802,5155,9984,0.609375
11,2048,14336,803,5155,9985,0.60943603515625
11,2048,14336,804,5155,9986,0.6094970703125
11,2048,14336,805,5155,9987,0.60955810546875
11,2048,14336,806,5155,9988,0.609619140625
11,2048,14336,807,5155,9989,0.60968017578125
11,2048,14336,808,5155,9990,0.6097412109375
11,2048,14336,809,5155,9991,0.60980224609375
11,2048,14336,810,5155,9992,0.60986328125
11,2048,14336,811,5155,9993,0.60992431640625
11,2048,14336,812,5155,9994,0.6099853515625
11,2048,14336,813,5155,9995,0.61004638671875
11,2048,14336,814,5155,9996,0.610107421875
11,2048,14336,815,5155,9997,0.61016845703125
11,2048,14336,816,5155,9998,0.6102294921875
11,2048,14336,817,5155,9999,0.61029052734375
11,2048,14336,818,5155,10000,0.6103515625
11,2048,14336,819,5155,10001,0.61041259765625
11,2048,14336,820,5155,10002,0.6104736328125
11,2048,14336,821,5155,10003,0.61053466796875
11,2048,14336,822,5155,10004,0.610595703125
11,2048,14336,823,5155,10005,0.61065673828125
11,2048,14336,824,5155,10006,0.6107177734375
11,2048,14336,825,5155,10007,0.61077880859375
11,2048,14336,826,5155,10008,0.61083984375
11,2048,14336,827,5155,10009,0.61090087890625
11,2048,14336,828,5157,10008,0.61083984375
11,2048,14336,829,5157,10009,0.61090087890625
11,2048,14336,830,5157,10010,0.6109619140625
11,2048,14336,831,5157,10011,0.61102294921875
11,2048,14336,832,5157,10012,0.611083984375
11,2048,14336,833,5157,10013,0.61114501953125
11,2048,14336,834,5157,10014,0.6112060546875
11,2048,14336,835,5157,10015,0.61126708984375
11,2048,14336,836,5157,10016,0.611328125
11,2048,14336,837,5157,10017,0.61138916015625
11,2048,14336,838,5157,10018,0.6114501953125
11,2048,14336,839,5157,10019,0.61151123046875
11,2048,14336,840,5157,10020,0.611572265625
11,2048,14336,841,5157,10021,0.61163330078125
11,2048,14336,842,5157,10022,0.6116943359375
11,2048,14336,843,5157,10023,0.61175537109375
11,2048,14336,844,5157,10024,0.61181640625
11,2048,14336,845,5157,10025,0.61187744140625
11,2048,14336,846,5157,10026,0.6119384765625
11,2048,14336,847,5157,10027,0.61199951171875
11,2048,14336,848,5158,10027,0.61199951171875
11,2048,14336,849,5158,10028,0.612060546875
11,2048,14336,850,5158,10029,0.61212158203125
11,2048,14336,851,5158,10030,0.6121826171875
11,2048,14336,852,5158,10031,0.61224365234375
11,2048,14336,853,5158,10032,0.6123046875
11,2048,14336,854,5158,10033,0.61236572265625
11,2048,14336,855,5158,10034,0.6124267578125
11,2048,14336,856,5158,10035,0.61248779296875
11,2048,14336,857,5158,10036,0.612548828125
11,2048,14336,858,5158,10037,0.61260986328125
11,2048,14336,859,5158,10038,0.6126708984375
11,2048,14336,860,5158,10039,0.61273193359375
11,2048,14336,861,5158,10040,0.61279296875
11,2048,14336,862,5158,10041,0.61285400390625
11,2048,14336,863,5158,10042,0.6129150390625
11,2048,14336,864,5160,10041,0.61285400390625
11,2048,14336,865,5160,10042,0.6129150390625
11,2048,14336,866,5160,10043,0.61297607421875
11,2048,14336,867,5160,10044,0.613037109375
11,2048,14336,868,5160,10045,0.61309814453125
11,2048,14336,869,5160,10046,0.6131591796875
11,2048,14336,870,5160,10047,0.61322021484375
11,2048,14336,871,5160,10048,0.61328125
11,2048,14336,872,5160,10049,0.61334228515625
11,2048,14336,873,5160,10050,0.6134033203125
11,2048,14336,874,5160,10051,0.61346435546875
11,2048,14336,875,5160,10052,0.613525390625
11,2048,14336,876,5160,10053,0.61358642578125
11,2048,14336,877,5160,10054,0.6136474609375
11,2048,14336,878,5160,10055,0.61370849609375
11,2048,14336,879,5160,10056,0.61376953125
11,2048,14336,880,5160,10057,0.61383056640625
11,2048,14336,881,5160,10058,0.6138916015625
11,2048,14336,882,5160,10059,0.61395263671875
11,2048,14336,883,5160,10060,0.614013671875
11,2048,14336,884,5160,10061,0.61407470703125
11,2048,14336,885,5160,10062,0.6141357421875
11,2048,14336,886,5160,10063,0.61419677734375
11,2048,14336,887,5160,10064,0.6142578125
11,2048,14336,888,5160,10065,0.61431884765625
11,2048,14336,889,5160,10066,0.6143798828125
11,2048,14336,890,5160,10067,0.61444091796875
11,2048,14336,891,5160,10068,0.614501953125
11,2048,14336,892,5160,10069,0.61456298828125
11,2048,14336,893,5160,10070,0.6146240234375
11,2048,14336,894,5160,10071,0.61468505859375
11,2048,14336,895,5160,10072,0.61474609375
11,2048,14336,896,5161,10072,0.61474609375
11,2048,14336,897,5161,10073,0.61480712890625
11,2048,14336,898,5161,10074,0.6148681640625
11,2048,14336,899,5161,10075,0.61492919921875
11,2048,14336,900,5161,10076,0.614990234375
11,2048,14336,901,5161,10077,0.61505126953125
11,2048,14336,902,5161,10078,0.6151123046875
11,2048,14336,903,5161,10079,0.61517333984375
11,2048,14336,904,5161,10080,0.615234375
11,2048,14336,905,5161,10081,0.61529541015625
11,2048,14336,906,5161,10082,0.6153564453125
11,2048,14336,907,5161,10083,0.61541748046875
11,2048,14336,908,5161,10084,0.615478515625
11,2048,14336,909,5161,10085,0.61553955078125
11,2048,14336,910,5161,10086,0.6156005859375
11,2048,14336,911,5161,10087,0.61566162109375
11,2048,14336,912,5161,10088,0.61572265625
11,2048,14336,913,5161,10089,0.61578369140625
11,2048,14336,914,5161,10090,0.6158447265625
11,2048,14336,915,5161,10091,0.61590576171875
11,2048,14336,916,5161,10092,0.615966796875
11,2048,14336,917,5161,10093,0.61602783203125
11,2048,14336,918,5161,10094,0.6160888671875
11,2048,14336,919,5161,10095,0.61614990234375
11,2048,14336,920,5161,10096,0.6162109375
11,2048,14336,921,5161,10097,0.61627197265625
11,2048,14336,922,5161,10098,0.6163330078125
11,2048,14336,923,5161,10099,0.61639404296875
11,2048,14336,924,5161,10100,0.616455078125
11,2048,14336,925,5161,10101,0.61651611328125
11,2048,14336,926,5161,10102,0.6165771484375
11,2048,14336,927,5161,10103,0.61663818359375
11,2048,14336,928,5163,10102,0.6165771484375
11,2048,14336,929,5163,10103,0.61663818359375
11,2048,14336,930,5163,10104,0.61669921875
11,2048,14336,931,5163,10105,0.61676025390625
11,2048,14336,932,5163,10106,0.6168212890625
11,2048,14336,933,5163,10107,0.61688232421875
11,2048,14336,934,5163,10108,0.616943359375
11,2048,14336,935,5163,10109,0.61700439453125
11,2048,14336,936,5163,10110,0.6170654296875
11,2048,14336,937,5163,10111,0.61712646484375
11,2048,14336,938,5163,10112,0.6171875
11,2048,14336,939,5163,10113,0.61724853515625
11,2048,14336,940,5163,10114,0.6173095703125
11,2048,14336,941,5163,10115,0.61737060546875
11,2048,14336,942,5163,10116,0.617431640625
11,2048,14336,943,5163,10117,0.61749267578125
11,2048,14336,944,5163,10118,0.6175537109375
11,2048,14336,945,5163,10119,0.61761474609375
11,2048,14336,946,5163,10120,0.61767578125
11,2048,14336,947,5163,10121,0.61773681640625
11,2048,14336,948,5163,10122,0.6177978515625
11,2048,14336,949,5163,10123,0.61785888671875
11,2048,14336,950,5163,10124,0.617919921875
11,2048,14336,951,5163,10125,0.61798095703125
11,2048,14336,952,5163,10126,0.6180419921875
11,2048,14336,953,5163,10127,0.61810302734375
11,2048,14336,954,5163,10128,0.6181640625
11,2048,14336,955,5163,10129,0.61822509765625
11,2048,14336,956,5163,10130,0.6182861328125
11,2048,14336,957,5163,10131,0.61834716796875
11,2048,14336,958,5163,10132,0.618408203125
11,2048,14336,959,5163,10133,0.61846923828125
11,2048,14336,960,5163,10134,0.6185302734375
11,2048,14336,961,5163,10135,0.61859130859375
11,2048,14336,962,5163,10136,0.61865234375
11,2048,14336,963,5163,10137,0.61871337890625
11,2048,14336,964,5163,10138,0.6187744140625
11,2048,14336,965,5163,10139,0.61883544921875
11,2048,14336,966,5163,10140,0.618896484375
11,2048,14336,967,5163,10141,0.61895751953125
11,2048,14336,968,5163,10142,0.6190185546875
11,2048,14336,969,5163,10143,0.61907958984375
11,2048,14336,970,5163,10144,0.619140625
11,2048,14336,971,5163,10145,0.61920166015625
11,2048,14336,972,5163,10146,0.6192626953125
11,2048,14336,973,5163,10147,0.61932373046875
11,2048,14336,974,5163,10148,0.619384765625
11,2048,14336,975,5163,10149,0.61944580078125
11,2048,14336,976,5163,10150,0.6195068359375
11,2048,14336,977,5163,10151,0.61956787109375
11,2048,14336,978,5163,10152,0.61962890625
11,2048,14336,979,5163,10153,0.61968994140625
11,2048,14336,980,5163,10154,0.6197509765625
11,2048,14336,981,5163,10155,0.61981201171875
11,2048,14336,982,5163,10156,0.619873046875
11,2048,14336,983,5163,10157,0.61993408203125
11,2048,14336,984,5163,10158,0.6199951171875
11,2048,14336,985,5163,10159,0.62005615234375
11,2048,14336,986,5163,10160,0.6201171875
11,2048,14336,987,5163,10161,0.62017822265625
11,2048,14336,988,5163,10162,0.6202392578125
11,2048,14336,989,5163,10163,0.62030029296875
11,2048,14336,990,5163,10164,0.620361328125
11,2048,14336,991,5163,10165,0.62042236328125
11,2048,14336,992,5164,10165,0.62042236328125
11,2048,14336,993,5164,10166,0.6204833984375
11,2048,14336,994,5164,10167,0.62054443359375
11,2048,14336,995,5164,10168,0.62060546875
11,2048,14336,996,5164,10169,0.62066650390625
11,2048,14336,997,5164,10170,0.6207275390625
11,2048,14336,998,5164,10171,0.62078857421875
11,2048,14336,999,5164,10172,0.620849609375
11,2048,14336,1000,5164,10173,0.62091064453125
11,2048,14336,1001,5164,10174,0.6209716796875
11,2048,14336,1002,5164,10175,0.62103271484375
11,2048,14336,1003,5164,10176,0.62109375
11,2048,14336,1004,5164,10177,0.62115478515625
11,2048,14336,1005,5164,10178,0.6212158203125
11,2048,14336,1006,5164,10179,0.62127685546875
11,2048,14336,1007,5164,10180,0.621337890625
11,2048,14336,1008,5164,10181,0.62139892578125
11,2048,14336,1009,5164,10182,0.6214599609375
11,2048,14336,1010,5164,10183,0.62152099609375
11,2048,14336,1011,5164,10184,0.62158203125
11,2048,14336,1012,5164,10185,0.62164306640625
11,2048,14336,1013,5164,10186,0.6217041015625
11,2048,14336,1014,5164,10187,0.62176513671875
11,2048,14336,1015,5164,10188,0.621826171875
11,2048,14336,1016,5164,10189,0.62188720703125
11,2048,14336,1017,5164,10190,0.6219482421875
11,2048,14336,1018,5164,10191,0.62200927734375
11,2048,14336,1019,5164,10192,0.6220703125
11,2048,14336,1020,5164,10193,0.62213134765625
11,2048,14336,1021,5164,10194,0.6221923828125
11,2048,14336,1022,5164,10195,0.62225341796875
11,2048,14336,1023,5164,10196,0.622314453125
11,2048,14336,1024,5166,10195,0.62225341796875
11,2048,14336,1025,5166,10196,0.622314453125
11,2048,14336,1026,5166,10197,0.62237548828125
11,2048,14336,1027,5166,10198,0.6224365234375
11,2048,14336,1028,5167,10198,0.6224365234375
11,2048,14336,1029,5167,10199,0.62249755859375
11,2048,14336,1030,5167,10200,0.62255859375
11,2048,14336,1031,5167,10201,0.62261962890625
11,2048,14336,1032,5167,10202,0.6226806640625
11,2048,14336,1033,5167,10203,0.62274169921875
11,2048,14336,1034,5167,10204,0.622802734375
11,2048,14336,1035,5167,10205,0.62286376953125
11,2048,14336,1036,5167,10206,0.6229248046875
11,2048,14336,1037,5167,10207,0.62298583984375
11,2048,14336,1038,5167,10208,0.623046875
11,2048,14336,1039,5167,10209,0.62310791015625
11,2048,14336,1040,5167,10210,0.6231689453125
11,2048,14336,1041,5167,10211,0.62322998046875
11,2048,14336,1042,5167,10212,0.623291015625
11,2048,14336,1043,5167,10213,0.62335205078125
11,2048,14336,1044,5167,10214,0.6234130859375
11,2048,14336,1045,5167,10215,0.62347412109375
11,2048,14336,1046,5167,10216,0.62353515625
11,2048,14336,1047,5167,10217,0.62359619140625
11,2048,14336,1048,5167,10218,0.6236572265625
11,2048,14336,1049,5167,10219,0.62371826171875
11,2048,14336,1050,5167,10220,0.623779296875
11,2048,14336,1051,5167,10221,0.62384033203125
11,2048,14336,1052,5167,10222,0.6239013671875
11,2048,14336,1053,5167,10223,0.62396240234375
11,2048,14336,1054,5167,10224,0.6240234375
11,2048,14336,1055,5167,10225,0.62408447265625
11,2048,14336,1056,5167,10226,0.6241455078125
11,2048,14336,1057,5167,10227,0.62420654296875
11,2048,14336,1058,5168,10227,0.62420654296875
11,2048,14336,1059,5168,10228,0.624267578125
11,2048,14336,1060,5168,10229,0.62432861328125
11,2048,14336,1061,5168,10230,0.6243896484375
11,2048,14336,1062,5168,10231,0.62445068359375
11,2048,14336,1063,5168,10232,0.62451171875
11,2048,14336,1064,5168,10233,0.62457275390625
11,2048,14336,1065,5168,10234,0.6246337890625
11,2048,14336,1066,5168,10235,0.62469482421875
11,2048,14336,1067,5168,10236,0.624755859375
11,2048,14336,1068,5168,10237,0.62481689453125
11,2048,14336,1069,5168,10238,0.6248779296875
11,2048,14336,1070,5168,10239,0.62493896484375
11,2048,14336,1071,5168,10240,0.625
11,2048,14336,1072,5168,10241,0.62506103515625
11,2048,14336,1073,5168,10242,0.6251220703125
11,2048,14336,1074,5168,10243,0.62518310546875
11,2048,14336,1075,5168,10244,0.625244140625
11,2048,14336,1076,5168,10245,0.62530517578125
11,2048,14336,1077,5168,10246,0.6253662109375
11,2048,14336,1078,5169,10246,0.6253662109375
11,2048,14336,1079,5169,10247,0.62542724609375
11,2048,14336,1080,5169,10248,0.62548828125
11,2048,14336,1081,5169,10249,0.62554931640625
11,2048,14336,1082,5169,10250,0.6256103515625
11,2048,14336,1083,5169,10251,0.62567138671875
11,2048,14336,1084,5169,10252,0.625732421875
11,2048,14336,1085,5169,10253,0.62579345703125
11,2048,14336,1086,5169,10254,0.6258544921875
11,2048,14336,1087,5169,10255,0.62591552734375
11,2048,14336,1088,5170,10255,0.62591552734375
11,2048,14336,1089,5170,10256,0.6259765625
11,2048,14336,1090,5170,10257,0.62603759765625
11,2048,14336,1091,5170,10258,0.6260986328125
11,2048,14336,1092,5170,10259,0.62615966796875
11,2048,14336,1093,5170,10260,0.626220703125
11,2048,14336,1094,5170,10261,0.62628173828125
11,2048,14336,1095,5170,10262,0.6263427734375
11,2048,14336,1096,5170,10263,0.62640380859375
11,2048,14336,1097,5170,10264,0.62646484375
11,2048,14336,1098,5170,10265,0.62652587890625
11,2048,14336,1099,5170,10266,0.6265869140625
11,2048,14336,1100,5170,10267,0.62664794921875
11,2048,14336,1101,5170,10268,0.626708984375
11,2048,14336,1102,5170,10269,0.62677001953125
11,2048,14336,1103,5170,10270,0.6268310546875
11,2048,14336,1104,5170,10271,0.62689208984375
11,2048,14336,1105,5170,10272,0.626953125
11,2048,14336,1106,5170,10273,0.62701416015625
11,2048,14336,1107,5171,10273,0.62701416015625
11,2048,14336,1108,5171,10274,0.6270751953125
11,2048,14336,1109,5171,10275,0.62713623046875
11,2048,14336,1110,5171,10276,0.627197265625
11,2048,14336,1111,5171,10277,0.62725830078125
11,2048,14336,1112,5171,10278,0.6273193359375
11,2048,14336,1113,5171,10279,0.62738037109375
11,2048,14336,1114,5171,10280,0.62744140625
11,2048,14336,1115,5171,10281,0.62750244140625
11,2048,14336,1116,5171,10282,0.6275634765625
11,2048,14336,1117,5171,10283,0.62762451171875
11,2048,14336,1118,5171,10284,0.627685546875
11,2048,14336,1119,5171,10285,0.62774658203125
11,2048,14336,1120,5172,10285,0.62774658203125
11,2048,14336,1121,5172,10286,0.6278076171875
11,2048,14336,1122,5172,10287,0.62786865234375
11,2048,14336,1123,5172,10288,0.6279296875
11,2048,14336,1124,5172,10289,0.62799072265625
11,2048,14336,1125,5172,10290,0.6280517578125
11,2048,14336,1126,5172,10291,0.62811279296875
11,2048,14336,1127,5172,10292,0.628173828125
11,2048,14336,1128,5172,10293,0.62823486328125
11,2048,14336,1129,5172,10294,0.6282958984375
11,2048,14336,1130,5172,10295,0.62835693359375
11,2048,14336,1131,5172,10296,0.62841796875
11,2048,14336,1132,5172,10297,0.62847900390625
11,2048,14336,1133,5172,10298,0.6285400390625
11,2048,14336,1134,5172,10299,0.62860107421875
11,2048,14336,1135,5172,10300,0.628662109375
11,2048,14336,1136,5172,10301,0.62872314453125
11,2048,14336,1137,5172,10302,0.6287841796875
11,2048,14336,1138,5173,10302,0.6287841796875
11,2048,14336,1139,5173,10303,0.62884521484375
11,2048,14336,1140,5173,10304,0.62890625
11,2048,14336,1141,5173,10305,0.62896728515625
11,2048,14336,1142,5173,10306,0.6290283203125
11,2048,14336,1143,5173,10307,0.62908935546875
11,2048,14336,1144,5173,10308,0.629150390625
11,2048,14336,1145,5173,10309,0.62921142578125
11,2048,14336,1146,5173,10310,0.6292724609375
11,2048,14336,1147,5173,10311,0.62933349609375
11,2048,14336,1148,5173,10312,0.62939453125
11,2048,14336,1149,5173,10313,0.62945556640625
11,2048,14336,1150,5174,10313,0.62945556640625
11,2048,14336,1151,5174,10314,0.6295166015625
11,2048,14336,1152,5175,10314,0.6295166015625
11,2048,14336,1153,5175,10315,0.62957763671875
11,2048,14336,1154,5175,10316,0.629638671875
11,2048,14336,1155,5175,10317,0.62969970703125
11,2048,14336,1156,5175,10318,0.6297607421875
11,2048,14336,1157,5175,10319,0.62982177734375
11,2048,14336,1158,5175,10320,0.6298828125
11,2048,14336,1159,5175,10321,0.62994384765625
11,2048,14336,1160,5175,10322,0.6300048828125
11,2048,14336,1161,5175,10323,0.63006591796875
11,2048,14336,1162,5175,10324,0.630126953125
11,2048,14336,1163,5175,10325,0.63018798828125
11,2048,14336,1164,5175,10326,0.6302490234375
11,2048,14336,1165,5175,10327,0.63031005859375
11,2048,14336,1166,5175,10328,0.63037109375
11,2048,14336,1167,5175,10329,0.63043212890625
11,2048,14336,1168,5175,10330,0.6304931640625
11,2048,14336,1169,5175,10331,0.63055419921875
11,2048,14336,1170,5176,10331,0.63055419921875
11,2048,14336,1171,5176,10332,0.630615234375
11,2048,14336,1172,5176,10333,0.63067626953125
11,2048,14336,1173,5176,10334,0.6307373046875
11,2048,14336,1174,5176,10335,0.63079833984375
11,2048,14336,1175,5176,10336,0.630859375
11,2048,14336,1176,5176,10337,0.63092041015625
11,2048,14336,1177,5176,10338,0.6309814453125
11,2048,14336,1178,5176,10339,0.63104248046875
11,2048,14336,1179,5176,10340,0.631103515625
11,2048,14336,1180,5176,10341,0.63116455078125
11,2048,14336,1181,5176,10342,0.6312255859375
11,2048,14336,1182,5176,10343,0.63128662109375
11,2048,14336,1183,5176,10344,0.63134765625
11,2048,14336,1184,5176,10345,0.63140869140625
11,2048,14336,1185,5177,10345,0.63140869140625
11,2048,14336,1186,5177,10346,0.6314697265625
11,2048,14336,1187,5177,10347,0.63153076171875
11,2048,14336,1188,5177,10348,0.631591796875
11,2048,14336,1189,5177,10349,0.63165283203125
11,2048,14336,1190,5177,10350,0.6317138671875
11,2048,14336,1191,5177,10351,0.63177490234375
11,2048,14336,1192,5177,10352,0.6318359375
11,2048,14336,1193,5177,10353,0.63189697265625
11,2048,14336,1194,5177,10354,0.6319580078125
11,2048,14336,1195,5177,10355,0.63201904296875
11,2048,14336,1196,5177,10356,0.632080078125
11,2048,14336,1197,5177,10357,0.63214111328125
11,2048,14336,1198,5177,10358,0.6322021484375
11,2048,14336,1199,5177,10359,0.63226318359375
11,2048,14336,1200,5177,10360,0.63232421875
11,2048,14336,1201,5177,10361,0.63238525390625
11,2048,14336,1202,5178,10361,0.63238525390625
11,2048,14336,1203,5178,10362,0.6324462890625
11,2048,14336,1204,5178,10363,0.63250732421875
11,2048,14336,1205,5178,10364,0.632568359375
11,2048,14336,1206,5178,10365,0.63262939453125
11,2048,14336,1207,5178,10366,0.6326904296875
11,2048,14336,1208,5178,10367,0.63275146484375
11,2048,14336,1209,5178,10368,0.6328125
11,2048,14336,1210,5178,10369,0.63287353515625
11,2048,14336,1211,5178,10370,0.6329345703125
11,2048,14336,1212,5178,10371,0.63299560546875
11,2048,14336,1213,5178,10372,0.633056640625
11,2048,14336,1214,5178,10373,0.63311767578125
11,2048,14336,1215,5178,10374,0.6331787109375
11,2048,14336,1216,5179,10374,0.6331787109375
11,2048,14336,1217,5179,10375,0.63323974609375
11,2048,14336,1218,5179,10376,0.63330078125
11,2048,14336,1219,5179,10377,0.63336181640625
11,2048,14336,1220,5179,10378,0.6334228515625
11,2048,14336,1221,5179,10379,0.63348388671875
11,2048,14336,1222,5179,10380,0.633544921875
11,2048,14336,1223,5179,10381,0.63360595703125
11,2048,14336,1224,5180,10381,0.63360595703125
11,2048,14336,1225,5180,10382,0.6336669921875
11,2048,14336,1226,5180,10383,0.63372802734375
11,2048,14336,1227,5180,10384,0.6337890625
11,2048,14336,1228,5180,10385,0.63385009765625
11,2048,14336,1229,5180,10386,0.6339111328125
11,2048,14336,1230,5180,10387,0.63397216796875
11,2048,14336,1231,5180,10388,0.634033203125
11,2048,14336,1232,5180,10389,0.63409423828125
11,2048,14336,1233,5180,10390,0.6341552734375
11,2048,14336,1234,5180,10391,0.63421630859375
11,2048,14336,1235,5180,10392,0.63427734375
11,2048,14336,1236,5180,10393,0.63433837890625
11,2048,14336,1237,5180,10394,0.6343994140625
11,2048,14336,1238,5180,10395,0.63446044921875
11,2048,14336,1239,5180,10396,0.634521484375
11,2048,14336,1240,5181,10396,0.634521484375
11,2048,14336,1241,5181,10397,0.63458251953125
11,2048,14336,1242,5181,10398,0.6346435546875
11,2048,14336,1243,5181,10399,0.63470458984375
11,2048,14336,1244,5181,10400,0.634765625
11,2048,14336,1245,5181,10401,0.63482666015625
11,2048,14336,1246,5181,10402,0.6348876953125
11,2048,14336,1247,5181,10403,0.63494873046875
11,2048,14336,1248,5181,10404,0.635009765625
11,2048,14336,1249,5181,10405,0.63507080078125
11,2048,14336,1250,5181,10406,0.6351318359375
11,2048,14336,1251,5181,10407,0.63519287109375
11,2048,14336,1252,5182,10407,0.63519287109375
11,2048,14336,1253,5182,10408,0.63525390625
11,2048,14336,1254,5182,10409,0.63531494140625
11,2048,14336,1255,5182,10410,0.6353759765625
11,2048,14336,1256,5182,10411,0.63543701171875
11,2048,14336,1257,5182,10412,0.635498046875
11,2048,14336,1258,5182,10413,0.63555908203125
11,2048,14336,1259,5182,10414,0.6356201171875
11,2048,14336,1260,5182,10415,0.63568115234375
11,2048,14336,1261,5182,10416,0.6357421875
11,2048,14336,1262,5182,10417,0.63580322265625
11,2048,14336,1263,5182,10418,0.6358642578125
11,2048,14336,1264,5182,10419,0.63592529296875
11,2048,14336,1265,5182,10420,0.635986328125
11,2048,14336,1266,5183,10420,0.635986328125
11,2048,14336,1267,5183,10421,0.63604736328125
11,2048,14336,1268,5183,10422,0.6361083984375
11,2048,14336,1269,5183,10423,0.63616943359375
11,2048,14336,1270,5183,10424,0.63623046875
11,2048,14336,1271,5183,10425,0.63629150390625
11,2048,14336,1272,5183,10426,0.6363525390625
11,2048,14336,1273,5183,10427,0.63641357421875
11,2048,14336,1274,5183,10428,0.636474609375
11,2048,14336,1275,5183,10429,0.63653564453125
11,2048,14336,1276,5183,10430,0.6365966796875
11,2048,14336,1277,5183,10431,0.63665771484375
11,2048,14336,1278,5183,10432,0.63671875
11,2048,14336,1279,5183,10433,0.63677978515625
11,2048,14336,1280,5184,10433,0.63677978515625
11,2048,14336,1281,5184,10434,0.6368408203125
11,2048,14336,1282,5184,10435,0.63690185546875
11,2048,14336,1283,5184,10436,0.636962890625
11,2048,14336,1284,5184,10437,0.63702392578125
11,2048,14336,1285,5184,10438,0.6370849609375
11,2048,14336,1286,5184,10439,0.63714599609375
11,2048,14336,1287,5184,10440,0.63720703125
11,2048,14336,1288,5184,10441,0.63726806640625
11,2048,14336,1289,5184,10442,0.6373291015625
11,2048,14336,1290,5184,10443,0.63739013671875
11,2048,14336,1291,5184,10444,0.637451171875
11,2048,14336,1292,5184,10445,0.63751220703125
11,2048,14336,1293,5185,10445,0.63751220703125
11,2048,14336,1294,5185,10446,0.6375732421875
11,2048,14336,1295,5185,10447,0.63763427734375
11,2048,14336,1296,5185,10448,0.6376953125
11,2048,14336,1297,5185,10449,0.63775634765625
11,2048,14336,1298,5185,10450,0.6378173828125
11,2048,14336,1299,5185,10451,0.63787841796875
11,2048,14336,1300,5185,10452,0.637939453125
11,2048,14336,1301,5185,10453,0.63800048828125
11,2048,14336,1302,5186,10453,0.63800048828125
11,2048,14336,1303,5186,10454,0.6380615234375
11,2048,14336,1304,5186,10455,0.63812255859375
11,2048,14336,1305,5186,10456,0.63818359375
11,2048,14336,1306,5186,10457,0.63824462890625
11,2048,14336,1307,5186,10458,0.6383056640625
11,2048,14336,1308,5186,10459,0.63836669921875
11,2048,14336,1309,5186,10460,0.638427734375
11,2048,14336,1310,5186,10461,0.63848876953125
11,2048,14336,1311,5186,10462,0.6385498046875
11,2048,14336,1312,5186,10463,0.63861083984375
11,2048,14336,1313,5186,10464,0.638671875
11,2048,14336,1314,5186,10465,0.63873291015625
11,2048,14336,1315,5186,10466,0.6387939453125
11,2048,14336,1316,5187,10466,0.6387939453125
11,2048,14336,1317,5187,10467,0.63885498046875
11,2048,14336,1318,5187,10468,0.638916015625
11,2048,14336,1319,5187,10469,0.63897705078125
11,2048,14336,1320,5187,10470,0.6390380859375
11,2048,14336,1321,5187,10471,0.63909912109375
11,2048,14336,1322,5187,10472,0.63916015625
11,2048,14336,1323,5187,10473,0.63922119140625
11,2048,14336,1324,5187,10474,0.6392822265625
11,2048,14336,1325,5187,10475,0.63934326171875
11,2048,14336,1326,5187,10476,0.639404296875
11,2048,14336,1327,5187,10477,0.63946533203125
11,2048,14336,1328,5188,10477,0.63946533203125
11,2048,14336,1329,5188,10478,0.6395263671875
11,2048,14336,1330,5188,10479,0.63958740234375
11,2048,14336,1331,5188,10480,0.6396484375
11,2048,14336,1332,5188,10481,0.63970947265625
11,2048,14336,1333,5188,10482,0.6397705078125
11,2048,14336,1334,5189,10482,0.6397705078125
11,2048,14336,1335,5189,10483,0.63983154296875
11,2048,14336,1336,5189,10484,0.639892578125
11,2048,14336,1337,5189,10485,0.63995361328125
11,2048,14336,1338,5189,10486,0.6400146484375
11,2048,14336,1339,5189,10487,0.64007568359375
11,2048,14336,1340,5189,10488,0.64013671875
11,2048,14336,1341,5189,10489,0.64019775390625
11,2048,14336,1342,5189,10490,0.6402587890625
11,2048,14336,1343,5190,10490,0.6402587890625
11,2048,14336,1344,5190,10491,0.64031982421875
11,2048,14336,1345,5190,10492,0.640380859375
11,2048,14336,1346,5190,10493,0.64044189453125
11,2048,14336,1347,5190,10494,0.6405029296875
11,2048,14336,1348,5190,10495,0.64056396484375
11,2048,14336,1349,5190,10496,0.640625
11,2048,14336,1350,5190,10497,0.64068603515625
11,2048,14336,1351,5190,10498,0.6407470703125
11,2048,14336,1352,5191,10498,0.6407470703125
11,2048,14336,1353,5191,10499,0.64080810546875
11,2048,14336,1354,5191,10500,0.640869140625
11,2048,14336,1355,5191,10501,0.64093017578125
11,2048,14336,1356,5191,10502,0.6409912109375
11,2048,14336,1357,5191,10503,0.64105224609375
11,2048,14336,1358,5191,10504,0.64111328125
11,2048,14336,1359,5191,10505,0.64117431640625
11,2048,14336,1360,5191,10506,0.6412353515625
11,2048,14336,1361,5191,10507,0.64129638671875
11,2048,14336,1362,5191,10508,0.641357421875
11,2048,14336,1363,5191,10509,0.64141845703125
11,2048,14336,1364,5191,10510,0.6414794921875
11,2048,14336,1365,5191,10511,0.64154052734375
11,2048,14336,1366,5191,10512,0.6416015625
11,2048,14336,1367,5191,10513,0.64166259765625
11,2048,14336,1368,5191,10514,0.6417236328125
11,2048,14336,1369,5191,10515,0.64178466796875
11,2048,14336,1370,5192,10515,0.64178466796875
11,2048,14336,1371,5192,10516,0.641845703125
11,2048,14336,1372,5192,10517,0.64190673828125
11,2048,14336,1373,5192,10518,0.6419677734375
11,2048,14336,1374,5192,10519,0.64202880859375
11,2048,14336,1375,5192,10520,0.64208984375
11,2048,14336,1376,5192,10521,0.64215087890625
11,2048,14336,1377,5192,10522,0.6422119140625
11,2048,14336,1378,5192,10523,0.64227294921875
11,2048,14336,1379,5192,10524,0.642333984375
11,2048,14336,1380,5192,10525,0.64239501953125
11,2048,14336,1381,5192,10526,0.6424560546875
11,2048,14336,1382,5192,10527,0.64251708984375
11,2048,14336,1383,5192,10528,0.642578125
11,2048,14336,1384,5192,10529,0.64263916015625
11,2048,14336,1385,5192,10530,0.6427001953125
11,2048,14336,1386,5192,10531,0.64276123046875
11,2048,14336,1387,5192,10532,0.642822265625
11,2048,14336,1388,5193,10532,0.642822265625
11,2048,14336,1389,5193,10533,0.64288330078125
11,2048,14336,1390,5193,10534,0.6429443359375
11,2048,14336,1391,5193,10535,0.64300537109375
11,2048,14336,1392,5193,10536,0.64306640625
11,2048,14336,1393,5193,10537,0.64312744140625
11,2048,14336,1394,5193,10538,0.6431884765625
11,2048,14336,1395,5193,10539,0.64324951171875
11,2048,14336,1396,5193,10540,0.643310546875
11,2048,14336,1397,5193,10541,0.64337158203125
11,2048,14336,1398,5193,10542,0.6434326171875
11,2048,14336,1399,5193,10543,0.64349365234375
11,2048,14336,1400,5193,10544,0.6435546875
11,2048,14336,1401,5193,10545,0.64361572265625
11,2048,14336,1402,5193,10546,0.6436767578125
11,2048,14336,1403,5193,10547,0.64373779296875
11,2048,14336,1404,5193,10548,0.643798828125
11,2048,14336,1405,5193,10549,0.64385986328125
11,2048,14336,1406,5194,10549,0.64385986328125
11,2048,14336,1407,5194,10550,0.6439208984375
11,2048,14336,1408,5194,10551,0.64398193359375
11,2048,14336,1409,5194,10552,0.64404296875
11,2048,14336,1410,5194,10553,0.64410400390625
11,2048,14336,1411,5194,10554,0.6441650390625
11,2048,14336,1412,5194,10555,0.64422607421875
11,2048,14336,1413,5194,10556,0.644287109375
11,2048,14336,1414,5194,10557,0.64434814453125
11,2048,14336,1415,5194,10558,0.6444091796875
11,2048,14336,1416,5194,10559,0.64447021484375
11,2048,14336,1417,5194,10560,0.64453125
11,2048,14336,1418,5194,10561,0.64459228515625
11,2048,14336,1419,5194,10562,0.6446533203125
11,2048,14336,1420,5194,10563,0.64471435546875
11,2048,14336,1421,5194,10564,0.644775390625
11,2048,14336,1422,5194,10565,0.64483642578125
11,2048,14336,1423,5194,10566,0.6448974609375
11,2048,14336,1424,5195,10566,0.6448974609375
11,2048,14336,1425,5195,10567,0.64495849609375
11,2048,14336,1426,5195,10568,0.64501953125
11,2048,14336,1427,5195,10569,0.64508056640625
11,2048,14336,1428,5195,10570,0.6451416015625
11,2048,14336,1429,5195,10571,0.64520263671875
11,2048,14336,1430,5195,10572,0.645263671875
11,2048,14336,1431,5195,10573,0.64532470703125
11,2048,14336,1432,5195,10574,0.6453857421875
11,2048,14336,1433,5195,10575,0.64544677734375
11,2048,14336,1434,5195,10576,0.6455078125
11,2048,14336,1435,5195,10577,0.64556884765625
11,2048,14336,1436,5195,10578,0.6456298828125
11,2048,14336,1437,5195,10579,0.64569091796875
11,2048,14336,1438,5195,10580,0.645751953125
11,2048,14336,1439,5195,10581,0.64581298828125
11,2048,14336,1440,5195,10582,0.6458740234375
11,2048,14336,1441,5195,10583,0.64593505859375
11,2048,14336,1442,5195,10584,0.64599609375
11,2048,14336,1443,5195,10585,0.64605712890625
11,2048,14336,1444,5195,10586,0.6461181640625
11,2048,14336,1445,5195,10587,0.64617919921875
11,2048,14336,1446,5195,10588,0.646240234375
11,2048,14336,1447,5195,10589,0.64630126953125
11,2048,14336,1448,5195,10590,0.6463623046875
11,2048,14336,1449,5195,10591,0.64642333984375
11,2048,14336,1450,5195,10592,0.646484375
11,2048,14336,1451,5195,10593,0.64654541015625
11,2048,14336,1452,5195,10594,0.6466064453125
11,2048,14336,1453,5195,10595,0.64666748046875
11,2048,14336,1454,5196,10595,0.64666748046875
11,2048,14336,1455,5196,10596,0.646728515625
11,2048,14336,1456,5196,10597,0.64678955078125
11,2048,14336,1457,5196,10598,0.6468505859375
11,2048,14336,1458,5196,10599,0.64691162109375
11,2048,14336,1459,5196,10600,0.64697265625
11,2048,14336,1460,5196,10601,0.64703369140625
11,2048,14336,1461,5196,10602,0.6470947265625
11,2048,14336,1462,5196,10603,0.64715576171875
11,2048,14336,1463,5196,10604,0.647216796875
11,2048,14336,1464,5196,10605,0.64727783203125
11,2048,14336,1465,5196,10606,0.6473388671875
11,2048,14336,1466,5196,10607,0.64739990234375
11,2048,14336,1467,5196,10608,0.6474609375
11,2048,14336,1468,5196,10609,0.64752197265625
11,2048,14336,1469,5196,10610,0.6475830078125
11,2048,14336,1470,5196,10611,0.64764404296875
11,2048,14336,1471,5196,10612,0.647705078125
11,2048,14336,1472,5196,10613,0.64776611328125
11,2048,14336,1473,5196,10614,0.6478271484375
11,2048,14336,1474,5196,10615,0.64788818359375
11,2048,14336,1475,5196,10616,0.64794921875
11,2048,14336,1476,5196,10617,0.64801025390625
11,2048,14336,1477,5196,10618,0.6480712890625
11,2048,14336,1478,5196,10619,0.64813232421875
11,2048,14336,1479,5196,10620,0.648193359375
11,2048,14336,1480,5196,10621,0.64825439453125
11,2048,14336,1481,5196,10622,0.6483154296875
11,2048,14336,1482,5196,10623,0.64837646484375
11,2048,14336,1483,5196,10624,0.6484375
11,2048,14336,1484,5197,10624,0.6484375
11,2048,14336,1485,5197,10625,0.64849853515625
11,2048,14336,1486,5197,10626,0.6485595703125
11,2048,14336,1487,5197,10627,0.64862060546875
11,2048,14336,1488,5197,10628,0.648681640625
11,2048,14336,1489,5197,10629,0.64874267578125
11,2048,14336,1490,5197,10630,0.6488037109375
11,2048,14336,1491,5197,10631,0.64886474609375
11,2048,14336,1492,5197,10632,0.64892578125
11,2048,14336,1493,5197,10633,0.64898681640625
11,2048,14336,1494,5197,10634,0.6490478515625
11,2048,14336,1495,5197,10635,0.64910888671875
11,2048,14336,1496,5197,10636,0.649169921875
11,2048,14336,1497,5197,10637,0.64923095703125
11,2048,14336,1498,5197,10638,0.6492919921875
11,2048,14336,1499,5197,10639,0.64935302734375
11,2048,14336,1500,5197,10640,0.6494140625
11,2048,14336,1501,5197,10641,0.64947509765625
11,2048,14336,1502,5197,10642,0.6495361328125
11,2048,14336,1503,5197,10643,0.64959716796875
11,2048,14336,1504,5197,10644,0.649658203125
11,2048,14336,1505,5197,10645,0.64971923828125
11,2048,14336,1506,5197,10646,0.6497802734375
11,2048,14336,1507,5197,10647,0.64984130859375
11,2048,14336,1508,5198,10647,0.64984130859375
11,2048,14336,1509,5198,10648,0.64990234375
11,2048,14336,1510,5198,10649,0.64996337890625
11,2048,14336,1511,5198,10650,0.6500244140625
11,2048,14336,1512,5198,10651,0.65008544921875
11,2048,14336,1513,5198,10652,0.650146484375
11,2048,14336,1514,5198,10653,0.65020751953125
11,2048,14336,1515,5198,10654,0.6502685546875
11,2048,14336,1516,5198,10655,0.65032958984375
11,2048,14336,1517,5198,10656,0.650390625
11,2048,14336,1518,5198,10657,0.65045166015625
11,2048,14336,1519,5198,10658,0.6505126953125
11,2048,14336,1520,5198,10659,0.65057373046875
11,2048,14336,1521,5198,10660,0.650634765625
11,2048,14336,1522,5198,10661,0.65069580078125
11,2048,14336,1523,5198,10662,0.6507568359375
11,2048,14336,1524,5198,10663,0.65081787109375
11,2048,14336,1525,5198,10664,0.65087890625
11,2048,14336,1526,5198,10665,0.65093994140625
11,2048,14336,1527,5198,10666,0.6510009765625
11,2048,14336,1528,5198,10667,0.65106201171875
11,2048,14336,1529,5198,10668,0.651123046875
11,2048,14336,1530,5198,10669,0.65118408203125
11,2048,14336,1531,5198,10670,0.6512451171875
11,2048,14336,1532,5198,10671,0.65130615234375
11,2048,14336,1533,5198,10672,0.6513671875
11,2048,14336,1534,5198,10673,0.65142822265625
11,2048,14336,1535,5198,10674,0.6514892578125
11,2048,14336,1536,5198,10675,0.65155029296875
11,2048,14336,1537,5198,10676,0.651611328125
11,2048,14336,1538,5198,10677,0.65167236328125
11,2048,14336,1539,5198,10678,0.6517333984375
11,2048,14336,1540,5199,10678,0.6517333984375
11,2048,14336,1541,5199,10679,0.65179443359375
11,2048,14336,1542,5199,10680,0.65185546875
11,2048,14336,1543,5199,10681,0.65191650390625
11,2048,14336,1544,5200,10681,0.65191650390625
11,2048,14336,1545,5200,10682,0.6519775390625
11,2048,14336,1546,5200,10683,0.65203857421875
11,2048,14336,1547,5200,10684,0.652099609375
11,2048,14336,1548,5200,10685,0.65216064453125
11,2048,14336,1549,5200,10686,0.6522216796875
11,2048,14336,1550,5200,10687,0.65228271484375
11,2048,14336,1551,5200,10688,0.65234375
11,2048,14336,1552,5200,10689,0.65240478515625
11,2048,14336,1553,5200,10690,0.6524658203125
11,2048,14336,1554,5200,10691,0.65252685546875
11,2048,14336,1555,5200,10692,0.652587890625
11,2048,14336,1556,5200,10693,0.65264892578125
11,2048,14336,1557,5200,10694,0.6527099609375
11,2048,14336,1558,5200,10695,0.65277099609375
11,2048,14336,1559,5200,10696,0.65283203125
11,2048,14336,1560,5200,10697,0.65289306640625
11,2048,14336,1561,5200,10698,0.6529541015625
11,2048,14336,1562,5200,10699,0.65301513671875
11,2048,14336,1563,5200,10700,0.653076171875
11,2048,14336,1564,5200,10701,0.65313720703125
11,2048,14336,1565,5200,10702,0.6531982421875
11,2048,14336,1566,5200,10703,0.65325927734375
11,2048,14336,1567,5200,10704,0.6533203125
11,2048,14336,1568,5200,10705,0.65338134765625
11,2048,14336,1569,5200,10706,0.6534423828125
11,2048,14336,1570,5200,10707,0.65350341796875
11,2048,14336,1571,5200,10708,0.653564453125
11,2048,14336,1572,5200,10709,0.65362548828125
11,2048,14336,1573,5200,10710,0.6536865234375
11,2048,14336,1574,5200,10711,0.65374755859375
11,2048,14336,1575,5200,10712,0.65380859375
11,2048,14336,1576,5200,10713,0.65386962890625
11,2048,14336,1577,5200,10714,0.6539306640625
11,2048,14336,1578,5200,10715,0.65399169921875
11,2048,14336,1579,5200,10716,0.654052734375
11,2048,14336,1580,5200,10717,0.65411376953125
11,2048,14336,1581,5200,10718,0.6541748046875
11,2048,14336,1582,5200,10719,0.65423583984375
11,2048,14336,1583,5200,10720,0.654296875
11,2048,14336,1584,5200,10721,0.65435791015625
11,2048,14336,1585,5200,10722,0.6544189453125
11,2048,14336,1586,5200,10723,0.65447998046875
11,2048,14336,1587,5200,10724,0.654541015625
11,2048,14336,1588,5200,10725,0.65460205078125
11,2048,14336,1589,5200,10726,0.6546630859375
11,2048,14336,1590,5200,10727,0.65472412109375
11,2048,14336,1591,5200,10728,0.65478515625
11,2048,14336,1592,5200,10729,0.65484619140625
11,2048,14336,1593,5200,10730,0.6549072265625
11,2048,14336,1594,5200,10731,0.65496826171875
11,2048,14336,1595,5200,10732,0.655029296875
11,2048,14336,1596,5200,10733,0.65509033203125
11,2048,14336,1597,5200,10734,0.6551513671875
11,2048,14336,1598,5200,10735,0.65521240234375
11,2048,14336,1599,5200,10736,0.6552734375
11,2048,14336,1600,5201,10736,0.6552734375
11,2048,14336,1601,5201,10737,0.65533447265625
11,2048,14336,1602,5201,10738,0.6553955078125
11,2048,14336,1603,5201,10739,0.65545654296875
11,2048,14336,1604,5201,10740,0.655517578125
11,2048,14336,1605,5201,10741,0.65557861328125
11,2048,14336,1606,5201,10742,0.6556396484375
11,2048,14336,1607,5201,10743,0.65570068359375
11,2048,14336,1608,5201,10744,0.65576171875
11,2048,14336,1609,5201,10745,0.65582275390625
11,2048,14336,1610,5201,10746,0.6558837890625
11,2048,14336,1611,5201,10747,0.65594482421875
11,2048,14336,1612,5201,10748,0.656005859375
11,2048,14336,1613,5201,10749,0.65606689453125
11,2048,14336,1614,5201,10750,0.6561279296875
11,2048,14336,1615,5201,10751,0.65618896484375
11,2048,14336,1616,5201,10752,0.65625
11,2048,14336,1617,5201,10753,0.65631103515625
11,2048,14336,1618,5201,10754,0.6563720703125
11,2048,14336,1619,5201,10755,0.65643310546875
11,2048,14336,1620,5201,10756,0.656494140625
11,2048,14336,1621,5201,10757,0.65655517578125
11,2048,14336,1622,5201,10758,0.6566162109375
11,2048,14336,1623,5201,10759,0.65667724609375
11,2048,14336,1624,5201,10760,0.65673828125
11,2048,14336,1625,5202,10760,0.65673828125
11,2048,14336,1626,5202,10761,0.65679931640625
11,2048,14336,1627,5202,10762,0.6568603515625
11,2048,14336,1628,5202,10763,0.65692138671875
11,2048,14336,1629,5202,10764,0.656982421875
11,2048,14336,1630,5202,10765,0.65704345703125
11,2048,14336,1631,5202,10766,0.6571044921875
11,2048,14336,1632,5202,10767,0.65716552734375
11,2048,14336,1633,5202,10768,0.6572265625
11,2048,14336,1634,5202,10769,0.65728759765625
11,2048,14336,1635,5202,10770,0.6573486328125
11,2048,14336,1636,5202,10771,0.65740966796875
11,2048,14336,1637,5202,10772,0.657470703125
11,2048,14336,1638,5202,10773,0.65753173828125
11,2048,14336,1639,5202,10774,0.6575927734375
11,2048,14336,1640,5202,10775,0.65765380859375
11,2048,14336,1641,5202,10776,0.65771484375
11,2048,14336,1642,5202,10777,0.65777587890625
11,2048,14336,1643,5202,10778,0.6578369140625
11,2048,14336,1644,5202,10779,0.65789794921875
11,2048,14336,1645,5202,10780,0.657958984375
11,2048,14336,1646,5202,10781,0.65802001953125
11,2048,14336,1647,5202,10782,0.6580810546875
11,2048,14336,1648,5202,10783,0.65814208984375
11,2048,14336,1649,5202,10784,0.658203125
11,2048,14336,1650,5203,10784,0.658203125
11,2048,14336,1651,5203,10785,0.65826416015625
11,2048,14336,1652,5203,10786,0.6583251953125
11,2048,14336,1653,5203,10787,0.65838623046875
11,2048,14336,1654,5203,10788,0.658447265625
11,2048,14336,1655,5203,10789,0.65850830078125
11,2048,14336,1656,5203,10790,0.6585693359375
11,2048,14336,1657,5203,10791,0.65863037109375
11,2048,14336,1658,5203,10792,0.65869140625
11,2048,14336,1659,5203,10793,0.65875244140625
11,2048,14336,1660,5203,10794,0.6588134765625
11,2048,14336,1661,5203,10795,0.65887451171875
11,2048,14336,1662,5203,10796,0.658935546875
11,2048,14336,1663,5203,10797,0.65899658203125
11,2048,14336,1664,5203,10798,0.6590576171875
11,2048,14336,1665,5203,10799,0.65911865234375
11,2048,14336,1666,5203,10800,0.6591796875
11,2048,14336,1667,5204,10800,0.6591796875
11,2048,14336,1668,5204,10801,0.65924072265625
11,2048,14336,1669,5204,10802,0.6593017578125
11,2048,14336,1670,5204,10803,0.65936279296875
11,2048,14336,1671,5204,10804,0.659423828125
11,2048,14336,1672,5204,10805,0.65948486328125
11,2048,14336,1673,5204,10806,0.6595458984375
11,2048,14336,1674,5204,10807,0.65960693359375
11,2048,14336,1675,5204,10808,0.65966796875
11,2048,14336,1676,5204,10809,0.65972900390625
11,2048,14336,1677,5204,10810,0.6597900390625
11,2048,14336,1678,5204,10811,0.65985107421875
11,2048,14336,1679,5204,10812,0.659912109375
11,2048,14336,1680,5204,10813,0.65997314453125
11,2048,14336,1681,5204,10814,0.6600341796875
11,2048,14336,1682,5204,10815,0.66009521484375
11,2048,14336,1683,5204,10816,0.66015625
11,2048,14336,1684,5204,10817,0.66021728515625
11,2048,14336,1685,5204,10818,0.6602783203125
11,2048,14336,1686,5204,10819,0.66033935546875
11,2048,14336,1687,5204,10820,0.660400390625
11,2048,14336,1688,5204,10821,0.66046142578125
11,2048,14336,1689,5204,10822,0.6605224609375
11,2048,14336,1690,5204,10823,0.66058349609375
11,2048,14336,1691,5204,10824,0.66064453125
11,2048,14336,1692,5205,10824,0.66064453125
11,2048,14336,1693,5205,10825,0.66070556640625
11,2048,14336,1694,5205,10826,0.6607666015625
11,2048,14336,1695,5205,10827,0.66082763671875
11,2048,14336,1696,5205,10828,0.660888671875
11,2048,14336,1697,5205,10829,0.66094970703125
11,2048,14336,1698,5205,10830,0.6610107421875
11,2048,14336,1699,5205,10831,0.66107177734375
11,2048,14336,1700,5205,10832,0.6611328125
11,2048,14336,1701,5205,10833,0.66119384765625
11,2048,14336,1702,5205,10834,0.6612548828125
11,2048,14336,1703,5205,10835,0.66131591796875
11,2048,14336,1704,5205,10836,0.661376953125
11,2048,14336,1705,5205,10837,0.66143798828125
11,2048,14336,1706,5205,10838,0.6614990234375
11,2048,14336,1707,5205,10839,0.66156005859375
11,2048,14336,1708,5205,10840,0.66162109375
11,2048,14336,1709,5205,10841,0.66168212890625
11,2048,14336,1710,5205,10842,0.6617431640625
11,2048,14336,1711,5205,10843,0.66180419921875
11,2048,14336,1712,5206,10843,0.66180419921875
11,2048,14336,1713,5206,10844,0.661865234375
11,2048,14336,1714,5206,10845,0.66192626953125
11,2048,14336,1715,5206,10846,0.6619873046875
11,2048,14336,1716,5206,10847,0.66204833984375
11,2048,14336,1717,5206,10848,0.662109375
11,2048,14336,1718,5206,10849,0.66217041015625
11,2048,14336,1719,5206,10850,0.6622314453125
11,2048,14336,1720,5206,10851,0.66229248046875
11,2048,14336,1721,5206,10852,0.662353515625
11,2048,14336,1722,5206,10853,0.66241455078125
11,2048,14336,1723,5206,10854,0.6624755859375
11,2048,14336,1724,5206,10855,0.66253662109375
11,2048,14336,1725,5206,10856,0.66259765625
11,2048,14336,1726,5206,10857,0.66265869140625
11,2048,14336,1727,5206,10858,0.6627197265625
11,2048,14336,1728,5207,10858,0.6627197265625
11,2048,14336,1729,5207,10859,0.66278076171875
11,2048,14336,1730,5207,10860,0.662841796875
11,2048,14336,1731,5207,10861,0.66290283203125
11,2048,14336,1732,5207,10862,0.6629638671875
11,2048,14336,1733,5207,10863,0.66302490234375
11,2048,14336,1734,5207,10864,0.6630859375
11,2048,14336,1735,5207,10865,0.66314697265625
11,2048,14336,1736,5207,10866,0.6632080078125
11,2048,14336,1737,5207,10867,0.66326904296875
11,2048,14336,1738,5207,10868,0.663330078125
11,2048,14336,1739,5207,10869,0.66339111328125
11,2048,14336,1740,5207,10870,0.6634521484375
11,2048,14336,1741,5207,10871,0.66351318359375
11,2048,14336,1742,5207,10872,0.66357421875
11,2048,14336,1743,5207,10873,0.66363525390625
11,2048,14336,1744,5207,10874,0.6636962890625
11,2048,14336,1745,5207,10875,0.66375732421875
11,2048,14336,1746,5207,10876,0.663818359375
11,2048,14336,1747,5207,10877,0.66387939453125
11,2048,14336,1748,5207,10878,0.6639404296875
11,2048,14336,1749,5207,10879,0.66400146484375
11,2048,14336,1750,5207,10880,0.6640625
11,2048,14336,1751,5207,10881,0.66412353515625
11,2048,14336,1752,5207,10882,0.6641845703125
11,2048,14336,1753,5207,10883,0.66424560546875
11,2048,14336,1754,5207,10884,0.664306640625
11,2048,14336,1755,5207,10885,0.66436767578125
11,2048,14336,1756,5207,10886,0.6644287109375
11,2048,14336,1757,5207,10887,0.66448974609375
11,2048,14336,1758,5207,10888,0.66455078125
11,2048,14336,1759,5207,10889,0.66461181640625
11,2048,14336,1760,5207,10890,0.6646728515625
11,2048,14336,1761,5207,10891,0.66473388671875
11,2048,14336,1762,5207,10892,0.664794921875
11,2048,14336,1763,5207,10893,0.66485595703125
11,2048,14336,1764,5207,10894,0.6649169921875
11,2048,14336,1765,5207,10895,0.66497802734375
11,2048,14336,1766,5207,10896,0.6650390625
11,2048,14336,1767,5207,10897,0.66510009765625
11,2048,14336,1768,5207,10898,0.6651611328125
11,2048,14336,1769,5207,10899,0.66522216796875
11,2048,14336,1770,5207,10900,0.665283203125
11,2048,14336,1771,5207,10901,0.66534423828125
11,2048,14336,1772,5207,10902,0.6654052734375
11,2048,14336,1773,5207,10903,0.66546630859375
11,2048,14336,1774,5207,10904,0.66552734375
11,2048,14336,1775,5207,10905,0.66558837890625
11,2048,14336,1776,5207,10906,0.6656494140625
11,2048,14336,1777,5207,10907,0.66571044921875
11,2048,14336,1778,5207,10908,0.665771484375
11,2048,14336,1779,5207,10909,0.66583251953125
11,2048,14336,1780,5207,10910,0.6658935546875
11,2048,14336,1781,5207,10911,0.66595458984375
11,2048,14336,1782,5207,10912,0.666015625
11,2048,14336,1783,5207,10913,0.66607666015625
11,2048,14336,1784,5207,10914,0.6661376953125
11,2048,14336,1785,5207,10915,0.66619873046875
11,2048,14336,1786,5207,10916,0.666259765625
11,2048,14336,1787,5207,10917,0.66632080078125
11,2048,14336,1788,5207,10918,0.6663818359375
11,2048,14336,1789,5207,10919,0.66644287109375
11,2048,14336,1790,5207,10920,0.66650390625
11,2048,14336,1791,5207,10921,0.66656494140625
11,2048,14336,1792,5208,10921,0.66656494140625
11,2048,14336,1793,5208,10922,0.6666259765625
11,2048,14336,1794,5208,10923,0.66668701171875
11,2048,14336,1795,5208,10924,0.666748046875
11,2048,14336,1796,5208,10925,0.66680908203125
11,2048,14336,1797,5208,10926,0.6668701171875
11,2048,14336,1798,5208,10927,0.66693115234375
11,2048,14336,1799,5208,10928,0.6669921875
11,2048,14336,1800,5208,10929,0.66705322265625
11,2048,14336,1801,5208,10930,0.6671142578125
11,2048,14336,1802,5208,10931,0.66717529296875
11,2048,14336,1803,5208,10932,0.667236328125
11,2048,14336,1804,5208,10933,0.66729736328125
11,2048,14336,1805,5208,10934,0.6673583984375
11,2048,14336,1806,5208,10935,0.66741943359375
11,2048,14336,1807,5208,10936,0.66748046875
11,2048,14336,1808,5208,10937,0.66754150390625
11,2048,14336,1809,5208,10938,0.6676025390625
11,2048,14336,1810,5208,10939,0.66766357421875
11,2048,14336,1811,5208,10940,0.667724609375
11,2048,14336,1812,5208,10941,0.66778564453125
11,2048,14336,1813,5208,10942,0.6678466796875
11,2048,14336,1814,5208,10943,0.66790771484375
11,2048,14336,1815,5208,10944,0.66796875
11,2048,14336,1816,5208,10945,0.66802978515625
11,2048,14336,1817,5208,10946,0.6680908203125
11,2048,14336,1818,5208,10947,0.66815185546875
11,2048,14336,1819,5208,10948,0.668212890625
11,2048,14336,1820,5208,10949,0.66827392578125
11,2048,14336,1821,5208,10950,0.6683349609375
11,2048,14336,1822,5208,10951,0.66839599609375
11,2048,14336,1823,5208,10952,0.66845703125
11,2048,14336,1824,5209,10952,0.66845703125
11,2048,14336,1825,5209,10953,0.66851806640625
11,2048,14336,1826,5209,10954,0.6685791015625
11,2048,14336,1827,5209,10955,0.66864013671875
11,2048,14336,1828,5209,10956,0.668701171875
11,2048,14336,1829,5209,10957,0.66876220703125
11,2048,14336,1830,5209,10958,0.6688232421875
11,2048,14336,1831,5209,10959,0.66888427734375
11,2048,14336,1832,5209,10960,0.6689453125
11,2048,14336,1833,5209,10961,0.66900634765625
11,2048,14336,1834,5209,10962,0.6690673828125
11,2048,14336,1835,5209,10963,0.66912841796875
11,2048,14336,1836,5209,10964,0.669189453125
11,2048,14336,1837,5209,10965,0.66925048828125
11,2048,14336,1838,5209,10966,0.6693115234375
11,2048,14336,1839,5209,10967,0.66937255859375
11,2048,14336,1840,5209,10968,0.66943359375
11,2048,14336,1841,5209,10969,0.66949462890625
11,2048,14336,1842,5209,10970,0.6695556640625
11,2048,14336,1843,5209,10971,0.66961669921875
11,2048,14336,1844,5209,10972,0.669677734375
11,2048,14336,1845,5209,10973,0.66973876953125
11,2048,14336,1846,5209,10974,0.6697998046875
11,2048,14336,1847,5209,10975,0.66986083984375
11,2048,14336,1848,5209,10976,0.669921875
11,2048,14336,1849,5209,10977,0.66998291015625
11,2048,14336,1850,5209,10978,0.6700439453125
11,2048,14336,1851,5209,10979,0.67010498046875
11,2048,14336,1852,5209,10980,0.670166015625
11,2048,14336,1853,5209,10981,0.67022705078125
11,2048,14336,1854,5209,10982,0.6702880859375
11,2048,14336,1855,5209,10983,0.67034912109375
11,2048,14336,1856,5209,10984,0.67041015625
11,2048,14336,1857,5209,10985,0.67047119140625
11,2048,14336,1858,5209,10986,0.6705322265625
11,2048,14336,1859,5209,10987,0.67059326171875
11,2048,14336,1860,5209,10988,0.670654296875
11,2048,14336,1861,5209,10989,0.67071533203125
11,2048,14336,1862,5209,10990,0.6707763671875
11,2048,14336,1863,5209,10991,0.67083740234375
11,2048,14336,1864,5209,10992,0.6708984375
11,2048,14336,1865,5209,10993,0.67095947265625
11,2048,14336,1866,5209,10994,0.6710205078125
11,2048,14336,1867,5209,10995,0.67108154296875
11,2048,14336,1868,5209,10996,0.671142578125
11,2048,14336,1869,5209,10997,0.67120361328125
11,2048,14336,1870,5209,10998,0.6712646484375
11,2048,14336,1871,5209,10999,0.67132568359375
11,2048,14336,1872,5209,11000,0.67138671875
11,2048,14336,1873,5209,11001,0.67144775390625
11,2048,14336,1874,5209,11002,0.6715087890625
11,2048,14336,1875,5209,11003,0.67156982421875
11,2048,14336,1876,5209,11004,0.671630859375
11,2048,14336,1877,5209,11005,0.67169189453125
11,2048,14336,1878,5209,11006,0.6717529296875
11,2048,14336,1879,5209,11007,0.67181396484375
11,2048,14336,1880,5209,11008,0.671875
11,2048,14336,1881,5209,11009,0.67193603515625
11,2048,14336,1882,5209,11010,0.6719970703125
11,2048,14336,1883,5209,11011,0.67205810546875
11,2048,14336,1884,5209,11012,0.672119140625
11,2048,14336,1885,5209,11013,0.67218017578125
11,2048,14336,1886,5209,11014,0.6722412109375
11,2048,14336,1887,5209,11015,0.67230224609375
11,2048,14336,1888,5209,11016,0.67236328125
11,2048,14336,1889,5209,11017,0.67242431640625
11,2048,14336,1890,5209,11018,0.6724853515625
11,2048,14336,1891,5209,11019,0.67254638671875
11,2048,14336,1892,5209,11020,0.672607421875
11,2048,14336,1893,5209,11021,0.67266845703125
11,2048,14336,1894,5209,11022,0.6727294921875
11,2048,14336,1895,5209,11023,0.67279052734375
11,2048,14336,1896,5209,11024,0.6728515625
11,2048,14336,1897,5209,11025,0.67291259765625
11,2048,14336,1898,5209,11026,0.6729736328125
11,2048,14336,1899,5209,11027,0.67303466796875
11,2048,14336,1900,5209,11028,0.673095703125
11,2048,14336,1901,5209,11029,0.67315673828125
11,2048,14336,1902,5209,11030,0.6732177734375
11,2048,14336,1903,5209,11031,0.67327880859375
11,2048,14336,1904,5209,11032,0.67333984375
11,2048,14336,1905,5209,11033,0.67340087890625
11,2048,14336,1906,5209,11034,0.6734619140625
11,2048,14336,1907,5209,11035,0.67352294921875
11,2048,14336,1908,5209,11036,0.673583984375
11,2048,14336,1909,5209,11037,0.67364501953125
11,2048,14336,1910,5209,11038,0.6737060546875
11,2048,14336,1911,5209,11039,0.67376708984375
11,2048,14336,1912,5209,11040,0.673828125
11,2048,14336,1913,5209,11041,0.67388916015625
11,2048,14336,1914,5209,11042,0.6739501953125
11,2048,14336,1915,5209,11043,0.67401123046875
11,2048,14336,1916,5209,11044,0.674072265625
11,2048,14336,1917,5209,11045,0.67413330078125
11,2048,14336,1918,5209,11046,0.6741943359375
11,2048,14336,1919,5209,11047,0.67425537109375
11,2048,14336,1920,5209,11048,0.67431640625
11,2048,14336,1921,5209,11049,0.67437744140625
11,2048,14336,1922,5209,11050,0.6744384765625
11,2048,14336,1923,5209,11051,0.67449951171875
11,2048,14336,1924,5209,11052,0.674560546875
11,2048,14336,1925,5209,11053,0.67462158203125
11,2048,14336,1926,5209,11054,0.6746826171875
11,2048,14336,1927,5209,11055,0.67474365234375
11,2048,14336,1928,5209,11056,0.6748046875
11,2048,14336,1929,5209,11057,0.67486572265625
11,2048,14336,1930,5209,11058,0.6749267578125
11,2048,14336,1931,5209,11059,0.67498779296875
11,2048,14336,1932,5209,11060,0.675048828125
11,2048,14336,1933,5209,11061,0.67510986328125
11,2048,14336,1934,5209,11062,0.6751708984375
11,2048,14336,1935,5209,11063,0.67523193359375
11,2048,14336,1936,5209,11064,0.67529296875
11,2048,14336,1937,5209,11065,0.67535400390625
11,2048,14336,1938,5209,11066,0.6754150390625
11,2048,14336,1939,5209,11067,0.67547607421875
11,2048,14336,1940,5209,11068,0.675537109375
11,2048,14336,1941,5209,11069,0.67559814453125
11,2048,14336,1942,5209,11070,0.6756591796875
11,2048,14336,1943,5209,11071,0.67572021484375
11,2048,14336,1944,5209,11072,0.67578125
11,2048,14336,1945,5209,11073,0.67584228515625
11,2048,14336,1946,5209,11074,0.6759033203125
11,2048,14336,1947,5209,11075,0.67596435546875
11,2048,14336,1948,5209,11076,0.676025390625
11,2048,14336,1949,5209,11077,0.67608642578125
11,2048,14336,1950,5209,11078,0.6761474609375
11,2048,14336,1951,5209,11079,0.67620849609375
11,2048,14336,1952,5210,11079,0.67620849609375
11,2048,14336,1953,5210,11080,0.67626953125
11,2048,14336,1954,5210,11081,0.67633056640625
11,2048,14336,1955,5210,11082,0.6763916015625
11,2048,14336,1956,5210,11083,0.67645263671875
11,2048,14336,1957,5210,11084,0.676513671875
11,2048,14336,1958,5210,11085,0.67657470703125
11,2048,14336,1959,5210,11086,0.6766357421875
11,2048,14336,1960,5210,11087,0.67669677734375
11,2048,14336,1961,5210,11088,0.6767578125
11,2048,14336,1962,5210,11089,0.67681884765625
11,2048,14336,1963,5210,11090,0.6768798828125
11,2048,14336,1964,5210,11091,0.67694091796875
11,2048,14336,1965,5210,11092,0.677001953125
11,2048,14336,1966,5210,11093,0.67706298828125
11,2048,14336,1967,5210,11094,0.6771240234375
11,2048,14336,1968,5210,11095,0.67718505859375
11,2048,14336,1969,5210,11096,0.67724609375
11,2048,14336,1970,5210,11097,0.67730712890625
11,2048,14336,1971,5210,11098,0.6773681640625
11,2048,14336,1972,5210,11099,0.67742919921875
11,2048,14336,1973,5210,11100,0.677490234375
11,2048,14336,1974,5210,11101,0.67755126953125
11,2048,14336,1975,5210,11102,0.6776123046875
11,2048,14336,1976,5210,11103,0.67767333984375
11,2048,14336,1977,5210,11104,0.677734375
11,2048,14336,1978,5210,11105,0.67779541015625
11,2048,14336,1979,5210,11106,0.6778564453125
11,2048,14336,1980,5210,11107,0.67791748046875
11,2048,14336,1981,5210,11108,0.677978515625
11,2048,14336,1982,5210,11109,0.67803955078125
11,2048,14336,1983,5210,11110,0.6781005859375
11,2048,14336,1984,5211,11110,0.6781005859375
11,2048,14336,1985,5211,11111,0.67816162109375
11,2048,14336,1986,5211,11112,0.67822265625
11,2048,14336,1987,5211,11113,0.67828369140625
11,2048,14336,1988,5211,11114,0.6783447265625
11,2048,14336,1989,5211,11115,0.67840576171875
11,2048,14336,1990,5211,11116,0.678466796875
11,2048,14336,1991,5211,11117,0.67852783203125
11,2048,14336,1992,5211,11118,0.6785888671875
11,2048,14336,1993,5211,11119,0.67864990234375
11,2048,14336,1994,5211,11120,0.6787109375
11,2048,14336,1995,5211,11121,0.67877197265625
11,2048,14336,1996,5211,11122,0.6788330078125
11,2048,14336,1997,5211,11123,0.67889404296875
11,2048,14336,1998,5211,11124,0.678955078125
11,2048,14336,1999,5211,11125,0.67901611328125
11,2048,14336,2000,5211,11126,0.6790771484375
11,2048,14336,2001,5211,11127,0.67913818359375
11,2048,14336,2002,5211,11128,0.67919921875
11,2048,14336,2003,5211,11129,0.67926025390625
11,2048,14336,2004,5211,11130,0.6793212890625
11,2048,14336,2005,5211,11131,0.67938232421875
11,2048,14336,2006,5211,11132,0.679443359375
11,2048,14336,2007,5211,11133,0.67950439453125
11,2048,14336,2008,5211,11134,0.6795654296875
11,2048,14336,2009,5211,11135,0.67962646484375
11,2048,14336,2010,5211,11136,0.6796875
11,2048,14336,2011,5211,11137,0.67974853515625
11,2048,14336,2012,5211,11138,0.6798095703125
11,2048,14336,2013,5211,11139,0.67987060546875
11,2048,14336,2014,5211,11140,0.679931640625
11,2048,14336,2015,5211,11141,0.67999267578125
11,2048,14336,2016,5211,11142,0.6800537109375
11,2048,14336,2017,5211,11143,0.68011474609375
11,2048,14336,2018,5211,11144,0.68017578125
11,2048,14336,2019,5211,11145,0.68023681640625
11,2048,14336,2020,5211,11146,0.6802978515625
11,2048,14336,2021,5211,11147,0.68035888671875
11,2048,14336,2022,5211,11148,0.680419921875
11,2048,14336,2023,5211,11149,0.68048095703125
11,2048,14336,2024,5211,11150,0.6805419921875
11,2048,14336,2025,5211,11151,0.68060302734375
11,2048,14336,2026,5211,11152,0.6806640625
11,2048,14336,2027,5211,11153,0.68072509765625
11,2048,14336,2028,5211,11154,0.6807861328125
11,2048,14336,2029,5211,11155,0.68084716796875
11,2048,14336,2030,5211,11156,0.680908203125
11,2048,14336,2031,5211,11157,0.68096923828125
11,2048,14336,2032,5211,11158,0.6810302734375
11,2048,14336,2033,5211,11159,0.68109130859375
11,2048,14336,2034,5211,11160,0.68115234375
11,2048,14336,2035,5211,11161,0.68121337890625
11,2048,14336,2036,5211,11162,0.6812744140625
11,2048,14336,2037,5211,11163,0.68133544921875
11,2048,14336,2038,5211,11164,0.681396484375
11,2048,14336,2039,5211,11165,0.68145751953125
11,2048,14336,2040,5211,11166,0.6815185546875
11,2048,14336,2041,5211,11167,0.68157958984375
11,2048,14336,2042,5211,11168,0.681640625
11,2048,14336,2043,5211,11169,0.68170166015625
11,2048,14336,2044,5211,11170,0.6817626953125
11,2048,14336,2045,5211,11171,0.68182373046875
11,2048,14336,2046,5211,11172,0.681884765625
11,2048,14336,2047,5211,11173,0.68194580078125
11,2048,14336,2048,5211,11174,0.6820068359375
